tabla_origen,datos_raw,motivo_rechazo,fecha_deteccion
Clientes,ClienteID=3 Cliente_Data='López D. Carlos - DNI_INVALIDO_999',Formato Cliente_Data no reconocido: López D. Carlos - DNI_INVALIDO_999,2026-08-11
Clientes,"ClienteID=4 Cliente_Data='Fernández, Ana'","DNI ausente: Fernández, Ana",2026-08-11
Clientes,ClienteID=7 Cliente_Data='UNKNOWN_USER',Formato Cliente_Data no reconocido: UNKNOWN_USER,2026-08-11
Ventas,VentaID=3 Fecha='INVALID_DATE',Fecha inválida: INVALID_DATE,2026-08-11
Ventas,VentaID=7 Fecha='INVALID_DATE',Fecha inválida: INVALID_DATE,2026-08-11
Ventas,VentaID=11 Fecha='INVALID_DATE',Fecha inválida: INVALID_DATE,2026-08-11
Ventas,VentaID=15 Fecha='INVALID_DATE',Fecha inválida: INVALID_DATE,2026-08-11
Ventas,VentaID=19 Fecha='INVALID_DATE',Fecha inválida: INVALID_DATE,2026-08-11
Ventas,VentaID=23 Fecha='INVALID_DATE',Fecha inválida: INVALID_DATE,2026-08-11
Ventas,VentaID=27 Fecha='INVALID_DATE',Fecha inválida: INVALID_DATE,2026-08-11
Ventas,VentaID=31 Fecha='INVALID_DATE',Fecha inválida: INVALID_DATE,2026-08-11
Ventas,VentaID=35 Fecha='INVALID_DATE',Fecha inválida: INVALID_DATE,2026-08-11
Ventas,VentaID=39 Fecha='INVALID_DATE',Fecha inválida: INVALID_DATE,2026-08-11
Ventas,VentaID=43 Fecha='INVALID_DATE',Fecha inválida: INVALID_DATE,2026-08-11
Ventas,VentaID=47 Fecha='INVALID_DATE',Fecha inválida: INVALID_DATE,2026-08-11
Ventas,VentaID=51 Fecha='INVALID_DATE',Fecha inválida: INVALID_DATE,2026-08-11
Ventas,VentaID=55 Fecha='INVALID_DATE',Fecha inválida: INVALID_DATE,2026-08-11
Ventas,VentaID=59 Fecha='INVALID_DATE',Fecha inválida: INVALID_DATE,2026-08-11
Ventas,VentaID=63 Fecha='INVALID_DATE',Fecha inválida: INVALID_DATE,2026-08-11
Ventas,VentaID=67 Fecha='INVALID_DATE',Fecha inválida: INVALID_DATE,2026-08-11
Ventas,VentaID=71 Fecha='INVALID_DATE',Fecha inválida: INVALID_DATE,2026-08-11
Ventas,VentaID=75 Fecha='INVALID_DATE',Fecha inválida: INVALID_DATE,2026-08-11
Ventas,VentaID=79 Fecha='INVALID_DATE',Fecha inválida: INVALID_DATE,2026-08-11
Ventas,VentaID=83 Fecha='INVALID_DATE',Fecha inválida: INVALID_DATE,2026-08-11
Ventas,VentaID=87 Fecha='INVALID_DATE',Fecha inválida: INVALID_DATE,2026-08-11
Ventas,VentaID=91 Fecha='INVALID_DATE',Fecha inválida: INVALID_DATE,2026-08-11
Ventas,VentaID=95 Fecha='INVALID_DATE',Fecha inválida: INVALID_DATE,2026-08-11
Ventas,VentaID=99 Fecha='INVALID_DATE',Fecha inválida: INVALID_DATE,2026-08-11
Ventas,VentaID=103 Fecha='INVALID_DATE',Fecha inválida: INVALID_DATE,2026-08-11
Ventas,VentaID=107 Fecha='INVALID_DATE',Fecha inválida: INVALID_DATE,2026-08-11
Ventas,VentaID=111 Fecha='INVALID_DATE',Fecha inválida: INVALID_DATE,2026-08-11
Ventas,VentaID=115 Fecha='INVALID_DATE',Fecha inválida: INVALID_DATE,2026-08-11
Ventas,VentaID=119 Fecha='INVALID_DATE',Fecha inválida: INVALID_DATE,2026-08-11
Ventas,VentaID=123 Fecha='INVALID_DATE',Fecha inválida: INVALID_DATE,2026-08-11
Ventas,VentaID=127 Fecha='INVALID_DATE',Fecha inválida: INVALID_DATE,2026-08-11
Ventas,VentaID=131 Fecha='INVALID_DATE',Fecha inválida: INVALID_DATE,2026-08-11
Ventas,VentaID=135 Fecha='INVALID_DATE',Fecha inválida: INVALID_DATE,2026-08-11
Ventas,VentaID=139 Fecha='INVALID_DATE',Fecha inválida: INVALID_DATE,2026-08-11
Ventas,VentaID=143 Fecha='INVALID_DATE',Fecha inválida: INVALID_DATE,2026-08-11
Ventas,VentaID=147 Fecha='INVALID_DATE',Fecha inválida: INVALID_DATE,2026-08-11
Ventas,VentaID=151 Fecha='INVALID_DATE',Fecha inválida: INVALID_DATE,2026-08-11
Ventas,VentaID=155 Fecha='INVALID_DATE',Fecha inválida: INVALID_DATE,2026-08-11
Ventas,VentaID=159 Fecha='INVALID_DATE',Fecha inválida: INVALID_DATE,2026-08-11
Ventas,VentaID=163 Fecha='INVALID_DATE',Fecha inválida: INVALID_DATE,2026-08-11
Ventas,VentaID=167 Fecha='INVALID_DATE',Fecha inválida: INVALID_DATE,2026-08-11
Ventas,VentaID=171 Fecha='INVALID_DATE',Fecha inválida: INVALID_DATE,2026-08-11
Ventas,VentaID=175 Fecha='INVALID_DATE',Fecha inválida: INVALID_DATE,2026-08-11
Ventas,VentaID=179 Fecha='INVALID_DATE',Fecha inválida: INVALID_DATE,2026-08-11
Ventas,VentaID=183 Fecha='INVALID_DATE',Fecha inválida: INVALID_DATE,2026-08-11
Ventas,VentaID=187 Fecha='INVALID_DATE',Fecha inválida: INVALID_DATE,2026-08-11
Ventas,VentaID=191 Fecha='INVALID_DATE',Fecha inválida: INVALID_DATE,2026-08-11
Ventas,VentaID=195 Fecha='INVALID_DATE',Fecha inválida: INVALID_DATE,2026-08-11
Ventas,VentaID=199 Fecha='INVALID_DATE',Fecha inválida: INVALID_DATE,2026-08-11
Ventas,VentaID=203 Fecha='INVALID_DATE',Fecha inválida: INVALID_DATE,2026-08-11
Ventas,VentaID=207 Fecha='INVALID_DATE',Fecha inválida: INVALID_DATE,2026-08-11
Ventas,VentaID=211 Fecha='INVALID_DATE',Fecha inválida: INVALID_DATE,2026-08-11
Ventas,VentaID=215 Fecha='INVALID_DATE',Fecha inválida: INVALID_DATE,2026-08-11
Ventas,VentaID=219 Fecha='INVALID_DATE',Fecha inválida: INVALID_DATE,2026-08-11
Ventas,VentaID=223 Fecha='INVALID_DATE',Fecha inválida: INVALID_DATE,2026-08-11
Ventas,VentaID=227 Fecha='INVALID_DATE',Fecha inválida: INVALID_DATE,2026-08-11
Ventas,VentaID=231 Fecha='INVALID_DATE',Fecha inválida: INVALID_DATE,2026-08-11
Ventas,VentaID=235 Fecha='INVALID_DATE',Fecha inválida: INVALID_DATE,2026-08-11
Ventas,VentaID=239 Fecha='INVALID_DATE',Fecha inválida: INVALID_DATE,2026-08-11
Ventas,VentaID=243 Fecha='INVALID_DATE',Fecha inválida: INVALID_DATE,2026-08-11
Ventas,VentaID=247 Fecha='INVALID_DATE',Fecha inválida: INVALID_DATE,2026-08-11
Ventas,VentaID=251 Fecha='INVALID_DATE',Fecha inválida: INVALID_DATE,2026-08-11
Ventas,VentaID=255 Fecha='INVALID_DATE',Fecha inválida: INVALID_DATE,2026-08-11
Ventas,VentaID=259 Fecha='INVALID_DATE',Fecha inválida: INVALID_DATE,2026-08-11
Ventas,VentaID=263 Fecha='INVALID_DATE',Fecha inválida: INVALID_DATE,2026-08-11
Ventas,VentaID=267 Fecha='INVALID_DATE',Fecha inválida: INVALID_DATE,2026-08-11
Ventas,VentaID=271 Fecha='INVALID_DATE',Fecha inválida: INVALID_DATE,2026-08-11
Ventas,VentaID=275 Fecha='INVALID_DATE',Fecha inválida: INVALID_DATE,2026-08-11
Ventas,VentaID=279 Fecha='INVALID_DATE',Fecha inválida: INVALID_DATE,2026-08-11
Ventas,VentaID=283 Fecha='INVALID_DATE',Fecha inválida: INVALID_DATE,2026-08-11
Ventas,VentaID=287 Fecha='INVALID_DATE',Fecha inválida: INVALID_DATE,2026-08-11
Ventas,VentaID=291 Fecha='INVALID_DATE',Fecha inválida: INVALID_DATE,2026-08-11
Ventas,VentaID=295 Fecha='INVALID_DATE',Fecha inválida: INVALID_DATE,2026-08-11
Ventas,VentaID=299 Fecha='INVALID_DATE',Fecha inválida: INVALID_DATE,2026-08-11
Ventas,VentaID=303 Fecha='INVALID_DATE',Fecha inválida: INVALID_DATE,2026-08-11
Ventas,VentaID=307 Fecha='INVALID_DATE',Fecha inválida: INVALID_DATE,2026-08-11
Ventas,VentaID=311 Fecha='INVALID_DATE',Fecha inválida: INVALID_DATE,2026-08-11
Ventas,VentaID=315 Fecha='INVALID_DATE',Fecha inválida: INVALID_DATE,2026-08-11
Ventas,VentaID=319 Fecha='INVALID_DATE',Fecha inválida: INVALID_DATE,2026-08-11
Ventas,VentaID=323 Fecha='INVALID_DATE',Fecha inválida: INVALID_DATE,2026-08-11
Ventas,VentaID=327 Fecha='INVALID_DATE',Fecha inválida: INVALID_DATE,2026-08-11
Ventas,VentaID=331 Fecha='INVALID_DATE',Fecha inválida: INVALID_DATE,2026-08-11
Ventas,VentaID=335 Fecha='INVALID_DATE',Fecha inválida: INVALID_DATE,2026-08-11
Ventas,VentaID=339 Fecha='INVALID_DATE',Fecha inválida: INVALID_DATE,2026-08-11
Ventas,VentaID=343 Fecha='INVALID_DATE',Fecha inválida: INVALID_DATE,2026-08-11
Ventas,VentaID=347 Fecha='INVALID_DATE',Fecha inválida: INVALID_DATE,2026-08-11
Ventas,VentaID=351 Fecha='INVALID_DATE',Fecha inválida: INVALID_DATE,2026-08-11
Ventas,VentaID=355 Fecha='INVALID_DATE',Fecha inválida: INVALID_DATE,2026-08-11
Ventas,VentaID=359 Fecha='INVALID_DATE',Fecha inválida: INVALID_DATE,2026-08-11
Ventas,VentaID=363 Fecha='INVALID_DATE',Fecha inválida: INVALID_DATE,2026-08-11
Ventas,VentaID=367 Fecha='INVALID_DATE',Fecha inválida: INVALID_DATE,2026-08-11
Ventas,VentaID=371 Fecha='INVALID_DATE',Fecha inválida: INVALID_DATE,2026-08-11
Ventas,VentaID=375 Fecha='INVALID_DATE',Fecha inválida: INVALID_DATE,2026-08-11
Ventas,VentaID=379 Fecha='INVALID_DATE',Fecha inválida: INVALID_DATE,2026-08-11
Ventas,VentaID=383 Fecha='INVALID_DATE',Fecha inválida: INVALID_DATE,2026-08-11
Ventas,VentaID=387 Fecha='INVALID_DATE',Fecha inválida: INVALID_DATE,2026-08-11
Ventas,VentaID=391 Fecha='INVALID_DATE',Fecha inválida: INVALID_DATE,2026-08-11
Ventas,VentaID=395 Fecha='INVALID_DATE',Fecha inválida: INVALID_DATE,2026-08-11
Ventas,VentaID=399 Fecha='INVALID_DATE',Fecha inválida: INVALID_DATE,2026-08-11
Ventas,VentaID=403 Fecha='INVALID_DATE',Fecha inválida: INVALID_DATE,2026-08-11
Ventas,VentaID=407 Fecha='INVALID_DATE',Fecha inválida: INVALID_DATE,2026-08-11
Ventas,VentaID=411 Fecha='INVALID_DATE',Fecha inválida: INVALID_DATE,2026-08-11
Ventas,VentaID=415 Fecha='INVALID_DATE',Fecha inválida: INVALID_DATE,2026-08-11
Ventas,VentaID=419 Fecha='INVALID_DATE',Fecha inválida: INVALID_DATE,2026-08-11
Ventas,VentaID=423 Fecha='INVALID_DATE',Fecha inválida: INVALID_DATE,2026-08-11
Ventas,VentaID=427 Fecha='INVALID_DATE',Fecha inválida: INVALID_DATE,2026-08-11
Ventas,VentaID=431 Fecha='INVALID_DATE',Fecha inválida: INVALID_DATE,2026-08-11
Ventas,VentaID=435 Fecha='INVALID_DATE',Fecha inválida: INVALID_DATE,2026-08-11
Ventas,VentaID=439 Fecha='INVALID_DATE',Fecha inválida: INVALID_DATE,2026-08-11
Ventas,VentaID=443 Fecha='INVALID_DATE',Fecha inválida: INVALID_DATE,2026-08-11
Ventas,VentaID=447 Fecha='INVALID_DATE',Fecha inválida: INVALID_DATE,2026-08-11
Ventas,VentaID=451 Fecha='INVALID_DATE',Fecha inválida: INVALID_DATE,2026-08-11
Ventas,VentaID=455 Fecha='INVALID_DATE',Fecha inválida: INVALID_DATE,2026-08-11
Ventas,VentaID=459 Fecha='INVALID_DATE',Fecha inválida: INVALID_DATE,2026-08-11
Ventas,VentaID=463 Fecha='INVALID_DATE',Fecha inválida: INVALID_DATE,2026-08-11
Ventas,VentaID=467 Fecha='INVALID_DATE',Fecha inválida: INVALID_DATE,2026-08-11
Ventas,VentaID=471 Fecha='INVALID_DATE',Fecha inválida: INVALID_DATE,2026-08-11
Ventas,VentaID=475 Fecha='INVALID_DATE',Fecha inválida: INVALID_DATE,2026-08-11
Ventas,VentaID=479 Fecha='INVALID_DATE',Fecha inválida: INVALID_DATE,2026-08-11
Ventas,VentaID=483 Fecha='INVALID_DATE',Fecha inválida: INVALID_DATE,2026-08-11
Ventas,VentaID=487 Fecha='INVALID_DATE',Fecha inválida: INVALID_DATE,2026-08-11
Ventas,VentaID=491 Fecha='INVALID_DATE',Fecha inválida: INVALID_DATE,2026-08-11
Ventas,VentaID=495 Fecha='INVALID_DATE',Fecha inválida: INVALID_DATE,2026-08-11
Ventas,VentaID=499 Fecha='INVALID_DATE',Fecha inválida: INVALID_DATE,2026-08-11
Ventas,VentaID=503 Fecha='INVALID_DATE',Fecha inválida: INVALID_DATE,2026-08-11
Ventas,VentaID=507 Fecha='INVALID_DATE',Fecha inválida: INVALID_DATE,2026-08-11
Ventas,VentaID=511 Fecha='INVALID_DATE',Fecha inválida: INVALID_DATE,2026-08-11
Ventas,VentaID=515 Fecha='INVALID_DATE',Fecha inválida: INVALID_DATE,2026-08-11
Ventas,VentaID=519 Fecha='INVALID_DATE',Fecha inválida: INVALID_DATE,2026-08-11
Ventas,VentaID=523 Fecha='INVALID_DATE',Fecha inválida: INVALID_DATE,2026-08-11
Ventas,VentaID=527 Fecha='INVALID_DATE',Fecha inválida: INVALID_DATE,2026-08-11
Ventas,VentaID=531 Fecha='INVALID_DATE',Fecha inválida: INVALID_DATE,2026-08-11
Ventas,VentaID=535 Fecha='INVALID_DATE',Fecha inválida: INVALID_DATE,2026-08-11
Ventas,VentaID=539 Fecha='INVALID_DATE',Fecha inválida: INVALID_DATE,2026-08-11
Ventas,VentaID=543 Fecha='INVALID_DATE',Fecha inválida: INVALID_DATE,2026-08-11
Ventas,VentaID=547 Fecha='INVALID_DATE',Fecha inválida: INVALID_DATE,2026-08-11
Ventas,VentaID=551 Fecha='INVALID_DATE',Fecha inválida: INVALID_DATE,2026-08-11
Ventas,VentaID=555 Fecha='INVALID_DATE',Fecha inválida: INVALID_DATE,2026-08-11
Ventas,VentaID=559 Fecha='INVALID_DATE',Fecha inválida: INVALID_DATE,2026-08-11
Ventas,VentaID=563 Fecha='INVALID_DATE',Fecha inválida: INVALID_DATE,2026-08-11
Ventas,VentaID=567 Fecha='INVALID_DATE',Fecha inválida: INVALID_DATE,2026-08-11
Ventas,VentaID=571 Fecha='INVALID_DATE',Fecha inválida: INVALID_DATE,2026-08-11
Ventas,VentaID=575 Fecha='INVALID_DATE',Fecha inválida: INVALID_DATE,2026-08-11
Ventas,VentaID=579 Fecha='INVALID_DATE',Fecha inválida: INVALID_DATE,2026-08-11
Ventas,VentaID=583 Fecha='INVALID_DATE',Fecha inválida: INVALID_DATE,2026-08-11
Ventas,VentaID=587 Fecha='INVALID_DATE',Fecha inválida: INVALID_DATE,2026-08-11
Ventas,VentaID=591 Fecha='INVALID_DATE',Fecha inválida: INVALID_DATE,2026-08-11
Ventas,VentaID=595 Fecha='INVALID_DATE',Fecha inválida: INVALID_DATE,2026-08-11
Ventas,VentaID=599 Fecha='INVALID_DATE',Fecha inválida: INVALID_DATE,2026-08-11
Ventas,VentaID=603 Fecha='INVALID_DATE',Fecha inválida: INVALID_DATE,2026-08-11
Ventas,VentaID=607 Fecha='INVALID_DATE',Fecha inválida: INVALID_DATE,2026-08-11
Ventas,VentaID=611 Fecha='INVALID_DATE',Fecha inválida: INVALID_DATE,2026-08-11
Ventas,VentaID=615 Fecha='INVALID_DATE',Fecha inválida: INVALID_DATE,2026-08-11
Ventas,VentaID=619 Fecha='INVALID_DATE',Fecha inválida: INVALID_DATE,2026-08-11
Ventas,VentaID=623 Fecha='INVALID_DATE',Fecha inválida: INVALID_DATE,2026-08-11
Ventas,VentaID=627 Fecha='INVALID_DATE',Fecha inválida: INVALID_DATE,2026-08-11
Ventas,VentaID=631 Fecha='INVALID_DATE',Fecha inválida: INVALID_DATE,2026-08-11
Ventas,VentaID=635 Fecha='INVALID_DATE',Fecha inválida: INVALID_DATE,2026-08-11
Ventas,VentaID=639 Fecha='INVALID_DATE',Fecha inválida: INVALID_DATE,2026-08-11
Ventas,VentaID=643 Fecha='INVALID_DATE',Fecha inválida: INVALID_DATE,2026-08-11
Ventas,VentaID=647 Fecha='INVALID_DATE',Fecha inválida: INVALID_DATE,2026-08-11
Ventas,VentaID=651 Fecha='INVALID_DATE',Fecha inválida: INVALID_DATE,2026-08-11
Ventas,VentaID=655 Fecha='INVALID_DATE',Fecha inválida: INVALID_DATE,2026-08-11
Ventas,VentaID=659 Fecha='INVALID_DATE',Fecha inválida: INVALID_DATE,2026-08-11
Ventas,VentaID=663 Fecha='INVALID_DATE',Fecha inválida: INVALID_DATE,2026-08-11
Ventas,VentaID=667 Fecha='INVALID_DATE',Fecha inválida: INVALID_DATE,2026-08-11
Ventas,VentaID=671 Fecha='INVALID_DATE',Fecha inválida: INVALID_DATE,2026-08-11
Ventas,VentaID=675 Fecha='INVALID_DATE',Fecha inválida: INVALID_DATE,2026-08-11
Ventas,VentaID=679 Fecha='INVALID_DATE',Fecha inválida: INVALID_DATE,2026-08-11
Ventas,VentaID=683 Fecha='INVALID_DATE',Fecha inválida: INVALID_DATE,2026-08-11
Ventas,VentaID=687 Fecha='INVALID_DATE',Fecha inválida: INVALID_DATE,2026-08-11
Ventas,VentaID=691 Fecha='INVALID_DATE',Fecha inválida: INVALID_DATE,2026-08-11
Ventas,VentaID=695 Fecha='INVALID_DATE',Fecha inválida: INVALID_DATE,2026-08-11
Ventas,VentaID=699 Fecha='INVALID_DATE',Fecha inválida: INVALID_DATE,2026-08-11
Ventas,VentaID=703 Fecha='INVALID_DATE',Fecha inválida: INVALID_DATE,2026-08-11
Ventas,VentaID=707 Fecha='INVALID_DATE',Fecha inválida: INVALID_DATE,2026-08-11
Ventas,VentaID=711 Fecha='INVALID_DATE',Fecha inválida: INVALID_DATE,2026-08-11
Ventas,VentaID=715 Fecha='INVALID_DATE',Fecha inválida: INVALID_DATE,2026-08-11
Ventas,VentaID=719 Fecha='INVALID_DATE',Fecha inválida: INVALID_DATE,2026-08-11
Ventas,VentaID=723 Fecha='INVALID_DATE',Fecha inválida: INVALID_DATE,2026-08-11
Ventas,VentaID=727 Fecha='INVALID_DATE',Fecha inválida: INVALID_DATE,2026-08-11
Ventas,VentaID=731 Fecha='INVALID_DATE',Fecha inválida: INVALID_DATE,2026-08-11
Ventas,VentaID=735 Fecha='INVALID_DATE',Fecha inválida: INVALID_DATE,2026-08-11
Ventas,VentaID=739 Fecha='INVALID_DATE',Fecha inválida: INVALID_DATE,2026-08-11
Ventas,VentaID=743 Fecha='INVALID_DATE',Fecha inválida: INVALID_DATE,2026-08-11
Ventas,VentaID=747 Fecha='INVALID_DATE',Fecha inválida: INVALID_DATE,2026-08-11
Ventas,VentaID=751 Fecha='INVALID_DATE',Fecha inválida: INVALID_DATE,2026-08-11
Ventas,VentaID=755 Fecha='INVALID_DATE',Fecha inválida: INVALID_DATE,2026-08-11
Ventas,VentaID=759 Fecha='INVALID_DATE',Fecha inválida: INVALID_DATE,2026-08-11
Ventas,VentaID=763 Fecha='INVALID_DATE',Fecha inválida: INVALID_DATE,2026-08-11
Ventas,VentaID=767 Fecha='INVALID_DATE',Fecha inválida: INVALID_DATE,2026-08-11
Ventas,VentaID=771 Fecha='INVALID_DATE',Fecha inválida: INVALID_DATE,2026-08-11
Ventas,VentaID=775 Fecha='INVALID_DATE',Fecha inválida: INVALID_DATE,2026-08-11
Ventas,VentaID=779 Fecha='INVALID_DATE',Fecha inválida: INVALID_DATE,2026-08-11
Ventas,VentaID=783 Fecha='INVALID_DATE',Fecha inválida: INVALID_DATE,2026-08-11
Ventas,VentaID=787 Fecha='INVALID_DATE',Fecha inválida: INVALID_DATE,2026-08-11
Ventas,VentaID=791 Fecha='INVALID_DATE',Fecha inválida: INVALID_DATE,2026-08-11
Ventas,VentaID=795 Fecha='INVALID_DATE',Fecha inválida: INVALID_DATE,2026-08-11
Ventas,VentaID=799 Fecha='INVALID_DATE',Fecha inválida: INVALID_DATE,2026-08-11
Ventas,VentaID=803 Fecha='INVALID_DATE',Fecha inválida: INVALID_DATE,2026-08-11
Ventas,VentaID=807 Fecha='INVALID_DATE',Fecha inválida: INVALID_DATE,2026-08-11
Ventas,VentaID=811 Fecha='INVALID_DATE',Fecha inválida: INVALID_DATE,2026-08-11
Ventas,VentaID=815 Fecha='INVALID_DATE',Fecha inválida: INVALID_DATE,2026-08-11
Ventas,VentaID=819 Fecha='INVALID_DATE',Fecha inválida: INVALID_DATE,2026-08-11
Ventas,VentaID=823 Fecha='INVALID_DATE',Fecha inválida: INVALID_DATE,2026-08-11
Ventas,VentaID=827 Fecha='INVALID_DATE',Fecha inválida: INVALID_DATE,2026-08-11
Ventas,VentaID=831 Fecha='INVALID_DATE',Fecha inválida: INVALID_DATE,2026-08-11
Ventas,VentaID=835 Fecha='INVALID_DATE',Fecha inválida: INVALID_DATE,2026-08-11
Ventas,VentaID=839 Fecha='INVALID_DATE',Fecha inválida: INVALID_DATE,2026-08-11
Ventas,VentaID=843 Fecha='INVALID_DATE',Fecha inválida: INVALID_DATE,2026-08-11
Ventas,VentaID=847 Fecha='INVALID_DATE',Fecha inválida: INVALID_DATE,2026-08-11
Ventas,VentaID=851 Fecha='INVALID_DATE',Fecha inválida: INVALID_DATE,2026-08-11
Ventas,VentaID=855 Fecha='INVALID_DATE',Fecha inválida: INVALID_DATE,2026-08-11
Ventas,VentaID=859 Fecha='INVALID_DATE',Fecha inválida: INVALID_DATE,2026-08-11
Ventas,VentaID=863 Fecha='INVALID_DATE',Fecha inválida: INVALID_DATE,2026-08-11
Ventas,VentaID=867 Fecha='INVALID_DATE',Fecha inválida: INVALID_DATE,2026-08-11
Ventas,VentaID=871 Fecha='INVALID_DATE',Fecha inválida: INVALID_DATE,2026-08-11
Ventas,VentaID=875 Fecha='INVALID_DATE',Fecha inválida: INVALID_DATE,2026-08-11
Ventas,VentaID=879 Fecha='INVALID_DATE',Fecha inválida: INVALID_DATE,2026-08-11
Ventas,VentaID=883 Fecha='INVALID_DATE',Fecha inválida: INVALID_DATE,2026-08-11
Ventas,VentaID=887 Fecha='INVALID_DATE',Fecha inválida: INVALID_DATE,2026-08-11
Ventas,VentaID=891 Fecha='INVALID_DATE',Fecha inválida: INVALID_DATE,2026-08-11
Ventas,VentaID=895 Fecha='INVALID_DATE',Fecha inválida: INVALID_DATE,2026-08-11
Ventas,VentaID=899 Fecha='INVALID_DATE',Fecha inválida: INVALID_DATE,2026-08-11
Ventas,VentaID=903 Fecha='INVALID_DATE',Fecha inválida: INVALID_DATE,2026-08-11
Ventas,VentaID=907 Fecha='INVALID_DATE',Fecha inválida: INVALID_DATE,2026-08-11
Ventas,VentaID=911 Fecha='INVALID_DATE',Fecha inválida: INVALID_DATE,2026-08-11
Ventas,VentaID=915 Fecha='INVALID_DATE',Fecha inválida: INVALID_DATE,2026-08-11
Ventas,VentaID=919 Fecha='INVALID_DATE',Fecha inválida: INVALID_DATE,2026-08-11
Ventas,VentaID=923 Fecha='INVALID_DATE',Fecha inválida: INVALID_DATE,2026-08-11
Ventas,VentaID=927 Fecha='INVALID_DATE',Fecha inválida: INVALID_DATE,2026-08-11
Ventas,VentaID=931 Fecha='INVALID_DATE',Fecha inválida: INVALID_DATE,2026-08-11
Ventas,VentaID=935 Fecha='INVALID_DATE',Fecha inválida: INVALID_DATE,2026-08-11
Ventas,VentaID=939 Fecha='INVALID_DATE',Fecha inválida: INVALID_DATE,2026-08-11
Ventas,VentaID=943 Fecha='INVALID_DATE',Fecha inválida: INVALID_DATE,2026-08-11
Ventas,VentaID=947 Fecha='INVALID_DATE',Fecha inválida: INVALID_DATE,2026-08-11
Ventas,VentaID=951 Fecha='INVALID_DATE',Fecha inválida: INVALID_DATE,2026-08-11
Ventas,VentaID=955 Fecha='INVALID_DATE',Fecha inválida: INVALID_DATE,2026-08-11
Ventas,VentaID=959 Fecha='INVALID_DATE',Fecha inválida: INVALID_DATE,2026-08-11
Ventas,VentaID=963 Fecha='INVALID_DATE',Fecha inválida: INVALID_DATE,2026-08-11
Ventas,VentaID=967 Fecha='INVALID_DATE',Fecha inválida: INVALID_DATE,2026-08-11
Ventas,VentaID=971 Fecha='INVALID_DATE',Fecha inválida: INVALID_DATE,2026-08-11
Ventas,VentaID=975 Fecha='INVALID_DATE',Fecha inválida: INVALID_DATE,2026-08-11
Ventas,VentaID=979 Fecha='INVALID_DATE',Fecha inválida: INVALID_DATE,2026-08-11
Ventas,VentaID=983 Fecha='INVALID_DATE',Fecha inválida: INVALID_DATE,2026-08-11
Ventas,VentaID=987 Fecha='INVALID_DATE',Fecha inválida: INVALID_DATE,2026-08-11
Ventas,VentaID=991 Fecha='INVALID_DATE',Fecha inválida: INVALID_DATE,2026-08-11
Ventas,VentaID=995 Fecha='INVALID_DATE',Fecha inválida: INVALID_DATE,2026-08-11
Ventas,VentaID=999 Fecha='INVALID_DATE',Fecha inválida: INVALID_DATE,2026-08-11
Ventas,VentaID=1003 Fecha='INVALID_DATE',Fecha inválida: INVALID_DATE,2026-08-11
Ventas,VentaID=1007 Fecha='INVALID_DATE',Fecha inválida: INVALID_DATE,2026-08-11
Ventas,VentaID=1011 Fecha='INVALID_DATE',Fecha inválida: INVALID_DATE,2026-08-11
Ventas,VentaID=1015 Fecha='INVALID_DATE',Fecha inválida: INVALID_DATE,2026-08-11
Ventas,VentaID=1019 Fecha='INVALID_DATE',Fecha inválida: INVALID_DATE,2026-08-11
Ventas,VentaID=1023 Fecha='INVALID_DATE',Fecha inválida: INVALID_DATE,2026-08-11
Ventas,VentaID=1027 Fecha='INVALID_DATE',Fecha inválida: INVALID_DATE,2026-08-11
Ventas,VentaID=1031 Fecha='INVALID_DATE',Fecha inválida: INVALID_DATE,2026-08-11
Ventas,VentaID=1035 Fecha='INVALID_DATE',Fecha inválida: INVALID_DATE,2026-08-11
Ventas,VentaID=1039 Fecha='INVALID_DATE',Fecha inválida: INVALID_DATE,2026-08-11
Ventas,VentaID=1043 Fecha='INVALID_DATE',Fecha inválida: INVALID_DATE,2026-08-11
Ventas,VentaID=1047 Fecha='INVALID_DATE',Fecha inválida: INVALID_DATE,2026-08-11
Ventas,VentaID=1051 Fecha='INVALID_DATE',Fecha inválida: INVALID_DATE,2026-08-11
Ventas,VentaID=1055 Fecha='INVALID_DATE',Fecha inválida: INVALID_DATE,2026-08-11
Ventas,VentaID=1059 Fecha='INVALID_DATE',Fecha inválida: INVALID_DATE,2026-08-11
Ventas,VentaID=1063 Fecha='INVALID_DATE',Fecha inválida: INVALID_DATE,2026-08-11
Ventas,VentaID=1067 Fecha='INVALID_DATE',Fecha inválida: INVALID_DATE,2026-08-11
Ventas,VentaID=1071 Fecha='INVALID_DATE',Fecha inválida: INVALID_DATE,2026-08-11
Ventas,VentaID=1075 Fecha='INVALID_DATE',Fecha inválida: INVALID_DATE,2026-08-11
Ventas,VentaID=1079 Fecha='INVALID_DATE',Fecha inválida: INVALID_DATE,2026-08-11
Ventas,VentaID=1083 Fecha='INVALID_DATE',Fecha inválida: INVALID_DATE,2026-08-11
Ventas,VentaID=1087 Fecha='INVALID_DATE',Fecha inválida: INVALID_DATE,2026-08-11
Ventas,VentaID=1091 Fecha='INVALID_DATE',Fecha inválida: INVALID_DATE,2026-08-11
Ventas,VentaID=1095 Fecha='INVALID_DATE',Fecha inválida: INVALID_DATE,2026-08-11
Ventas,VentaID=1099 Fecha='INVALID_DATE',Fecha inválida: INVALID_DATE,2026-08-11
Ventas,VentaID=1103 Fecha='INVALID_DATE',Fecha inválida: INVALID_DATE,2026-08-11
Ventas,VentaID=1107 Fecha='INVALID_DATE',Fecha inválida: INVALID_DATE,2026-08-11
Ventas,VentaID=1111 Fecha='INVALID_DATE',Fecha inválida: INVALID_DATE,2026-08-11
Ventas,VentaID=1115 Fecha='INVALID_DATE',Fecha inválida: INVALID_DATE,2026-08-11
Ventas,VentaID=1119 Fecha='INVALID_DATE',Fecha inválida: INVALID_DATE,2026-08-11
Ventas,VentaID=1123 Fecha='INVALID_DATE',Fecha inválida: INVALID_DATE,2026-08-11
Ventas,VentaID=1127 Fecha='INVALID_DATE',Fecha inválida: INVALID_DATE,2026-08-11
Ventas,VentaID=1131 Fecha='INVALID_DATE',Fecha inválida: INVALID_DATE,2026-08-11
Ventas,VentaID=1135 Fecha='INVALID_DATE',Fecha inválida: INVALID_DATE,2026-08-11
Ventas,VentaID=1139 Fecha='INVALID_DATE',Fecha inválida: INVALID_DATE,2026-08-11
Ventas,VentaID=1143 Fecha='INVALID_DATE',Fecha inválida: INVALID_DATE,2026-08-11
Ventas,VentaID=1147 Fecha='INVALID_DATE',Fecha inválida: INVALID_DATE,2026-08-11
Ventas,VentaID=1151 Fecha='INVALID_DATE',Fecha inválida: INVALID_DATE,2026-08-11
Ventas,VentaID=1155 Fecha='INVALID_DATE',Fecha inválida: INVALID_DATE,2026-08-11
Ventas,VentaID=1159 Fecha='INVALID_DATE',Fecha inválida: INVALID_DATE,2026-08-11
Ventas,VentaID=1163 Fecha='INVALID_DATE',Fecha inválida: INVALID_DATE,2026-08-11
Ventas,VentaID=1167 Fecha='INVALID_DATE',Fecha inválida: INVALID_DATE,2026-08-11
Ventas,VentaID=1171 Fecha='INVALID_DATE',Fecha inválida: INVALID_DATE,2026-08-11
Ventas,VentaID=1175 Fecha='INVALID_DATE',Fecha inválida: INVALID_DATE,2026-08-11
Ventas,VentaID=1179 Fecha='INVALID_DATE',Fecha inválida: INVALID_DATE,2026-08-11
Ventas,VentaID=1183 Fecha='INVALID_DATE',Fecha inválida: INVALID_DATE,2026-08-11
Ventas,VentaID=1187 Fecha='INVALID_DATE',Fecha inválida: INVALID_DATE,2026-08-11
Ventas,VentaID=1191 Fecha='INVALID_DATE',Fecha inválida: INVALID_DATE,2026-08-11
Ventas,VentaID=1195 Fecha='INVALID_DATE',Fecha inválida: INVALID_DATE,2026-08-11
Ventas,VentaID=1199 Fecha='INVALID_DATE',Fecha inválida: INVALID_DATE,2026-08-11
Ventas,VentaID=1203 Fecha='INVALID_DATE',Fecha inválida: INVALID_DATE,2026-08-11
Ventas,VentaID=1207 Fecha='INVALID_DATE',Fecha inválida: INVALID_DATE,2026-08-11
Ventas,VentaID=1211 Fecha='INVALID_DATE',Fecha inválida: INVALID_DATE,2026-08-11
Ventas,VentaID=1215 Fecha='INVALID_DATE',Fecha inválida: INVALID_DATE,2026-08-11
Ventas,VentaID=1219 Fecha='INVALID_DATE',Fecha inválida: INVALID_DATE,2026-08-11
Ventas,VentaID=1223 Fecha='INVALID_DATE',Fecha inválida: INVALID_DATE,2026-08-11
Ventas,VentaID=1227 Fecha='INVALID_DATE',Fecha inválida: INVALID_DATE,2026-08-11
Ventas,VentaID=1231 Fecha='INVALID_DATE',Fecha inválida: INVALID_DATE,2026-08-11
Ventas,VentaID=1235 Fecha='INVALID_DATE',Fecha inválida: INVALID_DATE,2026-08-11
Ventas,VentaID=1239 Fecha='INVALID_DATE',Fecha inválida: INVALID_DATE,2026-08-11
Ventas,VentaID=1243 Fecha='INVALID_DATE',Fecha inválida: INVALID_DATE,2026-08-11
Ventas,VentaID=1247 Fecha='INVALID_DATE',Fecha inválida: INVALID_DATE,2026-08-11
Ventas,VentaID=1251 Fecha='INVALID_DATE',Fecha inválida: INVALID_DATE,2026-08-11
Ventas,VentaID=1255 Fecha='INVALID_DATE',Fecha inválida: INVALID_DATE,2026-08-11
Ventas,VentaID=1259 Fecha='INVALID_DATE',Fecha inválida: INVALID_DATE,2026-08-11
Ventas,VentaID=1263 Fecha='INVALID_DATE',Fecha inválida: INVALID_DATE,2026-08-11
Ventas,VentaID=1267 Fecha='INVALID_DATE',Fecha inválida: INVALID_DATE,2026-08-11
Ventas,VentaID=1271 Fecha='INVALID_DATE',Fecha inválida: INVALID_DATE,2026-08-11
Ventas,VentaID=1275 Fecha='INVALID_DATE',Fecha inválida: INVALID_DATE,2026-08-11
Ventas,VentaID=1279 Fecha='INVALID_DATE',Fecha inválida: INVALID_DATE,2026-08-11
Ventas,VentaID=1283 Fecha='INVALID_DATE',Fecha inválida: INVALID_DATE,2026-08-11
Ventas,VentaID=1287 Fecha='INVALID_DATE',Fecha inválida: INVALID_DATE,2026-08-11
Ventas,VentaID=1291 Fecha='INVALID_DATE',Fecha inválida: INVALID_DATE,2026-08-11
Ventas,VentaID=1295 Fecha='INVALID_DATE',Fecha inválida: INVALID_DATE,2026-08-11
Ventas,VentaID=1299 Fecha='INVALID_DATE',Fecha inválida: INVALID_DATE,2026-08-11
Ventas,VentaID=1303 Fecha='INVALID_DATE',Fecha inválida: INVALID_DATE,2026-08-11
Ventas,VentaID=1307 Fecha='INVALID_DATE',Fecha inválida: INVALID_DATE,2026-08-11
Ventas,VentaID=1311 Fecha='INVALID_DATE',Fecha inválida: INVALID_DATE,2026-08-11
Ventas,VentaID=1315 Fecha='INVALID_DATE',Fecha inválida: INVALID_DATE,2026-08-11
Ventas,VentaID=1319 Fecha='INVALID_DATE',Fecha inválida: INVALID_DATE,2026-08-11
Ventas,VentaID=1323 Fecha='INVALID_DATE',Fecha inválida: INVALID_DATE,2026-08-11
Ventas,VentaID=1327 Fecha='INVALID_DATE',Fecha inválida: INVALID_DATE,2026-08-11
Ventas,VentaID=1331 Fecha='INVALID_DATE',Fecha inválida: INVALID_DATE,2026-08-11
Ventas,VentaID=1335 Fecha='INVALID_DATE',Fecha inválida: INVALID_DATE,2026-08-11
Ventas,VentaID=1339 Fecha='INVALID_DATE',Fecha inválida: INVALID_DATE,2026-08-11
Ventas,VentaID=1343 Fecha='INVALID_DATE',Fecha inválida: INVALID_DATE,2026-08-11
Ventas,VentaID=1347 Fecha='INVALID_DATE',Fecha inválida: INVALID_DATE,2026-08-11
Ventas,VentaID=1351 Fecha='INVALID_DATE',Fecha inválida: INVALID_DATE,2026-08-11
Ventas,VentaID=1355 Fecha='INVALID_DATE',Fecha inválida: INVALID_DATE,2026-08-11
Ventas,VentaID=1359 Fecha='INVALID_DATE',Fecha inválida: INVALID_DATE,2026-08-11
Ventas,VentaID=1363 Fecha='INVALID_DATE',Fecha inválida: INVALID_DATE,2026-08-11
Ventas,VentaID=1367 Fecha='INVALID_DATE',Fecha inválida: INVALID_DATE,2026-08-11
Ventas,VentaID=1371 Fecha='INVALID_DATE',Fecha inválida: INVALID_DATE,2026-08-11
Ventas,VentaID=1375 Fecha='INVALID_DATE',Fecha inválida: INVALID_DATE,2026-08-11
Ventas,VentaID=1379 Fecha='INVALID_DATE',Fecha inválida: INVALID_DATE,2026-08-11
Ventas,VentaID=1383 Fecha='INVALID_DATE',Fecha inválida: INVALID_DATE,2026-08-11
Ventas,VentaID=1387 Fecha='INVALID_DATE',Fecha inválida: INVALID_DATE,2026-08-11
Ventas,VentaID=1391 Fecha='INVALID_DATE',Fecha inválida: INVALID_DATE,2026-08-11
Ventas,VentaID=1395 Fecha='INVALID_DATE',Fecha inválida: INVALID_DATE,2026-08-11
Ventas,VentaID=1399 Fecha='INVALID_DATE',Fecha inválida: INVALID_DATE,2026-08-11
Ventas,VentaID=1403 Fecha='INVALID_DATE',Fecha inválida: INVALID_DATE,2026-08-11
Ventas,VentaID=1407 Fecha='INVALID_DATE',Fecha inválida: INVALID_DATE,2026-08-11
Ventas,VentaID=1411 Fecha='INVALID_DATE',Fecha inválida: INVALID_DATE,2026-08-11
Ventas,VentaID=1415 Fecha='INVALID_DATE',Fecha inválida: INVALID_DATE,2026-08-11
Ventas,VentaID=1419 Fecha='INVALID_DATE',Fecha inválida: INVALID_DATE,2026-08-11
Ventas,VentaID=1423 Fecha='INVALID_DATE',Fecha inválida: INVALID_DATE,2026-08-11
Ventas,VentaID=1427 Fecha='INVALID_DATE',Fecha inválida: INVALID_DATE,2026-08-11
Ventas,VentaID=1431 Fecha='INVALID_DATE',Fecha inválida: INVALID_DATE,2026-08-11
Ventas,VentaID=1435 Fecha='INVALID_DATE',Fecha inválida: INVALID_DATE,2026-08-11
Ventas,VentaID=1439 Fecha='INVALID_DATE',Fecha inválida: INVALID_DATE,2026-08-11
Ventas,VentaID=1443 Fecha='INVALID_DATE',Fecha inválida: INVALID_DATE,2026-08-11
Ventas,VentaID=1447 Fecha='INVALID_DATE',Fecha inválida: INVALID_DATE,2026-08-11
Ventas,VentaID=1451 Fecha='INVALID_DATE',Fecha inválida: INVALID_DATE,2026-08-11
Ventas,VentaID=1455 Fecha='INVALID_DATE',Fecha inválida: INVALID_DATE,2026-08-11
Ventas,VentaID=1459 Fecha='INVALID_DATE',Fecha inválida: INVALID_DATE,2026-08-11
Ventas,VentaID=1463 Fecha='INVALID_DATE',Fecha inválida: INVALID_DATE,2026-08-11
Ventas,VentaID=1467 Fecha='INVALID_DATE',Fecha inválida: INVALID_DATE,2026-08-11
Ventas,VentaID=1471 Fecha='INVALID_DATE',Fecha inválida: INVALID_DATE,2026-08-11
Ventas,VentaID=1475 Fecha='INVALID_DATE',Fecha inválida: INVALID_DATE,2026-08-11
Ventas,VentaID=1479 Fecha='INVALID_DATE',Fecha inválida: INVALID_DATE,2026-08-11
Ventas,VentaID=1483 Fecha='INVALID_DATE',Fecha inválida: INVALID_DATE,2026-08-11
Ventas,VentaID=1487 Fecha='INVALID_DATE',Fecha inválida: INVALID_DATE,2026-08-11
Ventas,VentaID=1491 Fecha='INVALID_DATE',Fecha inválida: INVALID_DATE,2026-08-11
Ventas,VentaID=1495 Fecha='INVALID_DATE',Fecha inválida: INVALID_DATE,2026-08-11
Ventas,VentaID=1499 Fecha='INVALID_DATE',Fecha inválida: INVALID_DATE,2026-08-11
Ventas,VentaID=1503 Fecha='INVALID_DATE',Fecha inválida: INVALID_DATE,2026-08-11
Ventas,VentaID=1507 Fecha='INVALID_DATE',Fecha inválida: INVALID_DATE,2026-08-11
Ventas,VentaID=1511 Fecha='INVALID_DATE',Fecha inválida: INVALID_DATE,2026-08-11
Ventas,VentaID=1515 Fecha='INVALID_DATE',Fecha inválida: INVALID_DATE,2026-08-11
Ventas,VentaID=1519 Fecha='INVALID_DATE',Fecha inválida: INVALID_DATE,2026-08-11
Ventas,VentaID=1523 Fecha='INVALID_DATE',Fecha inválida: INVALID_DATE,2026-08-11
Ventas,VentaID=1527 Fecha='INVALID_DATE',Fecha inválida: INVALID_DATE,2026-08-11
Ventas,VentaID=1531 Fecha='INVALID_DATE',Fecha inválida: INVALID_DATE,2026-08-11
Ventas,VentaID=1535 Fecha='INVALID_DATE',Fecha inválida: INVALID_DATE,2026-08-11
Ventas,VentaID=1539 Fecha='INVALID_DATE',Fecha inválida: INVALID_DATE,2026-08-11
Ventas,VentaID=1543 Fecha='INVALID_DATE',Fecha inválida: INVALID_DATE,2026-08-11
Ventas,VentaID=1547 Fecha='INVALID_DATE',Fecha inválida: INVALID_DATE,2026-08-11
Ventas,VentaID=1551 Fecha='INVALID_DATE',Fecha inválida: INVALID_DATE,2026-08-11
Ventas,VentaID=1555 Fecha='INVALID_DATE',Fecha inválida: INVALID_DATE,2026-08-11
Ventas,VentaID=1559 Fecha='INVALID_DATE',Fecha inválida: INVALID_DATE,2026-08-11
Ventas,VentaID=1563 Fecha='INVALID_DATE',Fecha inválida: INVALID_DATE,2026-08-11
Ventas,VentaID=1567 Fecha='INVALID_DATE',Fecha inválida: INVALID_DATE,2026-08-11
Ventas,VentaID=1571 Fecha='INVALID_DATE',Fecha inválida: INVALID_DATE,2026-08-11
Ventas,VentaID=1575 Fecha='INVALID_DATE',Fecha inválida: INVALID_DATE,2026-08-11
Ventas,VentaID=1579 Fecha='INVALID_DATE',Fecha inválida: INVALID_DATE,2026-08-11
Ventas,VentaID=1583 Fecha='INVALID_DATE',Fecha inválida: INVALID_DATE,2026-08-11
Ventas,VentaID=1587 Fecha='INVALID_DATE',Fecha inválida: INVALID_DATE,2026-08-11
Ventas,VentaID=1591 Fecha='INVALID_DATE',Fecha inválida: INVALID_DATE,2026-08-11
Ventas,VentaID=1595 Fecha='INVALID_DATE',Fecha inválida: INVALID_DATE,2026-08-11
Ventas,VentaID=1599 Fecha='INVALID_DATE',Fecha inválida: INVALID_DATE,2026-08-11
Ventas,VentaID=1603 Fecha='INVALID_DATE',Fecha inválida: INVALID_DATE,2026-08-11
Ventas,VentaID=1607 Fecha='INVALID_DATE',Fecha inválida: INVALID_DATE,2026-08-11
Ventas,VentaID=1611 Fecha='INVALID_DATE',Fecha inválida: INVALID_DATE,2026-08-11
Ventas,VentaID=1615 Fecha='INVALID_DATE',Fecha inválida: INVALID_DATE,2026-08-11
Ventas,VentaID=1619 Fecha='INVALID_DATE',Fecha inválida: INVALID_DATE,2026-08-11
Ventas,VentaID=1623 Fecha='INVALID_DATE',Fecha inválida: INVALID_DATE,2026-08-11
Ventas,VentaID=1627 Fecha='INVALID_DATE',Fecha inválida: INVALID_DATE,2026-08-11
Ventas,VentaID=1631 Fecha='INVALID_DATE',Fecha inválida: INVALID_DATE,2026-08-11
Ventas,VentaID=1635 Fecha='INVALID_DATE',Fecha inválida: INVALID_DATE,2026-08-11
Ventas,VentaID=1639 Fecha='INVALID_DATE',Fecha inválida: INVALID_DATE,2026-08-11
Ventas,VentaID=1643 Fecha='INVALID_DATE',Fecha inválida: INVALID_DATE,2026-08-11
Ventas,VentaID=1647 Fecha='INVALID_DATE',Fecha inválida: INVALID_DATE,2026-08-11
Ventas,VentaID=1651 Fecha='INVALID_DATE',Fecha inválida: INVALID_DATE,2026-08-11
Ventas,VentaID=1655 Fecha='INVALID_DATE',Fecha inválida: INVALID_DATE,2026-08-11
Ventas,VentaID=1659 Fecha='INVALID_DATE',Fecha inválida: INVALID_DATE,2026-08-11
Ventas,VentaID=1663 Fecha='INVALID_DATE',Fecha inválida: INVALID_DATE,2026-08-11
Ventas,VentaID=1667 Fecha='INVALID_DATE',Fecha inválida: INVALID_DATE,2026-08-11
Ventas,VentaID=1671 Fecha='INVALID_DATE',Fecha inválida: INVALID_DATE,2026-08-11
Ventas,VentaID=1675 Fecha='INVALID_DATE',Fecha inválida: INVALID_DATE,2026-08-11
Ventas,VentaID=1679 Fecha='INVALID_DATE',Fecha inválida: INVALID_DATE,2026-08-11
Ventas,VentaID=1683 Fecha='INVALID_DATE',Fecha inválida: INVALID_DATE,2026-08-11
Ventas,VentaID=1687 Fecha='INVALID_DATE',Fecha inválida: INVALID_DATE,2026-08-11
Ventas,VentaID=1691 Fecha='INVALID_DATE',Fecha inválida: INVALID_DATE,2026-08-11
Ventas,VentaID=1695 Fecha='INVALID_DATE',Fecha inválida: INVALID_DATE,2026-08-11
Ventas,VentaID=1699 Fecha='INVALID_DATE',Fecha inválida: INVALID_DATE,2026-08-11
Ventas,VentaID=1703 Fecha='INVALID_DATE',Fecha inválida: INVALID_DATE,2026-08-11
Ventas,VentaID=1707 Fecha='INVALID_DATE',Fecha inválida: INVALID_DATE,2026-08-11
Ventas,VentaID=1711 Fecha='INVALID_DATE',Fecha inválida: INVALID_DATE,2026-08-11
Ventas,VentaID=1715 Fecha='INVALID_DATE',Fecha inválida: INVALID_DATE,2026-08-11
Ventas,VentaID=1719 Fecha='INVALID_DATE',Fecha inválida: INVALID_DATE,2026-08-11
Ventas,VentaID=1723 Fecha='INVALID_DATE',Fecha inválida: INVALID_DATE,2026-08-11
Ventas,VentaID=1727 Fecha='INVALID_DATE',Fecha inválida: INVALID_DATE,2026-08-11
Ventas,VentaID=1731 Fecha='INVALID_DATE',Fecha inválida: INVALID_DATE,2026-08-11
Ventas,VentaID=1735 Fecha='INVALID_DATE',Fecha inválida: INVALID_DATE,2026-08-11
Ventas,VentaID=1739 Fecha='INVALID_DATE',Fecha inválida: INVALID_DATE,2026-08-11
Ventas,VentaID=1743 Fecha='INVALID_DATE',Fecha inválida: INVALID_DATE,2026-08-11
Ventas,VentaID=1747 Fecha='INVALID_DATE',Fecha inválida: INVALID_DATE,2026-08-11
Ventas,VentaID=1751 Fecha='INVALID_DATE',Fecha inválida: INVALID_DATE,2026-08-11
Ventas,VentaID=1755 Fecha='INVALID_DATE',Fecha inválida: INVALID_DATE,2026-08-11
Ventas,VentaID=1759 Fecha='INVALID_DATE',Fecha inválida: INVALID_DATE,2026-08-11
Ventas,VentaID=1763 Fecha='INVALID_DATE',Fecha inválida: INVALID_DATE,2026-08-11
Ventas,VentaID=1767 Fecha='INVALID_DATE',Fecha inválida: INVALID_DATE,2026-08-11
Ventas,VentaID=1771 Fecha='INVALID_DATE',Fecha inválida: INVALID_DATE,2026-08-11
Ventas,VentaID=1775 Fecha='INVALID_DATE',Fecha inválida: INVALID_DATE,2026-08-11
Ventas,VentaID=1779 Fecha='INVALID_DATE',Fecha inválida: INVALID_DATE,2026-08-11
Ventas,VentaID=1783 Fecha='INVALID_DATE',Fecha inválida: INVALID_DATE,2026-08-11
Ventas,VentaID=1787 Fecha='INVALID_DATE',Fecha inválida: INVALID_DATE,2026-08-11
Ventas,VentaID=1791 Fecha='INVALID_DATE',Fecha inválida: INVALID_DATE,2026-08-11
Ventas,VentaID=1795 Fecha='INVALID_DATE',Fecha inválida: INVALID_DATE,2026-08-11
Ventas,VentaID=1799 Fecha='INVALID_DATE',Fecha inválida: INVALID_DATE,2026-08-11
Ventas,VentaID=1803 Fecha='INVALID_DATE',Fecha inválida: INVALID_DATE,2026-08-11
Ventas,VentaID=1807 Fecha='INVALID_DATE',Fecha inválida: INVALID_DATE,2026-08-11
Ventas,VentaID=1811 Fecha='INVALID_DATE',Fecha inválida: INVALID_DATE,2026-08-11
Ventas,VentaID=1815 Fecha='INVALID_DATE',Fecha inválida: INVALID_DATE,2026-08-11
Ventas,VentaID=1819 Fecha='INVALID_DATE',Fecha inválida: INVALID_DATE,2026-08-11
Ventas,VentaID=1823 Fecha='INVALID_DATE',Fecha inválida: INVALID_DATE,2026-08-11
Ventas,VentaID=1827 Fecha='INVALID_DATE',Fecha inválida: INVALID_DATE,2026-08-11
Ventas,VentaID=1831 Fecha='INVALID_DATE',Fecha inválida: INVALID_DATE,2026-08-11
Ventas,VentaID=1835 Fecha='INVALID_DATE',Fecha inválida: INVALID_DATE,2026-08-11
Ventas,VentaID=1839 Fecha='INVALID_DATE',Fecha inválida: INVALID_DATE,2026-08-11
Ventas,VentaID=1843 Fecha='INVALID_DATE',Fecha inválida: INVALID_DATE,2026-08-11
Ventas,VentaID=1847 Fecha='INVALID_DATE',Fecha inválida: INVALID_DATE,2026-08-11
Ventas,VentaID=1851 Fecha='INVALID_DATE',Fecha inválida: INVALID_DATE,2026-08-11
Ventas,VentaID=1855 Fecha='INVALID_DATE',Fecha inválida: INVALID_DATE,2026-08-11
Ventas,VentaID=1859 Fecha='INVALID_DATE',Fecha inválida: INVALID_DATE,2026-08-11
Ventas,VentaID=1863 Fecha='INVALID_DATE',Fecha inválida: INVALID_DATE,2026-08-11
Ventas,VentaID=1867 Fecha='INVALID_DATE',Fecha inválida: INVALID_DATE,2026-08-11
Ventas,VentaID=1871 Fecha='INVALID_DATE',Fecha inválida: INVALID_DATE,2026-08-11
Ventas,VentaID=1875 Fecha='INVALID_DATE',Fecha inválida: INVALID_DATE,2026-08-11
Ventas,VentaID=1879 Fecha='INVALID_DATE',Fecha inválida: INVALID_DATE,2026-08-11
Ventas,VentaID=1883 Fecha='INVALID_DATE',Fecha inválida: INVALID_DATE,2026-08-11
Ventas,VentaID=1887 Fecha='INVALID_DATE',Fecha inválida: INVALID_DATE,2026-08-11
Ventas,VentaID=1891 Fecha='INVALID_DATE',Fecha inválida: INVALID_DATE,2026-08-11
Ventas,VentaID=1895 Fecha='INVALID_DATE',Fecha inválida: INVALID_DATE,2026-08-11
Ventas,VentaID=1899 Fecha='INVALID_DATE',Fecha inválida: INVALID_DATE,2026-08-11
Ventas,VentaID=1903 Fecha='INVALID_DATE',Fecha inválida: INVALID_DATE,2026-08-11
Ventas,VentaID=1907 Fecha='INVALID_DATE',Fecha inválida: INVALID_DATE,2026-08-11
Ventas,VentaID=1911 Fecha='INVALID_DATE',Fecha inválida: INVALID_DATE,2026-08-11
Ventas,VentaID=1915 Fecha='INVALID_DATE',Fecha inválida: INVALID_DATE,2026-08-11
Ventas,VentaID=1919 Fecha='INVALID_DATE',Fecha inválida: INVALID_DATE,2026-08-11
Ventas,VentaID=1923 Fecha='INVALID_DATE',Fecha inválida: INVALID_DATE,2026-08-11
Ventas,VentaID=1927 Fecha='INVALID_DATE',Fecha inválida: INVALID_DATE,2026-08-11
Ventas,VentaID=1931 Fecha='INVALID_DATE',Fecha inválida: INVALID_DATE,2026-08-11
Ventas,VentaID=1935 Fecha='INVALID_DATE',Fecha inválida: INVALID_DATE,2026-08-11
Ventas,VentaID=1939 Fecha='INVALID_DATE',Fecha inválida: INVALID_DATE,2026-08-11
Ventas,VentaID=1943 Fecha='INVALID_DATE',Fecha inválida: INVALID_DATE,2026-08-11
Ventas,VentaID=1947 Fecha='INVALID_DATE',Fecha inválida: INVALID_DATE,2026-08-11
Ventas,VentaID=1951 Fecha='INVALID_DATE',Fecha inválida: INVALID_DATE,2026-08-11
Ventas,VentaID=1955 Fecha='INVALID_DATE',Fecha inválida: INVALID_DATE,2026-08-11
Ventas,VentaID=1959 Fecha='INVALID_DATE',Fecha inválida: INVALID_DATE,2026-08-11
Ventas,VentaID=1963 Fecha='INVALID_DATE',Fecha inválida: INVALID_DATE,2026-08-11
Ventas,VentaID=1967 Fecha='INVALID_DATE',Fecha inválida: INVALID_DATE,2026-08-11
Ventas,VentaID=1971 Fecha='INVALID_DATE',Fecha inválida: INVALID_DATE,2026-08-11
Ventas,VentaID=1975 Fecha='INVALID_DATE',Fecha inválida: INVALID_DATE,2026-08-11
Ventas,VentaID=1979 Fecha='INVALID_DATE',Fecha inválida: INVALID_DATE,2026-08-11
Ventas,VentaID=1983 Fecha='INVALID_DATE',Fecha inválida: INVALID_DATE,2026-08-11
Ventas,VentaID=1987 Fecha='INVALID_DATE',Fecha inválida: INVALID_DATE,2026-08-11
Ventas,VentaID=1991 Fecha='INVALID_DATE',Fecha inválida: INVALID_DATE,2026-08-11
Ventas,VentaID=1995 Fecha='INVALID_DATE',Fecha inválida: INVALID_DATE,2026-08-11
Ventas,VentaID=1999 Fecha='INVALID_DATE',Fecha inválida: INVALID_DATE,2026-08-11
Ventas,VentaID=2003 Fecha='INVALID_DATE',Fecha inválida: INVALID_DATE,2026-08-11
Ventas,VentaID=2007 Fecha='INVALID_DATE',Fecha inválida: INVALID_DATE,2026-08-11
Ventas,VentaID=2011 Fecha='INVALID_DATE',Fecha inválida: INVALID_DATE,2026-08-11
Ventas,VentaID=2015 Fecha='INVALID_DATE',Fecha inválida: INVALID_DATE,2026-08-11
Ventas,VentaID=2019 Fecha='INVALID_DATE',Fecha inválida: INVALID_DATE,2026-08-11
Ventas,VentaID=2023 Fecha='INVALID_DATE',Fecha inválida: INVALID_DATE,2026-08-11
Ventas,VentaID=2027 Fecha='INVALID_DATE',Fecha inválida: INVALID_DATE,2026-08-11
Ventas,VentaID=2031 Fecha='INVALID_DATE',Fecha inválida: INVALID_DATE,2026-08-11
Ventas,VentaID=2035 Fecha='INVALID_DATE',Fecha inválida: INVALID_DATE,2026-08-11
Ventas,VentaID=2039 Fecha='INVALID_DATE',Fecha inválida: INVALID_DATE,2026-08-11
Ventas,VentaID=2043 Fecha='INVALID_DATE',Fecha inválida: INVALID_DATE,2026-08-11
Ventas,VentaID=2047 Fecha='INVALID_DATE',Fecha inválida: INVALID_DATE,2026-08-11
Ventas,VentaID=2051 Fecha='INVALID_DATE',Fecha inválida: INVALID_DATE,2026-08-11
Ventas,VentaID=2055 Fecha='INVALID_DATE',Fecha inválida: INVALID_DATE,2026-08-11
Ventas,VentaID=2059 Fecha='INVALID_DATE',Fecha inválida: INVALID_DATE,2026-08-11
Ventas,VentaID=2063 Fecha='INVALID_DATE',Fecha inválida: INVALID_DATE,2026-08-11
Ventas,VentaID=2067 Fecha='INVALID_DATE',Fecha inválida: INVALID_DATE,2026-08-11
Ventas,VentaID=2071 Fecha='INVALID_DATE',Fecha inválida: INVALID_DATE,2026-08-11
Ventas,VentaID=2075 Fecha='INVALID_DATE',Fecha inválida: INVALID_DATE,2026-08-11
Ventas,VentaID=2079 Fecha='INVALID_DATE',Fecha inválida: INVALID_DATE,2026-08-11
Ventas,VentaID=2083 Fecha='INVALID_DATE',Fecha inválida: INVALID_DATE,2026-08-11
Ventas,VentaID=2087 Fecha='INVALID_DATE',Fecha inválida: INVALID_DATE,2026-08-11
Ventas,VentaID=2091 Fecha='INVALID_DATE',Fecha inválida: INVALID_DATE,2026-08-11
Ventas,VentaID=2095 Fecha='INVALID_DATE',Fecha inválida: INVALID_DATE,2026-08-11
Ventas,VentaID=2099 Fecha='INVALID_DATE',Fecha inválida: INVALID_DATE,2026-08-11
Ventas,VentaID=2103 Fecha='INVALID_DATE',Fecha inválida: INVALID_DATE,2026-08-11
Ventas,VentaID=2107 Fecha='INVALID_DATE',Fecha inválida: INVALID_DATE,2026-08-11
Ventas,VentaID=2111 Fecha='INVALID_DATE',Fecha inválida: INVALID_DATE,2026-08-11
Ventas,VentaID=2115 Fecha='INVALID_DATE',Fecha inválida: INVALID_DATE,2026-08-11
Ventas,VentaID=2119 Fecha='INVALID_DATE',Fecha inválida: INVALID_DATE,2026-08-11
Ventas,VentaID=2123 Fecha='INVALID_DATE',Fecha inválida: INVALID_DATE,2026-08-11
Ventas,VentaID=2127 Fecha='INVALID_DATE',Fecha inválida: INVALID_DATE,2026-08-11
Ventas,VentaID=2131 Fecha='INVALID_DATE',Fecha inválida: INVALID_DATE,2026-08-11
Ventas,VentaID=2135 Fecha='INVALID_DATE',Fecha inválida: INVALID_DATE,2026-08-11
Ventas,VentaID=2139 Fecha='INVALID_DATE',Fecha inválida: INVALID_DATE,2026-08-11
Ventas,VentaID=2143 Fecha='INVALID_DATE',Fecha inválida: INVALID_DATE,2026-08-11
Ventas,VentaID=2147 Fecha='INVALID_DATE',Fecha inválida: INVALID_DATE,2026-08-11
Ventas,VentaID=2151 Fecha='INVALID_DATE',Fecha inválida: INVALID_DATE,2026-08-11
Ventas,VentaID=2155 Fecha='INVALID_DATE',Fecha inválida: INVALID_DATE,2026-08-11
Ventas,VentaID=2159 Fecha='INVALID_DATE',Fecha inválida: INVALID_DATE,2026-08-11
Ventas,VentaID=2163 Fecha='INVALID_DATE',Fecha inválida: INVALID_DATE,2026-08-11
Ventas,VentaID=2167 Fecha='INVALID_DATE',Fecha inválida: INVALID_DATE,2026-08-11
Ventas,VentaID=2171 Fecha='INVALID_DATE',Fecha inválida: INVALID_DATE,2026-08-11
Ventas,VentaID=2175 Fecha='INVALID_DATE',Fecha inválida: INVALID_DATE,2026-08-11
Ventas,VentaID=2179 Fecha='INVALID_DATE',Fecha inválida: INVALID_DATE,2026-08-11
Ventas,VentaID=2183 Fecha='INVALID_DATE',Fecha inválida: INVALID_DATE,2026-08-11
Ventas,VentaID=2187 Fecha='INVALID_DATE',Fecha inválida: INVALID_DATE,2026-08-11
Ventas,VentaID=2191 Fecha='INVALID_DATE',Fecha inválida: INVALID_DATE,2026-08-11
Ventas,VentaID=2195 Fecha='INVALID_DATE',Fecha inválida: INVALID_DATE,2026-08-11
Ventas,VentaID=2199 Fecha='INVALID_DATE',Fecha inválida: INVALID_DATE,2026-08-11
Ventas,VentaID=2203 Fecha='INVALID_DATE',Fecha inválida: INVALID_DATE,2026-08-11
Ventas,VentaID=2207 Fecha='INVALID_DATE',Fecha inválida: INVALID_DATE,2026-08-11
Ventas,VentaID=2211 Fecha='INVALID_DATE',Fecha inválida: INVALID_DATE,2026-08-11
Ventas,VentaID=2215 Fecha='INVALID_DATE',Fecha inválida: INVALID_DATE,2026-08-11
Ventas,VentaID=2219 Fecha='INVALID_DATE',Fecha inválida: INVALID_DATE,2026-08-11
Ventas,VentaID=2223 Fecha='INVALID_DATE',Fecha inválida: INVALID_DATE,2026-08-11
Ventas,VentaID=2227 Fecha='INVALID_DATE',Fecha inválida: INVALID_DATE,2026-08-11
Ventas,VentaID=2231 Fecha='INVALID_DATE',Fecha inválida: INVALID_DATE,2026-08-11
Ventas,VentaID=2235 Fecha='INVALID_DATE',Fecha inválida: INVALID_DATE,2026-08-11
Ventas,VentaID=2239 Fecha='INVALID_DATE',Fecha inválida: INVALID_DATE,2026-08-11
Ventas,VentaID=2243 Fecha='INVALID_DATE',Fecha inválida: INVALID_DATE,2026-08-11
Ventas,VentaID=2247 Fecha='INVALID_DATE',Fecha inválida: INVALID_DATE,2026-08-11
Ventas,VentaID=2251 Fecha='INVALID_DATE',Fecha inválida: INVALID_DATE,2026-08-11
Ventas,VentaID=2255 Fecha='INVALID_DATE',Fecha inválida: INVALID_DATE,2026-08-11
Ventas,VentaID=2259 Fecha='INVALID_DATE',Fecha inválida: INVALID_DATE,2026-08-11
Ventas,VentaID=2263 Fecha='INVALID_DATE',Fecha inválida: INVALID_DATE,2026-08-11
Ventas,VentaID=2267 Fecha='INVALID_DATE',Fecha inválida: INVALID_DATE,2026-08-11
Ventas,VentaID=2271 Fecha='INVALID_DATE',Fecha inválida: INVALID_DATE,2026-08-11
Ventas,VentaID=2275 Fecha='INVALID_DATE',Fecha inválida: INVALID_DATE,2026-08-11
Ventas,VentaID=2279 Fecha='INVALID_DATE',Fecha inválida: INVALID_DATE,2026-08-11
Ventas,VentaID=2283 Fecha='INVALID_DATE',Fecha inválida: INVALID_DATE,2026-08-11
Ventas,VentaID=2287 Fecha='INVALID_DATE',Fecha inválida: INVALID_DATE,2026-08-11
Ventas,VentaID=2291 Fecha='INVALID_DATE',Fecha inválida: INVALID_DATE,2026-08-11
Ventas,VentaID=2295 Fecha='INVALID_DATE',Fecha inválida: INVALID_DATE,2026-08-11
Ventas,VentaID=2299 Fecha='INVALID_DATE',Fecha inválida: INVALID_DATE,2026-08-11
Ventas,VentaID=2303 Fecha='INVALID_DATE',Fecha inválida: INVALID_DATE,2026-08-11
Ventas,VentaID=2307 Fecha='INVALID_DATE',Fecha inválida: INVALID_DATE,2026-08-11
Ventas,VentaID=2311 Fecha='INVALID_DATE',Fecha inválida: INVALID_DATE,2026-08-11
Ventas,VentaID=2315 Fecha='INVALID_DATE',Fecha inválida: INVALID_DATE,2026-08-11
Ventas,VentaID=2319 Fecha='INVALID_DATE',Fecha inválida: INVALID_DATE,2026-08-11
Ventas,VentaID=2323 Fecha='INVALID_DATE',Fecha inválida: INVALID_DATE,2026-08-11
Ventas,VentaID=2327 Fecha='INVALID_DATE',Fecha inválida: INVALID_DATE,2026-08-11
Ventas,VentaID=2331 Fecha='INVALID_DATE',Fecha inválida: INVALID_DATE,2026-08-11
Ventas,VentaID=2335 Fecha='INVALID_DATE',Fecha inválida: INVALID_DATE,2026-08-11
Ventas,VentaID=2339 Fecha='INVALID_DATE',Fecha inválida: INVALID_DATE,2026-08-11
Ventas,VentaID=2343 Fecha='INVALID_DATE',Fecha inválida: INVALID_DATE,2026-08-11
Ventas,VentaID=2347 Fecha='INVALID_DATE',Fecha inválida: INVALID_DATE,2026-08-11
Ventas,VentaID=2351 Fecha='INVALID_DATE',Fecha inválida: INVALID_DATE,2026-08-11
Ventas,VentaID=2355 Fecha='INVALID_DATE',Fecha inválida: INVALID_DATE,2026-08-11
Ventas,VentaID=2359 Fecha='INVALID_DATE',Fecha inválida: INVALID_DATE,2026-08-11
Ventas,VentaID=2363 Fecha='INVALID_DATE',Fecha inválida: INVALID_DATE,2026-08-11
Ventas,VentaID=2367 Fecha='INVALID_DATE',Fecha inválida: INVALID_DATE,2026-08-11
Ventas,VentaID=2371 Fecha='INVALID_DATE',Fecha inválida: INVALID_DATE,2026-08-11
Ventas,VentaID=2375 Fecha='INVALID_DATE',Fecha inválida: INVALID_DATE,2026-08-11
Ventas,VentaID=2379 Fecha='INVALID_DATE',Fecha inválida: INVALID_DATE,2026-08-11
Ventas,VentaID=2383 Fecha='INVALID_DATE',Fecha inválida: INVALID_DATE,2026-08-11
Ventas,VentaID=2387 Fecha='INVALID_DATE',Fecha inválida: INVALID_DATE,2026-08-11
Ventas,VentaID=2391 Fecha='INVALID_DATE',Fecha inválida: INVALID_DATE,2026-08-11
Ventas,VentaID=2395 Fecha='INVALID_DATE',Fecha inválida: INVALID_DATE,2026-08-11
Ventas,VentaID=2399 Fecha='INVALID_DATE',Fecha inválida: INVALID_DATE,2026-08-11
Ventas,VentaID=2403 Fecha='INVALID_DATE',Fecha inválida: INVALID_DATE,2026-08-11
Ventas,VentaID=2407 Fecha='INVALID_DATE',Fecha inválida: INVALID_DATE,2026-08-11
Ventas,VentaID=2411 Fecha='INVALID_DATE',Fecha inválida: INVALID_DATE,2026-08-11
Ventas,VentaID=2415 Fecha='INVALID_DATE',Fecha inválida: INVALID_DATE,2026-08-11
Ventas,VentaID=2419 Fecha='INVALID_DATE',Fecha inválida: INVALID_DATE,2026-08-11
Ventas,VentaID=2423 Fecha='INVALID_DATE',Fecha inválida: INVALID_DATE,2026-08-11
Ventas,VentaID=2427 Fecha='INVALID_DATE',Fecha inválida: INVALID_DATE,2026-08-11
Ventas,VentaID=2431 Fecha='INVALID_DATE',Fecha inválida: INVALID_DATE,2026-08-11
Ventas,VentaID=2435 Fecha='INVALID_DATE',Fecha inválida: INVALID_DATE,2026-08-11
Ventas,VentaID=2439 Fecha='INVALID_DATE',Fecha inválida: INVALID_DATE,2026-08-11
Ventas,VentaID=2443 Fecha='INVALID_DATE',Fecha inválida: INVALID_DATE,2026-08-11
Ventas,VentaID=2447 Fecha='INVALID_DATE',Fecha inválida: INVALID_DATE,2026-08-11
Ventas,VentaID=2451 Fecha='INVALID_DATE',Fecha inválida: INVALID_DATE,2026-08-11
Ventas,VentaID=2455 Fecha='INVALID_DATE',Fecha inválida: INVALID_DATE,2026-08-11
Ventas,VentaID=2459 Fecha='INVALID_DATE',Fecha inválida: INVALID_DATE,2026-08-11
Ventas,VentaID=2463 Fecha='INVALID_DATE',Fecha inválida: INVALID_DATE,2026-08-11
Ventas,VentaID=2467 Fecha='INVALID_DATE',Fecha inválida: INVALID_DATE,2026-08-11
Ventas,VentaID=2471 Fecha='INVALID_DATE',Fecha inválida: INVALID_DATE,2026-08-11
Ventas,VentaID=2475 Fecha='INVALID_DATE',Fecha inválida: INVALID_DATE,2026-08-11
Ventas,VentaID=2479 Fecha='INVALID_DATE',Fecha inválida: INVALID_DATE,2026-08-11
Ventas,VentaID=2483 Fecha='INVALID_DATE',Fecha inválida: INVALID_DATE,2026-08-11
Ventas,VentaID=2487 Fecha='INVALID_DATE',Fecha inválida: INVALID_DATE,2026-08-11
Ventas,VentaID=2491 Fecha='INVALID_DATE',Fecha inválida: INVALID_DATE,2026-08-11
Ventas,VentaID=2495 Fecha='INVALID_DATE',Fecha inválida: INVALID_DATE,2026-08-11
Ventas,VentaID=2499 Fecha='INVALID_DATE',Fecha inválida: INVALID_DATE,2026-08-11
Ventas,VentaID=2503 Fecha='INVALID_DATE',Fecha inválida: INVALID_DATE,2026-08-11
Ventas,VentaID=2507 Fecha='INVALID_DATE',Fecha inválida: INVALID_DATE,2026-08-11
Ventas,VentaID=2511 Fecha='INVALID_DATE',Fecha inválida: INVALID_DATE,2026-08-11
Ventas,VentaID=2515 Fecha='INVALID_DATE',Fecha inválida: INVALID_DATE,2026-08-11
Ventas,VentaID=2519 Fecha='INVALID_DATE',Fecha inválida: INVALID_DATE,2026-08-11
Ventas,VentaID=2523 Fecha='INVALID_DATE',Fecha inválida: INVALID_DATE,2026-08-11
Ventas,VentaID=2527 Fecha='INVALID_DATE',Fecha inválida: INVALID_DATE,2026-08-11
Ventas,VentaID=2531 Fecha='INVALID_DATE',Fecha inválida: INVALID_DATE,2026-08-11
Ventas,VentaID=2535 Fecha='INVALID_DATE',Fecha inválida: INVALID_DATE,2026-08-11
Ventas,VentaID=2539 Fecha='INVALID_DATE',Fecha inválida: INVALID_DATE,2026-08-11
Ventas,VentaID=2543 Fecha='INVALID_DATE',Fecha inválida: INVALID_DATE,2026-08-11
Ventas,VentaID=2547 Fecha='INVALID_DATE',Fecha inválida: INVALID_DATE,2026-08-11
Ventas,VentaID=2551 Fecha='INVALID_DATE',Fecha inválida: INVALID_DATE,2026-08-11
Ventas,VentaID=2555 Fecha='INVALID_DATE',Fecha inválida: INVALID_DATE,2026-08-11
Ventas,VentaID=2559 Fecha='INVALID_DATE',Fecha inválida: INVALID_DATE,2026-08-11
Ventas,VentaID=2563 Fecha='INVALID_DATE',Fecha inválida: INVALID_DATE,2026-08-11
Ventas,VentaID=2567 Fecha='INVALID_DATE',Fecha inválida: INVALID_DATE,2026-08-11
Ventas,VentaID=2571 Fecha='INVALID_DATE',Fecha inválida: INVALID_DATE,2026-08-11
Ventas,VentaID=2575 Fecha='INVALID_DATE',Fecha inválida: INVALID_DATE,2026-08-11
Ventas,VentaID=2579 Fecha='INVALID_DATE',Fecha inválida: INVALID_DATE,2026-08-11
Ventas,VentaID=2583 Fecha='INVALID_DATE',Fecha inválida: INVALID_DATE,2026-08-11
Ventas,VentaID=2587 Fecha='INVALID_DATE',Fecha inválida: INVALID_DATE,2026-08-11
Ventas,VentaID=2591 Fecha='INVALID_DATE',Fecha inválida: INVALID_DATE,2026-08-11
Ventas,VentaID=2595 Fecha='INVALID_DATE',Fecha inválida: INVALID_DATE,2026-08-11
Ventas,VentaID=2599 Fecha='INVALID_DATE',Fecha inválida: INVALID_DATE,2026-08-11
Ventas,VentaID=2603 Fecha='INVALID_DATE',Fecha inválida: INVALID_DATE,2026-08-11
Ventas,VentaID=2607 Fecha='INVALID_DATE',Fecha inválida: INVALID_DATE,2026-08-11
Ventas,VentaID=2611 Fecha='INVALID_DATE',Fecha inválida: INVALID_DATE,2026-08-11
Ventas,VentaID=2615 Fecha='INVALID_DATE',Fecha inválida: INVALID_DATE,2026-08-11
Ventas,VentaID=2619 Fecha='INVALID_DATE',Fecha inválida: INVALID_DATE,2026-08-11
Ventas,VentaID=2623 Fecha='INVALID_DATE',Fecha inválida: INVALID_DATE,2026-08-11
Ventas,VentaID=2627 Fecha='INVALID_DATE',Fecha inválida: INVALID_DATE,2026-08-11
Ventas,VentaID=2631 Fecha='INVALID_DATE',Fecha inválida: INVALID_DATE,2026-08-11
Ventas,VentaID=2635 Fecha='INVALID_DATE',Fecha inválida: INVALID_DATE,2026-08-11
Ventas,VentaID=2639 Fecha='INVALID_DATE',Fecha inválida: INVALID_DATE,2026-08-11
Ventas,VentaID=2643 Fecha='INVALID_DATE',Fecha inválida: INVALID_DATE,2026-08-11
Ventas,VentaID=2647 Fecha='INVALID_DATE',Fecha inválida: INVALID_DATE,2026-08-11
Ventas,VentaID=2651 Fecha='INVALID_DATE',Fecha inválida: INVALID_DATE,2026-08-11
Ventas,VentaID=2655 Fecha='INVALID_DATE',Fecha inválida: INVALID_DATE,2026-08-11
Ventas,VentaID=2659 Fecha='INVALID_DATE',Fecha inválida: INVALID_DATE,2026-08-11
Ventas,VentaID=2663 Fecha='INVALID_DATE',Fecha inválida: INVALID_DATE,2026-08-11
Ventas,VentaID=2667 Fecha='INVALID_DATE',Fecha inválida: INVALID_DATE,2026-08-11
Ventas,VentaID=2671 Fecha='INVALID_DATE',Fecha inválida: INVALID_DATE,2026-08-11
Ventas,VentaID=2675 Fecha='INVALID_DATE',Fecha inválida: INVALID_DATE,2026-08-11
Ventas,VentaID=2679 Fecha='INVALID_DATE',Fecha inválida: INVALID_DATE,2026-08-11
Ventas,VentaID=2683 Fecha='INVALID_DATE',Fecha inválida: INVALID_DATE,2026-08-11
Ventas,VentaID=2687 Fecha='INVALID_DATE',Fecha inválida: INVALID_DATE,2026-08-11
Ventas,VentaID=2691 Fecha='INVALID_DATE',Fecha inválida: INVALID_DATE,2026-08-11
Ventas,VentaID=2695 Fecha='INVALID_DATE',Fecha inválida: INVALID_DATE,2026-08-11
Ventas,VentaID=2699 Fecha='INVALID_DATE',Fecha inválida: INVALID_DATE,2026-08-11
Ventas,VentaID=2703 Fecha='INVALID_DATE',Fecha inválida: INVALID_DATE,2026-08-11
Ventas,VentaID=2707 Fecha='INVALID_DATE',Fecha inválida: INVALID_DATE,2026-08-11
Ventas,VentaID=2711 Fecha='INVALID_DATE',Fecha inválida: INVALID_DATE,2026-08-11
Ventas,VentaID=2715 Fecha='INVALID_DATE',Fecha inválida: INVALID_DATE,2026-08-11
Ventas,VentaID=2719 Fecha='INVALID_DATE',Fecha inválida: INVALID_DATE,2026-08-11
Ventas,VentaID=2723 Fecha='INVALID_DATE',Fecha inválida: INVALID_DATE,2026-08-11
Ventas,VentaID=2727 Fecha='INVALID_DATE',Fecha inválida: INVALID_DATE,2026-08-11
Ventas,VentaID=2731 Fecha='INVALID_DATE',Fecha inválida: INVALID_DATE,2026-08-11
Ventas,VentaID=2735 Fecha='INVALID_DATE',Fecha inválida: INVALID_DATE,2026-08-11
Ventas,VentaID=2739 Fecha='INVALID_DATE',Fecha inválida: INVALID_DATE,2026-08-11
Ventas,VentaID=2743 Fecha='INVALID_DATE',Fecha inválida: INVALID_DATE,2026-08-11
Ventas,VentaID=2747 Fecha='INVALID_DATE',Fecha inválida: INVALID_DATE,2026-08-11
Ventas,VentaID=2751 Fecha='INVALID_DATE',Fecha inválida: INVALID_DATE,2026-08-11
Ventas,VentaID=2755 Fecha='INVALID_DATE',Fecha inválida: INVALID_DATE,2026-08-11
Ventas,VentaID=2759 Fecha='INVALID_DATE',Fecha inválida: INVALID_DATE,2026-08-11
Ventas,VentaID=2763 Fecha='INVALID_DATE',Fecha inválida: INVALID_DATE,2026-08-11
Ventas,VentaID=2767 Fecha='INVALID_DATE',Fecha inválida: INVALID_DATE,2026-08-11
Ventas,VentaID=2771 Fecha='INVALID_DATE',Fecha inválida: INVALID_DATE,2026-08-11
Ventas,VentaID=2775 Fecha='INVALID_DATE',Fecha inválida: INVALID_DATE,2026-08-11
Ventas,VentaID=2779 Fecha='INVALID_DATE',Fecha inválida: INVALID_DATE,2026-08-11
Ventas,VentaID=2783 Fecha='INVALID_DATE',Fecha inválida: INVALID_DATE,2026-08-11
Ventas,VentaID=2787 Fecha='INVALID_DATE',Fecha inválida: INVALID_DATE,2026-08-11
Ventas,VentaID=2791 Fecha='INVALID_DATE',Fecha inválida: INVALID_DATE,2026-08-11
Ventas,VentaID=2795 Fecha='INVALID_DATE',Fecha inválida: INVALID_DATE,2026-08-11
Ventas,VentaID=2799 Fecha='INVALID_DATE',Fecha inválida: INVALID_DATE,2026-08-11
Ventas,VentaID=2803 Fecha='INVALID_DATE',Fecha inválida: INVALID_DATE,2026-08-11
Ventas,VentaID=2807 Fecha='INVALID_DATE',Fecha inválida: INVALID_DATE,2026-08-11
Ventas,VentaID=2811 Fecha='INVALID_DATE',Fecha inválida: INVALID_DATE,2026-08-11
Ventas,VentaID=2815 Fecha='INVALID_DATE',Fecha inválida: INVALID_DATE,2026-08-11
Ventas,VentaID=2819 Fecha='INVALID_DATE',Fecha inválida: INVALID_DATE,2026-08-11
Ventas,VentaID=2823 Fecha='INVALID_DATE',Fecha inválida: INVALID_DATE,2026-08-11
Ventas,VentaID=2827 Fecha='INVALID_DATE',Fecha inválida: INVALID_DATE,2026-08-11
Ventas,VentaID=2831 Fecha='INVALID_DATE',Fecha inválida: INVALID_DATE,2026-08-11
Ventas,VentaID=2835 Fecha='INVALID_DATE',Fecha inválida: INVALID_DATE,2026-08-11
Ventas,VentaID=2839 Fecha='INVALID_DATE',Fecha inválida: INVALID_DATE,2026-08-11
Ventas,VentaID=2843 Fecha='INVALID_DATE',Fecha inválida: INVALID_DATE,2026-08-11
Ventas,VentaID=2847 Fecha='INVALID_DATE',Fecha inválida: INVALID_DATE,2026-08-11
Ventas,VentaID=2851 Fecha='INVALID_DATE',Fecha inválida: INVALID_DATE,2026-08-11
Ventas,VentaID=2855 Fecha='INVALID_DATE',Fecha inválida: INVALID_DATE,2026-08-11
Ventas,VentaID=2859 Fecha='INVALID_DATE',Fecha inválida: INVALID_DATE,2026-08-11
Ventas,VentaID=2863 Fecha='INVALID_DATE',Fecha inválida: INVALID_DATE,2026-08-11
Ventas,VentaID=2867 Fecha='INVALID_DATE',Fecha inválida: INVALID_DATE,2026-08-11
Ventas,VentaID=2871 Fecha='INVALID_DATE',Fecha inválida: INVALID_DATE,2026-08-11
Ventas,VentaID=2875 Fecha='INVALID_DATE',Fecha inválida: INVALID_DATE,2026-08-11
Ventas,VentaID=2879 Fecha='INVALID_DATE',Fecha inválida: INVALID_DATE,2026-08-11
Ventas,VentaID=2883 Fecha='INVALID_DATE',Fecha inválida: INVALID_DATE,2026-08-11
Ventas,VentaID=2887 Fecha='INVALID_DATE',Fecha inválida: INVALID_DATE,2026-08-11
Ventas,VentaID=2891 Fecha='INVALID_DATE',Fecha inválida: INVALID_DATE,2026-08-11
Ventas,VentaID=2895 Fecha='INVALID_DATE',Fecha inválida: INVALID_DATE,2026-08-11
Ventas,VentaID=2899 Fecha='INVALID_DATE',Fecha inválida: INVALID_DATE,2026-08-11
Ventas,VentaID=2903 Fecha='INVALID_DATE',Fecha inválida: INVALID_DATE,2026-08-11
Ventas,VentaID=2907 Fecha='INVALID_DATE',Fecha inválida: INVALID_DATE,2026-08-11
Ventas,VentaID=2911 Fecha='INVALID_DATE',Fecha inválida: INVALID_DATE,2026-08-11
Ventas,VentaID=2915 Fecha='INVALID_DATE',Fecha inválida: INVALID_DATE,2026-08-11
Ventas,VentaID=2919 Fecha='INVALID_DATE',Fecha inválida: INVALID_DATE,2026-08-11
Ventas,VentaID=2923 Fecha='INVALID_DATE',Fecha inválida: INVALID_DATE,2026-08-11
Ventas,VentaID=2927 Fecha='INVALID_DATE',Fecha inválida: INVALID_DATE,2026-08-11
Ventas,VentaID=2931 Fecha='INVALID_DATE',Fecha inválida: INVALID_DATE,2026-08-11
Ventas,VentaID=2935 Fecha='INVALID_DATE',Fecha inválida: INVALID_DATE,2026-08-11
Ventas,VentaID=2939 Fecha='INVALID_DATE',Fecha inválida: INVALID_DATE,2026-08-11
Ventas,VentaID=2943 Fecha='INVALID_DATE',Fecha inválida: INVALID_DATE,2026-08-11
Ventas,VentaID=2947 Fecha='INVALID_DATE',Fecha inválida: INVALID_DATE,2026-08-11
Ventas,VentaID=2951 Fecha='INVALID_DATE',Fecha inválida: INVALID_DATE,2026-08-11
Ventas,VentaID=2955 Fecha='INVALID_DATE',Fecha inválida: INVALID_DATE,2026-08-11
Ventas,VentaID=2959 Fecha='INVALID_DATE',Fecha inválida: INVALID_DATE,2026-08-11
Ventas,VentaID=2963 Fecha='INVALID_DATE',Fecha inválida: INVALID_DATE,2026-08-11
Ventas,VentaID=2967 Fecha='INVALID_DATE',Fecha inválida: INVALID_DATE,2026-08-11
Ventas,VentaID=2971 Fecha='INVALID_DATE',Fecha inválida: INVALID_DATE,2026-08-11
Ventas,VentaID=2975 Fecha='INVALID_DATE',Fecha inválida: INVALID_DATE,2026-08-11
Ventas,VentaID=2979 Fecha='INVALID_DATE',Fecha inválida: INVALID_DATE,2026-08-11
Ventas,VentaID=2983 Fecha='INVALID_DATE',Fecha inválida: INVALID_DATE,2026-08-11
Ventas,VentaID=2987 Fecha='INVALID_DATE',Fecha inválida: INVALID_DATE,2026-08-11
Ventas,VentaID=2991 Fecha='INVALID_DATE',Fecha inválida: INVALID_DATE,2026-08-11
Ventas,VentaID=2995 Fecha='INVALID_DATE',Fecha inválida: INVALID_DATE,2026-08-11
Ventas,VentaID=2999 Fecha='INVALID_DATE',Fecha inválida: INVALID_DATE,2026-08-11
Ventas,VentaID=3003 Fecha='INVALID_DATE',Fecha inválida: INVALID_DATE,2026-08-11
Ventas,VentaID=3007 Fecha='INVALID_DATE',Fecha inválida: INVALID_DATE,2026-08-11
Ventas,VentaID=3011 Fecha='INVALID_DATE',Fecha inválida: INVALID_DATE,2026-08-11
Ventas,VentaID=3015 Fecha='INVALID_DATE',Fecha inválida: INVALID_DATE,2026-08-11
Ventas,VentaID=3019 Fecha='INVALID_DATE',Fecha inválida: INVALID_DATE,2026-08-11
Ventas,VentaID=3023 Fecha='INVALID_DATE',Fecha inválida: INVALID_DATE,2026-08-11
Ventas,VentaID=3027 Fecha='INVALID_DATE',Fecha inválida: INVALID_DATE,2026-08-11
Ventas,VentaID=3031 Fecha='INVALID_DATE',Fecha inválida: INVALID_DATE,2026-08-11
Ventas,VentaID=3035 Fecha='INVALID_DATE',Fecha inválida: INVALID_DATE,2026-08-11
Ventas,VentaID=3039 Fecha='INVALID_DATE',Fecha inválida: INVALID_DATE,2026-08-11
Ventas,VentaID=3043 Fecha='INVALID_DATE',Fecha inválida: INVALID_DATE,2026-08-11
Ventas,VentaID=3047 Fecha='INVALID_DATE',Fecha inválida: INVALID_DATE,2026-08-11
Ventas,VentaID=3051 Fecha='INVALID_DATE',Fecha inválida: INVALID_DATE,2026-08-11
Ventas,VentaID=3055 Fecha='INVALID_DATE',Fecha inválida: INVALID_DATE,2026-08-11
Ventas,VentaID=3059 Fecha='INVALID_DATE',Fecha inválida: INVALID_DATE,2026-08-11
Ventas,VentaID=3063 Fecha='INVALID_DATE',Fecha inválida: INVALID_DATE,2026-08-11
Ventas,VentaID=3067 Fecha='INVALID_DATE',Fecha inválida: INVALID_DATE,2026-08-11
Ventas,VentaID=3071 Fecha='INVALID_DATE',Fecha inválida: INVALID_DATE,2026-08-11
Ventas,VentaID=3075 Fecha='INVALID_DATE',Fecha inválida: INVALID_DATE,2026-08-11
Ventas,VentaID=3079 Fecha='INVALID_DATE',Fecha inválida: INVALID_DATE,2026-08-11
Ventas,VentaID=3083 Fecha='INVALID_DATE',Fecha inválida: INVALID_DATE,2026-08-11
Ventas,VentaID=3087 Fecha='INVALID_DATE',Fecha inválida: INVALID_DATE,2026-08-11
Ventas,VentaID=3091 Fecha='INVALID_DATE',Fecha inválida: INVALID_DATE,2026-08-11
Ventas,VentaID=3095 Fecha='INVALID_DATE',Fecha inválida: INVALID_DATE,2026-08-11
Ventas,VentaID=3099 Fecha='INVALID_DATE',Fecha inválida: INVALID_DATE,2026-08-11
Ventas,VentaID=3103 Fecha='INVALID_DATE',Fecha inválida: INVALID_DATE,2026-08-11
Ventas,VentaID=3107 Fecha='INVALID_DATE',Fecha inválida: INVALID_DATE,2026-08-11
Ventas,VentaID=3111 Fecha='INVALID_DATE',Fecha inválida: INVALID_DATE,2026-08-11
Ventas,VentaID=3115 Fecha='INVALID_DATE',Fecha inválida: INVALID_DATE,2026-08-11
Ventas,VentaID=3119 Fecha='INVALID_DATE',Fecha inválida: INVALID_DATE,2026-08-11
Ventas,VentaID=3123 Fecha='INVALID_DATE',Fecha inválida: INVALID_DATE,2026-08-11
Ventas,VentaID=3127 Fecha='INVALID_DATE',Fecha inválida: INVALID_DATE,2026-08-11
Ventas,VentaID=3131 Fecha='INVALID_DATE',Fecha inválida: INVALID_DATE,2026-08-11
Ventas,VentaID=3135 Fecha='INVALID_DATE',Fecha inválida: INVALID_DATE,2026-08-11
Ventas,VentaID=3139 Fecha='INVALID_DATE',Fecha inválida: INVALID_DATE,2026-08-11
Ventas,VentaID=3143 Fecha='INVALID_DATE',Fecha inválida: INVALID_DATE,2026-08-11
Ventas,VentaID=3147 Fecha='INVALID_DATE',Fecha inválida: INVALID_DATE,2026-08-11
Ventas,VentaID=3151 Fecha='INVALID_DATE',Fecha inválida: INVALID_DATE,2026-08-11
Ventas,VentaID=3155 Fecha='INVALID_DATE',Fecha inválida: INVALID_DATE,2026-08-11
Ventas,VentaID=3159 Fecha='INVALID_DATE',Fecha inválida: INVALID_DATE,2026-08-11
Ventas,VentaID=3163 Fecha='INVALID_DATE',Fecha inválida: INVALID_DATE,2026-08-11
Ventas,VentaID=3167 Fecha='INVALID_DATE',Fecha inválida: INVALID_DATE,2026-08-11
Ventas,VentaID=3171 Fecha='INVALID_DATE',Fecha inválida: INVALID_DATE,2026-08-11
Ventas,VentaID=3175 Fecha='INVALID_DATE',Fecha inválida: INVALID_DATE,2026-08-11
Ventas,VentaID=3179 Fecha='INVALID_DATE',Fecha inválida: INVALID_DATE,2026-08-11
Ventas,VentaID=3183 Fecha='INVALID_DATE',Fecha inválida: INVALID_DATE,2026-08-11
Ventas,VentaID=3187 Fecha='INVALID_DATE',Fecha inválida: INVALID_DATE,2026-08-11
Ventas,VentaID=3191 Fecha='INVALID_DATE',Fecha inválida: INVALID_DATE,2026-08-11
Ventas,VentaID=3195 Fecha='INVALID_DATE',Fecha inválida: INVALID_DATE,2026-08-11
Ventas,VentaID=3199 Fecha='INVALID_DATE',Fecha inválida: INVALID_DATE,2026-08-11
Ventas,VentaID=3203 Fecha='INVALID_DATE',Fecha inválida: INVALID_DATE,2026-08-11
Ventas,VentaID=3207 Fecha='INVALID_DATE',Fecha inválida: INVALID_DATE,2026-08-11
Ventas,VentaID=3211 Fecha='INVALID_DATE',Fecha inválida: INVALID_DATE,2026-08-11
Ventas,VentaID=3215 Fecha='INVALID_DATE',Fecha inválida: INVALID_DATE,2026-08-11
Ventas,VentaID=3219 Fecha='INVALID_DATE',Fecha inválida: INVALID_DATE,2026-08-11
Ventas,VentaID=3223 Fecha='INVALID_DATE',Fecha inválida: INVALID_DATE,2026-08-11
Ventas,VentaID=3227 Fecha='INVALID_DATE',Fecha inválida: INVALID_DATE,2026-08-11
Ventas,VentaID=3231 Fecha='INVALID_DATE',Fecha inválida: INVALID_DATE,2026-08-11
Ventas,VentaID=3235 Fecha='INVALID_DATE',Fecha inválida: INVALID_DATE,2026-08-11
Ventas,VentaID=3239 Fecha='INVALID_DATE',Fecha inválida: INVALID_DATE,2026-08-11
Ventas,VentaID=3243 Fecha='INVALID_DATE',Fecha inválida: INVALID_DATE,2026-08-11
Ventas,VentaID=3247 Fecha='INVALID_DATE',Fecha inválida: INVALID_DATE,2026-08-11
Ventas,VentaID=3251 Fecha='INVALID_DATE',Fecha inválida: INVALID_DATE,2026-08-11
Ventas,VentaID=3255 Fecha='INVALID_DATE',Fecha inválida: INVALID_DATE,2026-08-11
Ventas,VentaID=3259 Fecha='INVALID_DATE',Fecha inválida: INVALID_DATE,2026-08-11
Ventas,VentaID=3263 Fecha='INVALID_DATE',Fecha inválida: INVALID_DATE,2026-08-11
Ventas,VentaID=3267 Fecha='INVALID_DATE',Fecha inválida: INVALID_DATE,2026-08-11
Ventas,VentaID=3271 Fecha='INVALID_DATE',Fecha inválida: INVALID_DATE,2026-08-11
Ventas,VentaID=3275 Fecha='INVALID_DATE',Fecha inválida: INVALID_DATE,2026-08-11
Ventas,VentaID=3279 Fecha='INVALID_DATE',Fecha inválida: INVALID_DATE,2026-08-11
Ventas,VentaID=3283 Fecha='INVALID_DATE',Fecha inválida: INVALID_DATE,2026-08-11
Ventas,VentaID=3287 Fecha='INVALID_DATE',Fecha inválida: INVALID_DATE,2026-08-11
Ventas,VentaID=3291 Fecha='INVALID_DATE',Fecha inválida: INVALID_DATE,2026-08-11
Ventas,VentaID=3295 Fecha='INVALID_DATE',Fecha inválida: INVALID_DATE,2026-08-11
Ventas,VentaID=3299 Fecha='INVALID_DATE',Fecha inválida: INVALID_DATE,2026-08-11
Ventas,VentaID=3303 Fecha='INVALID_DATE',Fecha inválida: INVALID_DATE,2026-08-11
Ventas,VentaID=3307 Fecha='INVALID_DATE',Fecha inválida: INVALID_DATE,2026-08-11
Ventas,VentaID=3311 Fecha='INVALID_DATE',Fecha inválida: INVALID_DATE,2026-08-11
Ventas,VentaID=3315 Fecha='INVALID_DATE',Fecha inválida: INVALID_DATE,2026-08-11
Ventas,VentaID=3319 Fecha='INVALID_DATE',Fecha inválida: INVALID_DATE,2026-08-11
Ventas,VentaID=3323 Fecha='INVALID_DATE',Fecha inválida: INVALID_DATE,2026-08-11
Ventas,VentaID=3327 Fecha='INVALID_DATE',Fecha inválida: INVALID_DATE,2026-08-11
Ventas,VentaID=3331 Fecha='INVALID_DATE',Fecha inválida: INVALID_DATE,2026-08-11
Ventas,VentaID=3335 Fecha='INVALID_DATE',Fecha inválida: INVALID_DATE,2026-08-11
Ventas,VentaID=3339 Fecha='INVALID_DATE',Fecha inválida: INVALID_DATE,2026-08-11
Ventas,VentaID=3343 Fecha='INVALID_DATE',Fecha inválida: INVALID_DATE,2026-08-11
Ventas,VentaID=3347 Fecha='INVALID_DATE',Fecha inválida: INVALID_DATE,2026-08-11
Ventas,VentaID=3351 Fecha='INVALID_DATE',Fecha inválida: INVALID_DATE,2026-08-11
Ventas,VentaID=3355 Fecha='INVALID_DATE',Fecha inválida: INVALID_DATE,2026-08-11
Ventas,VentaID=3359 Fecha='INVALID_DATE',Fecha inválida: INVALID_DATE,2026-08-11
Ventas,VentaID=3363 Fecha='INVALID_DATE',Fecha inválida: INVALID_DATE,2026-08-11
Ventas,VentaID=3367 Fecha='INVALID_DATE',Fecha inválida: INVALID_DATE,2026-08-11
Ventas,VentaID=3371 Fecha='INVALID_DATE',Fecha inválida: INVALID_DATE,2026-08-11
Ventas,VentaID=3375 Fecha='INVALID_DATE',Fecha inválida: INVALID_DATE,2026-08-11
Ventas,VentaID=3379 Fecha='INVALID_DATE',Fecha inválida: INVALID_DATE,2026-08-11
Ventas,VentaID=3383 Fecha='INVALID_DATE',Fecha inválida: INVALID_DATE,2026-08-11
Ventas,VentaID=3387 Fecha='INVALID_DATE',Fecha inválida: INVALID_DATE,2026-08-11
Ventas,VentaID=3391 Fecha='INVALID_DATE',Fecha inválida: INVALID_DATE,2026-08-11
Ventas,VentaID=3395 Fecha='INVALID_DATE',Fecha inválida: INVALID_DATE,2026-08-11
Ventas,VentaID=3399 Fecha='INVALID_DATE',Fecha inválida: INVALID_DATE,2026-08-11
Ventas,VentaID=3403 Fecha='INVALID_DATE',Fecha inválida: INVALID_DATE,2026-08-11
Ventas,VentaID=3407 Fecha='INVALID_DATE',Fecha inválida: INVALID_DATE,2026-08-11
Ventas,VentaID=3411 Fecha='INVALID_DATE',Fecha inválida: INVALID_DATE,2026-08-11
Ventas,VentaID=3415 Fecha='INVALID_DATE',Fecha inválida: INVALID_DATE,2026-08-11
Ventas,VentaID=3419 Fecha='INVALID_DATE',Fecha inválida: INVALID_DATE,2026-08-11
Ventas,VentaID=3423 Fecha='INVALID_DATE',Fecha inválida: INVALID_DATE,2026-08-11
Ventas,VentaID=3427 Fecha='INVALID_DATE',Fecha inválida: INVALID_DATE,2026-08-11
Ventas,VentaID=3431 Fecha='INVALID_DATE',Fecha inválida: INVALID_DATE,2026-08-11
Ventas,VentaID=3435 Fecha='INVALID_DATE',Fecha inválida: INVALID_DATE,2026-08-11
Ventas,VentaID=3439 Fecha='INVALID_DATE',Fecha inválida: INVALID_DATE,2026-08-11
Ventas,VentaID=3443 Fecha='INVALID_DATE',Fecha inválida: INVALID_DATE,2026-08-11
Ventas,VentaID=3447 Fecha='INVALID_DATE',Fecha inválida: INVALID_DATE,2026-08-11
Ventas,VentaID=3451 Fecha='INVALID_DATE',Fecha inválida: INVALID_DATE,2026-08-11
Ventas,VentaID=3455 Fecha='INVALID_DATE',Fecha inválida: INVALID_DATE,2026-08-11
Ventas,VentaID=3459 Fecha='INVALID_DATE',Fecha inválida: INVALID_DATE,2026-08-11
Ventas,VentaID=3463 Fecha='INVALID_DATE',Fecha inválida: INVALID_DATE,2026-08-11
Ventas,VentaID=3467 Fecha='INVALID_DATE',Fecha inválida: INVALID_DATE,2026-08-11
Ventas,VentaID=3471 Fecha='INVALID_DATE',Fecha inválida: INVALID_DATE,2026-08-11
Ventas,VentaID=3475 Fecha='INVALID_DATE',Fecha inválida: INVALID_DATE,2026-08-11
Ventas,VentaID=3479 Fecha='INVALID_DATE',Fecha inválida: INVALID_DATE,2026-08-11
Ventas,VentaID=3483 Fecha='INVALID_DATE',Fecha inválida: INVALID_DATE,2026-08-11
Ventas,VentaID=3487 Fecha='INVALID_DATE',Fecha inválida: INVALID_DATE,2026-08-11
Ventas,VentaID=3491 Fecha='INVALID_DATE',Fecha inválida: INVALID_DATE,2026-08-11
Ventas,VentaID=3495 Fecha='INVALID_DATE',Fecha inválida: INVALID_DATE,2026-08-11
Ventas,VentaID=3499 Fecha='INVALID_DATE',Fecha inválida: INVALID_DATE,2026-08-11
Ventas,VentaID=3503 Fecha='INVALID_DATE',Fecha inválida: INVALID_DATE,2026-08-11
Ventas,VentaID=3507 Fecha='INVALID_DATE',Fecha inválida: INVALID_DATE,2026-08-11
Ventas,VentaID=3511 Fecha='INVALID_DATE',Fecha inválida: INVALID_DATE,2026-08-11
Ventas,VentaID=3515 Fecha='INVALID_DATE',Fecha inválida: INVALID_DATE,2026-08-11
Ventas,VentaID=3519 Fecha='INVALID_DATE',Fecha inválida: INVALID_DATE,2026-08-11
Ventas,VentaID=3523 Fecha='INVALID_DATE',Fecha inválida: INVALID_DATE,2026-08-11
Ventas,VentaID=3527 Fecha='INVALID_DATE',Fecha inválida: INVALID_DATE,2026-08-11
Ventas,VentaID=3531 Fecha='INVALID_DATE',Fecha inválida: INVALID_DATE,2026-08-11
Ventas,VentaID=3535 Fecha='INVALID_DATE',Fecha inválida: INVALID_DATE,2026-08-11
Ventas,VentaID=3539 Fecha='INVALID_DATE',Fecha inválida: INVALID_DATE,2026-08-11
Ventas,VentaID=3543 Fecha='INVALID_DATE',Fecha inválida: INVALID_DATE,2026-08-11
Ventas,VentaID=3547 Fecha='INVALID_DATE',Fecha inválida: INVALID_DATE,2026-08-11
Ventas,VentaID=3551 Fecha='INVALID_DATE',Fecha inválida: INVALID_DATE,2026-08-11
Ventas,VentaID=3555 Fecha='INVALID_DATE',Fecha inválida: INVALID_DATE,2026-08-11
Ventas,VentaID=3559 Fecha='INVALID_DATE',Fecha inválida: INVALID_DATE,2026-08-11
Ventas,VentaID=3563 Fecha='INVALID_DATE',Fecha inválida: INVALID_DATE,2026-08-11
Ventas,VentaID=3567 Fecha='INVALID_DATE',Fecha inválida: INVALID_DATE,2026-08-11
Ventas,VentaID=3571 Fecha='INVALID_DATE',Fecha inválida: INVALID_DATE,2026-08-11
Ventas,VentaID=3575 Fecha='INVALID_DATE',Fecha inválida: INVALID_DATE,2026-08-11
Ventas,VentaID=3579 Fecha='INVALID_DATE',Fecha inválida: INVALID_DATE,2026-08-11
Ventas,VentaID=3583 Fecha='INVALID_DATE',Fecha inválida: INVALID_DATE,2026-08-11
Ventas,VentaID=3587 Fecha='INVALID_DATE',Fecha inválida: INVALID_DATE,2026-08-11
Ventas,VentaID=3591 Fecha='INVALID_DATE',Fecha inválida: INVALID_DATE,2026-08-11
Ventas,VentaID=3595 Fecha='INVALID_DATE',Fecha inválida: INVALID_DATE,2026-08-11
Ventas,VentaID=3599 Fecha='INVALID_DATE',Fecha inválida: INVALID_DATE,2026-08-11
Ventas,VentaID=3603 Fecha='INVALID_DATE',Fecha inválida: INVALID_DATE,2026-08-11
Ventas,VentaID=3607 Fecha='INVALID_DATE',Fecha inválida: INVALID_DATE,2026-08-11
Ventas,VentaID=3611 Fecha='INVALID_DATE',Fecha inválida: INVALID_DATE,2026-08-11
Ventas,VentaID=3615 Fecha='INVALID_DATE',Fecha inválida: INVALID_DATE,2026-08-11
Ventas,VentaID=3619 Fecha='INVALID_DATE',Fecha inválida: INVALID_DATE,2026-08-11
Ventas,VentaID=3623 Fecha='INVALID_DATE',Fecha inválida: INVALID_DATE,2026-08-11
Ventas,VentaID=3627 Fecha='INVALID_DATE',Fecha inválida: INVALID_DATE,2026-08-11
Ventas,VentaID=3631 Fecha='INVALID_DATE',Fecha inválida: INVALID_DATE,2026-08-11
Ventas,VentaID=3635 Fecha='INVALID_DATE',Fecha inválida: INVALID_DATE,2026-08-11
Ventas,VentaID=3639 Fecha='INVALID_DATE',Fecha inválida: INVALID_DATE,2026-08-11
Ventas,VentaID=3643 Fecha='INVALID_DATE',Fecha inválida: INVALID_DATE,2026-08-11
Ventas,VentaID=3647 Fecha='INVALID_DATE',Fecha inválida: INVALID_DATE,2026-08-11
Ventas,VentaID=3651 Fecha='INVALID_DATE',Fecha inválida: INVALID_DATE,2026-08-11
Ventas,VentaID=3655 Fecha='INVALID_DATE',Fecha inválida: INVALID_DATE,2026-08-11
Ventas,VentaID=3659 Fecha='INVALID_DATE',Fecha inválida: INVALID_DATE,2026-08-11
Ventas,VentaID=3663 Fecha='INVALID_DATE',Fecha inválida: INVALID_DATE,2026-08-11
Ventas,VentaID=3667 Fecha='INVALID_DATE',Fecha inválida: INVALID_DATE,2026-08-11
Ventas,VentaID=3671 Fecha='INVALID_DATE',Fecha inválida: INVALID_DATE,2026-08-11
Ventas,VentaID=3675 Fecha='INVALID_DATE',Fecha inválida: INVALID_DATE,2026-08-11
Ventas,VentaID=3679 Fecha='INVALID_DATE',Fecha inválida: INVALID_DATE,2026-08-11
Ventas,VentaID=3683 Fecha='INVALID_DATE',Fecha inválida: INVALID_DATE,2026-08-11
Ventas,VentaID=3687 Fecha='INVALID_DATE',Fecha inválida: INVALID_DATE,2026-08-11
Ventas,VentaID=3691 Fecha='INVALID_DATE',Fecha inválida: INVALID_DATE,2026-08-11
Ventas,VentaID=3695 Fecha='INVALID_DATE',Fecha inválida: INVALID_DATE,2026-08-11
Ventas,VentaID=3699 Fecha='INVALID_DATE',Fecha inválida: INVALID_DATE,2026-08-11
Ventas,VentaID=3703 Fecha='INVALID_DATE',Fecha inválida: INVALID_DATE,2026-08-11
Ventas,VentaID=3707 Fecha='INVALID_DATE',Fecha inválida: INVALID_DATE,2026-08-11
Ventas,VentaID=3711 Fecha='INVALID_DATE',Fecha inválida: INVALID_DATE,2026-08-11
Ventas,VentaID=3715 Fecha='INVALID_DATE',Fecha inválida: INVALID_DATE,2026-08-11
Ventas,VentaID=3719 Fecha='INVALID_DATE',Fecha inválida: INVALID_DATE,2026-08-11
Ventas,VentaID=3723 Fecha='INVALID_DATE',Fecha inválida: INVALID_DATE,2026-08-11
Ventas,VentaID=3727 Fecha='INVALID_DATE',Fecha inválida: INVALID_DATE,2026-08-11
Ventas,VentaID=3731 Fecha='INVALID_DATE',Fecha inválida: INVALID_DATE,2026-08-11
Ventas,VentaID=3735 Fecha='INVALID_DATE',Fecha inválida: INVALID_DATE,2026-08-11
Ventas,VentaID=3739 Fecha='INVALID_DATE',Fecha inválida: INVALID_DATE,2026-08-11
Ventas,VentaID=3743 Fecha='INVALID_DATE',Fecha inválida: INVALID_DATE,2026-08-11
Ventas,VentaID=3747 Fecha='INVALID_DATE',Fecha inválida: INVALID_DATE,2026-08-11
Ventas,VentaID=3751 Fecha='INVALID_DATE',Fecha inválida: INVALID_DATE,2026-08-11
Ventas,VentaID=3755 Fecha='INVALID_DATE',Fecha inválida: INVALID_DATE,2026-08-11
Ventas,VentaID=3759 Fecha='INVALID_DATE',Fecha inválida: INVALID_DATE,2026-08-11
Ventas,VentaID=3763 Fecha='INVALID_DATE',Fecha inválida: INVALID_DATE,2026-08-11
Ventas,VentaID=3767 Fecha='INVALID_DATE',Fecha inválida: INVALID_DATE,2026-08-11
Ventas,VentaID=3771 Fecha='INVALID_DATE',Fecha inválida: INVALID_DATE,2026-08-11
Ventas,VentaID=3775 Fecha='INVALID_DATE',Fecha inválida: INVALID_DATE,2026-08-11
Ventas,VentaID=3779 Fecha='INVALID_DATE',Fecha inválida: INVALID_DATE,2026-08-11
Ventas,VentaID=3783 Fecha='INVALID_DATE',Fecha inválida: INVALID_DATE,2026-08-11
Ventas,VentaID=3787 Fecha='INVALID_DATE',Fecha inválida: INVALID_DATE,2026-08-11
Ventas,VentaID=3791 Fecha='INVALID_DATE',Fecha inválida: INVALID_DATE,2026-08-11
Ventas,VentaID=3795 Fecha='INVALID_DATE',Fecha inválida: INVALID_DATE,2026-08-11
Ventas,VentaID=3799 Fecha='INVALID_DATE',Fecha inválida: INVALID_DATE,2026-08-11
Ventas,VentaID=3803 Fecha='INVALID_DATE',Fecha inválida: INVALID_DATE,2026-08-11
Ventas,VentaID=3807 Fecha='INVALID_DATE',Fecha inválida: INVALID_DATE,2026-08-11
Ventas,VentaID=3811 Fecha='INVALID_DATE',Fecha inválida: INVALID_DATE,2026-08-11
Ventas,VentaID=3815 Fecha='INVALID_DATE',Fecha inválida: INVALID_DATE,2026-08-11
Ventas,VentaID=3819 Fecha='INVALID_DATE',Fecha inválida: INVALID_DATE,2026-08-11
Ventas,VentaID=3823 Fecha='INVALID_DATE',Fecha inválida: INVALID_DATE,2026-08-11
Ventas,VentaID=3827 Fecha='INVALID_DATE',Fecha inválida: INVALID_DATE,2026-08-11
Ventas,VentaID=3831 Fecha='INVALID_DATE',Fecha inválida: INVALID_DATE,2026-08-11
Ventas,VentaID=3835 Fecha='INVALID_DATE',Fecha inválida: INVALID_DATE,2026-08-11
Ventas,VentaID=3839 Fecha='INVALID_DATE',Fecha inválida: INVALID_DATE,2026-08-11
Ventas,VentaID=3843 Fecha='INVALID_DATE',Fecha inválida: INVALID_DATE,2026-08-11
Ventas,VentaID=3847 Fecha='INVALID_DATE',Fecha inválida: INVALID_DATE,2026-08-11
Ventas,VentaID=3851 Fecha='INVALID_DATE',Fecha inválida: INVALID_DATE,2026-08-11
Ventas,VentaID=3855 Fecha='INVALID_DATE',Fecha inválida: INVALID_DATE,2026-08-11
Ventas,VentaID=3859 Fecha='INVALID_DATE',Fecha inválida: INVALID_DATE,2026-08-11
Ventas,VentaID=3863 Fecha='INVALID_DATE',Fecha inválida: INVALID_DATE,2026-08-11
Ventas,VentaID=3867 Fecha='INVALID_DATE',Fecha inválida: INVALID_DATE,2026-08-11
Ventas,VentaID=3871 Fecha='INVALID_DATE',Fecha inválida: INVALID_DATE,2026-08-11
Ventas,VentaID=3875 Fecha='INVALID_DATE',Fecha inválida: INVALID_DATE,2026-08-11
Ventas,VentaID=3879 Fecha='INVALID_DATE',Fecha inválida: INVALID_DATE,2026-08-11
Ventas,VentaID=3883 Fecha='INVALID_DATE',Fecha inválida: INVALID_DATE,2026-08-11
Ventas,VentaID=3887 Fecha='INVALID_DATE',Fecha inválida: INVALID_DATE,2026-08-11
Ventas,VentaID=3891 Fecha='INVALID_DATE',Fecha inválida: INVALID_DATE,2026-08-11
Ventas,VentaID=3895 Fecha='INVALID_DATE',Fecha inválida: INVALID_DATE,2026-08-11
Ventas,VentaID=3899 Fecha='INVALID_DATE',Fecha inválida: INVALID_DATE,2026-08-11
Ventas,VentaID=3903 Fecha='INVALID_DATE',Fecha inválida: INVALID_DATE,2026-08-11
Ventas,VentaID=3907 Fecha='INVALID_DATE',Fecha inválida: INVALID_DATE,2026-08-11
Ventas,VentaID=3911 Fecha='INVALID_DATE',Fecha inválida: INVALID_DATE,2026-08-11
Ventas,VentaID=3915 Fecha='INVALID_DATE',Fecha inválida: INVALID_DATE,2026-08-11
Ventas,VentaID=3919 Fecha='INVALID_DATE',Fecha inválida: INVALID_DATE,2026-08-11
Ventas,VentaID=3923 Fecha='INVALID_DATE',Fecha inválida: INVALID_DATE,2026-08-11
Ventas,VentaID=3927 Fecha='INVALID_DATE',Fecha inválida: INVALID_DATE,2026-08-11
Ventas,VentaID=3931 Fecha='INVALID_DATE',Fecha inválida: INVALID_DATE,2026-08-11
Ventas,VentaID=3935 Fecha='INVALID_DATE',Fecha inválida: INVALID_DATE,2026-08-11
Ventas,VentaID=3939 Fecha='INVALID_DATE',Fecha inválida: INVALID_DATE,2026-08-11
Ventas,VentaID=3943 Fecha='INVALID_DATE',Fecha inválida: INVALID_DATE,2026-08-11
Ventas,VentaID=3947 Fecha='INVALID_DATE',Fecha inválida: INVALID_DATE,2026-08-11
Ventas,VentaID=3951 Fecha='INVALID_DATE',Fecha inválida: INVALID_DATE,2026-08-11
Ventas,VentaID=3955 Fecha='INVALID_DATE',Fecha inválida: INVALID_DATE,2026-08-11
Ventas,VentaID=3959 Fecha='INVALID_DATE',Fecha inválida: INVALID_DATE,2026-08-11
Ventas,VentaID=3963 Fecha='INVALID_DATE',Fecha inválida: INVALID_DATE,2026-08-11
Ventas,VentaID=3967 Fecha='INVALID_DATE',Fecha inválida: INVALID_DATE,2026-08-11
Ventas,VentaID=3971 Fecha='INVALID_DATE',Fecha inválida: INVALID_DATE,2026-08-11
Ventas,VentaID=3975 Fecha='INVALID_DATE',Fecha inválida: INVALID_DATE,2026-08-11
Ventas,VentaID=3979 Fecha='INVALID_DATE',Fecha inválida: INVALID_DATE,2026-08-11
Ventas,VentaID=3983 Fecha='INVALID_DATE',Fecha inválida: INVALID_DATE,2026-08-11
Ventas,VentaID=3987 Fecha='INVALID_DATE',Fecha inválida: INVALID_DATE,2026-08-11
Ventas,VentaID=3991 Fecha='INVALID_DATE',Fecha inválida: INVALID_DATE,2026-08-11
Ventas,VentaID=3995 Fecha='INVALID_DATE',Fecha inválida: INVALID_DATE,2026-08-11
Ventas,VentaID=3999 Fecha='INVALID_DATE',Fecha inválida: INVALID_DATE,2026-08-11
Ventas,VentaID=4003 Fecha='INVALID_DATE',Fecha inválida: INVALID_DATE,2026-08-11
Ventas,VentaID=4007 Fecha='INVALID_DATE',Fecha inválida: INVALID_DATE,2026-08-11
Ventas,VentaID=4011 Fecha='INVALID_DATE',Fecha inválida: INVALID_DATE,2026-08-11
Ventas,VentaID=4015 Fecha='INVALID_DATE',Fecha inválida: INVALID_DATE,2026-08-11
Ventas,VentaID=4019 Fecha='INVALID_DATE',Fecha inválida: INVALID_DATE,2026-08-11
Ventas,VentaID=4023 Fecha='INVALID_DATE',Fecha inválida: INVALID_DATE,2026-08-11
Ventas,VentaID=4027 Fecha='INVALID_DATE',Fecha inválida: INVALID_DATE,2026-08-11
Ventas,VentaID=4031 Fecha='INVALID_DATE',Fecha inválida: INVALID_DATE,2026-08-11
Ventas,VentaID=4035 Fecha='INVALID_DATE',Fecha inválida: INVALID_DATE,2026-08-11
Ventas,VentaID=4039 Fecha='INVALID_DATE',Fecha inválida: INVALID_DATE,2026-08-11
Ventas,VentaID=4043 Fecha='INVALID_DATE',Fecha inválida: INVALID_DATE,2026-08-11
Ventas,VentaID=4047 Fecha='INVALID_DATE',Fecha inválida: INVALID_DATE,2026-08-11
Ventas,VentaID=4051 Fecha='INVALID_DATE',Fecha inválida: INVALID_DATE,2026-08-11
Ventas,VentaID=4055 Fecha='INVALID_DATE',Fecha inválida: INVALID_DATE,2026-08-11
Ventas,VentaID=4059 Fecha='INVALID_DATE',Fecha inválida: INVALID_DATE,2026-08-11
Ventas,VentaID=4063 Fecha='INVALID_DATE',Fecha inválida: INVALID_DATE,2026-08-11
Ventas,VentaID=4067 Fecha='INVALID_DATE',Fecha inválida: INVALID_DATE,2026-08-11
Ventas,VentaID=4071 Fecha='INVALID_DATE',Fecha inválida: INVALID_DATE,2026-08-11
Ventas,VentaID=4075 Fecha='INVALID_DATE',Fecha inválida: INVALID_DATE,2026-08-11
Ventas,VentaID=4079 Fecha='INVALID_DATE',Fecha inválida: INVALID_DATE,2026-08-11
Ventas,VentaID=4083 Fecha='INVALID_DATE',Fecha inválida: INVALID_DATE,2026-08-11
Ventas,VentaID=4087 Fecha='INVALID_DATE',Fecha inválida: INVALID_DATE,2026-08-11
Ventas,VentaID=4091 Fecha='INVALID_DATE',Fecha inválida: INVALID_DATE,2026-08-11
Ventas,VentaID=4095 Fecha='INVALID_DATE',Fecha inválida: INVALID_DATE,2026-08-11
Ventas,VentaID=4099 Fecha='INVALID_DATE',Fecha inválida: INVALID_DATE,2026-08-11
Ventas,VentaID=4103 Fecha='INVALID_DATE',Fecha inválida: INVALID_DATE,2026-08-11
Ventas,VentaID=4107 Fecha='INVALID_DATE',Fecha inválida: INVALID_DATE,2026-08-11
Ventas,VentaID=4111 Fecha='INVALID_DATE',Fecha inválida: INVALID_DATE,2026-08-11
Ventas,VentaID=4115 Fecha='INVALID_DATE',Fecha inválida: INVALID_DATE,2026-08-11
Ventas,VentaID=4119 Fecha='INVALID_DATE',Fecha inválida: INVALID_DATE,2026-08-11
Ventas,VentaID=4123 Fecha='INVALID_DATE',Fecha inválida: INVALID_DATE,2026-08-11
Ventas,VentaID=4127 Fecha='INVALID_DATE',Fecha inválida: INVALID_DATE,2026-08-11
Ventas,VentaID=4131 Fecha='INVALID_DATE',Fecha inválida: INVALID_DATE,2026-08-11
Ventas,VentaID=4135 Fecha='INVALID_DATE',Fecha inválida: INVALID_DATE,2026-08-11
Ventas,VentaID=4139 Fecha='INVALID_DATE',Fecha inválida: INVALID_DATE,2026-08-11
Ventas,VentaID=4143 Fecha='INVALID_DATE',Fecha inválida: INVALID_DATE,2026-08-11
Ventas,VentaID=4147 Fecha='INVALID_DATE',Fecha inválida: INVALID_DATE,2026-08-11
Ventas,VentaID=4151 Fecha='INVALID_DATE',Fecha inválida: INVALID_DATE,2026-08-11
Ventas,VentaID=4155 Fecha='INVALID_DATE',Fecha inválida: INVALID_DATE,2026-08-11
Ventas,VentaID=4159 Fecha='INVALID_DATE',Fecha inválida: INVALID_DATE,2026-08-11
Ventas,VentaID=4163 Fecha='INVALID_DATE',Fecha inválida: INVALID_DATE,2026-08-11
Ventas,VentaID=4167 Fecha='INVALID_DATE',Fecha inválida: INVALID_DATE,2026-08-11
Ventas,VentaID=4171 Fecha='INVALID_DATE',Fecha inválida: INVALID_DATE,2026-08-11
Ventas,VentaID=4175 Fecha='INVALID_DATE',Fecha inválida: INVALID_DATE,2026-08-11
Ventas,VentaID=4179 Fecha='INVALID_DATE',Fecha inválida: INVALID_DATE,2026-08-11
Ventas,VentaID=4183 Fecha='INVALID_DATE',Fecha inválida: INVALID_DATE,2026-08-11
Ventas,VentaID=4187 Fecha='INVALID_DATE',Fecha inválida: INVALID_DATE,2026-08-11
Ventas,VentaID=4191 Fecha='INVALID_DATE',Fecha inválida: INVALID_DATE,2026-08-11
Ventas,VentaID=4195 Fecha='INVALID_DATE',Fecha inválida: INVALID_DATE,2026-08-11
Ventas,VentaID=4199 Fecha='INVALID_DATE',Fecha inválida: INVALID_DATE,2026-08-11
Ventas,VentaID=4203 Fecha='INVALID_DATE',Fecha inválida: INVALID_DATE,2026-08-11
Ventas,VentaID=4207 Fecha='INVALID_DATE',Fecha inválida: INVALID_DATE,2026-08-11
Ventas,VentaID=4211 Fecha='INVALID_DATE',Fecha inválida: INVALID_DATE,2026-08-11
Ventas,VentaID=4215 Fecha='INVALID_DATE',Fecha inválida: INVALID_DATE,2026-08-11
Ventas,VentaID=4219 Fecha='INVALID_DATE',Fecha inválida: INVALID_DATE,2026-08-11
Ventas,VentaID=4223 Fecha='INVALID_DATE',Fecha inválida: INVALID_DATE,2026-08-11
Ventas,VentaID=4227 Fecha='INVALID_DATE',Fecha inválida: INVALID_DATE,2026-08-11
Ventas,VentaID=4231 Fecha='INVALID_DATE',Fecha inválida: INVALID_DATE,2026-08-11
Ventas,VentaID=4235 Fecha='INVALID_DATE',Fecha inválida: INVALID_DATE,2026-08-11
Ventas,VentaID=4239 Fecha='INVALID_DATE',Fecha inválida: INVALID_DATE,2026-08-11
Ventas,VentaID=4243 Fecha='INVALID_DATE',Fecha inválida: INVALID_DATE,2026-08-11
Ventas,VentaID=4247 Fecha='INVALID_DATE',Fecha inválida: INVALID_DATE,2026-08-11
Ventas,VentaID=4251 Fecha='INVALID_DATE',Fecha inválida: INVALID_DATE,2026-08-11
Ventas,VentaID=4255 Fecha='INVALID_DATE',Fecha inválida: INVALID_DATE,2026-08-11
Ventas,VentaID=4259 Fecha='INVALID_DATE',Fecha inválida: INVALID_DATE,2026-08-11
Ventas,VentaID=4263 Fecha='INVALID_DATE',Fecha inválida: INVALID_DATE,2026-08-11
Ventas,VentaID=4267 Fecha='INVALID_DATE',Fecha inválida: INVALID_DATE,2026-08-11
Ventas,VentaID=4271 Fecha='INVALID_DATE',Fecha inválida: INVALID_DATE,2026-08-11
Ventas,VentaID=4275 Fecha='INVALID_DATE',Fecha inválida: INVALID_DATE,2026-08-11
Ventas,VentaID=4279 Fecha='INVALID_DATE',Fecha inválida: INVALID_DATE,2026-08-11
Ventas,VentaID=4283 Fecha='INVALID_DATE',Fecha inválida: INVALID_DATE,2026-08-11
Ventas,VentaID=4287 Fecha='INVALID_DATE',Fecha inválida: INVALID_DATE,2026-08-11
Ventas,VentaID=4291 Fecha='INVALID_DATE',Fecha inválida: INVALID_DATE,2026-08-11
Ventas,VentaID=4295 Fecha='INVALID_DATE',Fecha inválida: INVALID_DATE,2026-08-11
Ventas,VentaID=4299 Fecha='INVALID_DATE',Fecha inválida: INVALID_DATE,2026-08-11
Ventas,VentaID=4303 Fecha='INVALID_DATE',Fecha inválida: INVALID_DATE,2026-08-11
Ventas,VentaID=4307 Fecha='INVALID_DATE',Fecha inválida: INVALID_DATE,2026-08-11
Ventas,VentaID=4311 Fecha='INVALID_DATE',Fecha inválida: INVALID_DATE,2026-08-11
Ventas,VentaID=4315 Fecha='INVALID_DATE',Fecha inválida: INVALID_DATE,2026-08-11
Ventas,VentaID=4319 Fecha='INVALID_DATE',Fecha inválida: INVALID_DATE,2026-08-11
Ventas,VentaID=4323 Fecha='INVALID_DATE',Fecha inválida: INVALID_DATE,2026-08-11
Ventas,VentaID=4327 Fecha='INVALID_DATE',Fecha inválida: INVALID_DATE,2026-08-11
Ventas,VentaID=4331 Fecha='INVALID_DATE',Fecha inválida: INVALID_DATE,2026-08-11
Ventas,VentaID=4335 Fecha='INVALID_DATE',Fecha inválida: INVALID_DATE,2026-08-11
Ventas,VentaID=4339 Fecha='INVALID_DATE',Fecha inválida: INVALID_DATE,2026-08-11
Ventas,VentaID=4343 Fecha='INVALID_DATE',Fecha inválida: INVALID_DATE,2026-08-11
Ventas,VentaID=4347 Fecha='INVALID_DATE',Fecha inválida: INVALID_DATE,2026-08-11
Ventas,VentaID=4351 Fecha='INVALID_DATE',Fecha inválida: INVALID_DATE,2026-08-11
Ventas,VentaID=4355 Fecha='INVALID_DATE',Fecha inválida: INVALID_DATE,2026-08-11
Ventas,VentaID=4359 Fecha='INVALID_DATE',Fecha inválida: INVALID_DATE,2026-08-11
Ventas,VentaID=4363 Fecha='INVALID_DATE',Fecha inválida: INVALID_DATE,2026-08-11
Ventas,VentaID=4367 Fecha='INVALID_DATE',Fecha inválida: INVALID_DATE,2026-08-11
Ventas,VentaID=4371 Fecha='INVALID_DATE',Fecha inválida: INVALID_DATE,2026-08-11
Ventas,VentaID=4375 Fecha='INVALID_DATE',Fecha inválida: INVALID_DATE,2026-08-11
Ventas,VentaID=4379 Fecha='INVALID_DATE',Fecha inválida: INVALID_DATE,2026-08-11
Ventas,VentaID=4383 Fecha='INVALID_DATE',Fecha inválida: INVALID_DATE,2026-08-11
Ventas,VentaID=4387 Fecha='INVALID_DATE',Fecha inválida: INVALID_DATE,2026-08-11
Ventas,VentaID=4391 Fecha='INVALID_DATE',Fecha inválida: INVALID_DATE,2026-08-11
Ventas,VentaID=4395 Fecha='INVALID_DATE',Fecha inválida: INVALID_DATE,2026-08-11
Ventas,VentaID=4399 Fecha='INVALID_DATE',Fecha inválida: INVALID_DATE,2026-08-11
Ventas,VentaID=4403 Fecha='INVALID_DATE',Fecha inválida: INVALID_DATE,2026-08-11
Ventas,VentaID=4407 Fecha='INVALID_DATE',Fecha inválida: INVALID_DATE,2026-08-11
Ventas,VentaID=4411 Fecha='INVALID_DATE',Fecha inválida: INVALID_DATE,2026-08-11
Ventas,VentaID=4415 Fecha='INVALID_DATE',Fecha inválida: INVALID_DATE,2026-08-11
Ventas,VentaID=4419 Fecha='INVALID_DATE',Fecha inválida: INVALID_DATE,2026-08-11
Ventas,VentaID=4423 Fecha='INVALID_DATE',Fecha inválida: INVALID_DATE,2026-08-11
Ventas,VentaID=4427 Fecha='INVALID_DATE',Fecha inválida: INVALID_DATE,2026-08-11
Ventas,VentaID=4431 Fecha='INVALID_DATE',Fecha inválida: INVALID_DATE,2026-08-11
Ventas,VentaID=4435 Fecha='INVALID_DATE',Fecha inválida: INVALID_DATE,2026-08-11
Ventas,VentaID=4439 Fecha='INVALID_DATE',Fecha inválida: INVALID_DATE,2026-08-11
Ventas,VentaID=4443 Fecha='INVALID_DATE',Fecha inválida: INVALID_DATE,2026-08-11
Ventas,VentaID=4447 Fecha='INVALID_DATE',Fecha inválida: INVALID_DATE,2026-08-11
Ventas,VentaID=4451 Fecha='INVALID_DATE',Fecha inválida: INVALID_DATE,2026-08-11
Ventas,VentaID=4455 Fecha='INVALID_DATE',Fecha inválida: INVALID_DATE,2026-08-11
Ventas,VentaID=4459 Fecha='INVALID_DATE',Fecha inválida: INVALID_DATE,2026-08-11
Ventas,VentaID=4463 Fecha='INVALID_DATE',Fecha inválida: INVALID_DATE,2026-08-11
Ventas,VentaID=4467 Fecha='INVALID_DATE',Fecha inválida: INVALID_DATE,2026-08-11
Ventas,VentaID=4471 Fecha='INVALID_DATE',Fecha inválida: INVALID_DATE,2026-08-11
Ventas,VentaID=4475 Fecha='INVALID_DATE',Fecha inválida: INVALID_DATE,2026-08-11
Ventas,VentaID=4479 Fecha='INVALID_DATE',Fecha inválida: INVALID_DATE,2026-08-11
Ventas,VentaID=4483 Fecha='INVALID_DATE',Fecha inválida: INVALID_DATE,2026-08-11
Ventas,VentaID=4487 Fecha='INVALID_DATE',Fecha inválida: INVALID_DATE,2026-08-11
Ventas,VentaID=4491 Fecha='INVALID_DATE',Fecha inválida: INVALID_DATE,2026-08-11
Ventas,VentaID=4495 Fecha='INVALID_DATE',Fecha inválida: INVALID_DATE,2026-08-11
Ventas,VentaID=4499 Fecha='INVALID_DATE',Fecha inválida: INVALID_DATE,2026-08-11
Ventas,VentaID=4503 Fecha='INVALID_DATE',Fecha inválida: INVALID_DATE,2026-08-11
Ventas,VentaID=4507 Fecha='INVALID_DATE',Fecha inválida: INVALID_DATE,2026-08-11
Ventas,VentaID=4511 Fecha='INVALID_DATE',Fecha inválida: INVALID_DATE,2026-08-11
Ventas,VentaID=4515 Fecha='INVALID_DATE',Fecha inválida: INVALID_DATE,2026-08-11
Ventas,VentaID=4519 Fecha='INVALID_DATE',Fecha inválida: INVALID_DATE,2026-08-11
Ventas,VentaID=4523 Fecha='INVALID_DATE',Fecha inválida: INVALID_DATE,2026-08-11
Ventas,VentaID=4527 Fecha='INVALID_DATE',Fecha inválida: INVALID_DATE,2026-08-11
Ventas,VentaID=4531 Fecha='INVALID_DATE',Fecha inválida: INVALID_DATE,2026-08-11
Ventas,VentaID=4535 Fecha='INVALID_DATE',Fecha inválida: INVALID_DATE,2026-08-11
Ventas,VentaID=4539 Fecha='INVALID_DATE',Fecha inválida: INVALID_DATE,2026-08-11
Ventas,VentaID=4543 Fecha='INVALID_DATE',Fecha inválida: INVALID_DATE,2026-08-11
Ventas,VentaID=4547 Fecha='INVALID_DATE',Fecha inválida: INVALID_DATE,2026-08-11
Ventas,VentaID=4551 Fecha='INVALID_DATE',Fecha inválida: INVALID_DATE,2026-08-11
Ventas,VentaID=4555 Fecha='INVALID_DATE',Fecha inválida: INVALID_DATE,2026-08-11
Ventas,VentaID=4559 Fecha='INVALID_DATE',Fecha inválida: INVALID_DATE,2026-08-11
Ventas,VentaID=4563 Fecha='INVALID_DATE',Fecha inválida: INVALID_DATE,2026-08-11
Ventas,VentaID=4567 Fecha='INVALID_DATE',Fecha inválida: INVALID_DATE,2026-08-11
Ventas,VentaID=4571 Fecha='INVALID_DATE',Fecha inválida: INVALID_DATE,2026-08-11
Ventas,VentaID=4575 Fecha='INVALID_DATE',Fecha inválida: INVALID_DATE,2026-08-11
Ventas,VentaID=4579 Fecha='INVALID_DATE',Fecha inválida: INVALID_DATE,2026-08-11
Ventas,VentaID=4583 Fecha='INVALID_DATE',Fecha inválida: INVALID_DATE,2026-08-11
Ventas,VentaID=4587 Fecha='INVALID_DATE',Fecha inválida: INVALID_DATE,2026-08-11
Ventas,VentaID=4591 Fecha='INVALID_DATE',Fecha inválida: INVALID_DATE,2026-08-11
Ventas,VentaID=4595 Fecha='INVALID_DATE',Fecha inválida: INVALID_DATE,2026-08-11
Ventas,VentaID=4599 Fecha='INVALID_DATE',Fecha inválida: INVALID_DATE,2026-08-11
Ventas,VentaID=4603 Fecha='INVALID_DATE',Fecha inválida: INVALID_DATE,2026-08-11
Ventas,VentaID=4607 Fecha='INVALID_DATE',Fecha inválida: INVALID_DATE,2026-08-11
Ventas,VentaID=4611 Fecha='INVALID_DATE',Fecha inválida: INVALID_DATE,2026-08-11
Ventas,VentaID=4615 Fecha='INVALID_DATE',Fecha inválida: INVALID_DATE,2026-08-11
Ventas,VentaID=4619 Fecha='INVALID_DATE',Fecha inválida: INVALID_DATE,2026-08-11
Ventas,VentaID=4623 Fecha='INVALID_DATE',Fecha inválida: INVALID_DATE,2026-08-11
Ventas,VentaID=4627 Fecha='INVALID_DATE',Fecha inválida: INVALID_DATE,2026-08-11
Ventas,VentaID=4631 Fecha='INVALID_DATE',Fecha inválida: INVALID_DATE,2026-08-11
Ventas,VentaID=4635 Fecha='INVALID_DATE',Fecha inválida: INVALID_DATE,2026-08-11
Ventas,VentaID=4639 Fecha='INVALID_DATE',Fecha inválida: INVALID_DATE,2026-08-11
Ventas,VentaID=4643 Fecha='INVALID_DATE',Fecha inválida: INVALID_DATE,2026-08-11
Ventas,VentaID=4647 Fecha='INVALID_DATE',Fecha inválida: INVALID_DATE,2026-08-11
Ventas,VentaID=4651 Fecha='INVALID_DATE',Fecha inválida: INVALID_DATE,2026-08-11
Ventas,VentaID=4655 Fecha='INVALID_DATE',Fecha inválida: INVALID_DATE,2026-08-11
Ventas,VentaID=4659 Fecha='INVALID_DATE',Fecha inválida: INVALID_DATE,2026-08-11
Ventas,VentaID=4663 Fecha='INVALID_DATE',Fecha inválida: INVALID_DATE,2026-08-11
Ventas,VentaID=4667 Fecha='INVALID_DATE',Fecha inválida: INVALID_DATE,2026-08-11
Ventas,VentaID=4671 Fecha='INVALID_DATE',Fecha inválida: INVALID_DATE,2026-08-11
Ventas,VentaID=4675 Fecha='INVALID_DATE',Fecha inválida: INVALID_DATE,2026-08-11
Ventas,VentaID=4679 Fecha='INVALID_DATE',Fecha inválida: INVALID_DATE,2026-08-11
Ventas,VentaID=4683 Fecha='INVALID_DATE',Fecha inválida: INVALID_DATE,2026-08-11
Ventas,VentaID=4687 Fecha='INVALID_DATE',Fecha inválida: INVALID_DATE,2026-08-11
Ventas,VentaID=4691 Fecha='INVALID_DATE',Fecha inválida: INVALID_DATE,2026-08-11
Ventas,VentaID=4695 Fecha='INVALID_DATE',Fecha inválida: INVALID_DATE,2026-08-11
Ventas,VentaID=4699 Fecha='INVALID_DATE',Fecha inválida: INVALID_DATE,2026-08-11
Ventas,VentaID=4703 Fecha='INVALID_DATE',Fecha inválida: INVALID_DATE,2026-08-11
Ventas,VentaID=4707 Fecha='INVALID_DATE',Fecha inválida: INVALID_DATE,2026-08-11
Ventas,VentaID=4711 Fecha='INVALID_DATE',Fecha inválida: INVALID_DATE,2026-08-11
Ventas,VentaID=4715 Fecha='INVALID_DATE',Fecha inválida: INVALID_DATE,2026-08-11
Ventas,VentaID=4719 Fecha='INVALID_DATE',Fecha inválida: INVALID_DATE,2026-08-11
Ventas,VentaID=4723 Fecha='INVALID_DATE',Fecha inválida: INVALID_DATE,2026-08-11
Ventas,VentaID=4727 Fecha='INVALID_DATE',Fecha inválida: INVALID_DATE,2026-08-11
Ventas,VentaID=4731 Fecha='INVALID_DATE',Fecha inválida: INVALID_DATE,2026-08-11
Ventas,VentaID=4735 Fecha='INVALID_DATE',Fecha inválida: INVALID_DATE,2026-08-11
Ventas,VentaID=4739 Fecha='INVALID_DATE',Fecha inválida: INVALID_DATE,2026-08-11
Ventas,VentaID=4743 Fecha='INVALID_DATE',Fecha inválida: INVALID_DATE,2026-08-11
Ventas,VentaID=4747 Fecha='INVALID_DATE',Fecha inválida: INVALID_DATE,2026-08-11
Ventas,VentaID=4751 Fecha='INVALID_DATE',Fecha inválida: INVALID_DATE,2026-08-11
Ventas,VentaID=4755 Fecha='INVALID_DATE',Fecha inválida: INVALID_DATE,2026-08-11
Ventas,VentaID=4759 Fecha='INVALID_DATE',Fecha inválida: INVALID_DATE,2026-08-11
Ventas,VentaID=4763 Fecha='INVALID_DATE',Fecha inválida: INVALID_DATE,2026-08-11
Ventas,VentaID=4767 Fecha='INVALID_DATE',Fecha inválida: INVALID_DATE,2026-08-11
Ventas,VentaID=4771 Fecha='INVALID_DATE',Fecha inválida: INVALID_DATE,2026-08-11
Ventas,VentaID=4775 Fecha='INVALID_DATE',Fecha inválida: INVALID_DATE,2026-08-11
Ventas,VentaID=4779 Fecha='INVALID_DATE',Fecha inválida: INVALID_DATE,2026-08-11
Ventas,VentaID=4783 Fecha='INVALID_DATE',Fecha inválida: INVALID_DATE,2026-08-11
Ventas,VentaID=4787 Fecha='INVALID_DATE',Fecha inválida: INVALID_DATE,2026-08-11
Ventas,VentaID=4791 Fecha='INVALID_DATE',Fecha inválida: INVALID_DATE,2026-08-11
Ventas,VentaID=4795 Fecha='INVALID_DATE',Fecha inválida: INVALID_DATE,2026-08-11
Ventas,VentaID=4799 Fecha='INVALID_DATE',Fecha inválida: INVALID_DATE,2026-08-11
Ventas,VentaID=4803 Fecha='INVALID_DATE',Fecha inválida: INVALID_DATE,2026-08-11
Ventas,VentaID=4807 Fecha='INVALID_DATE',Fecha inválida: INVALID_DATE,2026-08-11
Ventas,VentaID=4811 Fecha='INVALID_DATE',Fecha inválida: INVALID_DATE,2026-08-11
Ventas,VentaID=4815 Fecha='INVALID_DATE',Fecha inválida: INVALID_DATE,2026-08-11
Ventas,VentaID=4819 Fecha='INVALID_DATE',Fecha inválida: INVALID_DATE,2026-08-11
Ventas,VentaID=4823 Fecha='INVALID_DATE',Fecha inválida: INVALID_DATE,2026-08-11
Ventas,VentaID=4827 Fecha='INVALID_DATE',Fecha inválida: INVALID_DATE,2026-08-11
Ventas,VentaID=4831 Fecha='INVALID_DATE',Fecha inválida: INVALID_DATE,2026-08-11
Ventas,VentaID=4835 Fecha='INVALID_DATE',Fecha inválida: INVALID_DATE,2026-08-11
Ventas,VentaID=4839 Fecha='INVALID_DATE',Fecha inválida: INVALID_DATE,2026-08-11
Ventas,VentaID=4843 Fecha='INVALID_DATE',Fecha inválida: INVALID_DATE,2026-08-11
Ventas,VentaID=4847 Fecha='INVALID_DATE',Fecha inválida: INVALID_DATE,2026-08-11
Ventas,VentaID=4851 Fecha='INVALID_DATE',Fecha inválida: INVALID_DATE,2026-08-11
Ventas,VentaID=4855 Fecha='INVALID_DATE',Fecha inválida: INVALID_DATE,2026-08-11
Ventas,VentaID=4859 Fecha='INVALID_DATE',Fecha inválida: INVALID_DATE,2026-08-11
Ventas,VentaID=4863 Fecha='INVALID_DATE',Fecha inválida: INVALID_DATE,2026-08-11
Ventas,VentaID=4867 Fecha='INVALID_DATE',Fecha inválida: INVALID_DATE,2026-08-11
Ventas,VentaID=4871 Fecha='INVALID_DATE',Fecha inválida: INVALID_DATE,2026-08-11
Ventas,VentaID=4875 Fecha='INVALID_DATE',Fecha inválida: INVALID_DATE,2026-08-11
Ventas,VentaID=4879 Fecha='INVALID_DATE',Fecha inválida: INVALID_DATE,2026-08-11
Ventas,VentaID=4883 Fecha='INVALID_DATE',Fecha inválida: INVALID_DATE,2026-08-11
Ventas,VentaID=4887 Fecha='INVALID_DATE',Fecha inválida: INVALID_DATE,2026-08-11
Ventas,VentaID=4891 Fecha='INVALID_DATE',Fecha inválida: INVALID_DATE,2026-08-11
Ventas,VentaID=4895 Fecha='INVALID_DATE',Fecha inválida: INVALID_DATE,2026-08-11
Ventas,VentaID=4899 Fecha='INVALID_DATE',Fecha inválida: INVALID_DATE,2026-08-11
Ventas,VentaID=4903 Fecha='INVALID_DATE',Fecha inválida: INVALID_DATE,2026-08-11
Ventas,VentaID=4907 Fecha='INVALID_DATE',Fecha inválida: INVALID_DATE,2026-08-11
Ventas,VentaID=4911 Fecha='INVALID_DATE',Fecha inválida: INVALID_DATE,2026-08-11
Ventas,VentaID=4915 Fecha='INVALID_DATE',Fecha inválida: INVALID_DATE,2026-08-11
Ventas,VentaID=4919 Fecha='INVALID_DATE',Fecha inválida: INVALID_DATE,2026-08-11
Ventas,VentaID=4923 Fecha='INVALID_DATE',Fecha inválida: INVALID_DATE,2026-08-11
Ventas,VentaID=4927 Fecha='INVALID_DATE',Fecha inválida: INVALID_DATE,2026-08-11
Ventas,VentaID=4931 Fecha='INVALID_DATE',Fecha inválida: INVALID_DATE,2026-08-11
Ventas,VentaID=4935 Fecha='INVALID_DATE',Fecha inválida: INVALID_DATE,2026-08-11
Ventas,VentaID=4939 Fecha='INVALID_DATE',Fecha inválida: INVALID_DATE,2026-08-11
Ventas,VentaID=4943 Fecha='INVALID_DATE',Fecha inválida: INVALID_DATE,2026-08-11
Ventas,VentaID=4947 Fecha='INVALID_DATE',Fecha inválida: INVALID_DATE,2026-08-11
Ventas,VentaID=4951 Fecha='INVALID_DATE',Fecha inválida: INVALID_DATE,2026-08-11
Ventas,VentaID=4955 Fecha='INVALID_DATE',Fecha inválida: INVALID_DATE,2026-08-11
Ventas,VentaID=4959 Fecha='INVALID_DATE',Fecha inválida: INVALID_DATE,2026-08-11
Ventas,VentaID=4963 Fecha='INVALID_DATE',Fecha inválida: INVALID_DATE,2026-08-11
Ventas,VentaID=4967 Fecha='INVALID_DATE',Fecha inválida: INVALID_DATE,2026-08-11
Ventas,VentaID=4971 Fecha='INVALID_DATE',Fecha inválida: INVALID_DATE,2026-08-11
Ventas,VentaID=4975 Fecha='INVALID_DATE',Fecha inválida: INVALID_DATE,2026-08-11
Ventas,VentaID=4979 Fecha='INVALID_DATE',Fecha inválida: INVALID_DATE,2026-08-11
Ventas,VentaID=4983 Fecha='INVALID_DATE',Fecha inválida: INVALID_DATE,2026-08-11
Ventas,VentaID=4987 Fecha='INVALID_DATE',Fecha inválida: INVALID_DATE,2026-08-11
Ventas,VentaID=4991 Fecha='INVALID_DATE',Fecha inválida: INVALID_DATE,2026-08-11
Ventas,VentaID=4995 Fecha='INVALID_DATE',Fecha inválida: INVALID_DATE,2026-08-11
Ventas,VentaID=4999 Fecha='INVALID_DATE',Fecha inválida: INVALID_DATE,2026-08-11
Ventas,VentaID=5003 Fecha='INVALID_DATE',Fecha inválida: INVALID_DATE,2026-08-11
Ventas,VentaID=5007 Fecha='INVALID_DATE',Fecha inválida: INVALID_DATE,2026-08-11
Ventas,VentaID=5011 Fecha='INVALID_DATE',Fecha inválida: INVALID_DATE,2026-08-11
Ventas,VentaID=5015 Fecha='INVALID_DATE',Fecha inválida: INVALID_DATE,2026-08-11
Ventas,VentaID=5019 Fecha='INVALID_DATE',Fecha inválida: INVALID_DATE,2026-08-11
Ventas,VentaID=5023 Fecha='INVALID_DATE',Fecha inválida: INVALID_DATE,2026-08-11
Ventas,VentaID=5027 Fecha='INVALID_DATE',Fecha inválida: INVALID_DATE,2026-08-11
Ventas,VentaID=5031 Fecha='INVALID_DATE',Fecha inválida: INVALID_DATE,2026-08-11
Ventas,VentaID=5035 Fecha='INVALID_DATE',Fecha inválida: INVALID_DATE,2026-08-11
Ventas,VentaID=5039 Fecha='INVALID_DATE',Fecha inválida: INVALID_DATE,2026-08-11
Ventas,VentaID=5043 Fecha='INVALID_DATE',Fecha inválida: INVALID_DATE,2026-08-11
Ventas,VentaID=5047 Fecha='INVALID_DATE',Fecha inválida: INVALID_DATE,2026-08-11
Ventas,VentaID=5051 Fecha='INVALID_DATE',Fecha inválida: INVALID_DATE,2026-08-11
Ventas,VentaID=5055 Fecha='INVALID_DATE',Fecha inválida: INVALID_DATE,2026-08-11
Ventas,VentaID=5059 Fecha='INVALID_DATE',Fecha inválida: INVALID_DATE,2026-08-11
Ventas,VentaID=5063 Fecha='INVALID_DATE',Fecha inválida: INVALID_DATE,2026-08-11
Ventas,VentaID=5067 Fecha='INVALID_DATE',Fecha inválida: INVALID_DATE,2026-08-11
Ventas,VentaID=5071 Fecha='INVALID_DATE',Fecha inválida: INVALID_DATE,2026-08-11
Ventas,VentaID=5075 Fecha='INVALID_DATE',Fecha inválida: INVALID_DATE,2026-08-11
Ventas,VentaID=5079 Fecha='INVALID_DATE',Fecha inválida: INVALID_DATE,2026-08-11
Ventas,VentaID=5083 Fecha='INVALID_DATE',Fecha inválida: INVALID_DATE,2026-08-11
Ventas,VentaID=5087 Fecha='INVALID_DATE',Fecha inválida: INVALID_DATE,2026-08-11
Ventas,VentaID=5091 Fecha='INVALID_DATE',Fecha inválida: INVALID_DATE,2026-08-11
Ventas,VentaID=5095 Fecha='INVALID_DATE',Fecha inválida: INVALID_DATE,2026-08-11
Ventas,VentaID=5099 Fecha='INVALID_DATE',Fecha inválida: INVALID_DATE,2026-08-11
Ventas,VentaID=5103 Fecha='INVALID_DATE',Fecha inválida: INVALID_DATE,2026-08-11
Ventas,VentaID=5107 Fecha='INVALID_DATE',Fecha inválida: INVALID_DATE,2026-08-11
Ventas,VentaID=5111 Fecha='INVALID_DATE',Fecha inválida: INVALID_DATE,2026-08-11
Ventas,VentaID=5115 Fecha='INVALID_DATE',Fecha inválida: INVALID_DATE,2026-08-11
Ventas,VentaID=5119 Fecha='INVALID_DATE',Fecha inválida: INVALID_DATE,2026-08-11
Ventas,VentaID=5123 Fecha='INVALID_DATE',Fecha inválida: INVALID_DATE,2026-08-11
Ventas,VentaID=5127 Fecha='INVALID_DATE',Fecha inválida: INVALID_DATE,2026-08-11
Ventas,VentaID=5131 Fecha='INVALID_DATE',Fecha inválida: INVALID_DATE,2026-08-11
Ventas,VentaID=5135 Fecha='INVALID_DATE',Fecha inválida: INVALID_DATE,2026-08-11
Ventas,VentaID=5139 Fecha='INVALID_DATE',Fecha inválida: INVALID_DATE,2026-08-11
Ventas,VentaID=5143 Fecha='INVALID_DATE',Fecha inválida: INVALID_DATE,2026-08-11
Ventas,VentaID=5147 Fecha='INVALID_DATE',Fecha inválida: INVALID_DATE,2026-08-11
Ventas,VentaID=5151 Fecha='INVALID_DATE',Fecha inválida: INVALID_DATE,2026-08-11
Ventas,VentaID=5155 Fecha='INVALID_DATE',Fecha inválida: INVALID_DATE,2026-08-11
Ventas,VentaID=5159 Fecha='INVALID_DATE',Fecha inválida: INVALID_DATE,2026-08-11
Ventas,VentaID=5163 Fecha='INVALID_DATE',Fecha inválida: INVALID_DATE,2026-08-11
Ventas,VentaID=5167 Fecha='INVALID_DATE',Fecha inválida: INVALID_DATE,2026-08-11
Ventas,VentaID=5171 Fecha='INVALID_DATE',Fecha inválida: INVALID_DATE,2026-08-11
Ventas,VentaID=5175 Fecha='INVALID_DATE',Fecha inválida: INVALID_DATE,2026-08-11
Ventas,VentaID=5179 Fecha='INVALID_DATE',Fecha inválida: INVALID_DATE,2026-08-11
Ventas,VentaID=5183 Fecha='INVALID_DATE',Fecha inválida: INVALID_DATE,2026-08-11
Ventas,VentaID=5187 Fecha='INVALID_DATE',Fecha inválida: INVALID_DATE,2026-08-11
Ventas,VentaID=5191 Fecha='INVALID_DATE',Fecha inválida: INVALID_DATE,2026-08-11
Ventas,VentaID=5195 Fecha='INVALID_DATE',Fecha inválida: INVALID_DATE,2026-08-11
Ventas,VentaID=5199 Fecha='INVALID_DATE',Fecha inválida: INVALID_DATE,2026-08-11
Ventas,VentaID=5203 Fecha='INVALID_DATE',Fecha inválida: INVALID_DATE,2026-08-11
Ventas,VentaID=5207 Fecha='INVALID_DATE',Fecha inválida: INVALID_DATE,2026-08-11
Ventas,VentaID=5211 Fecha='INVALID_DATE',Fecha inválida: INVALID_DATE,2026-08-11
Ventas,VentaID=5215 Fecha='INVALID_DATE',Fecha inválida: INVALID_DATE,2026-08-11
Ventas,VentaID=5219 Fecha='INVALID_DATE',Fecha inválida: INVALID_DATE,2026-08-11
Ventas,VentaID=5223 Fecha='INVALID_DATE',Fecha inválida: INVALID_DATE,2026-08-11
Ventas,VentaID=5227 Fecha='INVALID_DATE',Fecha inválida: INVALID_DATE,2026-08-11
Ventas,VentaID=5231 Fecha='INVALID_DATE',Fecha inválida: INVALID_DATE,2026-08-11
Ventas,VentaID=5235 Fecha='INVALID_DATE',Fecha inválida: INVALID_DATE,2026-08-11
Ventas,VentaID=5239 Fecha='INVALID_DATE',Fecha inválida: INVALID_DATE,2026-08-11
Ventas,VentaID=5243 Fecha='INVALID_DATE',Fecha inválida: INVALID_DATE,2026-08-11
Ventas,VentaID=5247 Fecha='INVALID_DATE',Fecha inválida: INVALID_DATE,2026-08-11
Ventas,VentaID=5251 Fecha='INVALID_DATE',Fecha inválida: INVALID_DATE,2026-08-11
Ventas,VentaID=5255 Fecha='INVALID_DATE',Fecha inválida: INVALID_DATE,2026-08-11
Ventas,VentaID=5259 Fecha='INVALID_DATE',Fecha inválida: INVALID_DATE,2026-08-11
Ventas,VentaID=5263 Fecha='INVALID_DATE',Fecha inválida: INVALID_DATE,2026-08-11
Ventas,VentaID=5267 Fecha='INVALID_DATE',Fecha inválida: INVALID_DATE,2026-08-11
Ventas,VentaID=5271 Fecha='INVALID_DATE',Fecha inválida: INVALID_DATE,2026-08-11
Ventas,VentaID=5275 Fecha='INVALID_DATE',Fecha inválida: INVALID_DATE,2026-08-11
Ventas,VentaID=5279 Fecha='INVALID_DATE',Fecha inválida: INVALID_DATE,2026-08-11
Ventas,VentaID=5283 Fecha='INVALID_DATE',Fecha inválida: INVALID_DATE,2026-08-11
Ventas,VentaID=5287 Fecha='INVALID_DATE',Fecha inválida: INVALID_DATE,2026-08-11
Ventas,VentaID=5291 Fecha='INVALID_DATE',Fecha inválida: INVALID_DATE,2026-08-11
Ventas,VentaID=5295 Fecha='INVALID_DATE',Fecha inválida: INVALID_DATE,2026-08-11
Ventas,VentaID=5299 Fecha='INVALID_DATE',Fecha inválida: INVALID_DATE,2026-08-11
Ventas,VentaID=5303 Fecha='INVALID_DATE',Fecha inválida: INVALID_DATE,2026-08-11
Ventas,VentaID=5307 Fecha='INVALID_DATE',Fecha inválida: INVALID_DATE,2026-08-11
Ventas,VentaID=5311 Fecha='INVALID_DATE',Fecha inválida: INVALID_DATE,2026-08-11
Ventas,VentaID=5315 Fecha='INVALID_DATE',Fecha inválida: INVALID_DATE,2026-08-11
Ventas,VentaID=5319 Fecha='INVALID_DATE',Fecha inválida: INVALID_DATE,2026-08-11
Ventas,VentaID=5323 Fecha='INVALID_DATE',Fecha inválida: INVALID_DATE,2026-08-11
Ventas,VentaID=5327 Fecha='INVALID_DATE',Fecha inválida: INVALID_DATE,2026-08-11
Ventas,VentaID=5331 Fecha='INVALID_DATE',Fecha inválida: INVALID_DATE,2026-08-11
Ventas,VentaID=5335 Fecha='INVALID_DATE',Fecha inválida: INVALID_DATE,2026-08-11
Ventas,VentaID=5339 Fecha='INVALID_DATE',Fecha inválida: INVALID_DATE,2026-08-11
Ventas,VentaID=5343 Fecha='INVALID_DATE',Fecha inválida: INVALID_DATE,2026-08-11
Ventas,VentaID=5347 Fecha='INVALID_DATE',Fecha inválida: INVALID_DATE,2026-08-11
Ventas,VentaID=5351 Fecha='INVALID_DATE',Fecha inválida: INVALID_DATE,2026-08-11
Ventas,VentaID=5355 Fecha='INVALID_DATE',Fecha inválida: INVALID_DATE,2026-08-11
Ventas,VentaID=5359 Fecha='INVALID_DATE',Fecha inválida: INVALID_DATE,2026-08-11
Ventas,VentaID=5363 Fecha='INVALID_DATE',Fecha inválida: INVALID_DATE,2026-08-11
Ventas,VentaID=5367 Fecha='INVALID_DATE',Fecha inválida: INVALID_DATE,2026-08-11
Ventas,VentaID=5371 Fecha='INVALID_DATE',Fecha inválida: INVALID_DATE,2026-08-11
Ventas,VentaID=5375 Fecha='INVALID_DATE',Fecha inválida: INVALID_DATE,2026-08-11
Ventas,VentaID=5379 Fecha='INVALID_DATE',Fecha inválida: INVALID_DATE,2026-08-11
Ventas,VentaID=5383 Fecha='INVALID_DATE',Fecha inválida: INVALID_DATE,2026-08-11
Ventas,VentaID=5387 Fecha='INVALID_DATE',Fecha inválida: INVALID_DATE,2026-08-11
Ventas,VentaID=5391 Fecha='INVALID_DATE',Fecha inválida: INVALID_DATE,2026-08-11
Ventas,VentaID=5395 Fecha='INVALID_DATE',Fecha inválida: INVALID_DATE,2026-08-11
Ventas,VentaID=5399 Fecha='INVALID_DATE',Fecha inválida: INVALID_DATE,2026-08-11
Ventas,VentaID=5403 Fecha='INVALID_DATE',Fecha inválida: INVALID_DATE,2026-08-11
Ventas,VentaID=5407 Fecha='INVALID_DATE',Fecha inválida: INVALID_DATE,2026-08-11
Ventas,VentaID=5411 Fecha='INVALID_DATE',Fecha inválida: INVALID_DATE,2026-08-11
Ventas,VentaID=5415 Fecha='INVALID_DATE',Fecha inválida: INVALID_DATE,2026-08-11
Ventas,VentaID=5419 Fecha='INVALID_DATE',Fecha inválida: INVALID_DATE,2026-08-11
Ventas,VentaID=5423 Fecha='INVALID_DATE',Fecha inválida: INVALID_DATE,2026-08-11
Ventas,VentaID=5427 Fecha='INVALID_DATE',Fecha inválida: INVALID_DATE,2026-08-11
Ventas,VentaID=5431 Fecha='INVALID_DATE',Fecha inválida: INVALID_DATE,2026-08-11
Ventas,VentaID=5435 Fecha='INVALID_DATE',Fecha inválida: INVALID_DATE,2026-08-11
Ventas,VentaID=5439 Fecha='INVALID_DATE',Fecha inválida: INVALID_DATE,2026-08-11
Ventas,VentaID=5443 Fecha='INVALID_DATE',Fecha inválida: INVALID_DATE,2026-08-11
Ventas,VentaID=5447 Fecha='INVALID_DATE',Fecha inválida: INVALID_DATE,2026-08-11
Ventas,VentaID=5451 Fecha='INVALID_DATE',Fecha inválida: INVALID_DATE,2026-08-11
Ventas,VentaID=5455 Fecha='INVALID_DATE',Fecha inválida: INVALID_DATE,2026-08-11
Ventas,VentaID=5459 Fecha='INVALID_DATE',Fecha inválida: INVALID_DATE,2026-08-11
Ventas,VentaID=5463 Fecha='INVALID_DATE',Fecha inválida: INVALID_DATE,2026-08-11
Ventas,VentaID=5467 Fecha='INVALID_DATE',Fecha inválida: INVALID_DATE,2026-08-11
Ventas,VentaID=5471 Fecha='INVALID_DATE',Fecha inválida: INVALID_DATE,2026-08-11
Ventas,VentaID=5475 Fecha='INVALID_DATE',Fecha inválida: INVALID_DATE,2026-08-11
Ventas,VentaID=5479 Fecha='INVALID_DATE',Fecha inválida: INVALID_DATE,2026-08-11
Ventas,VentaID=5483 Fecha='INVALID_DATE',Fecha inválida: INVALID_DATE,2026-08-11
Ventas,VentaID=5487 Fecha='INVALID_DATE',Fecha inválida: INVALID_DATE,2026-08-11
Ventas,VentaID=5491 Fecha='INVALID_DATE',Fecha inválida: INVALID_DATE,2026-08-11
Ventas,VentaID=5495 Fecha='INVALID_DATE',Fecha inválida: INVALID_DATE,2026-08-11
Ventas,VentaID=5499 Fecha='INVALID_DATE',Fecha inválida: INVALID_DATE,2026-08-11
Ventas,VentaID=5503 Fecha='INVALID_DATE',Fecha inválida: INVALID_DATE,2026-08-11
Ventas,VentaID=5507 Fecha='INVALID_DATE',Fecha inválida: INVALID_DATE,2026-08-11
Ventas,VentaID=5511 Fecha='INVALID_DATE',Fecha inválida: INVALID_DATE,2026-08-11
Ventas,VentaID=5515 Fecha='INVALID_DATE',Fecha inválida: INVALID_DATE,2026-08-11
Ventas,VentaID=5519 Fecha='INVALID_DATE',Fecha inválida: INVALID_DATE,2026-08-11
Ventas,VentaID=5523 Fecha='INVALID_DATE',Fecha inválida: INVALID_DATE,2026-08-11
Ventas,VentaID=5527 Fecha='INVALID_DATE',Fecha inválida: INVALID_DATE,2026-08-11
Ventas,VentaID=5531 Fecha='INVALID_DATE',Fecha inválida: INVALID_DATE,2026-08-11
Ventas,VentaID=5535 Fecha='INVALID_DATE',Fecha inválida: INVALID_DATE,2026-08-11
Ventas,VentaID=5539 Fecha='INVALID_DATE',Fecha inválida: INVALID_DATE,2026-08-11
Ventas,VentaID=5543 Fecha='INVALID_DATE',Fecha inválida: INVALID_DATE,2026-08-11
Ventas,VentaID=5547 Fecha='INVALID_DATE',Fecha inválida: INVALID_DATE,2026-08-11
Ventas,VentaID=5551 Fecha='INVALID_DATE',Fecha inválida: INVALID_DATE,2026-08-11
Ventas,VentaID=5555 Fecha='INVALID_DATE',Fecha inválida: INVALID_DATE,2026-08-11
Ventas,VentaID=5559 Fecha='INVALID_DATE',Fecha inválida: INVALID_DATE,2026-08-11
Ventas,VentaID=5563 Fecha='INVALID_DATE',Fecha inválida: INVALID_DATE,2026-08-11
Ventas,VentaID=5567 Fecha='INVALID_DATE',Fecha inválida: INVALID_DATE,2026-08-11
Ventas,VentaID=5571 Fecha='INVALID_DATE',Fecha inválida: INVALID_DATE,2026-08-11
Ventas,VentaID=5575 Fecha='INVALID_DATE',Fecha inválida: INVALID_DATE,2026-08-11
Ventas,VentaID=5579 Fecha='INVALID_DATE',Fecha inválida: INVALID_DATE,2026-08-11
Ventas,VentaID=5583 Fecha='INVALID_DATE',Fecha inválida: INVALID_DATE,2026-08-11
Ventas,VentaID=5587 Fecha='INVALID_DATE',Fecha inválida: INVALID_DATE,2026-08-11
Ventas,VentaID=5591 Fecha='INVALID_DATE',Fecha inválida: INVALID_DATE,2026-08-11
Ventas,VentaID=5595 Fecha='INVALID_DATE',Fecha inválida: INVALID_DATE,2026-08-11
Ventas,VentaID=5599 Fecha='INVALID_DATE',Fecha inválida: INVALID_DATE,2026-08-11
Ventas,VentaID=5603 Fecha='INVALID_DATE',Fecha inválida: INVALID_DATE,2026-08-11
Ventas,VentaID=5607 Fecha='INVALID_DATE',Fecha inválida: INVALID_DATE,2026-08-11
Ventas,VentaID=5611 Fecha='INVALID_DATE',Fecha inválida: INVALID_DATE,2026-08-11
Ventas,VentaID=5615 Fecha='INVALID_DATE',Fecha inválida: INVALID_DATE,2026-08-11
Ventas,VentaID=5619 Fecha='INVALID_DATE',Fecha inválida: INVALID_DATE,2026-08-11
Ventas,VentaID=5623 Fecha='INVALID_DATE',Fecha inválida: INVALID_DATE,2026-08-11
Ventas,VentaID=5627 Fecha='INVALID_DATE',Fecha inválida: INVALID_DATE,2026-08-11
Ventas,VentaID=5631 Fecha='INVALID_DATE',Fecha inválida: INVALID_DATE,2026-08-11
Ventas,VentaID=5635 Fecha='INVALID_DATE',Fecha inválida: INVALID_DATE,2026-08-11
Ventas,VentaID=5639 Fecha='INVALID_DATE',Fecha inválida: INVALID_DATE,2026-08-11
Ventas,VentaID=5643 Fecha='INVALID_DATE',Fecha inválida: INVALID_DATE,2026-08-11
Ventas,VentaID=5647 Fecha='INVALID_DATE',Fecha inválida: INVALID_DATE,2026-08-11
Ventas,VentaID=5651 Fecha='INVALID_DATE',Fecha inválida: INVALID_DATE,2026-08-11
Ventas,VentaID=5655 Fecha='INVALID_DATE',Fecha inválida: INVALID_DATE,2026-08-11
Ventas,VentaID=5659 Fecha='INVALID_DATE',Fecha inválida: INVALID_DATE,2026-08-11
Ventas,VentaID=5663 Fecha='INVALID_DATE',Fecha inválida: INVALID_DATE,2026-08-11
Ventas,VentaID=5667 Fecha='INVALID_DATE',Fecha inválida: INVALID_DATE,2026-08-11
Ventas,VentaID=5671 Fecha='INVALID_DATE',Fecha inválida: INVALID_DATE,2026-08-11
Ventas,VentaID=5675 Fecha='INVALID_DATE',Fecha inválida: INVALID_DATE,2026-08-11
Ventas,VentaID=5679 Fecha='INVALID_DATE',Fecha inválida: INVALID_DATE,2026-08-11
Ventas,VentaID=5683 Fecha='INVALID_DATE',Fecha inválida: INVALID_DATE,2026-08-11
Ventas,VentaID=5687 Fecha='INVALID_DATE',Fecha inválida: INVALID_DATE,2026-08-11
Ventas,VentaID=5691 Fecha='INVALID_DATE',Fecha inválida: INVALID_DATE,2026-08-11
Ventas,VentaID=5695 Fecha='INVALID_DATE',Fecha inválida: INVALID_DATE,2026-08-11
Ventas,VentaID=5699 Fecha='INVALID_DATE',Fecha inválida: INVALID_DATE,2026-08-11
Ventas,VentaID=5703 Fecha='INVALID_DATE',Fecha inválida: INVALID_DATE,2026-08-11
Ventas,VentaID=5707 Fecha='INVALID_DATE',Fecha inválida: INVALID_DATE,2026-08-11
Ventas,VentaID=5711 Fecha='INVALID_DATE',Fecha inválida: INVALID_DATE,2026-08-11
Ventas,VentaID=5715 Fecha='INVALID_DATE',Fecha inválida: INVALID_DATE,2026-08-11
Ventas,VentaID=5719 Fecha='INVALID_DATE',Fecha inválida: INVALID_DATE,2026-08-11
Ventas,VentaID=5723 Fecha='INVALID_DATE',Fecha inválida: INVALID_DATE,2026-08-11
Ventas,VentaID=5727 Fecha='INVALID_DATE',Fecha inválida: INVALID_DATE,2026-08-11
Ventas,VentaID=5731 Fecha='INVALID_DATE',Fecha inválida: INVALID_DATE,2026-08-11
Ventas,VentaID=5735 Fecha='INVALID_DATE',Fecha inválida: INVALID_DATE,2026-08-11
Ventas,VentaID=5739 Fecha='INVALID_DATE',Fecha inválida: INVALID_DATE,2026-08-11
Ventas,VentaID=5743 Fecha='INVALID_DATE',Fecha inválida: INVALID_DATE,2026-08-11
Ventas,VentaID=5747 Fecha='INVALID_DATE',Fecha inválida: INVALID_DATE,2026-08-11
Ventas,VentaID=5751 Fecha='INVALID_DATE',Fecha inválida: INVALID_DATE,2026-08-11
Ventas,VentaID=5755 Fecha='INVALID_DATE',Fecha inválida: INVALID_DATE,2026-08-11
Ventas,VentaID=5759 Fecha='INVALID_DATE',Fecha inválida: INVALID_DATE,2026-08-11
Ventas,VentaID=5763 Fecha='INVALID_DATE',Fecha inválida: INVALID_DATE,2026-08-11
Ventas,VentaID=5767 Fecha='INVALID_DATE',Fecha inválida: INVALID_DATE,2026-08-11
Ventas,VentaID=5771 Fecha='INVALID_DATE',Fecha inválida: INVALID_DATE,2026-08-11
Ventas,VentaID=5775 Fecha='INVALID_DATE',Fecha inválida: INVALID_DATE,2026-08-11
Ventas,VentaID=5779 Fecha='INVALID_DATE',Fecha inválida: INVALID_DATE,2026-08-11
Ventas,VentaID=5783 Fecha='INVALID_DATE',Fecha inválida: INVALID_DATE,2026-08-11
Ventas,VentaID=5787 Fecha='INVALID_DATE',Fecha inválida: INVALID_DATE,2026-08-11
Ventas,VentaID=5791 Fecha='INVALID_DATE',Fecha inválida: INVALID_DATE,2026-08-11
Ventas,VentaID=5795 Fecha='INVALID_DATE',Fecha inválida: INVALID_DATE,2026-08-11
Ventas,VentaID=5799 Fecha='INVALID_DATE',Fecha inválida: INVALID_DATE,2026-08-11
Ventas,VentaID=5803 Fecha='INVALID_DATE',Fecha inválida: INVALID_DATE,2026-08-11
Ventas,VentaID=5807 Fecha='INVALID_DATE',Fecha inválida: INVALID_DATE,2026-08-11
Ventas,VentaID=5811 Fecha='INVALID_DATE',Fecha inválida: INVALID_DATE,2026-08-11
Ventas,VentaID=5815 Fecha='INVALID_DATE',Fecha inválida: INVALID_DATE,2026-08-11
Ventas,VentaID=5819 Fecha='INVALID_DATE',Fecha inválida: INVALID_DATE,2026-08-11
Ventas,VentaID=5823 Fecha='INVALID_DATE',Fecha inválida: INVALID_DATE,2026-08-11
Ventas,VentaID=5827 Fecha='INVALID_DATE',Fecha inválida: INVALID_DATE,2026-08-11
Ventas,VentaID=5831 Fecha='INVALID_DATE',Fecha inválida: INVALID_DATE,2026-08-11
Ventas,VentaID=5835 Fecha='INVALID_DATE',Fecha inválida: INVALID_DATE,2026-08-11
Ventas,VentaID=5839 Fecha='INVALID_DATE',Fecha inválida: INVALID_DATE,2026-08-11
Ventas,VentaID=5843 Fecha='INVALID_DATE',Fecha inválida: INVALID_DATE,2026-08-11
Ventas,VentaID=5847 Fecha='INVALID_DATE',Fecha inválida: INVALID_DATE,2026-08-11
Ventas,VentaID=5851 Fecha='INVALID_DATE',Fecha inválida: INVALID_DATE,2026-08-11
Ventas,VentaID=5855 Fecha='INVALID_DATE',Fecha inválida: INVALID_DATE,2026-08-11
Ventas,VentaID=5859 Fecha='INVALID_DATE',Fecha inválida: INVALID_DATE,2026-08-11
Ventas,VentaID=5863 Fecha='INVALID_DATE',Fecha inválida: INVALID_DATE,2026-08-11
Ventas,VentaID=5867 Fecha='INVALID_DATE',Fecha inválida: INVALID_DATE,2026-08-11
Ventas,VentaID=5871 Fecha='INVALID_DATE',Fecha inválida: INVALID_DATE,2026-08-11
Ventas,VentaID=5875 Fecha='INVALID_DATE',Fecha inválida: INVALID_DATE,2026-08-11
Ventas,VentaID=5879 Fecha='INVALID_DATE',Fecha inválida: INVALID_DATE,2026-08-11
Ventas,VentaID=5883 Fecha='INVALID_DATE',Fecha inválida: INVALID_DATE,2026-08-11
Ventas,VentaID=5887 Fecha='INVALID_DATE',Fecha inválida: INVALID_DATE,2026-08-11
Ventas,VentaID=5891 Fecha='INVALID_DATE',Fecha inválida: INVALID_DATE,2026-08-11
Ventas,VentaID=5895 Fecha='INVALID_DATE',Fecha inválida: INVALID_DATE,2026-08-11
Ventas,VentaID=5899 Fecha='INVALID_DATE',Fecha inválida: INVALID_DATE,2026-08-11
Ventas,VentaID=5903 Fecha='INVALID_DATE',Fecha inválida: INVALID_DATE,2026-08-11
Ventas,VentaID=5907 Fecha='INVALID_DATE',Fecha inválida: INVALID_DATE,2026-08-11
Ventas,VentaID=5911 Fecha='INVALID_DATE',Fecha inválida: INVALID_DATE,2026-08-11
Ventas,VentaID=5915 Fecha='INVALID_DATE',Fecha inválida: INVALID_DATE,2026-08-11
Ventas,VentaID=5919 Fecha='INVALID_DATE',Fecha inválida: INVALID_DATE,2026-08-11
Ventas,VentaID=5923 Fecha='INVALID_DATE',Fecha inválida: INVALID_DATE,2026-08-11
Ventas,VentaID=5927 Fecha='INVALID_DATE',Fecha inválida: INVALID_DATE,2026-08-11
Ventas,VentaID=5931 Fecha='INVALID_DATE',Fecha inválida: INVALID_DATE,2026-08-11
Ventas,VentaID=5935 Fecha='INVALID_DATE',Fecha inválida: INVALID_DATE,2026-08-11
Ventas,VentaID=5939 Fecha='INVALID_DATE',Fecha inválida: INVALID_DATE,2026-08-11
Ventas,VentaID=5943 Fecha='INVALID_DATE',Fecha inválida: INVALID_DATE,2026-08-11
Ventas,VentaID=5947 Fecha='INVALID_DATE',Fecha inválida: INVALID_DATE,2026-08-11
Ventas,VentaID=5951 Fecha='INVALID_DATE',Fecha inválida: INVALID_DATE,2026-08-11
Ventas,VentaID=5955 Fecha='INVALID_DATE',Fecha inválida: INVALID_DATE,2026-08-11
Ventas,VentaID=5959 Fecha='INVALID_DATE',Fecha inválida: INVALID_DATE,2026-08-11
Ventas,VentaID=5963 Fecha='INVALID_DATE',Fecha inválida: INVALID_DATE,2026-08-11
Ventas,VentaID=5967 Fecha='INVALID_DATE',Fecha inválida: INVALID_DATE,2026-08-11
Ventas,VentaID=5971 Fecha='INVALID_DATE',Fecha inválida: INVALID_DATE,2026-08-11
Ventas,VentaID=5975 Fecha='INVALID_DATE',Fecha inválida: INVALID_DATE,2026-08-11
Ventas,VentaID=5979 Fecha='INVALID_DATE',Fecha inválida: INVALID_DATE,2026-08-11
Ventas,VentaID=5983 Fecha='INVALID_DATE',Fecha inválida: INVALID_DATE,2026-08-11
Ventas,VentaID=5987 Fecha='INVALID_DATE',Fecha inválida: INVALID_DATE,2026-08-11
Ventas,VentaID=5991 Fecha='INVALID_DATE',Fecha inválida: INVALID_DATE,2026-08-11
Ventas,VentaID=5995 Fecha='INVALID_DATE',Fecha inválida: INVALID_DATE,2026-08-11
Ventas,VentaID=5999 Fecha='INVALID_DATE',Fecha inválida: INVALID_DATE,2026-08-11
Ventas,VentaID=6003 Fecha='INVALID_DATE',Fecha inválida: INVALID_DATE,2026-08-11
Ventas,VentaID=6007 Fecha='INVALID_DATE',Fecha inválida: INVALID_DATE,2026-08-11
Ventas,VentaID=6011 Fecha='INVALID_DATE',Fecha inválida: INVALID_DATE,2026-08-11
Ventas,VentaID=6015 Fecha='INVALID_DATE',Fecha inválida: INVALID_DATE,2026-08-11
Ventas,VentaID=6019 Fecha='INVALID_DATE',Fecha inválida: INVALID_DATE,2026-08-11
Ventas,VentaID=6023 Fecha='INVALID_DATE',Fecha inválida: INVALID_DATE,2026-08-11
Ventas,VentaID=6027 Fecha='INVALID_DATE',Fecha inválida: INVALID_DATE,2026-08-11
Ventas,VentaID=6031 Fecha='INVALID_DATE',Fecha inválida: INVALID_DATE,2026-08-11
Ventas,VentaID=6035 Fecha='INVALID_DATE',Fecha inválida: INVALID_DATE,2026-08-11
Ventas,VentaID=6039 Fecha='INVALID_DATE',Fecha inválida: INVALID_DATE,2026-08-11
Ventas,VentaID=6043 Fecha='INVALID_DATE',Fecha inválida: INVALID_DATE,2026-08-11
Ventas,VentaID=6047 Fecha='INVALID_DATE',Fecha inválida: INVALID_DATE,2026-08-11
Ventas,VentaID=6051 Fecha='INVALID_DATE',Fecha inválida: INVALID_DATE,2026-08-11
Ventas,VentaID=6055 Fecha='INVALID_DATE',Fecha inválida: INVALID_DATE,2026-08-11
Ventas,VentaID=6059 Fecha='INVALID_DATE',Fecha inválida: INVALID_DATE,2026-08-11
Ventas,VentaID=6063 Fecha='INVALID_DATE',Fecha inválida: INVALID_DATE,2026-08-11
Ventas,VentaID=6067 Fecha='INVALID_DATE',Fecha inválida: INVALID_DATE,2026-08-11
Ventas,VentaID=6071 Fecha='INVALID_DATE',Fecha inválida: INVALID_DATE,2026-08-11
Ventas,VentaID=6075 Fecha='INVALID_DATE',Fecha inválida: INVALID_DATE,2026-08-11
Ventas,VentaID=6079 Fecha='INVALID_DATE',Fecha inválida: INVALID_DATE,2026-08-11
Ventas,VentaID=6083 Fecha='INVALID_DATE',Fecha inválida: INVALID_DATE,2026-08-11
Ventas,VentaID=6087 Fecha='INVALID_DATE',Fecha inválida: INVALID_DATE,2026-08-11
Ventas,VentaID=6091 Fecha='INVALID_DATE',Fecha inválida: INVALID_DATE,2026-08-11
Ventas,VentaID=6095 Fecha='INVALID_DATE',Fecha inválida: INVALID_DATE,2026-08-11
Ventas,VentaID=6099 Fecha='INVALID_DATE',Fecha inválida: INVALID_DATE,2026-08-11
Ventas,VentaID=6103 Fecha='INVALID_DATE',Fecha inválida: INVALID_DATE,2026-08-11
Ventas,VentaID=6107 Fecha='INVALID_DATE',Fecha inválida: INVALID_DATE,2026-08-11
Ventas,VentaID=6111 Fecha='INVALID_DATE',Fecha inválida: INVALID_DATE,2026-08-11
Ventas,VentaID=6115 Fecha='INVALID_DATE',Fecha inválida: INVALID_DATE,2026-08-11
Ventas,VentaID=6119 Fecha='INVALID_DATE',Fecha inválida: INVALID_DATE,2026-08-11
Ventas,VentaID=6123 Fecha='INVALID_DATE',Fecha inválida: INVALID_DATE,2026-08-11
Ventas,VentaID=6127 Fecha='INVALID_DATE',Fecha inválida: INVALID_DATE,2026-08-11
Ventas,VentaID=6131 Fecha='INVALID_DATE',Fecha inválida: INVALID_DATE,2026-08-11
Ventas,VentaID=6135 Fecha='INVALID_DATE',Fecha inválida: INVALID_DATE,2026-08-11
Ventas,VentaID=6139 Fecha='INVALID_DATE',Fecha inválida: INVALID_DATE,2026-08-11
Ventas,VentaID=6143 Fecha='INVALID_DATE',Fecha inválida: INVALID_DATE,2026-08-11
Ventas,VentaID=6147 Fecha='INVALID_DATE',Fecha inválida: INVALID_DATE,2026-08-11
Ventas,VentaID=6151 Fecha='INVALID_DATE',Fecha inválida: INVALID_DATE,2026-08-11
Ventas,VentaID=6155 Fecha='INVALID_DATE',Fecha inválida: INVALID_DATE,2026-08-11
Ventas,VentaID=6159 Fecha='INVALID_DATE',Fecha inválida: INVALID_DATE,2026-08-11
Ventas,VentaID=6163 Fecha='INVALID_DATE',Fecha inválida: INVALID_DATE,2026-08-11
Ventas,VentaID=6167 Fecha='INVALID_DATE',Fecha inválida: INVALID_DATE,2026-08-11
Ventas,VentaID=6171 Fecha='INVALID_DATE',Fecha inválida: INVALID_DATE,2026-08-11
Ventas,VentaID=6175 Fecha='INVALID_DATE',Fecha inválida: INVALID_DATE,2026-08-11
Ventas,VentaID=6179 Fecha='INVALID_DATE',Fecha inválida: INVALID_DATE,2026-08-11
Ventas,VentaID=6183 Fecha='INVALID_DATE',Fecha inválida: INVALID_DATE,2026-08-11
Ventas,VentaID=6187 Fecha='INVALID_DATE',Fecha inválida: INVALID_DATE,2026-08-11
Ventas,VentaID=6191 Fecha='INVALID_DATE',Fecha inválida: INVALID_DATE,2026-08-11
Ventas,VentaID=6195 Fecha='INVALID_DATE',Fecha inválida: INVALID_DATE,2026-08-11
Ventas,VentaID=6199 Fecha='INVALID_DATE',Fecha inválida: INVALID_DATE,2026-08-11
Ventas,VentaID=6203 Fecha='INVALID_DATE',Fecha inválida: INVALID_DATE,2026-08-11
Ventas,VentaID=6207 Fecha='INVALID_DATE',Fecha inválida: INVALID_DATE,2026-08-11
Ventas,VentaID=6211 Fecha='INVALID_DATE',Fecha inválida: INVALID_DATE,2026-08-11
Ventas,VentaID=6215 Fecha='INVALID_DATE',Fecha inválida: INVALID_DATE,2026-08-11
Ventas,VentaID=6219 Fecha='INVALID_DATE',Fecha inválida: INVALID_DATE,2026-08-11
Ventas,VentaID=6223 Fecha='INVALID_DATE',Fecha inválida: INVALID_DATE,2026-08-11
Ventas,VentaID=6227 Fecha='INVALID_DATE',Fecha inválida: INVALID_DATE,2026-08-11
Ventas,VentaID=6231 Fecha='INVALID_DATE',Fecha inválida: INVALID_DATE,2026-08-11
Ventas,VentaID=6235 Fecha='INVALID_DATE',Fecha inválida: INVALID_DATE,2026-08-11
Ventas,VentaID=6239 Fecha='INVALID_DATE',Fecha inválida: INVALID_DATE,2026-08-11
Ventas,VentaID=6243 Fecha='INVALID_DATE',Fecha inválida: INVALID_DATE,2026-08-11
Ventas,VentaID=6247 Fecha='INVALID_DATE',Fecha inválida: INVALID_DATE,2026-08-11
Ventas,VentaID=6251 Fecha='INVALID_DATE',Fecha inválida: INVALID_DATE,2026-08-11
Ventas,VentaID=6255 Fecha='INVALID_DATE',Fecha inválida: INVALID_DATE,2026-08-11
Ventas,VentaID=6259 Fecha='INVALID_DATE',Fecha inválida: INVALID_DATE,2026-08-11
Ventas,VentaID=6263 Fecha='INVALID_DATE',Fecha inválida: INVALID_DATE,2026-08-11
Ventas,VentaID=6267 Fecha='INVALID_DATE',Fecha inválida: INVALID_DATE,2026-08-11
Ventas,VentaID=6271 Fecha='INVALID_DATE',Fecha inválida: INVALID_DATE,2026-08-11
Ventas,VentaID=6275 Fecha='INVALID_DATE',Fecha inválida: INVALID_DATE,2026-08-11
Ventas,VentaID=6279 Fecha='INVALID_DATE',Fecha inválida: INVALID_DATE,2026-08-11
Ventas,VentaID=6283 Fecha='INVALID_DATE',Fecha inválida: INVALID_DATE,2026-08-11
Ventas,VentaID=6287 Fecha='INVALID_DATE',Fecha inválida: INVALID_DATE,2026-08-11
Ventas,VentaID=6291 Fecha='INVALID_DATE',Fecha inválida: INVALID_DATE,2026-08-11
Ventas,VentaID=6295 Fecha='INVALID_DATE',Fecha inválida: INVALID_DATE,2026-08-11
Ventas,VentaID=6299 Fecha='INVALID_DATE',Fecha inválida: INVALID_DATE,2026-08-11
Ventas,VentaID=6303 Fecha='INVALID_DATE',Fecha inválida: INVALID_DATE,2026-08-11
Ventas,VentaID=6307 Fecha='INVALID_DATE',Fecha inválida: INVALID_DATE,2026-08-11
Ventas,VentaID=6311 Fecha='INVALID_DATE',Fecha inválida: INVALID_DATE,2026-08-11
Ventas,VentaID=6315 Fecha='INVALID_DATE',Fecha inválida: INVALID_DATE,2026-08-11
Ventas,VentaID=6319 Fecha='INVALID_DATE',Fecha inválida: INVALID_DATE,2026-08-11
Ventas,VentaID=6323 Fecha='INVALID_DATE',Fecha inválida: INVALID_DATE,2026-08-11
Ventas,VentaID=6327 Fecha='INVALID_DATE',Fecha inválida: INVALID_DATE,2026-08-11
Ventas,VentaID=6331 Fecha='INVALID_DATE',Fecha inválida: INVALID_DATE,2026-08-11
Ventas,VentaID=6335 Fecha='INVALID_DATE',Fecha inválida: INVALID_DATE,2026-08-11
Ventas,VentaID=6339 Fecha='INVALID_DATE',Fecha inválida: INVALID_DATE,2026-08-11
Ventas,VentaID=6343 Fecha='INVALID_DATE',Fecha inválida: INVALID_DATE,2026-08-11
Ventas,VentaID=6347 Fecha='INVALID_DATE',Fecha inválida: INVALID_DATE,2026-08-11
Ventas,VentaID=6351 Fecha='INVALID_DATE',Fecha inválida: INVALID_DATE,2026-08-11
Ventas,VentaID=6355 Fecha='INVALID_DATE',Fecha inválida: INVALID_DATE,2026-08-11
Ventas,VentaID=6359 Fecha='INVALID_DATE',Fecha inválida: INVALID_DATE,2026-08-11
Ventas,VentaID=6363 Fecha='INVALID_DATE',Fecha inválida: INVALID_DATE,2026-08-11
Ventas,VentaID=6367 Fecha='INVALID_DATE',Fecha inválida: INVALID_DATE,2026-08-11
Ventas,VentaID=6371 Fecha='INVALID_DATE',Fecha inválida: INVALID_DATE,2026-08-11
Ventas,VentaID=6375 Fecha='INVALID_DATE',Fecha inválida: INVALID_DATE,2026-08-11
Ventas,VentaID=6379 Fecha='INVALID_DATE',Fecha inválida: INVALID_DATE,2026-08-11
Ventas,VentaID=6383 Fecha='INVALID_DATE',Fecha inválida: INVALID_DATE,2026-08-11
Ventas,VentaID=6387 Fecha='INVALID_DATE',Fecha inválida: INVALID_DATE,2026-08-11
Ventas,VentaID=6391 Fecha='INVALID_DATE',Fecha inválida: INVALID_DATE,2026-08-11
Ventas,VentaID=6395 Fecha='INVALID_DATE',Fecha inválida: INVALID_DATE,2026-08-11
Ventas,VentaID=6399 Fecha='INVALID_DATE',Fecha inválida: INVALID_DATE,2026-08-11
Ventas,VentaID=6403 Fecha='INVALID_DATE',Fecha inválida: INVALID_DATE,2026-08-11
Ventas,VentaID=6407 Fecha='INVALID_DATE',Fecha inválida: INVALID_DATE,2026-08-11
Ventas,VentaID=6411 Fecha='INVALID_DATE',Fecha inválida: INVALID_DATE,2026-08-11
Ventas,VentaID=6415 Fecha='INVALID_DATE',Fecha inválida: INVALID_DATE,2026-08-11
Ventas,VentaID=6419 Fecha='INVALID_DATE',Fecha inválida: INVALID_DATE,2026-08-11
Ventas,VentaID=6423 Fecha='INVALID_DATE',Fecha inválida: INVALID_DATE,2026-08-11
Ventas,VentaID=6427 Fecha='INVALID_DATE',Fecha inválida: INVALID_DATE,2026-08-11
Ventas,VentaID=6431 Fecha='INVALID_DATE',Fecha inválida: INVALID_DATE,2026-08-11
Ventas,VentaID=6435 Fecha='INVALID_DATE',Fecha inválida: INVALID_DATE,2026-08-11
Ventas,VentaID=6439 Fecha='INVALID_DATE',Fecha inválida: INVALID_DATE,2026-08-11
Ventas,VentaID=6443 Fecha='INVALID_DATE',Fecha inválida: INVALID_DATE,2026-08-11
Ventas,VentaID=6447 Fecha='INVALID_DATE',Fecha inválida: INVALID_DATE,2026-08-11
Ventas,VentaID=6451 Fecha='INVALID_DATE',Fecha inválida: INVALID_DATE,2026-08-11
Ventas,VentaID=6455 Fecha='INVALID_DATE',Fecha inválida: INVALID_DATE,2026-08-11
Ventas,VentaID=6459 Fecha='INVALID_DATE',Fecha inválida: INVALID_DATE,2026-08-11
Ventas,VentaID=6463 Fecha='INVALID_DATE',Fecha inválida: INVALID_DATE,2026-08-11
Ventas,VentaID=6467 Fecha='INVALID_DATE',Fecha inválida: INVALID_DATE,2026-08-11
Ventas,VentaID=6471 Fecha='INVALID_DATE',Fecha inválida: INVALID_DATE,2026-08-11
Ventas,VentaID=6475 Fecha='INVALID_DATE',Fecha inválida: INVALID_DATE,2026-08-11
Ventas,VentaID=6479 Fecha='INVALID_DATE',Fecha inválida: INVALID_DATE,2026-08-11
Ventas,VentaID=6483 Fecha='INVALID_DATE',Fecha inválida: INVALID_DATE,2026-08-11
Ventas,VentaID=6487 Fecha='INVALID_DATE',Fecha inválida: INVALID_DATE,2026-08-11
Ventas,VentaID=6491 Fecha='INVALID_DATE',Fecha inválida: INVALID_DATE,2026-08-11
Ventas,VentaID=6495 Fecha='INVALID_DATE',Fecha inválida: INVALID_DATE,2026-08-11
Ventas,VentaID=6499 Fecha='INVALID_DATE',Fecha inválida: INVALID_DATE,2026-08-11
Ventas,VentaID=6503 Fecha='INVALID_DATE',Fecha inválida: INVALID_DATE,2026-08-11
Ventas,VentaID=6507 Fecha='INVALID_DATE',Fecha inválida: INVALID_DATE,2026-08-11
Ventas,VentaID=6511 Fecha='INVALID_DATE',Fecha inválida: INVALID_DATE,2026-08-11
Ventas,VentaID=6515 Fecha='INVALID_DATE',Fecha inválida: INVALID_DATE,2026-08-11
Ventas,VentaID=6519 Fecha='INVALID_DATE',Fecha inválida: INVALID_DATE,2026-08-11
Ventas,VentaID=6523 Fecha='INVALID_DATE',Fecha inválida: INVALID_DATE,2026-08-11
Ventas,VentaID=6527 Fecha='INVALID_DATE',Fecha inválida: INVALID_DATE,2026-08-11
Ventas,VentaID=6531 Fecha='INVALID_DATE',Fecha inválida: INVALID_DATE,2026-08-11
Ventas,VentaID=6535 Fecha='INVALID_DATE',Fecha inválida: INVALID_DATE,2026-08-11
Ventas,VentaID=6539 Fecha='INVALID_DATE',Fecha inválida: INVALID_DATE,2026-08-11
Ventas,VentaID=6543 Fecha='INVALID_DATE',Fecha inválida: INVALID_DATE,2026-08-11
Ventas,VentaID=6547 Fecha='INVALID_DATE',Fecha inválida: INVALID_DATE,2026-08-11
Ventas,VentaID=6551 Fecha='INVALID_DATE',Fecha inválida: INVALID_DATE,2026-08-11
Ventas,VentaID=6555 Fecha='INVALID_DATE',Fecha inválida: INVALID_DATE,2026-08-11
Ventas,VentaID=6559 Fecha='INVALID_DATE',Fecha inválida: INVALID_DATE,2026-08-11
Ventas,VentaID=6563 Fecha='INVALID_DATE',Fecha inválida: INVALID_DATE,2026-08-11
Ventas,VentaID=6567 Fecha='INVALID_DATE',Fecha inválida: INVALID_DATE,2026-08-11
Ventas,VentaID=6571 Fecha='INVALID_DATE',Fecha inválida: INVALID_DATE,2026-08-11
Ventas,VentaID=6575 Fecha='INVALID_DATE',Fecha inválida: INVALID_DATE,2026-08-11
Ventas,VentaID=6579 Fecha='INVALID_DATE',Fecha inválida: INVALID_DATE,2026-08-11
Ventas,VentaID=6583 Fecha='INVALID_DATE',Fecha inválida: INVALID_DATE,2026-08-11
Ventas,VentaID=6587 Fecha='INVALID_DATE',Fecha inválida: INVALID_DATE,2026-08-11
Ventas,VentaID=6591 Fecha='INVALID_DATE',Fecha inválida: INVALID_DATE,2026-08-11
Ventas,VentaID=6595 Fecha='INVALID_DATE',Fecha inválida: INVALID_DATE,2026-08-11
Ventas,VentaID=6599 Fecha='INVALID_DATE',Fecha inválida: INVALID_DATE,2026-08-11
Ventas,VentaID=6603 Fecha='INVALID_DATE',Fecha inválida: INVALID_DATE,2026-08-11
Ventas,VentaID=6607 Fecha='INVALID_DATE',Fecha inválida: INVALID_DATE,2026-08-11
Ventas,VentaID=6611 Fecha='INVALID_DATE',Fecha inválida: INVALID_DATE,2026-08-11
Ventas,VentaID=6615 Fecha='INVALID_DATE',Fecha inválida: INVALID_DATE,2026-08-11
Ventas,VentaID=6619 Fecha='INVALID_DATE',Fecha inválida: INVALID_DATE,2026-08-11
Ventas,VentaID=6623 Fecha='INVALID_DATE',Fecha inválida: INVALID_DATE,2026-08-11
Ventas,VentaID=6627 Fecha='INVALID_DATE',Fecha inválida: INVALID_DATE,2026-08-11
Ventas,VentaID=6631 Fecha='INVALID_DATE',Fecha inválida: INVALID_DATE,2026-08-11
Ventas,VentaID=6635 Fecha='INVALID_DATE',Fecha inválida: INVALID_DATE,2026-08-11
Ventas,VentaID=6639 Fecha='INVALID_DATE',Fecha inválida: INVALID_DATE,2026-08-11
Ventas,VentaID=6643 Fecha='INVALID_DATE',Fecha inválida: INVALID_DATE,2026-08-11
Ventas,VentaID=6647 Fecha='INVALID_DATE',Fecha inválida: INVALID_DATE,2026-08-11
Ventas,VentaID=6651 Fecha='INVALID_DATE',Fecha inválida: INVALID_DATE,2026-08-11
Ventas,VentaID=6655 Fecha='INVALID_DATE',Fecha inválida: INVALID_DATE,2026-08-11
Ventas,VentaID=6659 Fecha='INVALID_DATE',Fecha inválida: INVALID_DATE,2026-08-11
Ventas,VentaID=6663 Fecha='INVALID_DATE',Fecha inválida: INVALID_DATE,2026-08-11
Ventas,VentaID=6667 Fecha='INVALID_DATE',Fecha inválida: INVALID_DATE,2026-08-11
Ventas,VentaID=6671 Fecha='INVALID_DATE',Fecha inválida: INVALID_DATE,2026-08-11
Ventas,VentaID=6675 Fecha='INVALID_DATE',Fecha inválida: INVALID_DATE,2026-08-11
Ventas,VentaID=6679 Fecha='INVALID_DATE',Fecha inválida: INVALID_DATE,2026-08-11
Ventas,VentaID=6683 Fecha='INVALID_DATE',Fecha inválida: INVALID_DATE,2026-08-11
Ventas,VentaID=6687 Fecha='INVALID_DATE',Fecha inválida: INVALID_DATE,2026-08-11
Ventas,VentaID=6691 Fecha='INVALID_DATE',Fecha inválida: INVALID_DATE,2026-08-11
Ventas,VentaID=6695 Fecha='INVALID_DATE',Fecha inválida: INVALID_DATE,2026-08-11
Ventas,VentaID=6699 Fecha='INVALID_DATE',Fecha inválida: INVALID_DATE,2026-08-11
Ventas,VentaID=6703 Fecha='INVALID_DATE',Fecha inválida: INVALID_DATE,2026-08-11
Ventas,VentaID=6707 Fecha='INVALID_DATE',Fecha inválida: INVALID_DATE,2026-08-11
Ventas,VentaID=6711 Fecha='INVALID_DATE',Fecha inválida: INVALID_DATE,2026-08-11
Ventas,VentaID=6715 Fecha='INVALID_DATE',Fecha inválida: INVALID_DATE,2026-08-11
Ventas,VentaID=6719 Fecha='INVALID_DATE',Fecha inválida: INVALID_DATE,2026-08-11
Ventas,VentaID=6723 Fecha='INVALID_DATE',Fecha inválida: INVALID_DATE,2026-08-11
Ventas,VentaID=6727 Fecha='INVALID_DATE',Fecha inválida: INVALID_DATE,2026-08-11
Ventas,VentaID=6731 Fecha='INVALID_DATE',Fecha inválida: INVALID_DATE,2026-08-11
Ventas,VentaID=6735 Fecha='INVALID_DATE',Fecha inválida: INVALID_DATE,2026-08-11
Ventas,VentaID=6739 Fecha='INVALID_DATE',Fecha inválida: INVALID_DATE,2026-08-11
Ventas,VentaID=6743 Fecha='INVALID_DATE',Fecha inválida: INVALID_DATE,2026-08-11
Ventas,VentaID=6747 Fecha='INVALID_DATE',Fecha inválida: INVALID_DATE,2026-08-11
Ventas,VentaID=6751 Fecha='INVALID_DATE',Fecha inválida: INVALID_DATE,2026-08-11
Ventas,VentaID=6755 Fecha='INVALID_DATE',Fecha inválida: INVALID_DATE,2026-08-11
Ventas,VentaID=6759 Fecha='INVALID_DATE',Fecha inválida: INVALID_DATE,2026-08-11
Ventas,VentaID=6763 Fecha='INVALID_DATE',Fecha inválida: INVALID_DATE,2026-08-11
Ventas,VentaID=6767 Fecha='INVALID_DATE',Fecha inválida: INVALID_DATE,2026-08-11
Ventas,VentaID=6771 Fecha='INVALID_DATE',Fecha inválida: INVALID_DATE,2026-08-11
Ventas,VentaID=6775 Fecha='INVALID_DATE',Fecha inválida: INVALID_DATE,2026-08-11
Ventas,VentaID=6779 Fecha='INVALID_DATE',Fecha inválida: INVALID_DATE,2026-08-11
Ventas,VentaID=6783 Fecha='INVALID_DATE',Fecha inválida: INVALID_DATE,2026-08-11
Ventas,VentaID=6787 Fecha='INVALID_DATE',Fecha inválida: INVALID_DATE,2026-08-11
Ventas,VentaID=6791 Fecha='INVALID_DATE',Fecha inválida: INVALID_DATE,2026-08-11
Ventas,VentaID=6795 Fecha='INVALID_DATE',Fecha inválida: INVALID_DATE,2026-08-11
Ventas,VentaID=6799 Fecha='INVALID_DATE',Fecha inválida: INVALID_DATE,2026-08-11
Ventas,VentaID=6803 Fecha='INVALID_DATE',Fecha inválida: INVALID_DATE,2026-08-11
Ventas,VentaID=6807 Fecha='INVALID_DATE',Fecha inválida: INVALID_DATE,2026-08-11
Ventas,VentaID=6811 Fecha='INVALID_DATE',Fecha inválida: INVALID_DATE,2026-08-11
Ventas,VentaID=6815 Fecha='INVALID_DATE',Fecha inválida: INVALID_DATE,2026-08-11
Ventas,VentaID=6819 Fecha='INVALID_DATE',Fecha inválida: INVALID_DATE,2026-08-11
Ventas,VentaID=6823 Fecha='INVALID_DATE',Fecha inválida: INVALID_DATE,2026-08-11
Ventas,VentaID=6827 Fecha='INVALID_DATE',Fecha inválida: INVALID_DATE,2026-08-11
Ventas,VentaID=6831 Fecha='INVALID_DATE',Fecha inválida: INVALID_DATE,2026-08-11
Ventas,VentaID=6835 Fecha='INVALID_DATE',Fecha inválida: INVALID_DATE,2026-08-11
Ventas,VentaID=6839 Fecha='INVALID_DATE',Fecha inválida: INVALID_DATE,2026-08-11
Ventas,VentaID=6843 Fecha='INVALID_DATE',Fecha inválida: INVALID_DATE,2026-08-11
Ventas,VentaID=6847 Fecha='INVALID_DATE',Fecha inválida: INVALID_DATE,2026-08-11
Ventas,VentaID=6851 Fecha='INVALID_DATE',Fecha inválida: INVALID_DATE,2026-08-11
Ventas,VentaID=6855 Fecha='INVALID_DATE',Fecha inválida: INVALID_DATE,2026-08-11
Ventas,VentaID=6859 Fecha='INVALID_DATE',Fecha inválida: INVALID_DATE,2026-08-11
Ventas,VentaID=6863 Fecha='INVALID_DATE',Fecha inválida: INVALID_DATE,2026-08-11
Ventas,VentaID=6867 Fecha='INVALID_DATE',Fecha inválida: INVALID_DATE,2026-08-11
Ventas,VentaID=6871 Fecha='INVALID_DATE',Fecha inválida: INVALID_DATE,2026-08-11
Ventas,VentaID=6875 Fecha='INVALID_DATE',Fecha inválida: INVALID_DATE,2026-08-11
Ventas,VentaID=6879 Fecha='INVALID_DATE',Fecha inválida: INVALID_DATE,2026-08-11
Ventas,VentaID=6883 Fecha='INVALID_DATE',Fecha inválida: INVALID_DATE,2026-08-11
Ventas,VentaID=6887 Fecha='INVALID_DATE',Fecha inválida: INVALID_DATE,2026-08-11
Ventas,VentaID=6891 Fecha='INVALID_DATE',Fecha inválida: INVALID_DATE,2026-08-11
Ventas,VentaID=6895 Fecha='INVALID_DATE',Fecha inválida: INVALID_DATE,2026-08-11
Ventas,VentaID=6899 Fecha='INVALID_DATE',Fecha inválida: INVALID_DATE,2026-08-11
Ventas,VentaID=6903 Fecha='INVALID_DATE',Fecha inválida: INVALID_DATE,2026-08-11
Ventas,VentaID=6907 Fecha='INVALID_DATE',Fecha inválida: INVALID_DATE,2026-08-11
Ventas,VentaID=6911 Fecha='INVALID_DATE',Fecha inválida: INVALID_DATE,2026-08-11
Ventas,VentaID=6915 Fecha='INVALID_DATE',Fecha inválida: INVALID_DATE,2026-08-11
Ventas,VentaID=6919 Fecha='INVALID_DATE',Fecha inválida: INVALID_DATE,2026-08-11
Ventas,VentaID=6923 Fecha='INVALID_DATE',Fecha inválida: INVALID_DATE,2026-08-11
Ventas,VentaID=6927 Fecha='INVALID_DATE',Fecha inválida: INVALID_DATE,2026-08-11
Ventas,VentaID=6931 Fecha='INVALID_DATE',Fecha inválida: INVALID_DATE,2026-08-11
Ventas,VentaID=6935 Fecha='INVALID_DATE',Fecha inválida: INVALID_DATE,2026-08-11
Ventas,VentaID=6939 Fecha='INVALID_DATE',Fecha inválida: INVALID_DATE,2026-08-11
Ventas,VentaID=6943 Fecha='INVALID_DATE',Fecha inválida: INVALID_DATE,2026-08-11
Ventas,VentaID=6947 Fecha='INVALID_DATE',Fecha inválida: INVALID_DATE,2026-08-11
Ventas,VentaID=6951 Fecha='INVALID_DATE',Fecha inválida: INVALID_DATE,2026-08-11
Ventas,VentaID=6955 Fecha='INVALID_DATE',Fecha inválida: INVALID_DATE,2026-08-11
Ventas,VentaID=6959 Fecha='INVALID_DATE',Fecha inválida: INVALID_DATE,2026-08-11
Ventas,VentaID=6963 Fecha='INVALID_DATE',Fecha inválida: INVALID_DATE,2026-08-11
Ventas,VentaID=6967 Fecha='INVALID_DATE',Fecha inválida: INVALID_DATE,2026-08-11
Ventas,VentaID=6971 Fecha='INVALID_DATE',Fecha inválida: INVALID_DATE,2026-08-11
Ventas,VentaID=6975 Fecha='INVALID_DATE',Fecha inválida: INVALID_DATE,2026-08-11
Ventas,VentaID=6979 Fecha='INVALID_DATE',Fecha inválida: INVALID_DATE,2026-08-11
Ventas,VentaID=6983 Fecha='INVALID_DATE',Fecha inválida: INVALID_DATE,2026-08-11
Ventas,VentaID=6987 Fecha='INVALID_DATE',Fecha inválida: INVALID_DATE,2026-08-11
Ventas,VentaID=6991 Fecha='INVALID_DATE',Fecha inválida: INVALID_DATE,2026-08-11
Ventas,VentaID=6995 Fecha='INVALID_DATE',Fecha inválida: INVALID_DATE,2026-08-11
Ventas,VentaID=6999 Fecha='INVALID_DATE',Fecha inválida: INVALID_DATE,2026-08-11
Ventas,VentaID=7003 Fecha='INVALID_DATE',Fecha inválida: INVALID_DATE,2026-08-11
Ventas,VentaID=7007 Fecha='INVALID_DATE',Fecha inválida: INVALID_DATE,2026-08-11
Ventas,VentaID=7011 Fecha='INVALID_DATE',Fecha inválida: INVALID_DATE,2026-08-11
Ventas,VentaID=7015 Fecha='INVALID_DATE',Fecha inválida: INVALID_DATE,2026-08-11
Ventas,VentaID=7019 Fecha='INVALID_DATE',Fecha inválida: INVALID_DATE,2026-08-11
Ventas,VentaID=7023 Fecha='INVALID_DATE',Fecha inválida: INVALID_DATE,2026-08-11
Ventas,VentaID=7027 Fecha='INVALID_DATE',Fecha inválida: INVALID_DATE,2026-08-11
Ventas,VentaID=7031 Fecha='INVALID_DATE',Fecha inválida: INVALID_DATE,2026-08-11
Ventas,VentaID=7035 Fecha='INVALID_DATE',Fecha inválida: INVALID_DATE,2026-08-11
Ventas,VentaID=7039 Fecha='INVALID_DATE',Fecha inválida: INVALID_DATE,2026-08-11
Ventas,VentaID=7043 Fecha='INVALID_DATE',Fecha inválida: INVALID_DATE,2026-08-11
Ventas,VentaID=7047 Fecha='INVALID_DATE',Fecha inválida: INVALID_DATE,2026-08-11
Ventas,VentaID=7051 Fecha='INVALID_DATE',Fecha inválida: INVALID_DATE,2026-08-11
Ventas,VentaID=7055 Fecha='INVALID_DATE',Fecha inválida: INVALID_DATE,2026-08-11
Ventas,VentaID=7059 Fecha='INVALID_DATE',Fecha inválida: INVALID_DATE,2026-08-11
Ventas,VentaID=7063 Fecha='INVALID_DATE',Fecha inválida: INVALID_DATE,2026-08-11
Ventas,VentaID=7067 Fecha='INVALID_DATE',Fecha inválida: INVALID_DATE,2026-08-11
Ventas,VentaID=7071 Fecha='INVALID_DATE',Fecha inválida: INVALID_DATE,2026-08-11
Ventas,VentaID=7075 Fecha='INVALID_DATE',Fecha inválida: INVALID_DATE,2026-08-11
Ventas,VentaID=7079 Fecha='INVALID_DATE',Fecha inválida: INVALID_DATE,2026-08-11
Ventas,VentaID=7083 Fecha='INVALID_DATE',Fecha inválida: INVALID_DATE,2026-08-11
Ventas,VentaID=7087 Fecha='INVALID_DATE',Fecha inválida: INVALID_DATE,2026-08-11
Ventas,VentaID=7091 Fecha='INVALID_DATE',Fecha inválida: INVALID_DATE,2026-08-11
Ventas,VentaID=7095 Fecha='INVALID_DATE',Fecha inválida: INVALID_DATE,2026-08-11
Ventas,VentaID=7099 Fecha='INVALID_DATE',Fecha inválida: INVALID_DATE,2026-08-11
Ventas,VentaID=7103 Fecha='INVALID_DATE',Fecha inválida: INVALID_DATE,2026-08-11
Ventas,VentaID=7107 Fecha='INVALID_DATE',Fecha inválida: INVALID_DATE,2026-08-11
Ventas,VentaID=7111 Fecha='INVALID_DATE',Fecha inválida: INVALID_DATE,2026-08-11
Ventas,VentaID=7115 Fecha='INVALID_DATE',Fecha inválida: INVALID_DATE,2026-08-11
Ventas,VentaID=7119 Fecha='INVALID_DATE',Fecha inválida: INVALID_DATE,2026-08-11
Ventas,VentaID=7123 Fecha='INVALID_DATE',Fecha inválida: INVALID_DATE,2026-08-11
Ventas,VentaID=7127 Fecha='INVALID_DATE',Fecha inválida: INVALID_DATE,2026-08-11
Ventas,VentaID=7131 Fecha='INVALID_DATE',Fecha inválida: INVALID_DATE,2026-08-11
Ventas,VentaID=7135 Fecha='INVALID_DATE',Fecha inválida: INVALID_DATE,2026-08-11
Ventas,VentaID=7139 Fecha='INVALID_DATE',Fecha inválida: INVALID_DATE,2026-08-11
Ventas,VentaID=7143 Fecha='INVALID_DATE',Fecha inválida: INVALID_DATE,2026-08-11
Ventas,VentaID=7147 Fecha='INVALID_DATE',Fecha inválida: INVALID_DATE,2026-08-11
Ventas,VentaID=7151 Fecha='INVALID_DATE',Fecha inválida: INVALID_DATE,2026-08-11
Ventas,VentaID=7155 Fecha='INVALID_DATE',Fecha inválida: INVALID_DATE,2026-08-11
Ventas,VentaID=7159 Fecha='INVALID_DATE',Fecha inválida: INVALID_DATE,2026-08-11
Ventas,VentaID=7163 Fecha='INVALID_DATE',Fecha inválida: INVALID_DATE,2026-08-11
Ventas,VentaID=7167 Fecha='INVALID_DATE',Fecha inválida: INVALID_DATE,2026-08-11
Ventas,VentaID=7171 Fecha='INVALID_DATE',Fecha inválida: INVALID_DATE,2026-08-11
Ventas,VentaID=7175 Fecha='INVALID_DATE',Fecha inválida: INVALID_DATE,2026-08-11
Ventas,VentaID=7179 Fecha='INVALID_DATE',Fecha inválida: INVALID_DATE,2026-08-11
Ventas,VentaID=7183 Fecha='INVALID_DATE',Fecha inválida: INVALID_DATE,2026-08-11
Ventas,VentaID=7187 Fecha='INVALID_DATE',Fecha inválida: INVALID_DATE,2026-08-11
Ventas,VentaID=7191 Fecha='INVALID_DATE',Fecha inválida: INVALID_DATE,2026-08-11
Ventas,VentaID=7195 Fecha='INVALID_DATE',Fecha inválida: INVALID_DATE,2026-08-11
Ventas,VentaID=7199 Fecha='INVALID_DATE',Fecha inválida: INVALID_DATE,2026-08-11
Ventas,VentaID=7203 Fecha='INVALID_DATE',Fecha inválida: INVALID_DATE,2026-08-11
Ventas,VentaID=7207 Fecha='INVALID_DATE',Fecha inválida: INVALID_DATE,2026-08-11
Ventas,VentaID=7211 Fecha='INVALID_DATE',Fecha inválida: INVALID_DATE,2026-08-11
Ventas,VentaID=7215 Fecha='INVALID_DATE',Fecha inválida: INVALID_DATE,2026-08-11
Ventas,VentaID=7219 Fecha='INVALID_DATE',Fecha inválida: INVALID_DATE,2026-08-11
Ventas,VentaID=7223 Fecha='INVALID_DATE',Fecha inválida: INVALID_DATE,2026-08-11
Ventas,VentaID=7227 Fecha='INVALID_DATE',Fecha inválida: INVALID_DATE,2026-08-11
Ventas,VentaID=7231 Fecha='INVALID_DATE',Fecha inválida: INVALID_DATE,2026-08-11
Ventas,VentaID=7235 Fecha='INVALID_DATE',Fecha inválida: INVALID_DATE,2026-08-11
Ventas,VentaID=7239 Fecha='INVALID_DATE',Fecha inválida: INVALID_DATE,2026-08-11
Ventas,VentaID=7243 Fecha='INVALID_DATE',Fecha inválida: INVALID_DATE,2026-08-11
Ventas,VentaID=7247 Fecha='INVALID_DATE',Fecha inválida: INVALID_DATE,2026-08-11
Ventas,VentaID=7251 Fecha='INVALID_DATE',Fecha inválida: INVALID_DATE,2026-08-11
Ventas,VentaID=7255 Fecha='INVALID_DATE',Fecha inválida: INVALID_DATE,2026-08-11
Ventas,VentaID=7259 Fecha='INVALID_DATE',Fecha inválida: INVALID_DATE,2026-08-11
Ventas,VentaID=7263 Fecha='INVALID_DATE',Fecha inválida: INVALID_DATE,2026-08-11
Ventas,VentaID=7267 Fecha='INVALID_DATE',Fecha inválida: INVALID_DATE,2026-08-11
Ventas,VentaID=7271 Fecha='INVALID_DATE',Fecha inválida: INVALID_DATE,2026-08-11
Ventas,VentaID=7275 Fecha='INVALID_DATE',Fecha inválida: INVALID_DATE,2026-08-11
Ventas,VentaID=7279 Fecha='INVALID_DATE',Fecha inválida: INVALID_DATE,2026-08-11
Ventas,VentaID=7283 Fecha='INVALID_DATE',Fecha inválida: INVALID_DATE,2026-08-11
Ventas,VentaID=7287 Fecha='INVALID_DATE',Fecha inválida: INVALID_DATE,2026-08-11
Ventas,VentaID=7291 Fecha='INVALID_DATE',Fecha inválida: INVALID_DATE,2026-08-11
Ventas,VentaID=7295 Fecha='INVALID_DATE',Fecha inválida: INVALID_DATE,2026-08-11
Ventas,VentaID=7299 Fecha='INVALID_DATE',Fecha inválida: INVALID_DATE,2026-08-11
Ventas,VentaID=7303 Fecha='INVALID_DATE',Fecha inválida: INVALID_DATE,2026-08-11
Ventas,VentaID=7307 Fecha='INVALID_DATE',Fecha inválida: INVALID_DATE,2026-08-11
Ventas,VentaID=7311 Fecha='INVALID_DATE',Fecha inválida: INVALID_DATE,2026-08-11
Ventas,VentaID=7315 Fecha='INVALID_DATE',Fecha inválida: INVALID_DATE,2026-08-11
Ventas,VentaID=7319 Fecha='INVALID_DATE',Fecha inválida: INVALID_DATE,2026-08-11
Ventas,VentaID=7323 Fecha='INVALID_DATE',Fecha inválida: INVALID_DATE,2026-08-11
Ventas,VentaID=7327 Fecha='INVALID_DATE',Fecha inválida: INVALID_DATE,2026-08-11
Ventas,VentaID=7331 Fecha='INVALID_DATE',Fecha inválida: INVALID_DATE,2026-08-11
Ventas,VentaID=7335 Fecha='INVALID_DATE',Fecha inválida: INVALID_DATE,2026-08-11
Ventas,VentaID=7339 Fecha='INVALID_DATE',Fecha inválida: INVALID_DATE,2026-08-11
Ventas,VentaID=7343 Fecha='INVALID_DATE',Fecha inválida: INVALID_DATE,2026-08-11
Ventas,VentaID=7347 Fecha='INVALID_DATE',Fecha inválida: INVALID_DATE,2026-08-11
Ventas,VentaID=7351 Fecha='INVALID_DATE',Fecha inválida: INVALID_DATE,2026-08-11
Ventas,VentaID=7355 Fecha='INVALID_DATE',Fecha inválida: INVALID_DATE,2026-08-11
Ventas,VentaID=7359 Fecha='INVALID_DATE',Fecha inválida: INVALID_DATE,2026-08-11
Ventas,VentaID=7363 Fecha='INVALID_DATE',Fecha inválida: INVALID_DATE,2026-08-11
Ventas,VentaID=7367 Fecha='INVALID_DATE',Fecha inválida: INVALID_DATE,2026-08-11
Ventas,VentaID=7371 Fecha='INVALID_DATE',Fecha inválida: INVALID_DATE,2026-08-11
Ventas,VentaID=7375 Fecha='INVALID_DATE',Fecha inválida: INVALID_DATE,2026-08-11
Ventas,VentaID=7379 Fecha='INVALID_DATE',Fecha inválida: INVALID_DATE,2026-08-11
Ventas,VentaID=7383 Fecha='INVALID_DATE',Fecha inválida: INVALID_DATE,2026-08-11
Ventas,VentaID=7387 Fecha='INVALID_DATE',Fecha inválida: INVALID_DATE,2026-08-11
Ventas,VentaID=7391 Fecha='INVALID_DATE',Fecha inválida: INVALID_DATE,2026-08-11
Ventas,VentaID=7395 Fecha='INVALID_DATE',Fecha inválida: INVALID_DATE,2026-08-11
Ventas,VentaID=7399 Fecha='INVALID_DATE',Fecha inválida: INVALID_DATE,2026-08-11
Ventas,VentaID=7403 Fecha='INVALID_DATE',Fecha inválida: INVALID_DATE,2026-08-11
Ventas,VentaID=7407 Fecha='INVALID_DATE',Fecha inválida: INVALID_DATE,2026-08-11
Ventas,VentaID=7411 Fecha='INVALID_DATE',Fecha inválida: INVALID_DATE,2026-08-11
Ventas,VentaID=7415 Fecha='INVALID_DATE',Fecha inválida: INVALID_DATE,2026-08-11
Ventas,VentaID=7419 Fecha='INVALID_DATE',Fecha inválida: INVALID_DATE,2026-08-11
Ventas,VentaID=7423 Fecha='INVALID_DATE',Fecha inválida: INVALID_DATE,2026-08-11
Ventas,VentaID=7427 Fecha='INVALID_DATE',Fecha inválida: INVALID_DATE,2026-08-11
Ventas,VentaID=7431 Fecha='INVALID_DATE',Fecha inválida: INVALID_DATE,2026-08-11
Ventas,VentaID=7435 Fecha='INVALID_DATE',Fecha inválida: INVALID_DATE,2026-08-11
Ventas,VentaID=7439 Fecha='INVALID_DATE',Fecha inválida: INVALID_DATE,2026-08-11
Ventas,VentaID=7443 Fecha='INVALID_DATE',Fecha inválida: INVALID_DATE,2026-08-11
Ventas,VentaID=7447 Fecha='INVALID_DATE',Fecha inválida: INVALID_DATE,2026-08-11
Ventas,VentaID=7451 Fecha='INVALID_DATE',Fecha inválida: INVALID_DATE,2026-08-11
Ventas,VentaID=7455 Fecha='INVALID_DATE',Fecha inválida: INVALID_DATE,2026-08-11
Ventas,VentaID=7459 Fecha='INVALID_DATE',Fecha inválida: INVALID_DATE,2026-08-11
Ventas,VentaID=7463 Fecha='INVALID_DATE',Fecha inválida: INVALID_DATE,2026-08-11
Ventas,VentaID=7467 Fecha='INVALID_DATE',Fecha inválida: INVALID_DATE,2026-08-11
Ventas,VentaID=7471 Fecha='INVALID_DATE',Fecha inválida: INVALID_DATE,2026-08-11
Ventas,VentaID=7475 Fecha='INVALID_DATE',Fecha inválida: INVALID_DATE,2026-08-11
Ventas,VentaID=7479 Fecha='INVALID_DATE',Fecha inválida: INVALID_DATE,2026-08-11
Ventas,VentaID=7483 Fecha='INVALID_DATE',Fecha inválida: INVALID_DATE,2026-08-11
Ventas,VentaID=7487 Fecha='INVALID_DATE',Fecha inválida: INVALID_DATE,2026-08-11
Ventas,VentaID=7491 Fecha='INVALID_DATE',Fecha inválida: INVALID_DATE,2026-08-11
Ventas,VentaID=7495 Fecha='INVALID_DATE',Fecha inválida: INVALID_DATE,2026-08-11
Ventas,VentaID=7499 Fecha='INVALID_DATE',Fecha inválida: INVALID_DATE,2026-08-11
Ventas,VentaID=7503 Fecha='INVALID_DATE',Fecha inválida: INVALID_DATE,2026-08-11
Ventas,VentaID=7507 Fecha='INVALID_DATE',Fecha inválida: INVALID_DATE,2026-08-11
Ventas,VentaID=7511 Fecha='INVALID_DATE',Fecha inválida: INVALID_DATE,2026-08-11
Ventas,VentaID=7515 Fecha='INVALID_DATE',Fecha inválida: INVALID_DATE,2026-08-11
Ventas,VentaID=7519 Fecha='INVALID_DATE',Fecha inválida: INVALID_DATE,2026-08-11
Ventas,VentaID=7523 Fecha='INVALID_DATE',Fecha inválida: INVALID_DATE,2026-08-11
Ventas,VentaID=7527 Fecha='INVALID_DATE',Fecha inválida: INVALID_DATE,2026-08-11
Ventas,VentaID=7531 Fecha='INVALID_DATE',Fecha inválida: INVALID_DATE,2026-08-11
Ventas,VentaID=7535 Fecha='INVALID_DATE',Fecha inválida: INVALID_DATE,2026-08-11
Ventas,VentaID=7539 Fecha='INVALID_DATE',Fecha inválida: INVALID_DATE,2026-08-11
Ventas,VentaID=7543 Fecha='INVALID_DATE',Fecha inválida: INVALID_DATE,2026-08-11
Ventas,VentaID=7547 Fecha='INVALID_DATE',Fecha inválida: INVALID_DATE,2026-08-11
Ventas,VentaID=7551 Fecha='INVALID_DATE',Fecha inválida: INVALID_DATE,2026-08-11
Ventas,VentaID=7555 Fecha='INVALID_DATE',Fecha inválida: INVALID_DATE,2026-08-11
Ventas,VentaID=7559 Fecha='INVALID_DATE',Fecha inválida: INVALID_DATE,2026-08-11
Ventas,VentaID=7563 Fecha='INVALID_DATE',Fecha inválida: INVALID_DATE,2026-08-11
Ventas,VentaID=7567 Fecha='INVALID_DATE',Fecha inválida: INVALID_DATE,2026-08-11
Ventas,VentaID=7571 Fecha='INVALID_DATE',Fecha inválida: INVALID_DATE,2026-08-11
Ventas,VentaID=7575 Fecha='INVALID_DATE',Fecha inválida: INVALID_DATE,2026-08-11
Ventas,VentaID=7579 Fecha='INVALID_DATE',Fecha inválida: INVALID_DATE,2026-08-11
Ventas,VentaID=7583 Fecha='INVALID_DATE',Fecha inválida: INVALID_DATE,2026-08-11
Ventas,VentaID=7587 Fecha='INVALID_DATE',Fecha inválida: INVALID_DATE,2026-08-11
Ventas,VentaID=7591 Fecha='INVALID_DATE',Fecha inválida: INVALID_DATE,2026-08-11
Ventas,VentaID=7595 Fecha='INVALID_DATE',Fecha inválida: INVALID_DATE,2026-08-11
Ventas,VentaID=7599 Fecha='INVALID_DATE',Fecha inválida: INVALID_DATE,2026-08-11
Ventas,VentaID=7603 Fecha='INVALID_DATE',Fecha inválida: INVALID_DATE,2026-08-11
Ventas,VentaID=7607 Fecha='INVALID_DATE',Fecha inválida: INVALID_DATE,2026-08-11
Ventas,VentaID=7611 Fecha='INVALID_DATE',Fecha inválida: INVALID_DATE,2026-08-11
Ventas,VentaID=7615 Fecha='INVALID_DATE',Fecha inválida: INVALID_DATE,2026-08-11
Ventas,VentaID=7619 Fecha='INVALID_DATE',Fecha inválida: INVALID_DATE,2026-08-11
Ventas,VentaID=7623 Fecha='INVALID_DATE',Fecha inválida: INVALID_DATE,2026-08-11
Ventas,VentaID=7627 Fecha='INVALID_DATE',Fecha inválida: INVALID_DATE,2026-08-11
Ventas,VentaID=7631 Fecha='INVALID_DATE',Fecha inválida: INVALID_DATE,2026-08-11
Ventas,VentaID=7635 Fecha='INVALID_DATE',Fecha inválida: INVALID_DATE,2026-08-11
Ventas,VentaID=7639 Fecha='INVALID_DATE',Fecha inválida: INVALID_DATE,2026-08-11
Ventas,VentaID=7643 Fecha='INVALID_DATE',Fecha inválida: INVALID_DATE,2026-08-11
Ventas,VentaID=7647 Fecha='INVALID_DATE',Fecha inválida: INVALID_DATE,2026-08-11
Ventas,VentaID=7651 Fecha='INVALID_DATE',Fecha inválida: INVALID_DATE,2026-08-11
Ventas,VentaID=7655 Fecha='INVALID_DATE',Fecha inválida: INVALID_DATE,2026-08-11
Ventas,VentaID=7659 Fecha='INVALID_DATE',Fecha inválida: INVALID_DATE,2026-08-11
Ventas,VentaID=7663 Fecha='INVALID_DATE',Fecha inválida: INVALID_DATE,2026-08-11
Ventas,VentaID=7667 Fecha='INVALID_DATE',Fecha inválida: INVALID_DATE,2026-08-11
Ventas,VentaID=7671 Fecha='INVALID_DATE',Fecha inválida: INVALID_DATE,2026-08-11
Ventas,VentaID=7675 Fecha='INVALID_DATE',Fecha inválida: INVALID_DATE,2026-08-11
Ventas,VentaID=7679 Fecha='INVALID_DATE',Fecha inválida: INVALID_DATE,2026-08-11
Ventas,VentaID=7683 Fecha='INVALID_DATE',Fecha inválida: INVALID_DATE,2026-08-11
Ventas,VentaID=7687 Fecha='INVALID_DATE',Fecha inválida: INVALID_DATE,2026-08-11
Ventas,VentaID=7691 Fecha='INVALID_DATE',Fecha inválida: INVALID_DATE,2026-08-11
Ventas,VentaID=7695 Fecha='INVALID_DATE',Fecha inválida: INVALID_DATE,2026-08-11
Ventas,VentaID=7699 Fecha='INVALID_DATE',Fecha inválida: INVALID_DATE,2026-08-11
Ventas,VentaID=7703 Fecha='INVALID_DATE',Fecha inválida: INVALID_DATE,2026-08-11
Ventas,VentaID=7707 Fecha='INVALID_DATE',Fecha inválida: INVALID_DATE,2026-08-11
Ventas,VentaID=7711 Fecha='INVALID_DATE',Fecha inválida: INVALID_DATE,2026-08-11
Ventas,VentaID=7715 Fecha='INVALID_DATE',Fecha inválida: INVALID_DATE,2026-08-11
Ventas,VentaID=7719 Fecha='INVALID_DATE',Fecha inválida: INVALID_DATE,2026-08-11
Ventas,VentaID=7723 Fecha='INVALID_DATE',Fecha inválida: INVALID_DATE,2026-08-11
Ventas,VentaID=7727 Fecha='INVALID_DATE',Fecha inválida: INVALID_DATE,2026-08-11
Ventas,VentaID=7731 Fecha='INVALID_DATE',Fecha inválida: INVALID_DATE,2026-08-11
Ventas,VentaID=7735 Fecha='INVALID_DATE',Fecha inválida: INVALID_DATE,2026-08-11
Ventas,VentaID=7739 Fecha='INVALID_DATE',Fecha inválida: INVALID_DATE,2026-08-11
Ventas,VentaID=7743 Fecha='INVALID_DATE',Fecha inválida: INVALID_DATE,2026-08-11
Ventas,VentaID=7747 Fecha='INVALID_DATE',Fecha inválida: INVALID_DATE,2026-08-11
Ventas,VentaID=7751 Fecha='INVALID_DATE',Fecha inválida: INVALID_DATE,2026-08-11
Ventas,VentaID=7755 Fecha='INVALID_DATE',Fecha inválida: INVALID_DATE,2026-08-11
Ventas,VentaID=7759 Fecha='INVALID_DATE',Fecha inválida: INVALID_DATE,2026-08-11
Ventas,VentaID=7763 Fecha='INVALID_DATE',Fecha inválida: INVALID_DATE,2026-08-11
Ventas,VentaID=7767 Fecha='INVALID_DATE',Fecha inválida: INVALID_DATE,2026-08-11
Ventas,VentaID=7771 Fecha='INVALID_DATE',Fecha inválida: INVALID_DATE,2026-08-11
Ventas,VentaID=7775 Fecha='INVALID_DATE',Fecha inválida: INVALID_DATE,2026-08-11
Ventas,VentaID=7779 Fecha='INVALID_DATE',Fecha inválida: INVALID_DATE,2026-08-11
Ventas,VentaID=7783 Fecha='INVALID_DATE',Fecha inválida: INVALID_DATE,2026-08-11
Ventas,VentaID=7787 Fecha='INVALID_DATE',Fecha inválida: INVALID_DATE,2026-08-11
Ventas,VentaID=7791 Fecha='INVALID_DATE',Fecha inválida: INVALID_DATE,2026-08-11
Ventas,VentaID=7795 Fecha='INVALID_DATE',Fecha inválida: INVALID_DATE,2026-08-11
Ventas,VentaID=7799 Fecha='INVALID_DATE',Fecha inválida: INVALID_DATE,2026-08-11
Ventas,VentaID=7803 Fecha='INVALID_DATE',Fecha inválida: INVALID_DATE,2026-08-11
Ventas,VentaID=7807 Fecha='INVALID_DATE',Fecha inválida: INVALID_DATE,2026-08-11
Ventas,VentaID=7811 Fecha='INVALID_DATE',Fecha inválida: INVALID_DATE,2026-08-11
Ventas,VentaID=7815 Fecha='INVALID_DATE',Fecha inválida: INVALID_DATE,2026-08-11
Ventas,VentaID=7819 Fecha='INVALID_DATE',Fecha inválida: INVALID_DATE,2026-08-11
Ventas,VentaID=7823 Fecha='INVALID_DATE',Fecha inválida: INVALID_DATE,2026-08-11
Ventas,VentaID=7827 Fecha='INVALID_DATE',Fecha inválida: INVALID_DATE,2026-08-11
Ventas,VentaID=7831 Fecha='INVALID_DATE',Fecha inválida: INVALID_DATE,2026-08-11
Ventas,VentaID=7835 Fecha='INVALID_DATE',Fecha inválida: INVALID_DATE,2026-08-11
Ventas,VentaID=7839 Fecha='INVALID_DATE',Fecha inválida: INVALID_DATE,2026-08-11
Ventas,VentaID=7843 Fecha='INVALID_DATE',Fecha inválida: INVALID_DATE,2026-08-11
Ventas,VentaID=7847 Fecha='INVALID_DATE',Fecha inválida: INVALID_DATE,2026-08-11
Ventas,VentaID=7851 Fecha='INVALID_DATE',Fecha inválida: INVALID_DATE,2026-08-11
Ventas,VentaID=7855 Fecha='INVALID_DATE',Fecha inválida: INVALID_DATE,2026-08-11
Ventas,VentaID=7859 Fecha='INVALID_DATE',Fecha inválida: INVALID_DATE,2026-08-11
Ventas,VentaID=7863 Fecha='INVALID_DATE',Fecha inválida: INVALID_DATE,2026-08-11
Ventas,VentaID=7867 Fecha='INVALID_DATE',Fecha inválida: INVALID_DATE,2026-08-11
Ventas,VentaID=7871 Fecha='INVALID_DATE',Fecha inválida: INVALID_DATE,2026-08-11
Ventas,VentaID=7875 Fecha='INVALID_DATE',Fecha inválida: INVALID_DATE,2026-08-11
Ventas,VentaID=7879 Fecha='INVALID_DATE',Fecha inválida: INVALID_DATE,2026-08-11
Ventas,VentaID=7883 Fecha='INVALID_DATE',Fecha inválida: INVALID_DATE,2026-08-11
Ventas,VentaID=7887 Fecha='INVALID_DATE',Fecha inválida: INVALID_DATE,2026-08-11
Ventas,VentaID=7891 Fecha='INVALID_DATE',Fecha inválida: INVALID_DATE,2026-08-11
Ventas,VentaID=7895 Fecha='INVALID_DATE',Fecha inválida: INVALID_DATE,2026-08-11
Ventas,VentaID=7899 Fecha='INVALID_DATE',Fecha inválida: INVALID_DATE,2026-08-11
Ventas,VentaID=7903 Fecha='INVALID_DATE',Fecha inválida: INVALID_DATE,2026-08-11
Ventas,VentaID=7907 Fecha='INVALID_DATE',Fecha inválida: INVALID_DATE,2026-08-11
Ventas,VentaID=7911 Fecha='INVALID_DATE',Fecha inválida: INVALID_DATE,2026-08-11
Ventas,VentaID=7915 Fecha='INVALID_DATE',Fecha inválida: INVALID_DATE,2026-08-11
Ventas,VentaID=7919 Fecha='INVALID_DATE',Fecha inválida: INVALID_DATE,2026-08-11
Ventas,VentaID=7923 Fecha='INVALID_DATE',Fecha inválida: INVALID_DATE,2026-08-11
Ventas,VentaID=7927 Fecha='INVALID_DATE',Fecha inválida: INVALID_DATE,2026-08-11
Ventas,VentaID=7931 Fecha='INVALID_DATE',Fecha inválida: INVALID_DATE,2026-08-11
Ventas,VentaID=7935 Fecha='INVALID_DATE',Fecha inválida: INVALID_DATE,2026-08-11
Ventas,VentaID=7939 Fecha='INVALID_DATE',Fecha inválida: INVALID_DATE,2026-08-11
Ventas,VentaID=7943 Fecha='INVALID_DATE',Fecha inválida: INVALID_DATE,2026-08-11
Ventas,VentaID=7947 Fecha='INVALID_DATE',Fecha inválida: INVALID_DATE,2026-08-11
Ventas,VentaID=7951 Fecha='INVALID_DATE',Fecha inválida: INVALID_DATE,2026-08-11
Ventas,VentaID=7955 Fecha='INVALID_DATE',Fecha inválida: INVALID_DATE,2026-08-11
Ventas,VentaID=7959 Fecha='INVALID_DATE',Fecha inválida: INVALID_DATE,2026-08-11
Ventas,VentaID=7963 Fecha='INVALID_DATE',Fecha inválida: INVALID_DATE,2026-08-11
Ventas,VentaID=7967 Fecha='INVALID_DATE',Fecha inválida: INVALID_DATE,2026-08-11
Ventas,VentaID=7971 Fecha='INVALID_DATE',Fecha inválida: INVALID_DATE,2026-08-11
Ventas,VentaID=7975 Fecha='INVALID_DATE',Fecha inválida: INVALID_DATE,2026-08-11
Ventas,VentaID=7979 Fecha='INVALID_DATE',Fecha inválida: INVALID_DATE,2026-08-11
Ventas,VentaID=7983 Fecha='INVALID_DATE',Fecha inválida: INVALID_DATE,2026-08-11
Ventas,VentaID=7987 Fecha='INVALID_DATE',Fecha inválida: INVALID_DATE,2026-08-11
Ventas,VentaID=7991 Fecha='INVALID_DATE',Fecha inválida: INVALID_DATE,2026-08-11
Ventas,VentaID=7995 Fecha='INVALID_DATE',Fecha inválida: INVALID_DATE,2026-08-11
Ventas,VentaID=7999 Fecha='INVALID_DATE',Fecha inválida: INVALID_DATE,2026-08-11
Ventas,VentaID=8003 Fecha='INVALID_DATE',Fecha inválida: INVALID_DATE,2026-08-11
Ventas,VentaID=8007 Fecha='INVALID_DATE',Fecha inválida: INVALID_DATE,2026-08-11
Ventas,VentaID=8011 Fecha='INVALID_DATE',Fecha inválida: INVALID_DATE,2026-08-11
Ventas,VentaID=8015 Fecha='INVALID_DATE',Fecha inválida: INVALID_DATE,2026-08-11
Ventas,VentaID=8019 Fecha='INVALID_DATE',Fecha inválida: INVALID_DATE,2026-08-11
Ventas,VentaID=8023 Fecha='INVALID_DATE',Fecha inválida: INVALID_DATE,2026-08-11
Ventas,VentaID=8027 Fecha='INVALID_DATE',Fecha inválida: INVALID_DATE,2026-08-11
Ventas,VentaID=8031 Fecha='INVALID_DATE',Fecha inválida: INVALID_DATE,2026-08-11
Ventas,VentaID=8035 Fecha='INVALID_DATE',Fecha inválida: INVALID_DATE,2026-08-11
Ventas,VentaID=8039 Fecha='INVALID_DATE',Fecha inválida: INVALID_DATE,2026-08-11
Ventas,VentaID=8043 Fecha='INVALID_DATE',Fecha inválida: INVALID_DATE,2026-08-11
Ventas,VentaID=8047 Fecha='INVALID_DATE',Fecha inválida: INVALID_DATE,2026-08-11
Ventas,VentaID=8051 Fecha='INVALID_DATE',Fecha inválida: INVALID_DATE,2026-08-11
Ventas,VentaID=8055 Fecha='INVALID_DATE',Fecha inválida: INVALID_DATE,2026-08-11
Ventas,VentaID=8059 Fecha='INVALID_DATE',Fecha inválida: INVALID_DATE,2026-08-11
Ventas,VentaID=8063 Fecha='INVALID_DATE',Fecha inválida: INVALID_DATE,2026-08-11
Ventas,VentaID=8067 Fecha='INVALID_DATE',Fecha inválida: INVALID_DATE,2026-08-11
Ventas,VentaID=8071 Fecha='INVALID_DATE',Fecha inválida: INVALID_DATE,2026-08-11
Ventas,VentaID=8075 Fecha='INVALID_DATE',Fecha inválida: INVALID_DATE,2026-08-11
Ventas,VentaID=8079 Fecha='INVALID_DATE',Fecha inválida: INVALID_DATE,2026-08-11
Ventas,VentaID=8083 Fecha='INVALID_DATE',Fecha inválida: INVALID_DATE,2026-08-11
Ventas,VentaID=8087 Fecha='INVALID_DATE',Fecha inválida: INVALID_DATE,2026-08-11
Ventas,VentaID=8091 Fecha='INVALID_DATE',Fecha inválida: INVALID_DATE,2026-08-11
Ventas,VentaID=8095 Fecha='INVALID_DATE',Fecha inválida: INVALID_DATE,2026-08-11
Ventas,VentaID=8099 Fecha='INVALID_DATE',Fecha inválida: INVALID_DATE,2026-08-11
Ventas,VentaID=8103 Fecha='INVALID_DATE',Fecha inválida: INVALID_DATE,2026-08-11
Ventas,VentaID=8107 Fecha='INVALID_DATE',Fecha inválida: INVALID_DATE,2026-08-11
Ventas,VentaID=8111 Fecha='INVALID_DATE',Fecha inválida: INVALID_DATE,2026-08-11
Ventas,VentaID=8115 Fecha='INVALID_DATE',Fecha inválida: INVALID_DATE,2026-08-11
Ventas,VentaID=8119 Fecha='INVALID_DATE',Fecha inválida: INVALID_DATE,2026-08-11
Ventas,VentaID=8123 Fecha='INVALID_DATE',Fecha inválida: INVALID_DATE,2026-08-11
Ventas,VentaID=8127 Fecha='INVALID_DATE',Fecha inválida: INVALID_DATE,2026-08-11
Ventas,VentaID=8131 Fecha='INVALID_DATE',Fecha inválida: INVALID_DATE,2026-08-11
Ventas,VentaID=8135 Fecha='INVALID_DATE',Fecha inválida: INVALID_DATE,2026-08-11
Ventas,VentaID=8139 Fecha='INVALID_DATE',Fecha inválida: INVALID_DATE,2026-08-11
Ventas,VentaID=8143 Fecha='INVALID_DATE',Fecha inválida: INVALID_DATE,2026-08-11
Ventas,VentaID=8147 Fecha='INVALID_DATE',Fecha inválida: INVALID_DATE,2026-08-11
Ventas,VentaID=8151 Fecha='INVALID_DATE',Fecha inválida: INVALID_DATE,2026-08-11
Ventas,VentaID=8155 Fecha='INVALID_DATE',Fecha inválida: INVALID_DATE,2026-08-11
Ventas,VentaID=8159 Fecha='INVALID_DATE',Fecha inválida: INVALID_DATE,2026-08-11
Ventas,VentaID=8163 Fecha='INVALID_DATE',Fecha inválida: INVALID_DATE,2026-08-11
Ventas,VentaID=8167 Fecha='INVALID_DATE',Fecha inválida: INVALID_DATE,2026-08-11
Ventas,VentaID=8171 Fecha='INVALID_DATE',Fecha inválida: INVALID_DATE,2026-08-11
Ventas,VentaID=8175 Fecha='INVALID_DATE',Fecha inválida: INVALID_DATE,2026-08-11
Ventas,VentaID=8179 Fecha='INVALID_DATE',Fecha inválida: INVALID_DATE,2026-08-11
Ventas,VentaID=8183 Fecha='INVALID_DATE',Fecha inválida: INVALID_DATE,2026-08-11
Ventas,VentaID=8187 Fecha='INVALID_DATE',Fecha inválida: INVALID_DATE,2026-08-11
Ventas,VentaID=8191 Fecha='INVALID_DATE',Fecha inválida: INVALID_DATE,2026-08-11
Ventas,VentaID=8195 Fecha='INVALID_DATE',Fecha inválida: INVALID_DATE,2026-08-11
Ventas,VentaID=8199 Fecha='INVALID_DATE',Fecha inválida: INVALID_DATE,2026-08-11
Ventas,VentaID=8203 Fecha='INVALID_DATE',Fecha inválida: INVALID_DATE,2026-08-11
Ventas,VentaID=8207 Fecha='INVALID_DATE',Fecha inválida: INVALID_DATE,2026-08-11
Ventas,VentaID=8211 Fecha='INVALID_DATE',Fecha inválida: INVALID_DATE,2026-08-11
Ventas,VentaID=8215 Fecha='INVALID_DATE',Fecha inválida: INVALID_DATE,2026-08-11
Ventas,VentaID=8219 Fecha='INVALID_DATE',Fecha inválida: INVALID_DATE,2026-08-11
Ventas,VentaID=8223 Fecha='INVALID_DATE',Fecha inválida: INVALID_DATE,2026-08-11
Ventas,VentaID=8227 Fecha='INVALID_DATE',Fecha inválida: INVALID_DATE,2026-08-11
Ventas,VentaID=8231 Fecha='INVALID_DATE',Fecha inválida: INVALID_DATE,2026-08-11
Ventas,VentaID=8235 Fecha='INVALID_DATE',Fecha inválida: INVALID_DATE,2026-08-11
Ventas,VentaID=8239 Fecha='INVALID_DATE',Fecha inválida: INVALID_DATE,2026-08-11
Ventas,VentaID=8243 Fecha='INVALID_DATE',Fecha inválida: INVALID_DATE,2026-08-11
Ventas,VentaID=8247 Fecha='INVALID_DATE',Fecha inválida: INVALID_DATE,2026-08-11
Ventas,VentaID=8251 Fecha='INVALID_DATE',Fecha inválida: INVALID_DATE,2026-08-11
Ventas,VentaID=8255 Fecha='INVALID_DATE',Fecha inválida: INVALID_DATE,2026-08-11
Ventas,VentaID=8259 Fecha='INVALID_DATE',Fecha inválida: INVALID_DATE,2026-08-11
Ventas,VentaID=8263 Fecha='INVALID_DATE',Fecha inválida: INVALID_DATE,2026-08-11
Ventas,VentaID=8267 Fecha='INVALID_DATE',Fecha inválida: INVALID_DATE,2026-08-11
Ventas,VentaID=8271 Fecha='INVALID_DATE',Fecha inválida: INVALID_DATE,2026-08-11
Ventas,VentaID=8275 Fecha='INVALID_DATE',Fecha inválida: INVALID_DATE,2026-08-11
Ventas,VentaID=8279 Fecha='INVALID_DATE',Fecha inválida: INVALID_DATE,2026-08-11
Ventas,VentaID=8283 Fecha='INVALID_DATE',Fecha inválida: INVALID_DATE,2026-08-11
Ventas,VentaID=8287 Fecha='INVALID_DATE',Fecha inválida: INVALID_DATE,2026-08-11
Ventas,VentaID=8291 Fecha='INVALID_DATE',Fecha inválida: INVALID_DATE,2026-08-11
Ventas,VentaID=8295 Fecha='INVALID_DATE',Fecha inválida: INVALID_DATE,2026-08-11
Ventas,VentaID=8299 Fecha='INVALID_DATE',Fecha inválida: INVALID_DATE,2026-08-11
Ventas,VentaID=8303 Fecha='INVALID_DATE',Fecha inválida: INVALID_DATE,2026-08-11
Ventas,VentaID=8307 Fecha='INVALID_DATE',Fecha inválida: INVALID_DATE,2026-08-11
Ventas,VentaID=8311 Fecha='INVALID_DATE',Fecha inválida: INVALID_DATE,2026-08-11
Ventas,VentaID=8315 Fecha='INVALID_DATE',Fecha inválida: INVALID_DATE,2026-08-11
Ventas,VentaID=8319 Fecha='INVALID_DATE',Fecha inválida: INVALID_DATE,2026-08-11
Ventas,VentaID=8323 Fecha='INVALID_DATE',Fecha inválida: INVALID_DATE,2026-08-11
Ventas,VentaID=8327 Fecha='INVALID_DATE',Fecha inválida: INVALID_DATE,2026-08-11
Ventas,VentaID=8331 Fecha='INVALID_DATE',Fecha inválida: INVALID_DATE,2026-08-11
Ventas,VentaID=8335 Fecha='INVALID_DATE',Fecha inválida: INVALID_DATE,2026-08-11
Ventas,VentaID=8339 Fecha='INVALID_DATE',Fecha inválida: INVALID_DATE,2026-08-11
Ventas,VentaID=8343 Fecha='INVALID_DATE',Fecha inválida: INVALID_DATE,2026-08-11
Ventas,VentaID=8347 Fecha='INVALID_DATE',Fecha inválida: INVALID_DATE,2026-08-11
Ventas,VentaID=8351 Fecha='INVALID_DATE',Fecha inválida: INVALID_DATE,2026-08-11
Ventas,VentaID=8355 Fecha='INVALID_DATE',Fecha inválida: INVALID_DATE,2026-08-11
Ventas,VentaID=8359 Fecha='INVALID_DATE',Fecha inválida: INVALID_DATE,2026-08-11
Ventas,VentaID=8363 Fecha='INVALID_DATE',Fecha inválida: INVALID_DATE,2026-08-11
Ventas,VentaID=8367 Fecha='INVALID_DATE',Fecha inválida: INVALID_DATE,2026-08-11
Ventas,VentaID=8371 Fecha='INVALID_DATE',Fecha inválida: INVALID_DATE,2026-08-11
Ventas,VentaID=8375 Fecha='INVALID_DATE',Fecha inválida: INVALID_DATE,2026-08-11
Ventas,VentaID=8379 Fecha='INVALID_DATE',Fecha inválida: INVALID_DATE,2026-08-11
Ventas,VentaID=8383 Fecha='INVALID_DATE',Fecha inválida: INVALID_DATE,2026-08-11
Ventas,VentaID=8387 Fecha='INVALID_DATE',Fecha inválida: INVALID_DATE,2026-08-11
Ventas,VentaID=8391 Fecha='INVALID_DATE',Fecha inválida: INVALID_DATE,2026-08-11
Ventas,VentaID=8395 Fecha='INVALID_DATE',Fecha inválida: INVALID_DATE,2026-08-11
Ventas,VentaID=8399 Fecha='INVALID_DATE',Fecha inválida: INVALID_DATE,2026-08-11
Ventas,VentaID=8403 Fecha='INVALID_DATE',Fecha inválida: INVALID_DATE,2026-08-11
Ventas,VentaID=8407 Fecha='INVALID_DATE',Fecha inválida: INVALID_DATE,2026-08-11
Ventas,VentaID=8411 Fecha='INVALID_DATE',Fecha inválida: INVALID_DATE,2026-08-11
Ventas,VentaID=8415 Fecha='INVALID_DATE',Fecha inválida: INVALID_DATE,2026-08-11
Ventas,VentaID=8419 Fecha='INVALID_DATE',Fecha inválida: INVALID_DATE,2026-08-11
Ventas,VentaID=8423 Fecha='INVALID_DATE',Fecha inválida: INVALID_DATE,2026-08-11
Ventas,VentaID=8427 Fecha='INVALID_DATE',Fecha inválida: INVALID_DATE,2026-08-11
Ventas,VentaID=8431 Fecha='INVALID_DATE',Fecha inválida: INVALID_DATE,2026-08-11
Ventas,VentaID=8435 Fecha='INVALID_DATE',Fecha inválida: INVALID_DATE,2026-08-11
Ventas,VentaID=8439 Fecha='INVALID_DATE',Fecha inválida: INVALID_DATE,2026-08-11
Ventas,VentaID=8443 Fecha='INVALID_DATE',Fecha inválida: INVALID_DATE,2026-08-11
Ventas,VentaID=8447 Fecha='INVALID_DATE',Fecha inválida: INVALID_DATE,2026-08-11
Ventas,VentaID=8451 Fecha='INVALID_DATE',Fecha inválida: INVALID_DATE,2026-08-11
Ventas,VentaID=8455 Fecha='INVALID_DATE',Fecha inválida: INVALID_DATE,2026-08-11
Ventas,VentaID=8459 Fecha='INVALID_DATE',Fecha inválida: INVALID_DATE,2026-08-11
Ventas,VentaID=8463 Fecha='INVALID_DATE',Fecha inválida: INVALID_DATE,2026-08-11
Ventas,VentaID=8467 Fecha='INVALID_DATE',Fecha inválida: INVALID_DATE,2026-08-11
Ventas,VentaID=8471 Fecha='INVALID_DATE',Fecha inválida: INVALID_DATE,2026-08-11
Ventas,VentaID=8475 Fecha='INVALID_DATE',Fecha inválida: INVALID_DATE,2026-08-11
Ventas,VentaID=8479 Fecha='INVALID_DATE',Fecha inválida: INVALID_DATE,2026-08-11
Ventas,VentaID=8483 Fecha='INVALID_DATE',Fecha inválida: INVALID_DATE,2026-08-11
Ventas,VentaID=8487 Fecha='INVALID_DATE',Fecha inválida: INVALID_DATE,2026-08-11
Ventas,VentaID=8491 Fecha='INVALID_DATE',Fecha inválida: INVALID_DATE,2026-08-11
Ventas,VentaID=8495 Fecha='INVALID_DATE',Fecha inválida: INVALID_DATE,2026-08-11
Ventas,VentaID=8499 Fecha='INVALID_DATE',Fecha inválida: INVALID_DATE,2026-08-11
Ventas,VentaID=8503 Fecha='INVALID_DATE',Fecha inválida: INVALID_DATE,2026-08-11
Ventas,VentaID=8507 Fecha='INVALID_DATE',Fecha inválida: INVALID_DATE,2026-08-11
Ventas,VentaID=8511 Fecha='INVALID_DATE',Fecha inválida: INVALID_DATE,2026-08-11
Ventas,VentaID=8515 Fecha='INVALID_DATE',Fecha inválida: INVALID_DATE,2026-08-11
Ventas,VentaID=8519 Fecha='INVALID_DATE',Fecha inválida: INVALID_DATE,2026-08-11
Ventas,VentaID=8523 Fecha='INVALID_DATE',Fecha inválida: INVALID_DATE,2026-08-11
Ventas,VentaID=8527 Fecha='INVALID_DATE',Fecha inválida: INVALID_DATE,2026-08-11
Ventas,VentaID=8531 Fecha='INVALID_DATE',Fecha inválida: INVALID_DATE,2026-08-11
Ventas,VentaID=8535 Fecha='INVALID_DATE',Fecha inválida: INVALID_DATE,2026-08-11
Ventas,VentaID=8539 Fecha='INVALID_DATE',Fecha inválida: INVALID_DATE,2026-08-11
Ventas,VentaID=8543 Fecha='INVALID_DATE',Fecha inválida: INVALID_DATE,2026-08-11
Ventas,VentaID=8547 Fecha='INVALID_DATE',Fecha inválida: INVALID_DATE,2026-08-11
Ventas,VentaID=8551 Fecha='INVALID_DATE',Fecha inválida: INVALID_DATE,2026-08-11
Ventas,VentaID=8555 Fecha='INVALID_DATE',Fecha inválida: INVALID_DATE,2026-08-11
Ventas,VentaID=8559 Fecha='INVALID_DATE',Fecha inválida: INVALID_DATE,2026-08-11
Ventas,VentaID=8563 Fecha='INVALID_DATE',Fecha inválida: INVALID_DATE,2026-08-11
Ventas,VentaID=8567 Fecha='INVALID_DATE',Fecha inválida: INVALID_DATE,2026-08-11
Ventas,VentaID=8571 Fecha='INVALID_DATE',Fecha inválida: INVALID_DATE,2026-08-11
Ventas,VentaID=8575 Fecha='INVALID_DATE',Fecha inválida: INVALID_DATE,2026-08-11
Ventas,VentaID=8579 Fecha='INVALID_DATE',Fecha inválida: INVALID_DATE,2026-08-11
Ventas,VentaID=8583 Fecha='INVALID_DATE',Fecha inválida: INVALID_DATE,2026-08-11
Ventas,VentaID=8587 Fecha='INVALID_DATE',Fecha inválida: INVALID_DATE,2026-08-11
Ventas,VentaID=8591 Fecha='INVALID_DATE',Fecha inválida: INVALID_DATE,2026-08-11
Ventas,VentaID=8595 Fecha='INVALID_DATE',Fecha inválida: INVALID_DATE,2026-08-11
Ventas,VentaID=8599 Fecha='INVALID_DATE',Fecha inválida: INVALID_DATE,2026-08-11
Ventas,VentaID=8603 Fecha='INVALID_DATE',Fecha inválida: INVALID_DATE,2026-08-11
Ventas,VentaID=8607 Fecha='INVALID_DATE',Fecha inválida: INVALID_DATE,2026-08-11
Ventas,VentaID=8611 Fecha='INVALID_DATE',Fecha inválida: INVALID_DATE,2026-08-11
Ventas,VentaID=8615 Fecha='INVALID_DATE',Fecha inválida: INVALID_DATE,2026-08-11
Ventas,VentaID=8619 Fecha='INVALID_DATE',Fecha inválida: INVALID_DATE,2026-08-11
Ventas,VentaID=8623 Fecha='INVALID_DATE',Fecha inválida: INVALID_DATE,2026-08-11
Ventas,VentaID=8627 Fecha='INVALID_DATE',Fecha inválida: INVALID_DATE,2026-08-11
Ventas,VentaID=8631 Fecha='INVALID_DATE',Fecha inválida: INVALID_DATE,2026-08-11
Ventas,VentaID=8635 Fecha='INVALID_DATE',Fecha inválida: INVALID_DATE,2026-08-11
Ventas,VentaID=8639 Fecha='INVALID_DATE',Fecha inválida: INVALID_DATE,2026-08-11
Ventas,VentaID=8643 Fecha='INVALID_DATE',Fecha inválida: INVALID_DATE,2026-08-11
Ventas,VentaID=8647 Fecha='INVALID_DATE',Fecha inválida: INVALID_DATE,2026-08-11
Ventas,VentaID=8651 Fecha='INVALID_DATE',Fecha inválida: INVALID_DATE,2026-08-11
Ventas,VentaID=8655 Fecha='INVALID_DATE',Fecha inválida: INVALID_DATE,2026-08-11
Ventas,VentaID=8659 Fecha='INVALID_DATE',Fecha inválida: INVALID_DATE,2026-08-11
Ventas,VentaID=8663 Fecha='INVALID_DATE',Fecha inválida: INVALID_DATE,2026-08-11
Ventas,VentaID=8667 Fecha='INVALID_DATE',Fecha inválida: INVALID_DATE,2026-08-11
Ventas,VentaID=8671 Fecha='INVALID_DATE',Fecha inválida: INVALID_DATE,2026-08-11
Ventas,VentaID=8675 Fecha='INVALID_DATE',Fecha inválida: INVALID_DATE,2026-08-11
Ventas,VentaID=8679 Fecha='INVALID_DATE',Fecha inválida: INVALID_DATE,2026-08-11
Ventas,VentaID=8683 Fecha='INVALID_DATE',Fecha inválida: INVALID_DATE,2026-08-11
Ventas,VentaID=8687 Fecha='INVALID_DATE',Fecha inválida: INVALID_DATE,2026-08-11
Ventas,VentaID=8691 Fecha='INVALID_DATE',Fecha inválida: INVALID_DATE,2026-08-11
Ventas,VentaID=8695 Fecha='INVALID_DATE',Fecha inválida: INVALID_DATE,2026-08-11
Ventas,VentaID=8699 Fecha='INVALID_DATE',Fecha inválida: INVALID_DATE,2026-08-11
Ventas,VentaID=8703 Fecha='INVALID_DATE',Fecha inválida: INVALID_DATE,2026-08-11
Ventas,VentaID=8707 Fecha='INVALID_DATE',Fecha inválida: INVALID_DATE,2026-08-11
Ventas,VentaID=8711 Fecha='INVALID_DATE',Fecha inválida: INVALID_DATE,2026-08-11
Ventas,VentaID=8715 Fecha='INVALID_DATE',Fecha inválida: INVALID_DATE,2026-08-11
Ventas,VentaID=8719 Fecha='INVALID_DATE',Fecha inválida: INVALID_DATE,2026-08-11
Ventas,VentaID=8723 Fecha='INVALID_DATE',Fecha inválida: INVALID_DATE,2026-08-11
Ventas,VentaID=8727 Fecha='INVALID_DATE',Fecha inválida: INVALID_DATE,2026-08-11
Ventas,VentaID=8731 Fecha='INVALID_DATE',Fecha inválida: INVALID_DATE,2026-08-11
Ventas,VentaID=8735 Fecha='INVALID_DATE',Fecha inválida: INVALID_DATE,2026-08-11
Ventas,VentaID=8739 Fecha='INVALID_DATE',Fecha inválida: INVALID_DATE,2026-08-11
Ventas,VentaID=8743 Fecha='INVALID_DATE',Fecha inválida: INVALID_DATE,2026-08-11
Ventas,VentaID=8747 Fecha='INVALID_DATE',Fecha inválida: INVALID_DATE,2026-08-11
Ventas,VentaID=8751 Fecha='INVALID_DATE',Fecha inválida: INVALID_DATE,2026-08-11
Ventas,VentaID=8755 Fecha='INVALID_DATE',Fecha inválida: INVALID_DATE,2026-08-11
Ventas,VentaID=8759 Fecha='INVALID_DATE',Fecha inválida: INVALID_DATE,2026-08-11
Ventas,VentaID=8763 Fecha='INVALID_DATE',Fecha inválida: INVALID_DATE,2026-08-11
Ventas,VentaID=8767 Fecha='INVALID_DATE',Fecha inválida: INVALID_DATE,2026-08-11
Ventas,VentaID=8771 Fecha='INVALID_DATE',Fecha inválida: INVALID_DATE,2026-08-11
Ventas,VentaID=8775 Fecha='INVALID_DATE',Fecha inválida: INVALID_DATE,2026-08-11
Ventas,VentaID=8779 Fecha='INVALID_DATE',Fecha inválida: INVALID_DATE,2026-08-11
Ventas,VentaID=8783 Fecha='INVALID_DATE',Fecha inválida: INVALID_DATE,2026-08-11
Ventas,VentaID=8787 Fecha='INVALID_DATE',Fecha inválida: INVALID_DATE,2026-08-11
Ventas,VentaID=8791 Fecha='INVALID_DATE',Fecha inválida: INVALID_DATE,2026-08-11
Ventas,VentaID=8795 Fecha='INVALID_DATE',Fecha inválida: INVALID_DATE,2026-08-11
Ventas,VentaID=8799 Fecha='INVALID_DATE',Fecha inválida: INVALID_DATE,2026-08-11
Ventas,VentaID=8803 Fecha='INVALID_DATE',Fecha inválida: INVALID_DATE,2026-08-11
Ventas,VentaID=8807 Fecha='INVALID_DATE',Fecha inválida: INVALID_DATE,2026-08-11
Ventas,VentaID=8811 Fecha='INVALID_DATE',Fecha inválida: INVALID_DATE,2026-08-11
Ventas,VentaID=8815 Fecha='INVALID_DATE',Fecha inválida: INVALID_DATE,2026-08-11
Ventas,VentaID=8819 Fecha='INVALID_DATE',Fecha inválida: INVALID_DATE,2026-08-11
Ventas,VentaID=8823 Fecha='INVALID_DATE',Fecha inválida: INVALID_DATE,2026-08-11
Ventas,VentaID=8827 Fecha='INVALID_DATE',Fecha inválida: INVALID_DATE,2026-08-11
Ventas,VentaID=8831 Fecha='INVALID_DATE',Fecha inválida: INVALID_DATE,2026-08-11
Ventas,VentaID=8835 Fecha='INVALID_DATE',Fecha inválida: INVALID_DATE,2026-08-11
Ventas,VentaID=8839 Fecha='INVALID_DATE',Fecha inválida: INVALID_DATE,2026-08-11
Ventas,VentaID=8843 Fecha='INVALID_DATE',Fecha inválida: INVALID_DATE,2026-08-11
Ventas,VentaID=8847 Fecha='INVALID_DATE',Fecha inválida: INVALID_DATE,2026-08-11
Ventas,VentaID=8851 Fecha='INVALID_DATE',Fecha inválida: INVALID_DATE,2026-08-11
Ventas,VentaID=8855 Fecha='INVALID_DATE',Fecha inválida: INVALID_DATE,2026-08-11
Ventas,VentaID=8859 Fecha='INVALID_DATE',Fecha inválida: INVALID_DATE,2026-08-11
Ventas,VentaID=8863 Fecha='INVALID_DATE',Fecha inválida: INVALID_DATE,2026-08-11
Ventas,VentaID=8867 Fecha='INVALID_DATE',Fecha inválida: INVALID_DATE,2026-08-11
Ventas,VentaID=8871 Fecha='INVALID_DATE',Fecha inválida: INVALID_DATE,2026-08-11
Ventas,VentaID=8875 Fecha='INVALID_DATE',Fecha inválida: INVALID_DATE,2026-08-11
Ventas,VentaID=8879 Fecha='INVALID_DATE',Fecha inválida: INVALID_DATE,2026-08-11
Ventas,VentaID=8883 Fecha='INVALID_DATE',Fecha inválida: INVALID_DATE,2026-08-11
Ventas,VentaID=8887 Fecha='INVALID_DATE',Fecha inválida: INVALID_DATE,2026-08-11
Ventas,VentaID=8891 Fecha='INVALID_DATE',Fecha inválida: INVALID_DATE,2026-08-11
Ventas,VentaID=8895 Fecha='INVALID_DATE',Fecha inválida: INVALID_DATE,2026-08-11
Ventas,VentaID=8899 Fecha='INVALID_DATE',Fecha inválida: INVALID_DATE,2026-08-11
Ventas,VentaID=8903 Fecha='INVALID_DATE',Fecha inválida: INVALID_DATE,2026-08-11
Ventas,VentaID=8907 Fecha='INVALID_DATE',Fecha inválida: INVALID_DATE,2026-08-11
Ventas,VentaID=8911 Fecha='INVALID_DATE',Fecha inválida: INVALID_DATE,2026-08-11
Ventas,VentaID=8915 Fecha='INVALID_DATE',Fecha inválida: INVALID_DATE,2026-08-11
Ventas,VentaID=8919 Fecha='INVALID_DATE',Fecha inválida: INVALID_DATE,2026-08-11
Ventas,VentaID=8923 Fecha='INVALID_DATE',Fecha inválida: INVALID_DATE,2026-08-11
Ventas,VentaID=8927 Fecha='INVALID_DATE',Fecha inválida: INVALID_DATE,2026-08-11
Ventas,VentaID=8931 Fecha='INVALID_DATE',Fecha inválida: INVALID_DATE,2026-08-11
Ventas,VentaID=8935 Fecha='INVALID_DATE',Fecha inválida: INVALID_DATE,2026-08-11
Ventas,VentaID=8939 Fecha='INVALID_DATE',Fecha inválida: INVALID_DATE,2026-08-11
Ventas,VentaID=8943 Fecha='INVALID_DATE',Fecha inválida: INVALID_DATE,2026-08-11
Ventas,VentaID=8947 Fecha='INVALID_DATE',Fecha inválida: INVALID_DATE,2026-08-11
Ventas,VentaID=8951 Fecha='INVALID_DATE',Fecha inválida: INVALID_DATE,2026-08-11
Ventas,VentaID=8955 Fecha='INVALID_DATE',Fecha inválida: INVALID_DATE,2026-08-11
Ventas,VentaID=8959 Fecha='INVALID_DATE',Fecha inválida: INVALID_DATE,2026-08-11
Ventas,VentaID=8963 Fecha='INVALID_DATE',Fecha inválida: INVALID_DATE,2026-08-11
Ventas,VentaID=8967 Fecha='INVALID_DATE',Fecha inválida: INVALID_DATE,2026-08-11
Ventas,VentaID=8971 Fecha='INVALID_DATE',Fecha inválida: INVALID_DATE,2026-08-11
Ventas,VentaID=8975 Fecha='INVALID_DATE',Fecha inválida: INVALID_DATE,2026-08-11
Ventas,VentaID=8979 Fecha='INVALID_DATE',Fecha inválida: INVALID_DATE,2026-08-11
Ventas,VentaID=8983 Fecha='INVALID_DATE',Fecha inválida: INVALID_DATE,2026-08-11
Ventas,VentaID=8987 Fecha='INVALID_DATE',Fecha inválida: INVALID_DATE,2026-08-11
Ventas,VentaID=8991 Fecha='INVALID_DATE',Fecha inválida: INVALID_DATE,2026-08-11
Ventas,VentaID=8995 Fecha='INVALID_DATE',Fecha inválida: INVALID_DATE,2026-08-11
Ventas,VentaID=8999 Fecha='INVALID_DATE',Fecha inválida: INVALID_DATE,2026-08-11
Ventas,VentaID=9003 Fecha='INVALID_DATE',Fecha inválida: INVALID_DATE,2026-08-11
Ventas,VentaID=9007 Fecha='INVALID_DATE',Fecha inválida: INVALID_DATE,2026-08-11
Ventas,VentaID=9011 Fecha='INVALID_DATE',Fecha inválida: INVALID_DATE,2026-08-11
Ventas,VentaID=9015 Fecha='INVALID_DATE',Fecha inválida: INVALID_DATE,2026-08-11
Ventas,VentaID=9019 Fecha='INVALID_DATE',Fecha inválida: INVALID_DATE,2026-08-11
Ventas,VentaID=9023 Fecha='INVALID_DATE',Fecha inválida: INVALID_DATE,2026-08-11
Ventas,VentaID=9027 Fecha='INVALID_DATE',Fecha inválida: INVALID_DATE,2026-08-11
Ventas,VentaID=9031 Fecha='INVALID_DATE',Fecha inválida: INVALID_DATE,2026-08-11
Ventas,VentaID=9035 Fecha='INVALID_DATE',Fecha inválida: INVALID_DATE,2026-08-11
Ventas,VentaID=9039 Fecha='INVALID_DATE',Fecha inválida: INVALID_DATE,2026-08-11
Ventas,VentaID=9043 Fecha='INVALID_DATE',Fecha inválida: INVALID_DATE,2026-08-11
Ventas,VentaID=9047 Fecha='INVALID_DATE',Fecha inválida: INVALID_DATE,2026-08-11
Ventas,VentaID=9051 Fecha='INVALID_DATE',Fecha inválida: INVALID_DATE,2026-08-11
Ventas,VentaID=9055 Fecha='INVALID_DATE',Fecha inválida: INVALID_DATE,2026-08-11
Ventas,VentaID=9059 Fecha='INVALID_DATE',Fecha inválida: INVALID_DATE,2026-08-11
Ventas,VentaID=9063 Fecha='INVALID_DATE',Fecha inválida: INVALID_DATE,2026-08-11
Ventas,VentaID=9067 Fecha='INVALID_DATE',Fecha inválida: INVALID_DATE,2026-08-11
Ventas,VentaID=9071 Fecha='INVALID_DATE',Fecha inválida: INVALID_DATE,2026-08-11
Ventas,VentaID=9075 Fecha='INVALID_DATE',Fecha inválida: INVALID_DATE,2026-08-11
Ventas,VentaID=9079 Fecha='INVALID_DATE',Fecha inválida: INVALID_DATE,2026-08-11
Ventas,VentaID=9083 Fecha='INVALID_DATE',Fecha inválida: INVALID_DATE,2026-08-11
Ventas,VentaID=9087 Fecha='INVALID_DATE',Fecha inválida: INVALID_DATE,2026-08-11
Ventas,VentaID=9091 Fecha='INVALID_DATE',Fecha inválida: INVALID_DATE,2026-08-11
Ventas,VentaID=9095 Fecha='INVALID_DATE',Fecha inválida: INVALID_DATE,2026-08-11
Ventas,VentaID=9099 Fecha='INVALID_DATE',Fecha inválida: INVALID_DATE,2026-08-11
Ventas,VentaID=9103 Fecha='INVALID_DATE',Fecha inválida: INVALID_DATE,2026-08-11
Ventas,VentaID=9107 Fecha='INVALID_DATE',Fecha inválida: INVALID_DATE,2026-08-11
Ventas,VentaID=9111 Fecha='INVALID_DATE',Fecha inválida: INVALID_DATE,2026-08-11
Ventas,VentaID=9115 Fecha='INVALID_DATE',Fecha inválida: INVALID_DATE,2026-08-11
Ventas,VentaID=9119 Fecha='INVALID_DATE',Fecha inválida: INVALID_DATE,2026-08-11
Ventas,VentaID=9123 Fecha='INVALID_DATE',Fecha inválida: INVALID_DATE,2026-08-11
Ventas,VentaID=9127 Fecha='INVALID_DATE',Fecha inválida: INVALID_DATE,2026-08-11
Ventas,VentaID=9131 Fecha='INVALID_DATE',Fecha inválida: INVALID_DATE,2026-08-11
Ventas,VentaID=9135 Fecha='INVALID_DATE',Fecha inválida: INVALID_DATE,2026-08-11
Ventas,VentaID=9139 Fecha='INVALID_DATE',Fecha inválida: INVALID_DATE,2026-08-11
Ventas,VentaID=9143 Fecha='INVALID_DATE',Fecha inválida: INVALID_DATE,2026-08-11
Ventas,VentaID=9147 Fecha='INVALID_DATE',Fecha inválida: INVALID_DATE,2026-08-11
Ventas,VentaID=9151 Fecha='INVALID_DATE',Fecha inválida: INVALID_DATE,2026-08-11
Ventas,VentaID=9155 Fecha='INVALID_DATE',Fecha inválida: INVALID_DATE,2026-08-11
Ventas,VentaID=9159 Fecha='INVALID_DATE',Fecha inválida: INVALID_DATE,2026-08-11
Ventas,VentaID=9163 Fecha='INVALID_DATE',Fecha inválida: INVALID_DATE,2026-08-11
Ventas,VentaID=9167 Fecha='INVALID_DATE',Fecha inválida: INVALID_DATE,2026-08-11
Ventas,VentaID=9171 Fecha='INVALID_DATE',Fecha inválida: INVALID_DATE,2026-08-11
Ventas,VentaID=9175 Fecha='INVALID_DATE',Fecha inválida: INVALID_DATE,2026-08-11
Ventas,VentaID=9179 Fecha='INVALID_DATE',Fecha inválida: INVALID_DATE,2026-08-11
Ventas,VentaID=9183 Fecha='INVALID_DATE',Fecha inválida: INVALID_DATE,2026-08-11
Ventas,VentaID=9187 Fecha='INVALID_DATE',Fecha inválida: INVALID_DATE,2026-08-11
Ventas,VentaID=9191 Fecha='INVALID_DATE',Fecha inválida: INVALID_DATE,2026-08-11
Ventas,VentaID=9195 Fecha='INVALID_DATE',Fecha inválida: INVALID_DATE,2026-08-11
Ventas,VentaID=9199 Fecha='INVALID_DATE',Fecha inválida: INVALID_DATE,2026-08-11
Ventas,VentaID=9203 Fecha='INVALID_DATE',Fecha inválida: INVALID_DATE,2026-08-11
Ventas,VentaID=9207 Fecha='INVALID_DATE',Fecha inválida: INVALID_DATE,2026-08-11
Ventas,VentaID=9211 Fecha='INVALID_DATE',Fecha inválida: INVALID_DATE,2026-08-11
Ventas,VentaID=9215 Fecha='INVALID_DATE',Fecha inválida: INVALID_DATE,2026-08-11
Ventas,VentaID=9219 Fecha='INVALID_DATE',Fecha inválida: INVALID_DATE,2026-08-11
Ventas,VentaID=9223 Fecha='INVALID_DATE',Fecha inválida: INVALID_DATE,2026-08-11
Ventas,VentaID=9227 Fecha='INVALID_DATE',Fecha inválida: INVALID_DATE,2026-08-11
Ventas,VentaID=9231 Fecha='INVALID_DATE',Fecha inválida: INVALID_DATE,2026-08-11
Ventas,VentaID=9235 Fecha='INVALID_DATE',Fecha inválida: INVALID_DATE,2026-08-11
Ventas,VentaID=9239 Fecha='INVALID_DATE',Fecha inválida: INVALID_DATE,2026-08-11
Ventas,VentaID=9243 Fecha='INVALID_DATE',Fecha inválida: INVALID_DATE,2026-08-11
Ventas,VentaID=9247 Fecha='INVALID_DATE',Fecha inválida: INVALID_DATE,2026-08-11
Ventas,VentaID=9251 Fecha='INVALID_DATE',Fecha inválida: INVALID_DATE,2026-08-11
Ventas,VentaID=9255 Fecha='INVALID_DATE',Fecha inválida: INVALID_DATE,2026-08-11
Ventas,VentaID=9259 Fecha='INVALID_DATE',Fecha inválida: INVALID_DATE,2026-08-11
Ventas,VentaID=9263 Fecha='INVALID_DATE',Fecha inválida: INVALID_DATE,2026-08-11
Ventas,VentaID=9267 Fecha='INVALID_DATE',Fecha inválida: INVALID_DATE,2026-08-11
Ventas,VentaID=9271 Fecha='INVALID_DATE',Fecha inválida: INVALID_DATE,2026-08-11
Ventas,VentaID=9275 Fecha='INVALID_DATE',Fecha inválida: INVALID_DATE,2026-08-11
Ventas,VentaID=9279 Fecha='INVALID_DATE',Fecha inválida: INVALID_DATE,2026-08-11
Ventas,VentaID=9283 Fecha='INVALID_DATE',Fecha inválida: INVALID_DATE,2026-08-11
Ventas,VentaID=9287 Fecha='INVALID_DATE',Fecha inválida: INVALID_DATE,2026-08-11
Ventas,VentaID=9291 Fecha='INVALID_DATE',Fecha inválida: INVALID_DATE,2026-08-11
Ventas,VentaID=9295 Fecha='INVALID_DATE',Fecha inválida: INVALID_DATE,2026-08-11
Ventas,VentaID=9299 Fecha='INVALID_DATE',Fecha inválida: INVALID_DATE,2026-08-11
Ventas,VentaID=9303 Fecha='INVALID_DATE',Fecha inválida: INVALID_DATE,2026-08-11
Ventas,VentaID=9307 Fecha='INVALID_DATE',Fecha inválida: INVALID_DATE,2026-08-11
Ventas,VentaID=9311 Fecha='INVALID_DATE',Fecha inválida: INVALID_DATE,2026-08-11
Ventas,VentaID=9315 Fecha='INVALID_DATE',Fecha inválida: INVALID_DATE,2026-08-11
Ventas,VentaID=9319 Fecha='INVALID_DATE',Fecha inválida: INVALID_DATE,2026-08-11
Ventas,VentaID=9323 Fecha='INVALID_DATE',Fecha inválida: INVALID_DATE,2026-08-11
Ventas,VentaID=9327 Fecha='INVALID_DATE',Fecha inválida: INVALID_DATE,2026-08-11
Ventas,VentaID=9331 Fecha='INVALID_DATE',Fecha inválida: INVALID_DATE,2026-08-11
Ventas,VentaID=9335 Fecha='INVALID_DATE',Fecha inválida: INVALID_DATE,2026-08-11
Ventas,VentaID=9339 Fecha='INVALID_DATE',Fecha inválida: INVALID_DATE,2026-08-11
Ventas,VentaID=9343 Fecha='INVALID_DATE',Fecha inválida: INVALID_DATE,2026-08-11
Ventas,VentaID=9347 Fecha='INVALID_DATE',Fecha inválida: INVALID_DATE,2026-08-11
Ventas,VentaID=9351 Fecha='INVALID_DATE',Fecha inválida: INVALID_DATE,2026-08-11
Ventas,VentaID=9355 Fecha='INVALID_DATE',Fecha inválida: INVALID_DATE,2026-08-11
Ventas,VentaID=9359 Fecha='INVALID_DATE',Fecha inválida: INVALID_DATE,2026-08-11
Ventas,VentaID=9363 Fecha='INVALID_DATE',Fecha inválida: INVALID_DATE,2026-08-11
Ventas,VentaID=9367 Fecha='INVALID_DATE',Fecha inválida: INVALID_DATE,2026-08-11
Ventas,VentaID=9371 Fecha='INVALID_DATE',Fecha inválida: INVALID_DATE,2026-08-11
Ventas,VentaID=9375 Fecha='INVALID_DATE',Fecha inválida: INVALID_DATE,2026-08-11
Ventas,VentaID=9379 Fecha='INVALID_DATE',Fecha inválida: INVALID_DATE,2026-08-11
Ventas,VentaID=9383 Fecha='INVALID_DATE',Fecha inválida: INVALID_DATE,2026-08-11
Ventas,VentaID=9387 Fecha='INVALID_DATE',Fecha inválida: INVALID_DATE,2026-08-11
Ventas,VentaID=9391 Fecha='INVALID_DATE',Fecha inválida: INVALID_DATE,2026-08-11
Ventas,VentaID=9395 Fecha='INVALID_DATE',Fecha inválida: INVALID_DATE,2026-08-11
Ventas,VentaID=9399 Fecha='INVALID_DATE',Fecha inválida: INVALID_DATE,2026-08-11
Ventas,VentaID=9403 Fecha='INVALID_DATE',Fecha inválida: INVALID_DATE,2026-08-11
Ventas,VentaID=9407 Fecha='INVALID_DATE',Fecha inválida: INVALID_DATE,2026-08-11
Ventas,VentaID=9411 Fecha='INVALID_DATE',Fecha inválida: INVALID_DATE,2026-08-11
Ventas,VentaID=9415 Fecha='INVALID_DATE',Fecha inválida: INVALID_DATE,2026-08-11
Ventas,VentaID=9419 Fecha='INVALID_DATE',Fecha inválida: INVALID_DATE,2026-08-11
Ventas,VentaID=9423 Fecha='INVALID_DATE',Fecha inválida: INVALID_DATE,2026-08-11
Ventas,VentaID=9427 Fecha='INVALID_DATE',Fecha inválida: INVALID_DATE,2026-08-11
Ventas,VentaID=9431 Fecha='INVALID_DATE',Fecha inválida: INVALID_DATE,2026-08-11
Ventas,VentaID=9435 Fecha='INVALID_DATE',Fecha inválida: INVALID_DATE,2026-08-11
Ventas,VentaID=9439 Fecha='INVALID_DATE',Fecha inválida: INVALID_DATE,2026-08-11
Ventas,VentaID=9443 Fecha='INVALID_DATE',Fecha inválida: INVALID_DATE,2026-08-11
Ventas,VentaID=9447 Fecha='INVALID_DATE',Fecha inválida: INVALID_DATE,2026-08-11
Ventas,VentaID=9451 Fecha='INVALID_DATE',Fecha inválida: INVALID_DATE,2026-08-11
Ventas,VentaID=9455 Fecha='INVALID_DATE',Fecha inválida: INVALID_DATE,2026-08-11
Ventas,VentaID=9459 Fecha='INVALID_DATE',Fecha inválida: INVALID_DATE,2026-08-11
Ventas,VentaID=9463 Fecha='INVALID_DATE',Fecha inválida: INVALID_DATE,2026-08-11
Ventas,VentaID=9467 Fecha='INVALID_DATE',Fecha inválida: INVALID_DATE,2026-08-11
Ventas,VentaID=9471 Fecha='INVALID_DATE',Fecha inválida: INVALID_DATE,2026-08-11
Ventas,VentaID=9475 Fecha='INVALID_DATE',Fecha inválida: INVALID_DATE,2026-08-11
Ventas,VentaID=9479 Fecha='INVALID_DATE',Fecha inválida: INVALID_DATE,2026-08-11
Ventas,VentaID=9483 Fecha='INVALID_DATE',Fecha inválida: INVALID_DATE,2026-08-11
Ventas,VentaID=9487 Fecha='INVALID_DATE',Fecha inválida: INVALID_DATE,2026-08-11
Ventas,VentaID=9491 Fecha='INVALID_DATE',Fecha inválida: INVALID_DATE,2026-08-11
Ventas,VentaID=9495 Fecha='INVALID_DATE',Fecha inválida: INVALID_DATE,2026-08-11
Ventas,VentaID=9499 Fecha='INVALID_DATE',Fecha inválida: INVALID_DATE,2026-08-11
Ventas,VentaID=9503 Fecha='INVALID_DATE',Fecha inválida: INVALID_DATE,2026-08-11
Ventas,VentaID=9507 Fecha='INVALID_DATE',Fecha inválida: INVALID_DATE,2026-08-11
Ventas,VentaID=9511 Fecha='INVALID_DATE',Fecha inválida: INVALID_DATE,2026-08-11
Ventas,VentaID=9515 Fecha='INVALID_DATE',Fecha inválida: INVALID_DATE,2026-08-11
Ventas,VentaID=9519 Fecha='INVALID_DATE',Fecha inválida: INVALID_DATE,2026-08-11
Ventas,VentaID=9523 Fecha='INVALID_DATE',Fecha inválida: INVALID_DATE,2026-08-11
Ventas,VentaID=9527 Fecha='INVALID_DATE',Fecha inválida: INVALID_DATE,2026-08-11
Ventas,VentaID=9531 Fecha='INVALID_DATE',Fecha inválida: INVALID_DATE,2026-08-11
Ventas,VentaID=9535 Fecha='INVALID_DATE',Fecha inválida: INVALID_DATE,2026-08-11
Ventas,VentaID=9539 Fecha='INVALID_DATE',Fecha inválida: INVALID_DATE,2026-08-11
Ventas,VentaID=9543 Fecha='INVALID_DATE',Fecha inválida: INVALID_DATE,2026-08-11
Ventas,VentaID=9547 Fecha='INVALID_DATE',Fecha inválida: INVALID_DATE,2026-08-11
Ventas,VentaID=9551 Fecha='INVALID_DATE',Fecha inválida: INVALID_DATE,2026-08-11
Ventas,VentaID=9555 Fecha='INVALID_DATE',Fecha inválida: INVALID_DATE,2026-08-11
Ventas,VentaID=9559 Fecha='INVALID_DATE',Fecha inválida: INVALID_DATE,2026-08-11
Ventas,VentaID=9563 Fecha='INVALID_DATE',Fecha inválida: INVALID_DATE,2026-08-11
Ventas,VentaID=9567 Fecha='INVALID_DATE',Fecha inválida: INVALID_DATE,2026-08-11
Ventas,VentaID=9571 Fecha='INVALID_DATE',Fecha inválida: INVALID_DATE,2026-08-11
Ventas,VentaID=9575 Fecha='INVALID_DATE',Fecha inválida: INVALID_DATE,2026-08-11
Ventas,VentaID=9579 Fecha='INVALID_DATE',Fecha inválida: INVALID_DATE,2026-08-11
Ventas,VentaID=9583 Fecha='INVALID_DATE',Fecha inválida: INVALID_DATE,2026-08-11
Ventas,VentaID=9587 Fecha='INVALID_DATE',Fecha inválida: INVALID_DATE,2026-08-11
Ventas,VentaID=9591 Fecha='INVALID_DATE',Fecha inválida: INVALID_DATE,2026-08-11
Ventas,VentaID=9595 Fecha='INVALID_DATE',Fecha inválida: INVALID_DATE,2026-08-11
Ventas,VentaID=9599 Fecha='INVALID_DATE',Fecha inválida: INVALID_DATE,2026-08-11
Ventas,VentaID=9603 Fecha='INVALID_DATE',Fecha inválida: INVALID_DATE,2026-08-11
Ventas,VentaID=9607 Fecha='INVALID_DATE',Fecha inválida: INVALID_DATE,2026-08-11
Ventas,VentaID=9611 Fecha='INVALID_DATE',Fecha inválida: INVALID_DATE,2026-08-11
Ventas,VentaID=9615 Fecha='INVALID_DATE',Fecha inválida: INVALID_DATE,2026-08-11
Ventas,VentaID=9619 Fecha='INVALID_DATE',Fecha inválida: INVALID_DATE,2026-08-11
Ventas,VentaID=9623 Fecha='INVALID_DATE',Fecha inválida: INVALID_DATE,2026-08-11
Ventas,VentaID=9627 Fecha='INVALID_DATE',Fecha inválida: INVALID_DATE,2026-08-11
Ventas,VentaID=9631 Fecha='INVALID_DATE',Fecha inválida: INVALID_DATE,2026-08-11
Ventas,VentaID=9635 Fecha='INVALID_DATE',Fecha inválida: INVALID_DATE,2026-08-11
Ventas,VentaID=9639 Fecha='INVALID_DATE',Fecha inválida: INVALID_DATE,2026-08-11
Ventas,VentaID=9643 Fecha='INVALID_DATE',Fecha inválida: INVALID_DATE,2026-08-11
Ventas,VentaID=9647 Fecha='INVALID_DATE',Fecha inválida: INVALID_DATE,2026-08-11
Ventas,VentaID=9651 Fecha='INVALID_DATE',Fecha inválida: INVALID_DATE,2026-08-11
Ventas,VentaID=9655 Fecha='INVALID_DATE',Fecha inválida: INVALID_DATE,2026-08-11
Ventas,VentaID=9659 Fecha='INVALID_DATE',Fecha inválida: INVALID_DATE,2026-08-11
Ventas,VentaID=9663 Fecha='INVALID_DATE',Fecha inválida: INVALID_DATE,2026-08-11
Ventas,VentaID=9667 Fecha='INVALID_DATE',Fecha inválida: INVALID_DATE,2026-08-11
Ventas,VentaID=9671 Fecha='INVALID_DATE',Fecha inválida: INVALID_DATE,2026-08-11
Ventas,VentaID=9675 Fecha='INVALID_DATE',Fecha inválida: INVALID_DATE,2026-08-11
Ventas,VentaID=9679 Fecha='INVALID_DATE',Fecha inválida: INVALID_DATE,2026-08-11
Ventas,VentaID=9683 Fecha='INVALID_DATE',Fecha inválida: INVALID_DATE,2026-08-11
Ventas,VentaID=9687 Fecha='INVALID_DATE',Fecha inválida: INVALID_DATE,2026-08-11
Ventas,VentaID=9691 Fecha='INVALID_DATE',Fecha inválida: INVALID_DATE,2026-08-11
Ventas,VentaID=9695 Fecha='INVALID_DATE',Fecha inválida: INVALID_DATE,2026-08-11
Ventas,VentaID=9699 Fecha='INVALID_DATE',Fecha inválida: INVALID_DATE,2026-08-11
Ventas,VentaID=9703 Fecha='INVALID_DATE',Fecha inválida: INVALID_DATE,2026-08-11
Ventas,VentaID=9707 Fecha='INVALID_DATE',Fecha inválida: INVALID_DATE,2026-08-11
Ventas,VentaID=9711 Fecha='INVALID_DATE',Fecha inválida: INVALID_DATE,2026-08-11
Ventas,VentaID=9715 Fecha='INVALID_DATE',Fecha inválida: INVALID_DATE,2026-08-11
Ventas,VentaID=9719 Fecha='INVALID_DATE',Fecha inválida: INVALID_DATE,2026-08-11
Ventas,VentaID=9723 Fecha='INVALID_DATE',Fecha inválida: INVALID_DATE,2026-08-11
Ventas,VentaID=9727 Fecha='INVALID_DATE',Fecha inválida: INVALID_DATE,2026-08-11
Ventas,VentaID=9731 Fecha='INVALID_DATE',Fecha inválida: INVALID_DATE,2026-08-11
Ventas,VentaID=9735 Fecha='INVALID_DATE',Fecha inválida: INVALID_DATE,2026-08-11
Ventas,VentaID=9739 Fecha='INVALID_DATE',Fecha inválida: INVALID_DATE,2026-08-11
Ventas,VentaID=9743 Fecha='INVALID_DATE',Fecha inválida: INVALID_DATE,2026-08-11
Ventas,VentaID=9747 Fecha='INVALID_DATE',Fecha inválida: INVALID_DATE,2026-08-11
Ventas,VentaID=9751 Fecha='INVALID_DATE',Fecha inválida: INVALID_DATE,2026-08-11
Ventas,VentaID=9755 Fecha='INVALID_DATE',Fecha inválida: INVALID_DATE,2026-08-11
Ventas,VentaID=9759 Fecha='INVALID_DATE',Fecha inválida: INVALID_DATE,2026-08-11
Ventas,VentaID=9763 Fecha='INVALID_DATE',Fecha inválida: INVALID_DATE,2026-08-11
Ventas,VentaID=9767 Fecha='INVALID_DATE',Fecha inválida: INVALID_DATE,2026-08-11
Ventas,VentaID=9771 Fecha='INVALID_DATE',Fecha inválida: INVALID_DATE,2026-08-11
Ventas,VentaID=9775 Fecha='INVALID_DATE',Fecha inválida: INVALID_DATE,2026-08-11
Ventas,VentaID=9779 Fecha='INVALID_DATE',Fecha inválida: INVALID_DATE,2026-08-11
Ventas,VentaID=9783 Fecha='INVALID_DATE',Fecha inválida: INVALID_DATE,2026-08-11
Ventas,VentaID=9787 Fecha='INVALID_DATE',Fecha inválida: INVALID_DATE,2026-08-11
Ventas,VentaID=9791 Fecha='INVALID_DATE',Fecha inválida: INVALID_DATE,2026-08-11
Ventas,VentaID=9795 Fecha='INVALID_DATE',Fecha inválida: INVALID_DATE,2026-08-11
Ventas,VentaID=9799 Fecha='INVALID_DATE',Fecha inválida: INVALID_DATE,2026-08-11
Ventas,VentaID=9803 Fecha='INVALID_DATE',Fecha inválida: INVALID_DATE,2026-08-11
Ventas,VentaID=9807 Fecha='INVALID_DATE',Fecha inválida: INVALID_DATE,2026-08-11
Ventas,VentaID=9811 Fecha='INVALID_DATE',Fecha inválida: INVALID_DATE,2026-08-11
Ventas,VentaID=9815 Fecha='INVALID_DATE',Fecha inválida: INVALID_DATE,2026-08-11
Ventas,VentaID=9819 Fecha='INVALID_DATE',Fecha inválida: INVALID_DATE,2026-08-11
Ventas,VentaID=9823 Fecha='INVALID_DATE',Fecha inválida: INVALID_DATE,2026-08-11
Ventas,VentaID=9827 Fecha='INVALID_DATE',Fecha inválida: INVALID_DATE,2026-08-11
Ventas,VentaID=9831 Fecha='INVALID_DATE',Fecha inválida: INVALID_DATE,2026-08-11
Ventas,VentaID=9835 Fecha='INVALID_DATE',Fecha inválida: INVALID_DATE,2026-08-11
Ventas,VentaID=9839 Fecha='INVALID_DATE',Fecha inválida: INVALID_DATE,2026-08-11
Ventas,VentaID=9843 Fecha='INVALID_DATE',Fecha inválida: INVALID_DATE,2026-08-11
Ventas,VentaID=9847 Fecha='INVALID_DATE',Fecha inválida: INVALID_DATE,2026-08-11
Ventas,VentaID=9851 Fecha='INVALID_DATE',Fecha inválida: INVALID_DATE,2026-08-11
Ventas,VentaID=9855 Fecha='INVALID_DATE',Fecha inválida: INVALID_DATE,2026-08-11
Ventas,VentaID=9859 Fecha='INVALID_DATE',Fecha inválida: INVALID_DATE,2026-08-11
Ventas,VentaID=9863 Fecha='INVALID_DATE',Fecha inválida: INVALID_DATE,2026-08-11
Ventas,VentaID=9867 Fecha='INVALID_DATE',Fecha inválida: INVALID_DATE,2026-08-11
Ventas,VentaID=9871 Fecha='INVALID_DATE',Fecha inválida: INVALID_DATE,2026-08-11
Ventas,VentaID=9875 Fecha='INVALID_DATE',Fecha inválida: INVALID_DATE,2026-08-11
Ventas,VentaID=9879 Fecha='INVALID_DATE',Fecha inválida: INVALID_DATE,2026-08-11
Ventas,VentaID=9883 Fecha='INVALID_DATE',Fecha inválida: INVALID_DATE,2026-08-11
Ventas,VentaID=9887 Fecha='INVALID_DATE',Fecha inválida: INVALID_DATE,2026-08-11
Ventas,VentaID=9891 Fecha='INVALID_DATE',Fecha inválida: INVALID_DATE,2026-08-11
Ventas,VentaID=9895 Fecha='INVALID_DATE',Fecha inválida: INVALID_DATE,2026-08-11
Ventas,VentaID=9899 Fecha='INVALID_DATE',Fecha inválida: INVALID_DATE,2026-08-11
Ventas,VentaID=9903 Fecha='INVALID_DATE',Fecha inválida: INVALID_DATE,2026-08-11
Ventas,VentaID=9907 Fecha='INVALID_DATE',Fecha inválida: INVALID_DATE,2026-08-11
Ventas,VentaID=9911 Fecha='INVALID_DATE',Fecha inválida: INVALID_DATE,2026-08-11
Ventas,VentaID=9915 Fecha='INVALID_DATE',Fecha inválida: INVALID_DATE,2026-08-11
Ventas,VentaID=9919 Fecha='INVALID_DATE',Fecha inválida: INVALID_DATE,2026-08-11
Ventas,VentaID=9923 Fecha='INVALID_DATE',Fecha inválida: INVALID_DATE,2026-08-11
Ventas,VentaID=9927 Fecha='INVALID_DATE',Fecha inválida: INVALID_DATE,2026-08-11
Ventas,VentaID=9931 Fecha='INVALID_DATE',Fecha inválida: INVALID_DATE,2026-08-11
Ventas,VentaID=9935 Fecha='INVALID_DATE',Fecha inválida: INVALID_DATE,2026-08-11
Ventas,VentaID=9939 Fecha='INVALID_DATE',Fecha inválida: INVALID_DATE,2026-08-11
Ventas,VentaID=9943 Fecha='INVALID_DATE',Fecha inválida: INVALID_DATE,2026-08-11
Ventas,VentaID=9947 Fecha='INVALID_DATE',Fecha inválida: INVALID_DATE,2026-08-11
Ventas,VentaID=9951 Fecha='INVALID_DATE',Fecha inválida: INVALID_DATE,2026-08-11
Ventas,VentaID=9955 Fecha='INVALID_DATE',Fecha inválida: INVALID_DATE,2026-08-11
Ventas,VentaID=9959 Fecha='INVALID_DATE',Fecha inválida: INVALID_DATE,2026-08-11
Ventas,VentaID=9963 Fecha='INVALID_DATE',Fecha inválida: INVALID_DATE,2026-08-11
Ventas,VentaID=9967 Fecha='INVALID_DATE',Fecha inválida: INVALID_DATE,2026-08-11
Ventas,VentaID=9971 Fecha='INVALID_DATE',Fecha inválida: INVALID_DATE,2026-08-11
Ventas,VentaID=9975 Fecha='INVALID_DATE',Fecha inválida: INVALID_DATE,2026-08-11
Ventas,VentaID=9979 Fecha='INVALID_DATE',Fecha inválida: INVALID_DATE,2026-08-11
Ventas,VentaID=9983 Fecha='INVALID_DATE',Fecha inválida: INVALID_DATE,2026-08-11
Ventas,VentaID=9987 Fecha='INVALID_DATE',Fecha inválida: INVALID_DATE,2026-08-11
Ventas,VentaID=9991 Fecha='INVALID_DATE',Fecha inválida: INVALID_DATE,2026-08-11
Ventas,VentaID=9995 Fecha='INVALID_DATE',Fecha inválida: INVALID_DATE,2026-08-11
Ventas,VentaID=9999 Fecha='INVALID_DATE',Fecha inválida: INVALID_DATE,2026-08-11
Ventas,VentaID=33 MontoTotal_Raw='NULL',MontoTotal_Raw nulo o vacío: NULL,2026-08-11
Ventas,VentaID=50 MontoTotal_Raw='-150.00 €',MontoTotal_Raw negativo: -150.00 €,2026-08-11
Ventas,VentaID=66 MontoTotal_Raw='NULL',MontoTotal_Raw nulo o vacío: NULL,2026-08-11
Ventas,VentaID=99 MontoTotal_Raw='NULL',MontoTotal_Raw nulo o vacío: NULL,2026-08-11
Ventas,VentaID=100 MontoTotal_Raw='-150.00 €',MontoTotal_Raw negativo: -150.00 €,2026-08-11
Ventas,VentaID=132 MontoTotal_Raw='NULL',MontoTotal_Raw nulo o vacío: NULL,2026-08-11
Ventas,VentaID=150 MontoTotal_Raw='-150.00 €',MontoTotal_Raw negativo: -150.00 €,2026-08-11
Ventas,VentaID=165 MontoTotal_Raw='NULL',MontoTotal_Raw nulo o vacío: NULL,2026-08-11
Ventas,VentaID=198 MontoTotal_Raw='NULL',MontoTotal_Raw nulo o vacío: NULL,2026-08-11
Ventas,VentaID=200 MontoTotal_Raw='-150.00 €',MontoTotal_Raw negativo: -150.00 €,2026-08-11
Ventas,VentaID=231 MontoTotal_Raw='NULL',MontoTotal_Raw nulo o vacío: NULL,2026-08-11
Ventas,VentaID=250 MontoTotal_Raw='-150.00 €',MontoTotal_Raw negativo: -150.00 €,2026-08-11
Ventas,VentaID=264 MontoTotal_Raw='NULL',MontoTotal_Raw nulo o vacío: NULL,2026-08-11
Ventas,VentaID=297 MontoTotal_Raw='NULL',MontoTotal_Raw nulo o vacío: NULL,2026-08-11
Ventas,VentaID=300 MontoTotal_Raw='-150.00 €',MontoTotal_Raw negativo: -150.00 €,2026-08-11
Ventas,VentaID=330 MontoTotal_Raw='NULL',MontoTotal_Raw nulo o vacío: NULL,2026-08-11
Ventas,VentaID=350 MontoTotal_Raw='-150.00 €',MontoTotal_Raw negativo: -150.00 €,2026-08-11
Ventas,VentaID=363 MontoTotal_Raw='NULL',MontoTotal_Raw nulo o vacío: NULL,2026-08-11
Ventas,VentaID=396 MontoTotal_Raw='NULL',MontoTotal_Raw nulo o vacío: NULL,2026-08-11
Ventas,VentaID=400 MontoTotal_Raw='-150.00 €',MontoTotal_Raw negativo: -150.00 €,2026-08-11
Ventas,VentaID=429 MontoTotal_Raw='NULL',MontoTotal_Raw nulo o vacío: NULL,2026-08-11
Ventas,VentaID=450 MontoTotal_Raw='-150.00 €',MontoTotal_Raw negativo: -150.00 €,2026-08-11
Ventas,VentaID=462 MontoTotal_Raw='NULL',MontoTotal_Raw nulo o vacío: NULL,2026-08-11
Ventas,VentaID=495 MontoTotal_Raw='NULL',MontoTotal_Raw nulo o vacío: NULL,2026-08-11
Ventas,VentaID=500 MontoTotal_Raw='-150.00 €',MontoTotal_Raw negativo: -150.00 €,2026-08-11
Ventas,VentaID=528 MontoTotal_Raw='NULL',MontoTotal_Raw nulo o vacío: NULL,2026-08-11
Ventas,VentaID=550 MontoTotal_Raw='-150.00 €',MontoTotal_Raw negativo: -150.00 €,2026-08-11
Ventas,VentaID=561 MontoTotal_Raw='NULL',MontoTotal_Raw nulo o vacío: NULL,2026-08-11
Ventas,VentaID=594 MontoTotal_Raw='NULL',MontoTotal_Raw nulo o vacío: NULL,2026-08-11
Ventas,VentaID=600 MontoTotal_Raw='-150.00 €',MontoTotal_Raw negativo: -150.00 €,2026-08-11
Ventas,VentaID=627 MontoTotal_Raw='NULL',MontoTotal_Raw nulo o vacío: NULL,2026-08-11
Ventas,VentaID=650 MontoTotal_Raw='-150.00 €',MontoTotal_Raw negativo: -150.00 €,2026-08-11
Ventas,VentaID=660 MontoTotal_Raw='NULL',MontoTotal_Raw nulo o vacío: NULL,2026-08-11
Ventas,VentaID=693 MontoTotal_Raw='NULL',MontoTotal_Raw nulo o vacío: NULL,2026-08-11
Ventas,VentaID=700 MontoTotal_Raw='-150.00 €',MontoTotal_Raw negativo: -150.00 €,2026-08-11
Ventas,VentaID=726 MontoTotal_Raw='NULL',MontoTotal_Raw nulo o vacío: NULL,2026-08-11
Ventas,VentaID=750 MontoTotal_Raw='-150.00 €',MontoTotal_Raw negativo: -150.00 €,2026-08-11
Ventas,VentaID=759 MontoTotal_Raw='NULL',MontoTotal_Raw nulo o vacío: NULL,2026-08-11
Ventas,VentaID=792 MontoTotal_Raw='NULL',MontoTotal_Raw nulo o vacío: NULL,2026-08-11
Ventas,VentaID=800 MontoTotal_Raw='-150.00 €',MontoTotal_Raw negativo: -150.00 €,2026-08-11
Ventas,VentaID=825 MontoTotal_Raw='NULL',MontoTotal_Raw nulo o vacío: NULL,2026-08-11
Ventas,VentaID=850 MontoTotal_Raw='-150.00 €',MontoTotal_Raw negativo: -150.00 €,2026-08-11
Ventas,VentaID=858 MontoTotal_Raw='NULL',MontoTotal_Raw nulo o vacío: NULL,2026-08-11
Ventas,VentaID=891 MontoTotal_Raw='NULL',MontoTotal_Raw nulo o vacío: NULL,2026-08-11
Ventas,VentaID=900 MontoTotal_Raw='-150.00 €',MontoTotal_Raw negativo: -150.00 €,2026-08-11
Ventas,VentaID=924 MontoTotal_Raw='NULL',MontoTotal_Raw nulo o vacío: NULL,2026-08-11
Ventas,VentaID=950 MontoTotal_Raw='-150.00 €',MontoTotal_Raw negativo: -150.00 €,2026-08-11
Ventas,VentaID=957 MontoTotal_Raw='NULL',MontoTotal_Raw nulo o vacío: NULL,2026-08-11
Ventas,VentaID=990 MontoTotal_Raw='NULL',MontoTotal_Raw nulo o vacío: NULL,2026-08-11
Ventas,VentaID=1000 MontoTotal_Raw='-150.00 €',MontoTotal_Raw negativo: -150.00 €,2026-08-11
Ventas,VentaID=1023 MontoTotal_Raw='NULL',MontoTotal_Raw nulo o vacío: NULL,2026-08-11
Ventas,VentaID=1050 MontoTotal_Raw='-150.00 €',MontoTotal_Raw negativo: -150.00 €,2026-08-11
Ventas,VentaID=1056 MontoTotal_Raw='NULL',MontoTotal_Raw nulo o vacío: NULL,2026-08-11
Ventas,VentaID=1089 MontoTotal_Raw='NULL',MontoTotal_Raw nulo o vacío: NULL,2026-08-11
Ventas,VentaID=1100 MontoTotal_Raw='-150.00 €',MontoTotal_Raw negativo: -150.00 €,2026-08-11
Ventas,VentaID=1122 MontoTotal_Raw='NULL',MontoTotal_Raw nulo o vacío: NULL,2026-08-11
Ventas,VentaID=1150 MontoTotal_Raw='-150.00 €',MontoTotal_Raw negativo: -150.00 €,2026-08-11
Ventas,VentaID=1155 MontoTotal_Raw='NULL',MontoTotal_Raw nulo o vacío: NULL,2026-08-11
Ventas,VentaID=1188 MontoTotal_Raw='NULL',MontoTotal_Raw nulo o vacío: NULL,2026-08-11
Ventas,VentaID=1200 MontoTotal_Raw='-150.00 €',MontoTotal_Raw negativo: -150.00 €,2026-08-11
Ventas,VentaID=1221 MontoTotal_Raw='NULL',MontoTotal_Raw nulo o vacío: NULL,2026-08-11
Ventas,VentaID=1250 MontoTotal_Raw='-150.00 €',MontoTotal_Raw negativo: -150.00 €,2026-08-11
Ventas,VentaID=1254 MontoTotal_Raw='NULL',MontoTotal_Raw nulo o vacío: NULL,2026-08-11
Ventas,VentaID=1287 MontoTotal_Raw='NULL',MontoTotal_Raw nulo o vacío: NULL,2026-08-11
Ventas,VentaID=1300 MontoTotal_Raw='-150.00 €',MontoTotal_Raw negativo: -150.00 €,2026-08-11
Ventas,VentaID=1320 MontoTotal_Raw='NULL',MontoTotal_Raw nulo o vacío: NULL,2026-08-11
Ventas,VentaID=1350 MontoTotal_Raw='-150.00 €',MontoTotal_Raw negativo: -150.00 €,2026-08-11
Ventas,VentaID=1353 MontoTotal_Raw='NULL',MontoTotal_Raw nulo o vacío: NULL,2026-08-11
Ventas,VentaID=1386 MontoTotal_Raw='NULL',MontoTotal_Raw nulo o vacío: NULL,2026-08-11
Ventas,VentaID=1400 MontoTotal_Raw='-150.00 €',MontoTotal_Raw negativo: -150.00 €,2026-08-11
Ventas,VentaID=1419 MontoTotal_Raw='NULL',MontoTotal_Raw nulo o vacío: NULL,2026-08-11
Ventas,VentaID=1450 MontoTotal_Raw='-150.00 €',MontoTotal_Raw negativo: -150.00 €,2026-08-11
Ventas,VentaID=1452 MontoTotal_Raw='NULL',MontoTotal_Raw nulo o vacío: NULL,2026-08-11
Ventas,VentaID=1485 MontoTotal_Raw='NULL',MontoTotal_Raw nulo o vacío: NULL,2026-08-11
Ventas,VentaID=1500 MontoTotal_Raw='-150.00 €',MontoTotal_Raw negativo: -150.00 €,2026-08-11
Ventas,VentaID=1518 MontoTotal_Raw='NULL',MontoTotal_Raw nulo o vacío: NULL,2026-08-11
Ventas,VentaID=1550 MontoTotal_Raw='-150.00 €',MontoTotal_Raw negativo: -150.00 €,2026-08-11
Ventas,VentaID=1551 MontoTotal_Raw='NULL',MontoTotal_Raw nulo o vacío: NULL,2026-08-11
Ventas,VentaID=1584 MontoTotal_Raw='NULL',MontoTotal_Raw nulo o vacío: NULL,2026-08-11
Ventas,VentaID=1600 MontoTotal_Raw='-150.00 €',MontoTotal_Raw negativo: -150.00 €,2026-08-11
Ventas,VentaID=1617 MontoTotal_Raw='NULL',MontoTotal_Raw nulo o vacío: NULL,2026-08-11
Ventas,VentaID=1650 MontoTotal_Raw='-150.00 €',MontoTotal_Raw negativo: -150.00 €,2026-08-11
Ventas,VentaID=1683 MontoTotal_Raw='NULL',MontoTotal_Raw nulo o vacío: NULL,2026-08-11
Ventas,VentaID=1700 MontoTotal_Raw='-150.00 €',MontoTotal_Raw negativo: -150.00 €,2026-08-11
Ventas,VentaID=1716 MontoTotal_Raw='NULL',MontoTotal_Raw nulo o vacío: NULL,2026-08-11
Ventas,VentaID=1749 MontoTotal_Raw='NULL',MontoTotal_Raw nulo o vacío: NULL,2026-08-11
Ventas,VentaID=1750 MontoTotal_Raw='-150.00 €',MontoTotal_Raw negativo: -150.00 €,2026-08-11
Ventas,VentaID=1782 MontoTotal_Raw='NULL',MontoTotal_Raw nulo o vacío: NULL,2026-08-11
Ventas,VentaID=1800 MontoTotal_Raw='-150.00 €',MontoTotal_Raw negativo: -150.00 €,2026-08-11
Ventas,VentaID=1815 MontoTotal_Raw='NULL',MontoTotal_Raw nulo o vacío: NULL,2026-08-11
Ventas,VentaID=1848 MontoTotal_Raw='NULL',MontoTotal_Raw nulo o vacío: NULL,2026-08-11
Ventas,VentaID=1850 MontoTotal_Raw='-150.00 €',MontoTotal_Raw negativo: -150.00 €,2026-08-11
Ventas,VentaID=1881 MontoTotal_Raw='NULL',MontoTotal_Raw nulo o vacío: NULL,2026-08-11
Ventas,VentaID=1900 MontoTotal_Raw='-150.00 €',MontoTotal_Raw negativo: -150.00 €,2026-08-11
Ventas,VentaID=1914 MontoTotal_Raw='NULL',MontoTotal_Raw nulo o vacío: NULL,2026-08-11
Ventas,VentaID=1947 MontoTotal_Raw='NULL',MontoTotal_Raw nulo o vacío: NULL,2026-08-11
Ventas,VentaID=1950 MontoTotal_Raw='-150.00 €',MontoTotal_Raw negativo: -150.00 €,2026-08-11
Ventas,VentaID=1980 MontoTotal_Raw='NULL',MontoTotal_Raw nulo o vacío: NULL,2026-08-11
Ventas,VentaID=2000 MontoTotal_Raw='-150.00 €',MontoTotal_Raw negativo: -150.00 €,2026-08-11
Ventas,VentaID=2013 MontoTotal_Raw='NULL',MontoTotal_Raw nulo o vacío: NULL,2026-08-11
Ventas,VentaID=2046 MontoTotal_Raw='NULL',MontoTotal_Raw nulo o vacío: NULL,2026-08-11
Ventas,VentaID=2050 MontoTotal_Raw='-150.00 €',MontoTotal_Raw negativo: -150.00 €,2026-08-11
Ventas,VentaID=2079 MontoTotal_Raw='NULL',MontoTotal_Raw nulo o vacío: NULL,2026-08-11
Ventas,VentaID=2100 MontoTotal_Raw='-150.00 €',MontoTotal_Raw negativo: -150.00 €,2026-08-11
Ventas,VentaID=2112 MontoTotal_Raw='NULL',MontoTotal_Raw nulo o vacío: NULL,2026-08-11
Ventas,VentaID=2145 MontoTotal_Raw='NULL',MontoTotal_Raw nulo o vacío: NULL,2026-08-11
Ventas,VentaID=2150 MontoTotal_Raw='-150.00 €',MontoTotal_Raw negativo: -150.00 €,2026-08-11
Ventas,VentaID=2178 MontoTotal_Raw='NULL',MontoTotal_Raw nulo o vacío: NULL,2026-08-11
Ventas,VentaID=2200 MontoTotal_Raw='-150.00 €',MontoTotal_Raw negativo: -150.00 €,2026-08-11
Ventas,VentaID=2211 MontoTotal_Raw='NULL',MontoTotal_Raw nulo o vacío: NULL,2026-08-11
Ventas,VentaID=2244 MontoTotal_Raw='NULL',MontoTotal_Raw nulo o vacío: NULL,2026-08-11
Ventas,VentaID=2250 MontoTotal_Raw='-150.00 €',MontoTotal_Raw negativo: -150.00 €,2026-08-11
Ventas,VentaID=2277 MontoTotal_Raw='NULL',MontoTotal_Raw nulo o vacío: NULL,2026-08-11
Ventas,VentaID=2300 MontoTotal_Raw='-150.00 €',MontoTotal_Raw negativo: -150.00 €,2026-08-11
Ventas,VentaID=2310 MontoTotal_Raw='NULL',MontoTotal_Raw nulo o vacío: NULL,2026-08-11
Ventas,VentaID=2343 MontoTotal_Raw='NULL',MontoTotal_Raw nulo o vacío: NULL,2026-08-11
Ventas,VentaID=2350 MontoTotal_Raw='-150.00 €',MontoTotal_Raw negativo: -150.00 €,2026-08-11
Ventas,VentaID=2376 MontoTotal_Raw='NULL',MontoTotal_Raw nulo o vacío: NULL,2026-08-11
Ventas,VentaID=2400 MontoTotal_Raw='-150.00 €',MontoTotal_Raw negativo: -150.00 €,2026-08-11
Ventas,VentaID=2409 MontoTotal_Raw='NULL',MontoTotal_Raw nulo o vacío: NULL,2026-08-11
Ventas,VentaID=2442 MontoTotal_Raw='NULL',MontoTotal_Raw nulo o vacío: NULL,2026-08-11
Ventas,VentaID=2450 MontoTotal_Raw='-150.00 €',MontoTotal_Raw negativo: -150.00 €,2026-08-11
Ventas,VentaID=2475 MontoTotal_Raw='NULL',MontoTotal_Raw nulo o vacío: NULL,2026-08-11
Ventas,VentaID=2500 MontoTotal_Raw='-150.00 €',MontoTotal_Raw negativo: -150.00 €,2026-08-11
Ventas,VentaID=2508 MontoTotal_Raw='NULL',MontoTotal_Raw nulo o vacío: NULL,2026-08-11
Ventas,VentaID=2541 MontoTotal_Raw='NULL',MontoTotal_Raw nulo o vacío: NULL,2026-08-11
Ventas,VentaID=2550 MontoTotal_Raw='-150.00 €',MontoTotal_Raw negativo: -150.00 €,2026-08-11
Ventas,VentaID=2574 MontoTotal_Raw='NULL',MontoTotal_Raw nulo o vacío: NULL,2026-08-11
Ventas,VentaID=2600 MontoTotal_Raw='-150.00 €',MontoTotal_Raw negativo: -150.00 €,2026-08-11
Ventas,VentaID=2607 MontoTotal_Raw='NULL',MontoTotal_Raw nulo o vacío: NULL,2026-08-11
Ventas,VentaID=2640 MontoTotal_Raw='NULL',MontoTotal_Raw nulo o vacío: NULL,2026-08-11
Ventas,VentaID=2650 MontoTotal_Raw='-150.00 €',MontoTotal_Raw negativo: -150.00 €,2026-08-11
Ventas,VentaID=2673 MontoTotal_Raw='NULL',MontoTotal_Raw nulo o vacío: NULL,2026-08-11
Ventas,VentaID=2700 MontoTotal_Raw='-150.00 €',MontoTotal_Raw negativo: -150.00 €,2026-08-11
Ventas,VentaID=2706 MontoTotal_Raw='NULL',MontoTotal_Raw nulo o vacío: NULL,2026-08-11
Ventas,VentaID=2739 MontoTotal_Raw='NULL',MontoTotal_Raw nulo o vacío: NULL,2026-08-11
Ventas,VentaID=2750 MontoTotal_Raw='-150.00 €',MontoTotal_Raw negativo: -150.00 €,2026-08-11
Ventas,VentaID=2772 MontoTotal_Raw='NULL',MontoTotal_Raw nulo o vacío: NULL,2026-08-11
Ventas,VentaID=2800 MontoTotal_Raw='-150.00 €',MontoTotal_Raw negativo: -150.00 €,2026-08-11
Ventas,VentaID=2805 MontoTotal_Raw='NULL',MontoTotal_Raw nulo o vacío: NULL,2026-08-11
Ventas,VentaID=2838 MontoTotal_Raw='NULL',MontoTotal_Raw nulo o vacío: NULL,2026-08-11
Ventas,VentaID=2850 MontoTotal_Raw='-150.00 €',MontoTotal_Raw negativo: -150.00 €,2026-08-11
Ventas,VentaID=2871 MontoTotal_Raw='NULL',MontoTotal_Raw nulo o vacío: NULL,2026-08-11
Ventas,VentaID=2900 MontoTotal_Raw='-150.00 €',MontoTotal_Raw negativo: -150.00 €,2026-08-11
Ventas,VentaID=2904 MontoTotal_Raw='NULL',MontoTotal_Raw nulo o vacío: NULL,2026-08-11
Ventas,VentaID=2937 MontoTotal_Raw='NULL',MontoTotal_Raw nulo o vacío: NULL,2026-08-11
Ventas,VentaID=2950 MontoTotal_Raw='-150.00 €',MontoTotal_Raw negativo: -150.00 €,2026-08-11
Ventas,VentaID=2970 MontoTotal_Raw='NULL',MontoTotal_Raw nulo o vacío: NULL,2026-08-11
Ventas,VentaID=3000 MontoTotal_Raw='-150.00 €',MontoTotal_Raw negativo: -150.00 €,2026-08-11
Ventas,VentaID=3003 MontoTotal_Raw='NULL',MontoTotal_Raw nulo o vacío: NULL,2026-08-11
Ventas,VentaID=3036 MontoTotal_Raw='NULL',MontoTotal_Raw nulo o vacío: NULL,2026-08-11
Ventas,VentaID=3050 MontoTotal_Raw='-150.00 €',MontoTotal_Raw negativo: -150.00 €,2026-08-11
Ventas,VentaID=3069 MontoTotal_Raw='NULL',MontoTotal_Raw nulo o vacío: NULL,2026-08-11
Ventas,VentaID=3100 MontoTotal_Raw='-150.00 €',MontoTotal_Raw negativo: -150.00 €,2026-08-11
Ventas,VentaID=3102 MontoTotal_Raw='NULL',MontoTotal_Raw nulo o vacío: NULL,2026-08-11
Ventas,VentaID=3135 MontoTotal_Raw='NULL',MontoTotal_Raw nulo o vacío: NULL,2026-08-11
Ventas,VentaID=3150 MontoTotal_Raw='-150.00 €',MontoTotal_Raw negativo: -150.00 €,2026-08-11
Ventas,VentaID=3168 MontoTotal_Raw='NULL',MontoTotal_Raw nulo o vacío: NULL,2026-08-11
Ventas,VentaID=3200 MontoTotal_Raw='-150.00 €',MontoTotal_Raw negativo: -150.00 €,2026-08-11
Ventas,VentaID=3201 MontoTotal_Raw='NULL',MontoTotal_Raw nulo o vacío: NULL,2026-08-11
Ventas,VentaID=3234 MontoTotal_Raw='NULL',MontoTotal_Raw nulo o vacío: NULL,2026-08-11
Ventas,VentaID=3250 MontoTotal_Raw='-150.00 €',MontoTotal_Raw negativo: -150.00 €,2026-08-11
Ventas,VentaID=3267 MontoTotal_Raw='NULL',MontoTotal_Raw nulo o vacío: NULL,2026-08-11
Ventas,VentaID=3300 MontoTotal_Raw='-150.00 €',MontoTotal_Raw negativo: -150.00 €,2026-08-11
Ventas,VentaID=3333 MontoTotal_Raw='NULL',MontoTotal_Raw nulo o vacío: NULL,2026-08-11
Ventas,VentaID=3350 MontoTotal_Raw='-150.00 €',MontoTotal_Raw negativo: -150.00 €,2026-08-11
Ventas,VentaID=3366 MontoTotal_Raw='NULL',MontoTotal_Raw nulo o vacío: NULL,2026-08-11
Ventas,VentaID=3399 MontoTotal_Raw='NULL',MontoTotal_Raw nulo o vacío: NULL,2026-08-11
Ventas,VentaID=3400 MontoTotal_Raw='-150.00 €',MontoTotal_Raw negativo: -150.00 €,2026-08-11
Ventas,VentaID=3432 MontoTotal_Raw='NULL',MontoTotal_Raw nulo o vacío: NULL,2026-08-11
Ventas,VentaID=3450 MontoTotal_Raw='-150.00 €',MontoTotal_Raw negativo: -150.00 €,2026-08-11
Ventas,VentaID=3465 MontoTotal_Raw='NULL',MontoTotal_Raw nulo o vacío: NULL,2026-08-11
Ventas,VentaID=3498 MontoTotal_Raw='NULL',MontoTotal_Raw nulo o vacío: NULL,2026-08-11
Ventas,VentaID=3500 MontoTotal_Raw='-150.00 €',MontoTotal_Raw negativo: -150.00 €,2026-08-11
Ventas,VentaID=3531 MontoTotal_Raw='NULL',MontoTotal_Raw nulo o vacío: NULL,2026-08-11
Ventas,VentaID=3550 MontoTotal_Raw='-150.00 €',MontoTotal_Raw negativo: -150.00 €,2026-08-11
Ventas,VentaID=3564 MontoTotal_Raw='NULL',MontoTotal_Raw nulo o vacío: NULL,2026-08-11
Ventas,VentaID=3597 MontoTotal_Raw='NULL',MontoTotal_Raw nulo o vacío: NULL,2026-08-11
Ventas,VentaID=3600 MontoTotal_Raw='-150.00 €',MontoTotal_Raw negativo: -150.00 €,2026-08-11
Ventas,VentaID=3630 MontoTotal_Raw='NULL',MontoTotal_Raw nulo o vacío: NULL,2026-08-11
Ventas,VentaID=3650 MontoTotal_Raw='-150.00 €',MontoTotal_Raw negativo: -150.00 €,2026-08-11
Ventas,VentaID=3663 MontoTotal_Raw='NULL',MontoTotal_Raw nulo o vacío: NULL,2026-08-11
Ventas,VentaID=3696 MontoTotal_Raw='NULL',MontoTotal_Raw nulo o vacío: NULL,2026-08-11
Ventas,VentaID=3700 MontoTotal_Raw='-150.00 €',MontoTotal_Raw negativo: -150.00 €,2026-08-11
Ventas,VentaID=3729 MontoTotal_Raw='NULL',MontoTotal_Raw nulo o vacío: NULL,2026-08-11
Ventas,VentaID=3750 MontoTotal_Raw='-150.00 €',MontoTotal_Raw negativo: -150.00 €,2026-08-11
Ventas,VentaID=3762 MontoTotal_Raw='NULL',MontoTotal_Raw nulo o vacío: NULL,2026-08-11
Ventas,VentaID=3795 MontoTotal_Raw='NULL',MontoTotal_Raw nulo o vacío: NULL,2026-08-11
Ventas,VentaID=3800 MontoTotal_Raw='-150.00 €',MontoTotal_Raw negativo: -150.00 €,2026-08-11
Ventas,VentaID=3828 MontoTotal_Raw='NULL',MontoTotal_Raw nulo o vacío: NULL,2026-08-11
Ventas,VentaID=3850 MontoTotal_Raw='-150.00 €',MontoTotal_Raw negativo: -150.00 €,2026-08-11
Ventas,VentaID=3861 MontoTotal_Raw='NULL',MontoTotal_Raw nulo o vacío: NULL,2026-08-11
Ventas,VentaID=3894 MontoTotal_Raw='NULL',MontoTotal_Raw nulo o vacío: NULL,2026-08-11
Ventas,VentaID=3900 MontoTotal_Raw='-150.00 €',MontoTotal_Raw negativo: -150.00 €,2026-08-11
Ventas,VentaID=3927 MontoTotal_Raw='NULL',MontoTotal_Raw nulo o vacío: NULL,2026-08-11
Ventas,VentaID=3950 MontoTotal_Raw='-150.00 €',MontoTotal_Raw negativo: -150.00 €,2026-08-11
Ventas,VentaID=3960 MontoTotal_Raw='NULL',MontoTotal_Raw nulo o vacío: NULL,2026-08-11
Ventas,VentaID=3993 MontoTotal_Raw='NULL',MontoTotal_Raw nulo o vacío: NULL,2026-08-11
Ventas,VentaID=4000 MontoTotal_Raw='-150.00 €',MontoTotal_Raw negativo: -150.00 €,2026-08-11
Ventas,VentaID=4026 MontoTotal_Raw='NULL',MontoTotal_Raw nulo o vacío: NULL,2026-08-11
Ventas,VentaID=4050 MontoTotal_Raw='-150.00 €',MontoTotal_Raw negativo: -150.00 €,2026-08-11
Ventas,VentaID=4059 MontoTotal_Raw='NULL',MontoTotal_Raw nulo o vacío: NULL,2026-08-11
Ventas,VentaID=4092 MontoTotal_Raw='NULL',MontoTotal_Raw nulo o vacío: NULL,2026-08-11
Ventas,VentaID=4100 MontoTotal_Raw='-150.00 €',MontoTotal_Raw negativo: -150.00 €,2026-08-11
Ventas,VentaID=4125 MontoTotal_Raw='NULL',MontoTotal_Raw nulo o vacío: NULL,2026-08-11
Ventas,VentaID=4150 MontoTotal_Raw='-150.00 €',MontoTotal_Raw negativo: -150.00 €,2026-08-11
Ventas,VentaID=4158 MontoTotal_Raw='NULL',MontoTotal_Raw nulo o vacío: NULL,2026-08-11
Ventas,VentaID=4191 MontoTotal_Raw='NULL',MontoTotal_Raw nulo o vacío: NULL,2026-08-11
Ventas,VentaID=4200 MontoTotal_Raw='-150.00 €',MontoTotal_Raw negativo: -150.00 €,2026-08-11
Ventas,VentaID=4224 MontoTotal_Raw='NULL',MontoTotal_Raw nulo o vacío: NULL,2026-08-11
Ventas,VentaID=4250 MontoTotal_Raw='-150.00 €',MontoTotal_Raw negativo: -150.00 €,2026-08-11
Ventas,VentaID=4257 MontoTotal_Raw='NULL',MontoTotal_Raw nulo o vacío: NULL,2026-08-11
Ventas,VentaID=4290 MontoTotal_Raw='NULL',MontoTotal_Raw nulo o vacío: NULL,2026-08-11
Ventas,VentaID=4300 MontoTotal_Raw='-150.00 €',MontoTotal_Raw negativo: -150.00 €,2026-08-11
Ventas,VentaID=4323 MontoTotal_Raw='NULL',MontoTotal_Raw nulo o vacío: NULL,2026-08-11
Ventas,VentaID=4350 MontoTotal_Raw='-150.00 €',MontoTotal_Raw negativo: -150.00 €,2026-08-11
Ventas,VentaID=4356 MontoTotal_Raw='NULL',MontoTotal_Raw nulo o vacío: NULL,2026-08-11
Ventas,VentaID=4389 MontoTotal_Raw='NULL',MontoTotal_Raw nulo o vacío: NULL,2026-08-11
Ventas,VentaID=4400 MontoTotal_Raw='-150.00 €',MontoTotal_Raw negativo: -150.00 €,2026-08-11
Ventas,VentaID=4422 MontoTotal_Raw='NULL',MontoTotal_Raw nulo o vacío: NULL,2026-08-11
Ventas,VentaID=4450 MontoTotal_Raw='-150.00 €',MontoTotal_Raw negativo: -150.00 €,2026-08-11
Ventas,VentaID=4455 MontoTotal_Raw='NULL',MontoTotal_Raw nulo o vacío: NULL,2026-08-11
Ventas,VentaID=4488 MontoTotal_Raw='NULL',MontoTotal_Raw nulo o vacío: NULL,2026-08-11
Ventas,VentaID=4500 MontoTotal_Raw='-150.00 €',MontoTotal_Raw negativo: -150.00 €,2026-08-11
Ventas,VentaID=4521 MontoTotal_Raw='NULL',MontoTotal_Raw nulo o vacío: NULL,2026-08-11
Ventas,VentaID=4550 MontoTotal_Raw='-150.00 €',MontoTotal_Raw negativo: -150.00 €,2026-08-11
Ventas,VentaID=4554 MontoTotal_Raw='NULL',MontoTotal_Raw nulo o vacío: NULL,2026-08-11
Ventas,VentaID=4587 MontoTotal_Raw='NULL',MontoTotal_Raw nulo o vacío: NULL,2026-08-11
Ventas,VentaID=4600 MontoTotal_Raw='-150.00 €',MontoTotal_Raw negativo: -150.00 €,2026-08-11
Ventas,VentaID=4620 MontoTotal_Raw='NULL',MontoTotal_Raw nulo o vacío: NULL,2026-08-11
Ventas,VentaID=4650 MontoTotal_Raw='-150.00 €',MontoTotal_Raw negativo: -150.00 €,2026-08-11
Ventas,VentaID=4653 MontoTotal_Raw='NULL',MontoTotal_Raw nulo o vacío: NULL,2026-08-11
Ventas,VentaID=4686 MontoTotal_Raw='NULL',MontoTotal_Raw nulo o vacío: NULL,2026-08-11
Ventas,VentaID=4700 MontoTotal_Raw='-150.00 €',MontoTotal_Raw negativo: -150.00 €,2026-08-11
Ventas,VentaID=4719 MontoTotal_Raw='NULL',MontoTotal_Raw nulo o vacío: NULL,2026-08-11
Ventas,VentaID=4750 MontoTotal_Raw='-150.00 €',MontoTotal_Raw negativo: -150.00 €,2026-08-11
Ventas,VentaID=4752 MontoTotal_Raw='NULL',MontoTotal_Raw nulo o vacío: NULL,2026-08-11
Ventas,VentaID=4785 MontoTotal_Raw='NULL',MontoTotal_Raw nulo o vacío: NULL,2026-08-11
Ventas,VentaID=4800 MontoTotal_Raw='-150.00 €',MontoTotal_Raw negativo: -150.00 €,2026-08-11
Ventas,VentaID=4818 MontoTotal_Raw='NULL',MontoTotal_Raw nulo o vacío: NULL,2026-08-11
Ventas,VentaID=4850 MontoTotal_Raw='-150.00 €',MontoTotal_Raw negativo: -150.00 €,2026-08-11
Ventas,VentaID=4851 MontoTotal_Raw='NULL',MontoTotal_Raw nulo o vacío: NULL,2026-08-11
Ventas,VentaID=4884 MontoTotal_Raw='NULL',MontoTotal_Raw nulo o vacío: NULL,2026-08-11
Ventas,VentaID=4900 MontoTotal_Raw='-150.00 €',MontoTotal_Raw negativo: -150.00 €,2026-08-11
Ventas,VentaID=4917 MontoTotal_Raw='NULL',MontoTotal_Raw nulo o vacío: NULL,2026-08-11
Ventas,VentaID=4950 MontoTotal_Raw='-150.00 €',MontoTotal_Raw negativo: -150.00 €,2026-08-11
Ventas,VentaID=4983 MontoTotal_Raw='NULL',MontoTotal_Raw nulo o vacío: NULL,2026-08-11
Ventas,VentaID=5000 MontoTotal_Raw='-150.00 €',MontoTotal_Raw negativo: -150.00 €,2026-08-11
Ventas,VentaID=5016 MontoTotal_Raw='NULL',MontoTotal_Raw nulo o vacío: NULL,2026-08-11
Ventas,VentaID=5049 MontoTotal_Raw='NULL',MontoTotal_Raw nulo o vacío: NULL,2026-08-11
Ventas,VentaID=5050 MontoTotal_Raw='-150.00 €',MontoTotal_Raw negativo: -150.00 €,2026-08-11
Ventas,VentaID=5082 MontoTotal_Raw='NULL',MontoTotal_Raw nulo o vacío: NULL,2026-08-11
Ventas,VentaID=5100 MontoTotal_Raw='-150.00 €',MontoTotal_Raw negativo: -150.00 €,2026-08-11
Ventas,VentaID=5115 MontoTotal_Raw='NULL',MontoTotal_Raw nulo o vacío: NULL,2026-08-11
Ventas,VentaID=5148 MontoTotal_Raw='NULL',MontoTotal_Raw nulo o vacío: NULL,2026-08-11
Ventas,VentaID=5150 MontoTotal_Raw='-150.00 €',MontoTotal_Raw negativo: -150.00 €,2026-08-11
Ventas,VentaID=5181 MontoTotal_Raw='NULL',MontoTotal_Raw nulo o vacío: NULL,2026-08-11
Ventas,VentaID=5200 MontoTotal_Raw='-150.00 €',MontoTotal_Raw negativo: -150.00 €,2026-08-11
Ventas,VentaID=5214 MontoTotal_Raw='NULL',MontoTotal_Raw nulo o vacío: NULL,2026-08-11
Ventas,VentaID=5247 MontoTotal_Raw='NULL',MontoTotal_Raw nulo o vacío: NULL,2026-08-11
Ventas,VentaID=5250 MontoTotal_Raw='-150.00 €',MontoTotal_Raw negativo: -150.00 €,2026-08-11
Ventas,VentaID=5280 MontoTotal_Raw='NULL',MontoTotal_Raw nulo o vacío: NULL,2026-08-11
Ventas,VentaID=5300 MontoTotal_Raw='-150.00 €',MontoTotal_Raw negativo: -150.00 €,2026-08-11
Ventas,VentaID=5313 MontoTotal_Raw='NULL',MontoTotal_Raw nulo o vacío: NULL,2026-08-11
Ventas,VentaID=5346 MontoTotal_Raw='NULL',MontoTotal_Raw nulo o vacío: NULL,2026-08-11
Ventas,VentaID=5350 MontoTotal_Raw='-150.00 €',MontoTotal_Raw negativo: -150.00 €,2026-08-11
Ventas,VentaID=5379 MontoTotal_Raw='NULL',MontoTotal_Raw nulo o vacío: NULL,2026-08-11
Ventas,VentaID=5400 MontoTotal_Raw='-150.00 €',MontoTotal_Raw negativo: -150.00 €,2026-08-11
Ventas,VentaID=5412 MontoTotal_Raw='NULL',MontoTotal_Raw nulo o vacío: NULL,2026-08-11
Ventas,VentaID=5445 MontoTotal_Raw='NULL',MontoTotal_Raw nulo o vacío: NULL,2026-08-11
Ventas,VentaID=5450 MontoTotal_Raw='-150.00 €',MontoTotal_Raw negativo: -150.00 €,2026-08-11
Ventas,VentaID=5478 MontoTotal_Raw='NULL',MontoTotal_Raw nulo o vacío: NULL,2026-08-11
Ventas,VentaID=5500 MontoTotal_Raw='-150.00 €',MontoTotal_Raw negativo: -150.00 €,2026-08-11
Ventas,VentaID=5511 MontoTotal_Raw='NULL',MontoTotal_Raw nulo o vacío: NULL,2026-08-11
Ventas,VentaID=5544 MontoTotal_Raw='NULL',MontoTotal_Raw nulo o vacío: NULL,2026-08-11
Ventas,VentaID=5550 MontoTotal_Raw='-150.00 €',MontoTotal_Raw negativo: -150.00 €,2026-08-11
Ventas,VentaID=5577 MontoTotal_Raw='NULL',MontoTotal_Raw nulo o vacío: NULL,2026-08-11
Ventas,VentaID=5600 MontoTotal_Raw='-150.00 €',MontoTotal_Raw negativo: -150.00 €,2026-08-11
Ventas,VentaID=5610 MontoTotal_Raw='NULL',MontoTotal_Raw nulo o vacío: NULL,2026-08-11
Ventas,VentaID=5643 MontoTotal_Raw='NULL',MontoTotal_Raw nulo o vacío: NULL,2026-08-11
Ventas,VentaID=5650 MontoTotal_Raw='-150.00 €',MontoTotal_Raw negativo: -150.00 €,2026-08-11
Ventas,VentaID=5676 MontoTotal_Raw='NULL',MontoTotal_Raw nulo o vacío: NULL,2026-08-11
Ventas,VentaID=5700 MontoTotal_Raw='-150.00 €',MontoTotal_Raw negativo: -150.00 €,2026-08-11
Ventas,VentaID=5709 MontoTotal_Raw='NULL',MontoTotal_Raw nulo o vacío: NULL,2026-08-11
Ventas,VentaID=5742 MontoTotal_Raw='NULL',MontoTotal_Raw nulo o vacío: NULL,2026-08-11
Ventas,VentaID=5750 MontoTotal_Raw='-150.00 €',MontoTotal_Raw negativo: -150.00 €,2026-08-11
Ventas,VentaID=5775 MontoTotal_Raw='NULL',MontoTotal_Raw nulo o vacío: NULL,2026-08-11
Ventas,VentaID=5800 MontoTotal_Raw='-150.00 €',MontoTotal_Raw negativo: -150.00 €,2026-08-11
Ventas,VentaID=5808 MontoTotal_Raw='NULL',MontoTotal_Raw nulo o vacío: NULL,2026-08-11
Ventas,VentaID=5841 MontoTotal_Raw='NULL',MontoTotal_Raw nulo o vacío: NULL,2026-08-11
Ventas,VentaID=5850 MontoTotal_Raw='-150.00 €',MontoTotal_Raw negativo: -150.00 €,2026-08-11
Ventas,VentaID=5874 MontoTotal_Raw='NULL',MontoTotal_Raw nulo o vacío: NULL,2026-08-11
Ventas,VentaID=5900 MontoTotal_Raw='-150.00 €',MontoTotal_Raw negativo: -150.00 €,2026-08-11
Ventas,VentaID=5907 MontoTotal_Raw='NULL',MontoTotal_Raw nulo o vacío: NULL,2026-08-11
Ventas,VentaID=5940 MontoTotal_Raw='NULL',MontoTotal_Raw nulo o vacío: NULL,2026-08-11
Ventas,VentaID=5950 MontoTotal_Raw='-150.00 €',MontoTotal_Raw negativo: -150.00 €,2026-08-11
Ventas,VentaID=5973 MontoTotal_Raw='NULL',MontoTotal_Raw nulo o vacío: NULL,2026-08-11
Ventas,VentaID=6000 MontoTotal_Raw='-150.00 €',MontoTotal_Raw negativo: -150.00 €,2026-08-11
Ventas,VentaID=6006 MontoTotal_Raw='NULL',MontoTotal_Raw nulo o vacío: NULL,2026-08-11
Ventas,VentaID=6039 MontoTotal_Raw='NULL',MontoTotal_Raw nulo o vacío: NULL,2026-08-11
Ventas,VentaID=6050 MontoTotal_Raw='-150.00 €',MontoTotal_Raw negativo: -150.00 €,2026-08-11
Ventas,VentaID=6072 MontoTotal_Raw='NULL',MontoTotal_Raw nulo o vacío: NULL,2026-08-11
Ventas,VentaID=6100 MontoTotal_Raw='-150.00 €',MontoTotal_Raw negativo: -150.00 €,2026-08-11
Ventas,VentaID=6105 MontoTotal_Raw='NULL',MontoTotal_Raw nulo o vacío: NULL,2026-08-11
Ventas,VentaID=6138 MontoTotal_Raw='NULL',MontoTotal_Raw nulo o vacío: NULL,2026-08-11
Ventas,VentaID=6150 MontoTotal_Raw='-150.00 €',MontoTotal_Raw negativo: -150.00 €,2026-08-11
Ventas,VentaID=6171 MontoTotal_Raw='NULL',MontoTotal_Raw nulo o vacío: NULL,2026-08-11
Ventas,VentaID=6200 MontoTotal_Raw='-150.00 €',MontoTotal_Raw negativo: -150.00 €,2026-08-11
Ventas,VentaID=6204 MontoTotal_Raw='NULL',MontoTotal_Raw nulo o vacío: NULL,2026-08-11
Ventas,VentaID=6237 MontoTotal_Raw='NULL',MontoTotal_Raw nulo o vacío: NULL,2026-08-11
Ventas,VentaID=6250 MontoTotal_Raw='-150.00 €',MontoTotal_Raw negativo: -150.00 €,2026-08-11
Ventas,VentaID=6270 MontoTotal_Raw='NULL',MontoTotal_Raw nulo o vacío: NULL,2026-08-11
Ventas,VentaID=6300 MontoTotal_Raw='-150.00 €',MontoTotal_Raw negativo: -150.00 €,2026-08-11
Ventas,VentaID=6303 MontoTotal_Raw='NULL',MontoTotal_Raw nulo o vacío: NULL,2026-08-11
Ventas,VentaID=6336 MontoTotal_Raw='NULL',MontoTotal_Raw nulo o vacío: NULL,2026-08-11
Ventas,VentaID=6350 MontoTotal_Raw='-150.00 €',MontoTotal_Raw negativo: -150.00 €,2026-08-11
Ventas,VentaID=6369 MontoTotal_Raw='NULL',MontoTotal_Raw nulo o vacío: NULL,2026-08-11
Ventas,VentaID=6400 MontoTotal_Raw='-150.00 €',MontoTotal_Raw negativo: -150.00 €,2026-08-11
Ventas,VentaID=6402 MontoTotal_Raw='NULL',MontoTotal_Raw nulo o vacío: NULL,2026-08-11
Ventas,VentaID=6435 MontoTotal_Raw='NULL',MontoTotal_Raw nulo o vacío: NULL,2026-08-11
Ventas,VentaID=6450 MontoTotal_Raw='-150.00 €',MontoTotal_Raw negativo: -150.00 €,2026-08-11
Ventas,VentaID=6468 MontoTotal_Raw='NULL',MontoTotal_Raw nulo o vacío: NULL,2026-08-11
Ventas,VentaID=6500 MontoTotal_Raw='-150.00 €',MontoTotal_Raw negativo: -150.00 €,2026-08-11
Ventas,VentaID=6501 MontoTotal_Raw='NULL',MontoTotal_Raw nulo o vacío: NULL,2026-08-11
Ventas,VentaID=6534 MontoTotal_Raw='NULL',MontoTotal_Raw nulo o vacío: NULL,2026-08-11
Ventas,VentaID=6550 MontoTotal_Raw='-150.00 €',MontoTotal_Raw negativo: -150.00 €,2026-08-11
Ventas,VentaID=6567 MontoTotal_Raw='NULL',MontoTotal_Raw nulo o vacío: NULL,2026-08-11
Ventas,VentaID=6600 MontoTotal_Raw='-150.00 €',MontoTotal_Raw negativo: -150.00 €,2026-08-11
Ventas,VentaID=6633 MontoTotal_Raw='NULL',MontoTotal_Raw nulo o vacío: NULL,2026-08-11
Ventas,VentaID=6650 MontoTotal_Raw='-150.00 €',MontoTotal_Raw negativo: -150.00 €,2026-08-11
Ventas,VentaID=6666 MontoTotal_Raw='NULL',MontoTotal_Raw nulo o vacío: NULL,2026-08-11
Ventas,VentaID=6699 MontoTotal_Raw='NULL',MontoTotal_Raw nulo o vacío: NULL,2026-08-11
Ventas,VentaID=6700 MontoTotal_Raw='-150.00 €',MontoTotal_Raw negativo: -150.00 €,2026-08-11
Ventas,VentaID=6732 MontoTotal_Raw='NULL',MontoTotal_Raw nulo o vacío: NULL,2026-08-11
Ventas,VentaID=6750 MontoTotal_Raw='-150.00 €',MontoTotal_Raw negativo: -150.00 €,2026-08-11
Ventas,VentaID=6765 MontoTotal_Raw='NULL',MontoTotal_Raw nulo o vacío: NULL,2026-08-11
Ventas,VentaID=6798 MontoTotal_Raw='NULL',MontoTotal_Raw nulo o vacío: NULL,2026-08-11
Ventas,VentaID=6800 MontoTotal_Raw='-150.00 €',MontoTotal_Raw negativo: -150.00 €,2026-08-11
Ventas,VentaID=6831 MontoTotal_Raw='NULL',MontoTotal_Raw nulo o vacío: NULL,2026-08-11
Ventas,VentaID=6850 MontoTotal_Raw='-150.00 €',MontoTotal_Raw negativo: -150.00 €,2026-08-11
Ventas,VentaID=6864 MontoTotal_Raw='NULL',MontoTotal_Raw nulo o vacío: NULL,2026-08-11
Ventas,VentaID=6897 MontoTotal_Raw='NULL',MontoTotal_Raw nulo o vacío: NULL,2026-08-11
Ventas,VentaID=6900 MontoTotal_Raw='-150.00 €',MontoTotal_Raw negativo: -150.00 €,2026-08-11
Ventas,VentaID=6930 MontoTotal_Raw='NULL',MontoTotal_Raw nulo o vacío: NULL,2026-08-11
Ventas,VentaID=6950 MontoTotal_Raw='-150.00 €',MontoTotal_Raw negativo: -150.00 €,2026-08-11
Ventas,VentaID=6963 MontoTotal_Raw='NULL',MontoTotal_Raw nulo o vacío: NULL,2026-08-11
Ventas,VentaID=6996 MontoTotal_Raw='NULL',MontoTotal_Raw nulo o vacío: NULL,2026-08-11
Ventas,VentaID=7000 MontoTotal_Raw='-150.00 €',MontoTotal_Raw negativo: -150.00 €,2026-08-11
Ventas,VentaID=7029 MontoTotal_Raw='NULL',MontoTotal_Raw nulo o vacío: NULL,2026-08-11
Ventas,VentaID=7050 MontoTotal_Raw='-150.00 €',MontoTotal_Raw negativo: -150.00 €,2026-08-11
Ventas,VentaID=7062 MontoTotal_Raw='NULL',MontoTotal_Raw nulo o vacío: NULL,2026-08-11
Ventas,VentaID=7095 MontoTotal_Raw='NULL',MontoTotal_Raw nulo o vacío: NULL,2026-08-11
Ventas,VentaID=7100 MontoTotal_Raw='-150.00 €',MontoTotal_Raw negativo: -150.00 €,2026-08-11
Ventas,VentaID=7128 MontoTotal_Raw='NULL',MontoTotal_Raw nulo o vacío: NULL,2026-08-11
Ventas,VentaID=7150 MontoTotal_Raw='-150.00 €',MontoTotal_Raw negativo: -150.00 €,2026-08-11
Ventas,VentaID=7161 MontoTotal_Raw='NULL',MontoTotal_Raw nulo o vacío: NULL,2026-08-11
Ventas,VentaID=7194 MontoTotal_Raw='NULL',MontoTotal_Raw nulo o vacío: NULL,2026-08-11
Ventas,VentaID=7200 MontoTotal_Raw='-150.00 €',MontoTotal_Raw negativo: -150.00 €,2026-08-11
Ventas,VentaID=7227 MontoTotal_Raw='NULL',MontoTotal_Raw nulo o vacío: NULL,2026-08-11
Ventas,VentaID=7250 MontoTotal_Raw='-150.00 €',MontoTotal_Raw negativo: -150.00 €,2026-08-11
Ventas,VentaID=7260 MontoTotal_Raw='NULL',MontoTotal_Raw nulo o vacío: NULL,2026-08-11
Ventas,VentaID=7293 MontoTotal_Raw='NULL',MontoTotal_Raw nulo o vacío: NULL,2026-08-11
Ventas,VentaID=7300 MontoTotal_Raw='-150.00 €',MontoTotal_Raw negativo: -150.00 €,2026-08-11
Ventas,VentaID=7326 MontoTotal_Raw='NULL',MontoTotal_Raw nulo o vacío: NULL,2026-08-11
Ventas,VentaID=7350 MontoTotal_Raw='-150.00 €',MontoTotal_Raw negativo: -150.00 €,2026-08-11
Ventas,VentaID=7359 MontoTotal_Raw='NULL',MontoTotal_Raw nulo o vacío: NULL,2026-08-11
Ventas,VentaID=7392 MontoTotal_Raw='NULL',MontoTotal_Raw nulo o vacío: NULL,2026-08-11
Ventas,VentaID=7400 MontoTotal_Raw='-150.00 €',MontoTotal_Raw negativo: -150.00 €,2026-08-11
Ventas,VentaID=7425 MontoTotal_Raw='NULL',MontoTotal_Raw nulo o vacío: NULL,2026-08-11
Ventas,VentaID=7450 MontoTotal_Raw='-150.00 €',MontoTotal_Raw negativo: -150.00 €,2026-08-11
Ventas,VentaID=7458 MontoTotal_Raw='NULL',MontoTotal_Raw nulo o vacío: NULL,2026-08-11
Ventas,VentaID=7491 MontoTotal_Raw='NULL',MontoTotal_Raw nulo o vacío: NULL,2026-08-11
Ventas,VentaID=7500 MontoTotal_Raw='-150.00 €',MontoTotal_Raw negativo: -150.00 €,2026-08-11
Ventas,VentaID=7524 MontoTotal_Raw='NULL',MontoTotal_Raw nulo o vacío: NULL,2026-08-11
Ventas,VentaID=7550 MontoTotal_Raw='-150.00 €',MontoTotal_Raw negativo: -150.00 €,2026-08-11
Ventas,VentaID=7557 MontoTotal_Raw='NULL',MontoTotal_Raw nulo o vacío: NULL,2026-08-11
Ventas,VentaID=7590 MontoTotal_Raw='NULL',MontoTotal_Raw nulo o vacío: NULL,2026-08-11
Ventas,VentaID=7600 MontoTotal_Raw='-150.00 €',MontoTotal_Raw negativo: -150.00 €,2026-08-11
Ventas,VentaID=7623 MontoTotal_Raw='NULL',MontoTotal_Raw nulo o vacío: NULL,2026-08-11
Ventas,VentaID=7650 MontoTotal_Raw='-150.00 €',MontoTotal_Raw negativo: -150.00 €,2026-08-11
Ventas,VentaID=7656 MontoTotal_Raw='NULL',MontoTotal_Raw nulo o vacío: NULL,2026-08-11
Ventas,VentaID=7689 MontoTotal_Raw='NULL',MontoTotal_Raw nulo o vacío: NULL,2026-08-11
Ventas,VentaID=7700 MontoTotal_Raw='-150.00 €',MontoTotal_Raw negativo: -150.00 €,2026-08-11
Ventas,VentaID=7722 MontoTotal_Raw='NULL',MontoTotal_Raw nulo o vacío: NULL,2026-08-11
Ventas,VentaID=7750 MontoTotal_Raw='-150.00 €',MontoTotal_Raw negativo: -150.00 €,2026-08-11
Ventas,VentaID=7755 MontoTotal_Raw='NULL',MontoTotal_Raw nulo o vacío: NULL,2026-08-11
Ventas,VentaID=7788 MontoTotal_Raw='NULL',MontoTotal_Raw nulo o vacío: NULL,2026-08-11
Ventas,VentaID=7800 MontoTotal_Raw='-150.00 €',MontoTotal_Raw negativo: -150.00 €,2026-08-11
Ventas,VentaID=7821 MontoTotal_Raw='NULL',MontoTotal_Raw nulo o vacío: NULL,2026-08-11
Ventas,VentaID=7850 MontoTotal_Raw='-150.00 €',MontoTotal_Raw negativo: -150.00 €,2026-08-11
Ventas,VentaID=7854 MontoTotal_Raw='NULL',MontoTotal_Raw nulo o vacío: NULL,2026-08-11
Ventas,VentaID=7887 MontoTotal_Raw='NULL',MontoTotal_Raw nulo o vacío: NULL,2026-08-11
Ventas,VentaID=7900 MontoTotal_Raw='-150.00 €',MontoTotal_Raw negativo: -150.00 €,2026-08-11
Ventas,VentaID=7920 MontoTotal_Raw='NULL',MontoTotal_Raw nulo o vacío: NULL,2026-08-11
Ventas,VentaID=7950 MontoTotal_Raw='-150.00 €',MontoTotal_Raw negativo: -150.00 €,2026-08-11
Ventas,VentaID=7953 MontoTotal_Raw='NULL',MontoTotal_Raw nulo o vacío: NULL,2026-08-11
Ventas,VentaID=7986 MontoTotal_Raw='NULL',MontoTotal_Raw nulo o vacío: NULL,2026-08-11
Ventas,VentaID=8000 MontoTotal_Raw='-150.00 €',MontoTotal_Raw negativo: -150.00 €,2026-08-11
Ventas,VentaID=8019 MontoTotal_Raw='NULL',MontoTotal_Raw nulo o vacío: NULL,2026-08-11
Ventas,VentaID=8050 MontoTotal_Raw='-150.00 €',MontoTotal_Raw negativo: -150.00 €,2026-08-11
Ventas,VentaID=8052 MontoTotal_Raw='NULL',MontoTotal_Raw nulo o vacío: NULL,2026-08-11
Ventas,VentaID=8085 MontoTotal_Raw='NULL',MontoTotal_Raw nulo o vacío: NULL,2026-08-11
Ventas,VentaID=8100 MontoTotal_Raw='-150.00 €',MontoTotal_Raw negativo: -150.00 €,2026-08-11
Ventas,VentaID=8118 MontoTotal_Raw='NULL',MontoTotal_Raw nulo o vacío: NULL,2026-08-11
Ventas,VentaID=8150 MontoTotal_Raw='-150.00 €',MontoTotal_Raw negativo: -150.00 €,2026-08-11
Ventas,VentaID=8151 MontoTotal_Raw='NULL',MontoTotal_Raw nulo o vacío: NULL,2026-08-11
Ventas,VentaID=8184 MontoTotal_Raw='NULL',MontoTotal_Raw nulo o vacío: NULL,2026-08-11
Ventas,VentaID=8200 MontoTotal_Raw='-150.00 €',MontoTotal_Raw negativo: -150.00 €,2026-08-11
Ventas,VentaID=8217 MontoTotal_Raw='NULL',MontoTotal_Raw nulo o vacío: NULL,2026-08-11
Ventas,VentaID=8250 MontoTotal_Raw='-150.00 €',MontoTotal_Raw negativo: -150.00 €,2026-08-11
Ventas,VentaID=8283 MontoTotal_Raw='NULL',MontoTotal_Raw nulo o vacío: NULL,2026-08-11
Ventas,VentaID=8300 MontoTotal_Raw='-150.00 €',MontoTotal_Raw negativo: -150.00 €,2026-08-11
Ventas,VentaID=8316 MontoTotal_Raw='NULL',MontoTotal_Raw nulo o vacío: NULL,2026-08-11
Ventas,VentaID=8349 MontoTotal_Raw='NULL',MontoTotal_Raw nulo o vacío: NULL,2026-08-11
Ventas,VentaID=8350 MontoTotal_Raw='-150.00 €',MontoTotal_Raw negativo: -150.00 €,2026-08-11
Ventas,VentaID=8382 MontoTotal_Raw='NULL',MontoTotal_Raw nulo o vacío: NULL,2026-08-11
Ventas,VentaID=8400 MontoTotal_Raw='-150.00 €',MontoTotal_Raw negativo: -150.00 €,2026-08-11
Ventas,VentaID=8415 MontoTotal_Raw='NULL',MontoTotal_Raw nulo o vacío: NULL,2026-08-11
Ventas,VentaID=8448 MontoTotal_Raw='NULL',MontoTotal_Raw nulo o vacío: NULL,2026-08-11
Ventas,VentaID=8450 MontoTotal_Raw='-150.00 €',MontoTotal_Raw negativo: -150.00 €,2026-08-11
Ventas,VentaID=8481 MontoTotal_Raw='NULL',MontoTotal_Raw nulo o vacío: NULL,2026-08-11
Ventas,VentaID=8500 MontoTotal_Raw='-150.00 €',MontoTotal_Raw negativo: -150.00 €,2026-08-11
Ventas,VentaID=8514 MontoTotal_Raw='NULL',MontoTotal_Raw nulo o vacío: NULL,2026-08-11
Ventas,VentaID=8547 MontoTotal_Raw='NULL',MontoTotal_Raw nulo o vacío: NULL,2026-08-11
Ventas,VentaID=8550 MontoTotal_Raw='-150.00 €',MontoTotal_Raw negativo: -150.00 €,2026-08-11
Ventas,VentaID=8580 MontoTotal_Raw='NULL',MontoTotal_Raw nulo o vacío: NULL,2026-08-11
Ventas,VentaID=8600 MontoTotal_Raw='-150.00 €',MontoTotal_Raw negativo: -150.00 €,2026-08-11
Ventas,VentaID=8613 MontoTotal_Raw='NULL',MontoTotal_Raw nulo o vacío: NULL,2026-08-11
Ventas,VentaID=8646 MontoTotal_Raw='NULL',MontoTotal_Raw nulo o vacío: NULL,2026-08-11
Ventas,VentaID=8650 MontoTotal_Raw='-150.00 €',MontoTotal_Raw negativo: -150.00 €,2026-08-11
Ventas,VentaID=8679 MontoTotal_Raw='NULL',MontoTotal_Raw nulo o vacío: NULL,2026-08-11
Ventas,VentaID=8700 MontoTotal_Raw='-150.00 €',MontoTotal_Raw negativo: -150.00 €,2026-08-11
Ventas,VentaID=8712 MontoTotal_Raw='NULL',MontoTotal_Raw nulo o vacío: NULL,2026-08-11
Ventas,VentaID=8745 MontoTotal_Raw='NULL',MontoTotal_Raw nulo o vacío: NULL,2026-08-11
Ventas,VentaID=8750 MontoTotal_Raw='-150.00 €',MontoTotal_Raw negativo: -150.00 €,2026-08-11
Ventas,VentaID=8778 MontoTotal_Raw='NULL',MontoTotal_Raw nulo o vacío: NULL,2026-08-11
Ventas,VentaID=8800 MontoTotal_Raw='-150.00 €',MontoTotal_Raw negativo: -150.00 €,2026-08-11
Ventas,VentaID=8811 MontoTotal_Raw='NULL',MontoTotal_Raw nulo o vacío: NULL,2026-08-11
Ventas,VentaID=8844 MontoTotal_Raw='NULL',MontoTotal_Raw nulo o vacío: NULL,2026-08-11
Ventas,VentaID=8850 MontoTotal_Raw='-150.00 €',MontoTotal_Raw negativo: -150.00 €,2026-08-11
Ventas,VentaID=8877 MontoTotal_Raw='NULL',MontoTotal_Raw nulo o vacío: NULL,2026-08-11
Ventas,VentaID=8900 MontoTotal_Raw='-150.00 €',MontoTotal_Raw negativo: -150.00 €,2026-08-11
Ventas,VentaID=8910 MontoTotal_Raw='NULL',MontoTotal_Raw nulo o vacío: NULL,2026-08-11
Ventas,VentaID=8943 MontoTotal_Raw='NULL',MontoTotal_Raw nulo o vacío: NULL,2026-08-11
Ventas,VentaID=8950 MontoTotal_Raw='-150.00 €',MontoTotal_Raw negativo: -150.00 €,2026-08-11
Ventas,VentaID=8976 MontoTotal_Raw='NULL',MontoTotal_Raw nulo o vacío: NULL,2026-08-11
Ventas,VentaID=9000 MontoTotal_Raw='-150.00 €',MontoTotal_Raw negativo: -150.00 €,2026-08-11
Ventas,VentaID=9009 MontoTotal_Raw='NULL',MontoTotal_Raw nulo o vacío: NULL,2026-08-11
Ventas,VentaID=9042 MontoTotal_Raw='NULL',MontoTotal_Raw nulo o vacío: NULL,2026-08-11
Ventas,VentaID=9050 MontoTotal_Raw='-150.00 €',MontoTotal_Raw negativo: -150.00 €,2026-08-11
Ventas,VentaID=9075 MontoTotal_Raw='NULL',MontoTotal_Raw nulo o vacío: NULL,2026-08-11
Ventas,VentaID=9100 MontoTotal_Raw='-150.00 €',MontoTotal_Raw negativo: -150.00 €,2026-08-11
Ventas,VentaID=9108 MontoTotal_Raw='NULL',MontoTotal_Raw nulo o vacío: NULL,2026-08-11
Ventas,VentaID=9141 MontoTotal_Raw='NULL',MontoTotal_Raw nulo o vacío: NULL,2026-08-11
Ventas,VentaID=9150 MontoTotal_Raw='-150.00 €',MontoTotal_Raw negativo: -150.00 €,2026-08-11
Ventas,VentaID=9174 MontoTotal_Raw='NULL',MontoTotal_Raw nulo o vacío: NULL,2026-08-11
Ventas,VentaID=9200 MontoTotal_Raw='-150.00 €',MontoTotal_Raw negativo: -150.00 €,2026-08-11
Ventas,VentaID=9207 MontoTotal_Raw='NULL',MontoTotal_Raw nulo o vacío: NULL,2026-08-11
Ventas,VentaID=9240 MontoTotal_Raw='NULL',MontoTotal_Raw nulo o vacío: NULL,2026-08-11
Ventas,VentaID=9250 MontoTotal_Raw='-150.00 €',MontoTotal_Raw negativo: -150.00 €,2026-08-11
Ventas,VentaID=9273 MontoTotal_Raw='NULL',MontoTotal_Raw nulo o vacío: NULL,2026-08-11
Ventas,VentaID=9300 MontoTotal_Raw='-150.00 €',MontoTotal_Raw negativo: -150.00 €,2026-08-11
Ventas,VentaID=9306 MontoTotal_Raw='NULL',MontoTotal_Raw nulo o vacío: NULL,2026-08-11
Ventas,VentaID=9339 MontoTotal_Raw='NULL',MontoTotal_Raw nulo o vacío: NULL,2026-08-11
Ventas,VentaID=9350 MontoTotal_Raw='-150.00 €',MontoTotal_Raw negativo: -150.00 €,2026-08-11
Ventas,VentaID=9372 MontoTotal_Raw='NULL',MontoTotal_Raw nulo o vacío: NULL,2026-08-11
Ventas,VentaID=9400 MontoTotal_Raw='-150.00 €',MontoTotal_Raw negativo: -150.00 €,2026-08-11
Ventas,VentaID=9405 MontoTotal_Raw='NULL',MontoTotal_Raw nulo o vacío: NULL,2026-08-11
Ventas,VentaID=9438 MontoTotal_Raw='NULL',MontoTotal_Raw nulo o vacío: NULL,2026-08-11
Ventas,VentaID=9450 MontoTotal_Raw='-150.00 €',MontoTotal_Raw negativo: -150.00 €,2026-08-11
Ventas,VentaID=9471 MontoTotal_Raw='NULL',MontoTotal_Raw nulo o vacío: NULL,2026-08-11
Ventas,VentaID=9500 MontoTotal_Raw='-150.00 €',MontoTotal_Raw negativo: -150.00 €,2026-08-11
Ventas,VentaID=9504 MontoTotal_Raw='NULL',MontoTotal_Raw nulo o vacío: NULL,2026-08-11
Ventas,VentaID=9537 MontoTotal_Raw='NULL',MontoTotal_Raw nulo o vacío: NULL,2026-08-11
Ventas,VentaID=9550 MontoTotal_Raw='-150.00 €',MontoTotal_Raw negativo: -150.00 €,2026-08-11
Ventas,VentaID=9570 MontoTotal_Raw='NULL',MontoTotal_Raw nulo o vacío: NULL,2026-08-11
Ventas,VentaID=9600 MontoTotal_Raw='-150.00 €',MontoTotal_Raw negativo: -150.00 €,2026-08-11
Ventas,VentaID=9603 MontoTotal_Raw='NULL',MontoTotal_Raw nulo o vacío: NULL,2026-08-11
Ventas,VentaID=9636 MontoTotal_Raw='NULL',MontoTotal_Raw nulo o vacío: NULL,2026-08-11
Ventas,VentaID=9650 MontoTotal_Raw='-150.00 €',MontoTotal_Raw negativo: -150.00 €,2026-08-11
Ventas,VentaID=9669 MontoTotal_Raw='NULL',MontoTotal_Raw nulo o vacío: NULL,2026-08-11
Ventas,VentaID=9700 MontoTotal_Raw='-150.00 €',MontoTotal_Raw negativo: -150.00 €,2026-08-11
Ventas,VentaID=9702 MontoTotal_Raw='NULL',MontoTotal_Raw nulo o vacío: NULL,2026-08-11
Ventas,VentaID=9735 MontoTotal_Raw='NULL',MontoTotal_Raw nulo o vacío: NULL,2026-08-11
Ventas,VentaID=9750 MontoTotal_Raw='-150.00 €',MontoTotal_Raw negativo: -150.00 €,2026-08-11
Ventas,VentaID=9768 MontoTotal_Raw='NULL',MontoTotal_Raw nulo o vacío: NULL,2026-08-11
Ventas,VentaID=9800 MontoTotal_Raw='-150.00 €',MontoTotal_Raw negativo: -150.00 €,2026-08-11
Ventas,VentaID=9801 MontoTotal_Raw='NULL',MontoTotal_Raw nulo o vacío: NULL,2026-08-11
Ventas,VentaID=9834 MontoTotal_Raw='NULL',MontoTotal_Raw nulo o vacío: NULL,2026-08-11
Ventas,VentaID=9850 MontoTotal_Raw='-150.00 €',MontoTotal_Raw negativo: -150.00 €,2026-08-11
Ventas,VentaID=9867 MontoTotal_Raw='NULL',MontoTotal_Raw nulo o vacío: NULL,2026-08-11
Ventas,VentaID=9900 MontoTotal_Raw='-150.00 €',MontoTotal_Raw negativo: -150.00 €,2026-08-11
Ventas,VentaID=9933 MontoTotal_Raw='NULL',MontoTotal_Raw nulo o vacío: NULL,2026-08-11
Ventas,VentaID=9950 MontoTotal_Raw='-150.00 €',MontoTotal_Raw negativo: -150.00 €,2026-08-11
Ventas,VentaID=9966 MontoTotal_Raw='NULL',MontoTotal_Raw nulo o vacío: NULL,2026-08-11
Ventas,VentaID=9999 MontoTotal_Raw='NULL',MontoTotal_Raw nulo o vacío: NULL,2026-08-11
Ventas,VentaID=10000 MontoTotal_Raw='-150.00 €',MontoTotal_Raw negativo: -150.00 €,2026-08-11
Ventas,VentaID=5 ProductoID=6,Producto fuera de alcance (categoría no moda) o inexistente,2026-08-11
Ventas,VentaID=6 ProductoID=7,Producto fuera de alcance (categoría no moda) o inexistente,2026-08-11
Ventas,VentaID=12 ProductoID=6,Producto fuera de alcance (categoría no moda) o inexistente,2026-08-11
Ventas,VentaID=13 ProductoID=7,Producto fuera de alcance (categoría no moda) o inexistente,2026-08-11
Ventas,VentaID=19 ProductoID=6,Producto fuera de alcance (categoría no moda) o inexistente,2026-08-11
Ventas,VentaID=20 ProductoID=7,Producto fuera de alcance (categoría no moda) o inexistente,2026-08-11
Ventas,VentaID=26 ProductoID=6,Producto fuera de alcance (categoría no moda) o inexistente,2026-08-11
Ventas,VentaID=27 ProductoID=7,Producto fuera de alcance (categoría no moda) o inexistente,2026-08-11
Ventas,VentaID=33 ProductoID=6,Producto fuera de alcance (categoría no moda) o inexistente,2026-08-11
Ventas,VentaID=34 ProductoID=7,Producto fuera de alcance (categoría no moda) o inexistente,2026-08-11
Ventas,VentaID=40 ProductoID=6,Producto fuera de alcance (categoría no moda) o inexistente,2026-08-11
Ventas,VentaID=41 ProductoID=7,Producto fuera de alcance (categoría no moda) o inexistente,2026-08-11
Ventas,VentaID=47 ProductoID=6,Producto fuera de alcance (categoría no moda) o inexistente,2026-08-11
Ventas,VentaID=48 ProductoID=7,Producto fuera de alcance (categoría no moda) o inexistente,2026-08-11
Ventas,VentaID=54 ProductoID=6,Producto fuera de alcance (categoría no moda) o inexistente,2026-08-11
Ventas,VentaID=55 ProductoID=7,Producto fuera de alcance (categoría no moda) o inexistente,2026-08-11
Ventas,VentaID=61 ProductoID=6,Producto fuera de alcance (categoría no moda) o inexistente,2026-08-11
Ventas,VentaID=62 ProductoID=7,Producto fuera de alcance (categoría no moda) o inexistente,2026-08-11
Ventas,VentaID=68 ProductoID=6,Producto fuera de alcance (categoría no moda) o inexistente,2026-08-11
Ventas,VentaID=69 ProductoID=7,Producto fuera de alcance (categoría no moda) o inexistente,2026-08-11
Ventas,VentaID=75 ProductoID=6,Producto fuera de alcance (categoría no moda) o inexistente,2026-08-11
Ventas,VentaID=76 ProductoID=7,Producto fuera de alcance (categoría no moda) o inexistente,2026-08-11
Ventas,VentaID=82 ProductoID=6,Producto fuera de alcance (categoría no moda) o inexistente,2026-08-11
Ventas,VentaID=83 ProductoID=7,Producto fuera de alcance (categoría no moda) o inexistente,2026-08-11
Ventas,VentaID=89 ProductoID=6,Producto fuera de alcance (categoría no moda) o inexistente,2026-08-11
Ventas,VentaID=90 ProductoID=7,Producto fuera de alcance (categoría no moda) o inexistente,2026-08-11
Ventas,VentaID=96 ProductoID=6,Producto fuera de alcance (categoría no moda) o inexistente,2026-08-11
Ventas,VentaID=97 ProductoID=7,Producto fuera de alcance (categoría no moda) o inexistente,2026-08-11
Ventas,VentaID=103 ProductoID=6,Producto fuera de alcance (categoría no moda) o inexistente,2026-08-11
Ventas,VentaID=104 ProductoID=7,Producto fuera de alcance (categoría no moda) o inexistente,2026-08-11
Ventas,VentaID=110 ProductoID=6,Producto fuera de alcance (categoría no moda) o inexistente,2026-08-11
Ventas,VentaID=111 ProductoID=7,Producto fuera de alcance (categoría no moda) o inexistente,2026-08-11
Ventas,VentaID=117 ProductoID=6,Producto fuera de alcance (categoría no moda) o inexistente,2026-08-11
Ventas,VentaID=118 ProductoID=7,Producto fuera de alcance (categoría no moda) o inexistente,2026-08-11
Ventas,VentaID=124 ProductoID=6,Producto fuera de alcance (categoría no moda) o inexistente,2026-08-11
Ventas,VentaID=125 ProductoID=7,Producto fuera de alcance (categoría no moda) o inexistente,2026-08-11
Ventas,VentaID=131 ProductoID=6,Producto fuera de alcance (categoría no moda) o inexistente,2026-08-11
Ventas,VentaID=132 ProductoID=7,Producto fuera de alcance (categoría no moda) o inexistente,2026-08-11
Ventas,VentaID=138 ProductoID=6,Producto fuera de alcance (categoría no moda) o inexistente,2026-08-11
Ventas,VentaID=139 ProductoID=7,Producto fuera de alcance (categoría no moda) o inexistente,2026-08-11
Ventas,VentaID=145 ProductoID=6,Producto fuera de alcance (categoría no moda) o inexistente,2026-08-11
Ventas,VentaID=146 ProductoID=7,Producto fuera de alcance (categoría no moda) o inexistente,2026-08-11
Ventas,VentaID=152 ProductoID=6,Producto fuera de alcance (categoría no moda) o inexistente,2026-08-11
Ventas,VentaID=153 ProductoID=7,Producto fuera de alcance (categoría no moda) o inexistente,2026-08-11
Ventas,VentaID=159 ProductoID=6,Producto fuera de alcance (categoría no moda) o inexistente,2026-08-11
Ventas,VentaID=160 ProductoID=7,Producto fuera de alcance (categoría no moda) o inexistente,2026-08-11
Ventas,VentaID=166 ProductoID=6,Producto fuera de alcance (categoría no moda) o inexistente,2026-08-11
Ventas,VentaID=167 ProductoID=7,Producto fuera de alcance (categoría no moda) o inexistente,2026-08-11
Ventas,VentaID=173 ProductoID=6,Producto fuera de alcance (categoría no moda) o inexistente,2026-08-11
Ventas,VentaID=174 ProductoID=7,Producto fuera de alcance (categoría no moda) o inexistente,2026-08-11
Ventas,VentaID=180 ProductoID=6,Producto fuera de alcance (categoría no moda) o inexistente,2026-08-11
Ventas,VentaID=181 ProductoID=7,Producto fuera de alcance (categoría no moda) o inexistente,2026-08-11
Ventas,VentaID=187 ProductoID=6,Producto fuera de alcance (categoría no moda) o inexistente,2026-08-11
Ventas,VentaID=188 ProductoID=7,Producto fuera de alcance (categoría no moda) o inexistente,2026-08-11
Ventas,VentaID=194 ProductoID=6,Producto fuera de alcance (categoría no moda) o inexistente,2026-08-11
Ventas,VentaID=195 ProductoID=7,Producto fuera de alcance (categoría no moda) o inexistente,2026-08-11
Ventas,VentaID=201 ProductoID=6,Producto fuera de alcance (categoría no moda) o inexistente,2026-08-11
Ventas,VentaID=202 ProductoID=7,Producto fuera de alcance (categoría no moda) o inexistente,2026-08-11
Ventas,VentaID=208 ProductoID=6,Producto fuera de alcance (categoría no moda) o inexistente,2026-08-11
Ventas,VentaID=209 ProductoID=7,Producto fuera de alcance (categoría no moda) o inexistente,2026-08-11
Ventas,VentaID=215 ProductoID=6,Producto fuera de alcance (categoría no moda) o inexistente,2026-08-11
Ventas,VentaID=216 ProductoID=7,Producto fuera de alcance (categoría no moda) o inexistente,2026-08-11
Ventas,VentaID=222 ProductoID=6,Producto fuera de alcance (categoría no moda) o inexistente,2026-08-11
Ventas,VentaID=223 ProductoID=7,Producto fuera de alcance (categoría no moda) o inexistente,2026-08-11
Ventas,VentaID=229 ProductoID=6,Producto fuera de alcance (categoría no moda) o inexistente,2026-08-11
Ventas,VentaID=230 ProductoID=7,Producto fuera de alcance (categoría no moda) o inexistente,2026-08-11
Ventas,VentaID=236 ProductoID=6,Producto fuera de alcance (categoría no moda) o inexistente,2026-08-11
Ventas,VentaID=237 ProductoID=7,Producto fuera de alcance (categoría no moda) o inexistente,2026-08-11
Ventas,VentaID=243 ProductoID=6,Producto fuera de alcance (categoría no moda) o inexistente,2026-08-11
Ventas,VentaID=244 ProductoID=7,Producto fuera de alcance (categoría no moda) o inexistente,2026-08-11
Ventas,VentaID=250 ProductoID=6,Producto fuera de alcance (categoría no moda) o inexistente,2026-08-11
Ventas,VentaID=251 ProductoID=7,Producto fuera de alcance (categoría no moda) o inexistente,2026-08-11
Ventas,VentaID=257 ProductoID=6,Producto fuera de alcance (categoría no moda) o inexistente,2026-08-11
Ventas,VentaID=258 ProductoID=7,Producto fuera de alcance (categoría no moda) o inexistente,2026-08-11
Ventas,VentaID=264 ProductoID=6,Producto fuera de alcance (categoría no moda) o inexistente,2026-08-11
Ventas,VentaID=265 ProductoID=7,Producto fuera de alcance (categoría no moda) o inexistente,2026-08-11
Ventas,VentaID=271 ProductoID=6,Producto fuera de alcance (categoría no moda) o inexistente,2026-08-11
Ventas,VentaID=272 ProductoID=7,Producto fuera de alcance (categoría no moda) o inexistente,2026-08-11
Ventas,VentaID=278 ProductoID=6,Producto fuera de alcance (categoría no moda) o inexistente,2026-08-11
Ventas,VentaID=279 ProductoID=7,Producto fuera de alcance (categoría no moda) o inexistente,2026-08-11
Ventas,VentaID=285 ProductoID=6,Producto fuera de alcance (categoría no moda) o inexistente,2026-08-11
Ventas,VentaID=286 ProductoID=7,Producto fuera de alcance (categoría no moda) o inexistente,2026-08-11
Ventas,VentaID=292 ProductoID=6,Producto fuera de alcance (categoría no moda) o inexistente,2026-08-11
Ventas,VentaID=293 ProductoID=7,Producto fuera de alcance (categoría no moda) o inexistente,2026-08-11
Ventas,VentaID=299 ProductoID=6,Producto fuera de alcance (categoría no moda) o inexistente,2026-08-11
Ventas,VentaID=300 ProductoID=7,Producto fuera de alcance (categoría no moda) o inexistente,2026-08-11
Ventas,VentaID=306 ProductoID=6,Producto fuera de alcance (categoría no moda) o inexistente,2026-08-11
Ventas,VentaID=307 ProductoID=7,Producto fuera de alcance (categoría no moda) o inexistente,2026-08-11
Ventas,VentaID=313 ProductoID=6,Producto fuera de alcance (categoría no moda) o inexistente,2026-08-11
Ventas,VentaID=314 ProductoID=7,Producto fuera de alcance (categoría no moda) o inexistente,2026-08-11
Ventas,VentaID=320 ProductoID=6,Producto fuera de alcance (categoría no moda) o inexistente,2026-08-11
Ventas,VentaID=321 ProductoID=7,Producto fuera de alcance (categoría no moda) o inexistente,2026-08-11
Ventas,VentaID=327 ProductoID=6,Producto fuera de alcance (categoría no moda) o inexistente,2026-08-11
Ventas,VentaID=328 ProductoID=7,Producto fuera de alcance (categoría no moda) o inexistente,2026-08-11
Ventas,VentaID=334 ProductoID=6,Producto fuera de alcance (categoría no moda) o inexistente,2026-08-11
Ventas,VentaID=335 ProductoID=7,Producto fuera de alcance (categoría no moda) o inexistente,2026-08-11
Ventas,VentaID=341 ProductoID=6,Producto fuera de alcance (categoría no moda) o inexistente,2026-08-11
Ventas,VentaID=342 ProductoID=7,Producto fuera de alcance (categoría no moda) o inexistente,2026-08-11
Ventas,VentaID=348 ProductoID=6,Producto fuera de alcance (categoría no moda) o inexistente,2026-08-11
Ventas,VentaID=349 ProductoID=7,Producto fuera de alcance (categoría no moda) o inexistente,2026-08-11
Ventas,VentaID=355 ProductoID=6,Producto fuera de alcance (categoría no moda) o inexistente,2026-08-11
Ventas,VentaID=356 ProductoID=7,Producto fuera de alcance (categoría no moda) o inexistente,2026-08-11
Ventas,VentaID=362 ProductoID=6,Producto fuera de alcance (categoría no moda) o inexistente,2026-08-11
Ventas,VentaID=363 ProductoID=7,Producto fuera de alcance (categoría no moda) o inexistente,2026-08-11
Ventas,VentaID=369 ProductoID=6,Producto fuera de alcance (categoría no moda) o inexistente,2026-08-11
Ventas,VentaID=370 ProductoID=7,Producto fuera de alcance (categoría no moda) o inexistente,2026-08-11
Ventas,VentaID=376 ProductoID=6,Producto fuera de alcance (categoría no moda) o inexistente,2026-08-11
Ventas,VentaID=377 ProductoID=7,Producto fuera de alcance (categoría no moda) o inexistente,2026-08-11
Ventas,VentaID=383 ProductoID=6,Producto fuera de alcance (categoría no moda) o inexistente,2026-08-11
Ventas,VentaID=384 ProductoID=7,Producto fuera de alcance (categoría no moda) o inexistente,2026-08-11
Ventas,VentaID=390 ProductoID=6,Producto fuera de alcance (categoría no moda) o inexistente,2026-08-11
Ventas,VentaID=391 ProductoID=7,Producto fuera de alcance (categoría no moda) o inexistente,2026-08-11
Ventas,VentaID=397 ProductoID=6,Producto fuera de alcance (categoría no moda) o inexistente,2026-08-11
Ventas,VentaID=398 ProductoID=7,Producto fuera de alcance (categoría no moda) o inexistente,2026-08-11
Ventas,VentaID=404 ProductoID=6,Producto fuera de alcance (categoría no moda) o inexistente,2026-08-11
Ventas,VentaID=405 ProductoID=7,Producto fuera de alcance (categoría no moda) o inexistente,2026-08-11
Ventas,VentaID=411 ProductoID=6,Producto fuera de alcance (categoría no moda) o inexistente,2026-08-11
Ventas,VentaID=412 ProductoID=7,Producto fuera de alcance (categoría no moda) o inexistente,2026-08-11
Ventas,VentaID=418 ProductoID=6,Producto fuera de alcance (categoría no moda) o inexistente,2026-08-11
Ventas,VentaID=419 ProductoID=7,Producto fuera de alcance (categoría no moda) o inexistente,2026-08-11
Ventas,VentaID=425 ProductoID=6,Producto fuera de alcance (categoría no moda) o inexistente,2026-08-11
Ventas,VentaID=426 ProductoID=7,Producto fuera de alcance (categoría no moda) o inexistente,2026-08-11
Ventas,VentaID=432 ProductoID=6,Producto fuera de alcance (categoría no moda) o inexistente,2026-08-11
Ventas,VentaID=433 ProductoID=7,Producto fuera de alcance (categoría no moda) o inexistente,2026-08-11
Ventas,VentaID=439 ProductoID=6,Producto fuera de alcance (categoría no moda) o inexistente,2026-08-11
Ventas,VentaID=440 ProductoID=7,Producto fuera de alcance (categoría no moda) o inexistente,2026-08-11
Ventas,VentaID=446 ProductoID=6,Producto fuera de alcance (categoría no moda) o inexistente,2026-08-11
Ventas,VentaID=447 ProductoID=7,Producto fuera de alcance (categoría no moda) o inexistente,2026-08-11
Ventas,VentaID=453 ProductoID=6,Producto fuera de alcance (categoría no moda) o inexistente,2026-08-11
Ventas,VentaID=454 ProductoID=7,Producto fuera de alcance (categoría no moda) o inexistente,2026-08-11
Ventas,VentaID=460 ProductoID=6,Producto fuera de alcance (categoría no moda) o inexistente,2026-08-11
Ventas,VentaID=461 ProductoID=7,Producto fuera de alcance (categoría no moda) o inexistente,2026-08-11
Ventas,VentaID=467 ProductoID=6,Producto fuera de alcance (categoría no moda) o inexistente,2026-08-11
Ventas,VentaID=468 ProductoID=7,Producto fuera de alcance (categoría no moda) o inexistente,2026-08-11
Ventas,VentaID=474 ProductoID=6,Producto fuera de alcance (categoría no moda) o inexistente,2026-08-11
Ventas,VentaID=475 ProductoID=7,Producto fuera de alcance (categoría no moda) o inexistente,2026-08-11
Ventas,VentaID=481 ProductoID=6,Producto fuera de alcance (categoría no moda) o inexistente,2026-08-11
Ventas,VentaID=482 ProductoID=7,Producto fuera de alcance (categoría no moda) o inexistente,2026-08-11
Ventas,VentaID=488 ProductoID=6,Producto fuera de alcance (categoría no moda) o inexistente,2026-08-11
Ventas,VentaID=489 ProductoID=7,Producto fuera de alcance (categoría no moda) o inexistente,2026-08-11
Ventas,VentaID=495 ProductoID=6,Producto fuera de alcance (categoría no moda) o inexistente,2026-08-11
Ventas,VentaID=496 ProductoID=7,Producto fuera de alcance (categoría no moda) o inexistente,2026-08-11
Ventas,VentaID=502 ProductoID=6,Producto fuera de alcance (categoría no moda) o inexistente,2026-08-11
Ventas,VentaID=503 ProductoID=7,Producto fuera de alcance (categoría no moda) o inexistente,2026-08-11
Ventas,VentaID=509 ProductoID=6,Producto fuera de alcance (categoría no moda) o inexistente,2026-08-11
Ventas,VentaID=510 ProductoID=7,Producto fuera de alcance (categoría no moda) o inexistente,2026-08-11
Ventas,VentaID=516 ProductoID=6,Producto fuera de alcance (categoría no moda) o inexistente,2026-08-11
Ventas,VentaID=517 ProductoID=7,Producto fuera de alcance (categoría no moda) o inexistente,2026-08-11
Ventas,VentaID=523 ProductoID=6,Producto fuera de alcance (categoría no moda) o inexistente,2026-08-11
Ventas,VentaID=524 ProductoID=7,Producto fuera de alcance (categoría no moda) o inexistente,2026-08-11
Ventas,VentaID=530 ProductoID=6,Producto fuera de alcance (categoría no moda) o inexistente,2026-08-11
Ventas,VentaID=531 ProductoID=7,Producto fuera de alcance (categoría no moda) o inexistente,2026-08-11
Ventas,VentaID=537 ProductoID=6,Producto fuera de alcance (categoría no moda) o inexistente,2026-08-11
Ventas,VentaID=538 ProductoID=7,Producto fuera de alcance (categoría no moda) o inexistente,2026-08-11
Ventas,VentaID=544 ProductoID=6,Producto fuera de alcance (categoría no moda) o inexistente,2026-08-11
Ventas,VentaID=545 ProductoID=7,Producto fuera de alcance (categoría no moda) o inexistente,2026-08-11
Ventas,VentaID=551 ProductoID=6,Producto fuera de alcance (categoría no moda) o inexistente,2026-08-11
Ventas,VentaID=552 ProductoID=7,Producto fuera de alcance (categoría no moda) o inexistente,2026-08-11
Ventas,VentaID=558 ProductoID=6,Producto fuera de alcance (categoría no moda) o inexistente,2026-08-11
Ventas,VentaID=559 ProductoID=7,Producto fuera de alcance (categoría no moda) o inexistente,2026-08-11
Ventas,VentaID=565 ProductoID=6,Producto fuera de alcance (categoría no moda) o inexistente,2026-08-11
Ventas,VentaID=566 ProductoID=7,Producto fuera de alcance (categoría no moda) o inexistente,2026-08-11
Ventas,VentaID=572 ProductoID=6,Producto fuera de alcance (categoría no moda) o inexistente,2026-08-11
Ventas,VentaID=573 ProductoID=7,Producto fuera de alcance (categoría no moda) o inexistente,2026-08-11
Ventas,VentaID=579 ProductoID=6,Producto fuera de alcance (categoría no moda) o inexistente,2026-08-11
Ventas,VentaID=580 ProductoID=7,Producto fuera de alcance (categoría no moda) o inexistente,2026-08-11
Ventas,VentaID=586 ProductoID=6,Producto fuera de alcance (categoría no moda) o inexistente,2026-08-11
Ventas,VentaID=587 ProductoID=7,Producto fuera de alcance (categoría no moda) o inexistente,2026-08-11
Ventas,VentaID=593 ProductoID=6,Producto fuera de alcance (categoría no moda) o inexistente,2026-08-11
Ventas,VentaID=594 ProductoID=7,Producto fuera de alcance (categoría no moda) o inexistente,2026-08-11
Ventas,VentaID=600 ProductoID=6,Producto fuera de alcance (categoría no moda) o inexistente,2026-08-11
Ventas,VentaID=601 ProductoID=7,Producto fuera de alcance (categoría no moda) o inexistente,2026-08-11
Ventas,VentaID=607 ProductoID=6,Producto fuera de alcance (categoría no moda) o inexistente,2026-08-11
Ventas,VentaID=608 ProductoID=7,Producto fuera de alcance (categoría no moda) o inexistente,2026-08-11
Ventas,VentaID=614 ProductoID=6,Producto fuera de alcance (categoría no moda) o inexistente,2026-08-11
Ventas,VentaID=615 ProductoID=7,Producto fuera de alcance (categoría no moda) o inexistente,2026-08-11
Ventas,VentaID=621 ProductoID=6,Producto fuera de alcance (categoría no moda) o inexistente,2026-08-11
Ventas,VentaID=622 ProductoID=7,Producto fuera de alcance (categoría no moda) o inexistente,2026-08-11
Ventas,VentaID=628 ProductoID=6,Producto fuera de alcance (categoría no moda) o inexistente,2026-08-11
Ventas,VentaID=629 ProductoID=7,Producto fuera de alcance (categoría no moda) o inexistente,2026-08-11
Ventas,VentaID=635 ProductoID=6,Producto fuera de alcance (categoría no moda) o inexistente,2026-08-11
Ventas,VentaID=636 ProductoID=7,Producto fuera de alcance (categoría no moda) o inexistente,2026-08-11
Ventas,VentaID=642 ProductoID=6,Producto fuera de alcance (categoría no moda) o inexistente,2026-08-11
Ventas,VentaID=643 ProductoID=7,Producto fuera de alcance (categoría no moda) o inexistente,2026-08-11
Ventas,VentaID=649 ProductoID=6,Producto fuera de alcance (categoría no moda) o inexistente,2026-08-11
Ventas,VentaID=650 ProductoID=7,Producto fuera de alcance (categoría no moda) o inexistente,2026-08-11
Ventas,VentaID=656 ProductoID=6,Producto fuera de alcance (categoría no moda) o inexistente,2026-08-11
Ventas,VentaID=657 ProductoID=7,Producto fuera de alcance (categoría no moda) o inexistente,2026-08-11
Ventas,VentaID=663 ProductoID=6,Producto fuera de alcance (categoría no moda) o inexistente,2026-08-11
Ventas,VentaID=664 ProductoID=7,Producto fuera de alcance (categoría no moda) o inexistente,2026-08-11
Ventas,VentaID=670 ProductoID=6,Producto fuera de alcance (categoría no moda) o inexistente,2026-08-11
Ventas,VentaID=671 ProductoID=7,Producto fuera de alcance (categoría no moda) o inexistente,2026-08-11
Ventas,VentaID=677 ProductoID=6,Producto fuera de alcance (categoría no moda) o inexistente,2026-08-11
Ventas,VentaID=678 ProductoID=7,Producto fuera de alcance (categoría no moda) o inexistente,2026-08-11
Ventas,VentaID=684 ProductoID=6,Producto fuera de alcance (categoría no moda) o inexistente,2026-08-11
Ventas,VentaID=685 ProductoID=7,Producto fuera de alcance (categoría no moda) o inexistente,2026-08-11
Ventas,VentaID=691 ProductoID=6,Producto fuera de alcance (categoría no moda) o inexistente,2026-08-11
Ventas,VentaID=692 ProductoID=7,Producto fuera de alcance (categoría no moda) o inexistente,2026-08-11
Ventas,VentaID=698 ProductoID=6,Producto fuera de alcance (categoría no moda) o inexistente,2026-08-11
Ventas,VentaID=699 ProductoID=7,Producto fuera de alcance (categoría no moda) o inexistente,2026-08-11
Ventas,VentaID=705 ProductoID=6,Producto fuera de alcance (categoría no moda) o inexistente,2026-08-11
Ventas,VentaID=706 ProductoID=7,Producto fuera de alcance (categoría no moda) o inexistente,2026-08-11
Ventas,VentaID=712 ProductoID=6,Producto fuera de alcance (categoría no moda) o inexistente,2026-08-11
Ventas,VentaID=713 ProductoID=7,Producto fuera de alcance (categoría no moda) o inexistente,2026-08-11
Ventas,VentaID=719 ProductoID=6,Producto fuera de alcance (categoría no moda) o inexistente,2026-08-11
Ventas,VentaID=720 ProductoID=7,Producto fuera de alcance (categoría no moda) o inexistente,2026-08-11
Ventas,VentaID=726 ProductoID=6,Producto fuera de alcance (categoría no moda) o inexistente,2026-08-11
Ventas,VentaID=727 ProductoID=7,Producto fuera de alcance (categoría no moda) o inexistente,2026-08-11
Ventas,VentaID=733 ProductoID=6,Producto fuera de alcance (categoría no moda) o inexistente,2026-08-11
Ventas,VentaID=734 ProductoID=7,Producto fuera de alcance (categoría no moda) o inexistente,2026-08-11
Ventas,VentaID=740 ProductoID=6,Producto fuera de alcance (categoría no moda) o inexistente,2026-08-11
Ventas,VentaID=741 ProductoID=7,Producto fuera de alcance (categoría no moda) o inexistente,2026-08-11
Ventas,VentaID=747 ProductoID=6,Producto fuera de alcance (categoría no moda) o inexistente,2026-08-11
Ventas,VentaID=748 ProductoID=7,Producto fuera de alcance (categoría no moda) o inexistente,2026-08-11
Ventas,VentaID=754 ProductoID=6,Producto fuera de alcance (categoría no moda) o inexistente,2026-08-11
Ventas,VentaID=755 ProductoID=7,Producto fuera de alcance (categoría no moda) o inexistente,2026-08-11
Ventas,VentaID=761 ProductoID=6,Producto fuera de alcance (categoría no moda) o inexistente,2026-08-11
Ventas,VentaID=762 ProductoID=7,Producto fuera de alcance (categoría no moda) o inexistente,2026-08-11
Ventas,VentaID=768 ProductoID=6,Producto fuera de alcance (categoría no moda) o inexistente,2026-08-11
Ventas,VentaID=769 ProductoID=7,Producto fuera de alcance (categoría no moda) o inexistente,2026-08-11
Ventas,VentaID=775 ProductoID=6,Producto fuera de alcance (categoría no moda) o inexistente,2026-08-11
Ventas,VentaID=776 ProductoID=7,Producto fuera de alcance (categoría no moda) o inexistente,2026-08-11
Ventas,VentaID=782 ProductoID=6,Producto fuera de alcance (categoría no moda) o inexistente,2026-08-11
Ventas,VentaID=783 ProductoID=7,Producto fuera de alcance (categoría no moda) o inexistente,2026-08-11
Ventas,VentaID=789 ProductoID=6,Producto fuera de alcance (categoría no moda) o inexistente,2026-08-11
Ventas,VentaID=790 ProductoID=7,Producto fuera de alcance (categoría no moda) o inexistente,2026-08-11
Ventas,VentaID=796 ProductoID=6,Producto fuera de alcance (categoría no moda) o inexistente,2026-08-11
Ventas,VentaID=797 ProductoID=7,Producto fuera de alcance (categoría no moda) o inexistente,2026-08-11
Ventas,VentaID=803 ProductoID=6,Producto fuera de alcance (categoría no moda) o inexistente,2026-08-11
Ventas,VentaID=804 ProductoID=7,Producto fuera de alcance (categoría no moda) o inexistente,2026-08-11
Ventas,VentaID=810 ProductoID=6,Producto fuera de alcance (categoría no moda) o inexistente,2026-08-11
Ventas,VentaID=811 ProductoID=7,Producto fuera de alcance (categoría no moda) o inexistente,2026-08-11
Ventas,VentaID=817 ProductoID=6,Producto fuera de alcance (categoría no moda) o inexistente,2026-08-11
Ventas,VentaID=818 ProductoID=7,Producto fuera de alcance (categoría no moda) o inexistente,2026-08-11
Ventas,VentaID=824 ProductoID=6,Producto fuera de alcance (categoría no moda) o inexistente,2026-08-11
Ventas,VentaID=825 ProductoID=7,Producto fuera de alcance (categoría no moda) o inexistente,2026-08-11
Ventas,VentaID=831 ProductoID=6,Producto fuera de alcance (categoría no moda) o inexistente,2026-08-11
Ventas,VentaID=832 ProductoID=7,Producto fuera de alcance (categoría no moda) o inexistente,2026-08-11
Ventas,VentaID=838 ProductoID=6,Producto fuera de alcance (categoría no moda) o inexistente,2026-08-11
Ventas,VentaID=839 ProductoID=7,Producto fuera de alcance (categoría no moda) o inexistente,2026-08-11
Ventas,VentaID=845 ProductoID=6,Producto fuera de alcance (categoría no moda) o inexistente,2026-08-11
Ventas,VentaID=846 ProductoID=7,Producto fuera de alcance (categoría no moda) o inexistente,2026-08-11
Ventas,VentaID=852 ProductoID=6,Producto fuera de alcance (categoría no moda) o inexistente,2026-08-11
Ventas,VentaID=853 ProductoID=7,Producto fuera de alcance (categoría no moda) o inexistente,2026-08-11
Ventas,VentaID=859 ProductoID=6,Producto fuera de alcance (categoría no moda) o inexistente,2026-08-11
Ventas,VentaID=860 ProductoID=7,Producto fuera de alcance (categoría no moda) o inexistente,2026-08-11
Ventas,VentaID=866 ProductoID=6,Producto fuera de alcance (categoría no moda) o inexistente,2026-08-11
Ventas,VentaID=867 ProductoID=7,Producto fuera de alcance (categoría no moda) o inexistente,2026-08-11
Ventas,VentaID=873 ProductoID=6,Producto fuera de alcance (categoría no moda) o inexistente,2026-08-11
Ventas,VentaID=874 ProductoID=7,Producto fuera de alcance (categoría no moda) o inexistente,2026-08-11
Ventas,VentaID=880 ProductoID=6,Producto fuera de alcance (categoría no moda) o inexistente,2026-08-11
Ventas,VentaID=881 ProductoID=7,Producto fuera de alcance (categoría no moda) o inexistente,2026-08-11
Ventas,VentaID=887 ProductoID=6,Producto fuera de alcance (categoría no moda) o inexistente,2026-08-11
Ventas,VentaID=888 ProductoID=7,Producto fuera de alcance (categoría no moda) o inexistente,2026-08-11
Ventas,VentaID=894 ProductoID=6,Producto fuera de alcance (categoría no moda) o inexistente,2026-08-11
Ventas,VentaID=895 ProductoID=7,Producto fuera de alcance (categoría no moda) o inexistente,2026-08-11
Ventas,VentaID=901 ProductoID=6,Producto fuera de alcance (categoría no moda) o inexistente,2026-08-11
Ventas,VentaID=902 ProductoID=7,Producto fuera de alcance (categoría no moda) o inexistente,2026-08-11
Ventas,VentaID=908 ProductoID=6,Producto fuera de alcance (categoría no moda) o inexistente,2026-08-11
Ventas,VentaID=909 ProductoID=7,Producto fuera de alcance (categoría no moda) o inexistente,2026-08-11
Ventas,VentaID=915 ProductoID=6,Producto fuera de alcance (categoría no moda) o inexistente,2026-08-11
Ventas,VentaID=916 ProductoID=7,Producto fuera de alcance (categoría no moda) o inexistente,2026-08-11
Ventas,VentaID=922 ProductoID=6,Producto fuera de alcance (categoría no moda) o inexistente,2026-08-11
Ventas,VentaID=923 ProductoID=7,Producto fuera de alcance (categoría no moda) o inexistente,2026-08-11
Ventas,VentaID=929 ProductoID=6,Producto fuera de alcance (categoría no moda) o inexistente,2026-08-11
Ventas,VentaID=930 ProductoID=7,Producto fuera de alcance (categoría no moda) o inexistente,2026-08-11
Ventas,VentaID=936 ProductoID=6,Producto fuera de alcance (categoría no moda) o inexistente,2026-08-11
Ventas,VentaID=937 ProductoID=7,Producto fuera de alcance (categoría no moda) o inexistente,2026-08-11
Ventas,VentaID=943 ProductoID=6,Producto fuera de alcance (categoría no moda) o inexistente,2026-08-11
Ventas,VentaID=944 ProductoID=7,Producto fuera de alcance (categoría no moda) o inexistente,2026-08-11
Ventas,VentaID=950 ProductoID=6,Producto fuera de alcance (categoría no moda) o inexistente,2026-08-11
Ventas,VentaID=951 ProductoID=7,Producto fuera de alcance (categoría no moda) o inexistente,2026-08-11
Ventas,VentaID=957 ProductoID=6,Producto fuera de alcance (categoría no moda) o inexistente,2026-08-11
Ventas,VentaID=958 ProductoID=7,Producto fuera de alcance (categoría no moda) o inexistente,2026-08-11
Ventas,VentaID=964 ProductoID=6,Producto fuera de alcance (categoría no moda) o inexistente,2026-08-11
Ventas,VentaID=965 ProductoID=7,Producto fuera de alcance (categoría no moda) o inexistente,2026-08-11
Ventas,VentaID=971 ProductoID=6,Producto fuera de alcance (categoría no moda) o inexistente,2026-08-11
Ventas,VentaID=972 ProductoID=7,Producto fuera de alcance (categoría no moda) o inexistente,2026-08-11
Ventas,VentaID=978 ProductoID=6,Producto fuera de alcance (categoría no moda) o inexistente,2026-08-11
Ventas,VentaID=979 ProductoID=7,Producto fuera de alcance (categoría no moda) o inexistente,2026-08-11
Ventas,VentaID=985 ProductoID=6,Producto fuera de alcance (categoría no moda) o inexistente,2026-08-11
Ventas,VentaID=986 ProductoID=7,Producto fuera de alcance (categoría no moda) o inexistente,2026-08-11
Ventas,VentaID=992 ProductoID=6,Producto fuera de alcance (categoría no moda) o inexistente,2026-08-11
Ventas,VentaID=993 ProductoID=7,Producto fuera de alcance (categoría no moda) o inexistente,2026-08-11
Ventas,VentaID=999 ProductoID=6,Producto fuera de alcance (categoría no moda) o inexistente,2026-08-11
Ventas,VentaID=1000 ProductoID=7,Producto fuera de alcance (categoría no moda) o inexistente,2026-08-11
Ventas,VentaID=1006 ProductoID=6,Producto fuera de alcance (categoría no moda) o inexistente,2026-08-11
Ventas,VentaID=1007 ProductoID=7,Producto fuera de alcance (categoría no moda) o inexistente,2026-08-11
Ventas,VentaID=1013 ProductoID=6,Producto fuera de alcance (categoría no moda) o inexistente,2026-08-11
Ventas,VentaID=1014 ProductoID=7,Producto fuera de alcance (categoría no moda) o inexistente,2026-08-11
Ventas,VentaID=1020 ProductoID=6,Producto fuera de alcance (categoría no moda) o inexistente,2026-08-11
Ventas,VentaID=1021 ProductoID=7,Producto fuera de alcance (categoría no moda) o inexistente,2026-08-11
Ventas,VentaID=1027 ProductoID=6,Producto fuera de alcance (categoría no moda) o inexistente,2026-08-11
Ventas,VentaID=1028 ProductoID=7,Producto fuera de alcance (categoría no moda) o inexistente,2026-08-11
Ventas,VentaID=1034 ProductoID=6,Producto fuera de alcance (categoría no moda) o inexistente,2026-08-11
Ventas,VentaID=1035 ProductoID=7,Producto fuera de alcance (categoría no moda) o inexistente,2026-08-11
Ventas,VentaID=1041 ProductoID=6,Producto fuera de alcance (categoría no moda) o inexistente,2026-08-11
Ventas,VentaID=1042 ProductoID=7,Producto fuera de alcance (categoría no moda) o inexistente,2026-08-11
Ventas,VentaID=1048 ProductoID=6,Producto fuera de alcance (categoría no moda) o inexistente,2026-08-11
Ventas,VentaID=1049 ProductoID=7,Producto fuera de alcance (categoría no moda) o inexistente,2026-08-11
Ventas,VentaID=1055 ProductoID=6,Producto fuera de alcance (categoría no moda) o inexistente,2026-08-11
Ventas,VentaID=1056 ProductoID=7,Producto fuera de alcance (categoría no moda) o inexistente,2026-08-11
Ventas,VentaID=1062 ProductoID=6,Producto fuera de alcance (categoría no moda) o inexistente,2026-08-11
Ventas,VentaID=1063 ProductoID=7,Producto fuera de alcance (categoría no moda) o inexistente,2026-08-11
Ventas,VentaID=1069 ProductoID=6,Producto fuera de alcance (categoría no moda) o inexistente,2026-08-11
Ventas,VentaID=1070 ProductoID=7,Producto fuera de alcance (categoría no moda) o inexistente,2026-08-11
Ventas,VentaID=1076 ProductoID=6,Producto fuera de alcance (categoría no moda) o inexistente,2026-08-11
Ventas,VentaID=1077 ProductoID=7,Producto fuera de alcance (categoría no moda) o inexistente,2026-08-11
Ventas,VentaID=1083 ProductoID=6,Producto fuera de alcance (categoría no moda) o inexistente,2026-08-11
Ventas,VentaID=1084 ProductoID=7,Producto fuera de alcance (categoría no moda) o inexistente,2026-08-11
Ventas,VentaID=1090 ProductoID=6,Producto fuera de alcance (categoría no moda) o inexistente,2026-08-11
Ventas,VentaID=1091 ProductoID=7,Producto fuera de alcance (categoría no moda) o inexistente,2026-08-11
Ventas,VentaID=1097 ProductoID=6,Producto fuera de alcance (categoría no moda) o inexistente,2026-08-11
Ventas,VentaID=1098 ProductoID=7,Producto fuera de alcance (categoría no moda) o inexistente,2026-08-11
Ventas,VentaID=1104 ProductoID=6,Producto fuera de alcance (categoría no moda) o inexistente,2026-08-11
Ventas,VentaID=1105 ProductoID=7,Producto fuera de alcance (categoría no moda) o inexistente,2026-08-11
Ventas,VentaID=1111 ProductoID=6,Producto fuera de alcance (categoría no moda) o inexistente,2026-08-11
Ventas,VentaID=1112 ProductoID=7,Producto fuera de alcance (categoría no moda) o inexistente,2026-08-11
Ventas,VentaID=1118 ProductoID=6,Producto fuera de alcance (categoría no moda) o inexistente,2026-08-11
Ventas,VentaID=1119 ProductoID=7,Producto fuera de alcance (categoría no moda) o inexistente,2026-08-11
Ventas,VentaID=1125 ProductoID=6,Producto fuera de alcance (categoría no moda) o inexistente,2026-08-11
Ventas,VentaID=1126 ProductoID=7,Producto fuera de alcance (categoría no moda) o inexistente,2026-08-11
Ventas,VentaID=1132 ProductoID=6,Producto fuera de alcance (categoría no moda) o inexistente,2026-08-11
Ventas,VentaID=1133 ProductoID=7,Producto fuera de alcance (categoría no moda) o inexistente,2026-08-11
Ventas,VentaID=1139 ProductoID=6,Producto fuera de alcance (categoría no moda) o inexistente,2026-08-11
Ventas,VentaID=1140 ProductoID=7,Producto fuera de alcance (categoría no moda) o inexistente,2026-08-11
Ventas,VentaID=1146 ProductoID=6,Producto fuera de alcance (categoría no moda) o inexistente,2026-08-11
Ventas,VentaID=1147 ProductoID=7,Producto fuera de alcance (categoría no moda) o inexistente,2026-08-11
Ventas,VentaID=1153 ProductoID=6,Producto fuera de alcance (categoría no moda) o inexistente,2026-08-11
Ventas,VentaID=1154 ProductoID=7,Producto fuera de alcance (categoría no moda) o inexistente,2026-08-11
Ventas,VentaID=1160 ProductoID=6,Producto fuera de alcance (categoría no moda) o inexistente,2026-08-11
Ventas,VentaID=1161 ProductoID=7,Producto fuera de alcance (categoría no moda) o inexistente,2026-08-11
Ventas,VentaID=1167 ProductoID=6,Producto fuera de alcance (categoría no moda) o inexistente,2026-08-11
Ventas,VentaID=1168 ProductoID=7,Producto fuera de alcance (categoría no moda) o inexistente,2026-08-11
Ventas,VentaID=1174 ProductoID=6,Producto fuera de alcance (categoría no moda) o inexistente,2026-08-11
Ventas,VentaID=1175 ProductoID=7,Producto fuera de alcance (categoría no moda) o inexistente,2026-08-11
Ventas,VentaID=1181 ProductoID=6,Producto fuera de alcance (categoría no moda) o inexistente,2026-08-11
Ventas,VentaID=1182 ProductoID=7,Producto fuera de alcance (categoría no moda) o inexistente,2026-08-11
Ventas,VentaID=1188 ProductoID=6,Producto fuera de alcance (categoría no moda) o inexistente,2026-08-11
Ventas,VentaID=1189 ProductoID=7,Producto fuera de alcance (categoría no moda) o inexistente,2026-08-11
Ventas,VentaID=1195 ProductoID=6,Producto fuera de alcance (categoría no moda) o inexistente,2026-08-11
Ventas,VentaID=1196 ProductoID=7,Producto fuera de alcance (categoría no moda) o inexistente,2026-08-11
Ventas,VentaID=1202 ProductoID=6,Producto fuera de alcance (categoría no moda) o inexistente,2026-08-11
Ventas,VentaID=1203 ProductoID=7,Producto fuera de alcance (categoría no moda) o inexistente,2026-08-11
Ventas,VentaID=1209 ProductoID=6,Producto fuera de alcance (categoría no moda) o inexistente,2026-08-11
Ventas,VentaID=1210 ProductoID=7,Producto fuera de alcance (categoría no moda) o inexistente,2026-08-11
Ventas,VentaID=1216 ProductoID=6,Producto fuera de alcance (categoría no moda) o inexistente,2026-08-11
Ventas,VentaID=1217 ProductoID=7,Producto fuera de alcance (categoría no moda) o inexistente,2026-08-11
Ventas,VentaID=1223 ProductoID=6,Producto fuera de alcance (categoría no moda) o inexistente,2026-08-11
Ventas,VentaID=1224 ProductoID=7,Producto fuera de alcance (categoría no moda) o inexistente,2026-08-11
Ventas,VentaID=1230 ProductoID=6,Producto fuera de alcance (categoría no moda) o inexistente,2026-08-11
Ventas,VentaID=1231 ProductoID=7,Producto fuera de alcance (categoría no moda) o inexistente,2026-08-11
Ventas,VentaID=1237 ProductoID=6,Producto fuera de alcance (categoría no moda) o inexistente,2026-08-11
Ventas,VentaID=1238 ProductoID=7,Producto fuera de alcance (categoría no moda) o inexistente,2026-08-11
Ventas,VentaID=1244 ProductoID=6,Producto fuera de alcance (categoría no moda) o inexistente,2026-08-11
Ventas,VentaID=1245 ProductoID=7,Producto fuera de alcance (categoría no moda) o inexistente,2026-08-11
Ventas,VentaID=1251 ProductoID=6,Producto fuera de alcance (categoría no moda) o inexistente,2026-08-11
Ventas,VentaID=1252 ProductoID=7,Producto fuera de alcance (categoría no moda) o inexistente,2026-08-11
Ventas,VentaID=1258 ProductoID=6,Producto fuera de alcance (categoría no moda) o inexistente,2026-08-11
Ventas,VentaID=1259 ProductoID=7,Producto fuera de alcance (categoría no moda) o inexistente,2026-08-11
Ventas,VentaID=1265 ProductoID=6,Producto fuera de alcance (categoría no moda) o inexistente,2026-08-11
Ventas,VentaID=1266 ProductoID=7,Producto fuera de alcance (categoría no moda) o inexistente,2026-08-11
Ventas,VentaID=1272 ProductoID=6,Producto fuera de alcance (categoría no moda) o inexistente,2026-08-11
Ventas,VentaID=1273 ProductoID=7,Producto fuera de alcance (categoría no moda) o inexistente,2026-08-11
Ventas,VentaID=1279 ProductoID=6,Producto fuera de alcance (categoría no moda) o inexistente,2026-08-11
Ventas,VentaID=1280 ProductoID=7,Producto fuera de alcance (categoría no moda) o inexistente,2026-08-11
Ventas,VentaID=1286 ProductoID=6,Producto fuera de alcance (categoría no moda) o inexistente,2026-08-11
Ventas,VentaID=1287 ProductoID=7,Producto fuera de alcance (categoría no moda) o inexistente,2026-08-11
Ventas,VentaID=1293 ProductoID=6,Producto fuera de alcance (categoría no moda) o inexistente,2026-08-11
Ventas,VentaID=1294 ProductoID=7,Producto fuera de alcance (categoría no moda) o inexistente,2026-08-11
Ventas,VentaID=1300 ProductoID=6,Producto fuera de alcance (categoría no moda) o inexistente,2026-08-11
Ventas,VentaID=1301 ProductoID=7,Producto fuera de alcance (categoría no moda) o inexistente,2026-08-11
Ventas,VentaID=1307 ProductoID=6,Producto fuera de alcance (categoría no moda) o inexistente,2026-08-11
Ventas,VentaID=1308 ProductoID=7,Producto fuera de alcance (categoría no moda) o inexistente,2026-08-11
Ventas,VentaID=1314 ProductoID=6,Producto fuera de alcance (categoría no moda) o inexistente,2026-08-11
Ventas,VentaID=1315 ProductoID=7,Producto fuera de alcance (categoría no moda) o inexistente,2026-08-11
Ventas,VentaID=1321 ProductoID=6,Producto fuera de alcance (categoría no moda) o inexistente,2026-08-11
Ventas,VentaID=1322 ProductoID=7,Producto fuera de alcance (categoría no moda) o inexistente,2026-08-11
Ventas,VentaID=1328 ProductoID=6,Producto fuera de alcance (categoría no moda) o inexistente,2026-08-11
Ventas,VentaID=1329 ProductoID=7,Producto fuera de alcance (categoría no moda) o inexistente,2026-08-11
Ventas,VentaID=1335 ProductoID=6,Producto fuera de alcance (categoría no moda) o inexistente,2026-08-11
Ventas,VentaID=1336 ProductoID=7,Producto fuera de alcance (categoría no moda) o inexistente,2026-08-11
Ventas,VentaID=1342 ProductoID=6,Producto fuera de alcance (categoría no moda) o inexistente,2026-08-11
Ventas,VentaID=1343 ProductoID=7,Producto fuera de alcance (categoría no moda) o inexistente,2026-08-11
Ventas,VentaID=1349 ProductoID=6,Producto fuera de alcance (categoría no moda) o inexistente,2026-08-11
Ventas,VentaID=1350 ProductoID=7,Producto fuera de alcance (categoría no moda) o inexistente,2026-08-11
Ventas,VentaID=1356 ProductoID=6,Producto fuera de alcance (categoría no moda) o inexistente,2026-08-11
Ventas,VentaID=1357 ProductoID=7,Producto fuera de alcance (categoría no moda) o inexistente,2026-08-11
Ventas,VentaID=1363 ProductoID=6,Producto fuera de alcance (categoría no moda) o inexistente,2026-08-11
Ventas,VentaID=1364 ProductoID=7,Producto fuera de alcance (categoría no moda) o inexistente,2026-08-11
Ventas,VentaID=1370 ProductoID=6,Producto fuera de alcance (categoría no moda) o inexistente,2026-08-11
Ventas,VentaID=1371 ProductoID=7,Producto fuera de alcance (categoría no moda) o inexistente,2026-08-11
Ventas,VentaID=1377 ProductoID=6,Producto fuera de alcance (categoría no moda) o inexistente,2026-08-11
Ventas,VentaID=1378 ProductoID=7,Producto fuera de alcance (categoría no moda) o inexistente,2026-08-11
Ventas,VentaID=1384 ProductoID=6,Producto fuera de alcance (categoría no moda) o inexistente,2026-08-11
Ventas,VentaID=1385 ProductoID=7,Producto fuera de alcance (categoría no moda) o inexistente,2026-08-11
Ventas,VentaID=1391 ProductoID=6,Producto fuera de alcance (categoría no moda) o inexistente,2026-08-11
Ventas,VentaID=1392 ProductoID=7,Producto fuera de alcance (categoría no moda) o inexistente,2026-08-11
Ventas,VentaID=1398 ProductoID=6,Producto fuera de alcance (categoría no moda) o inexistente,2026-08-11
Ventas,VentaID=1399 ProductoID=7,Producto fuera de alcance (categoría no moda) o inexistente,2026-08-11
Ventas,VentaID=1405 ProductoID=6,Producto fuera de alcance (categoría no moda) o inexistente,2026-08-11
Ventas,VentaID=1406 ProductoID=7,Producto fuera de alcance (categoría no moda) o inexistente,2026-08-11
Ventas,VentaID=1412 ProductoID=6,Producto fuera de alcance (categoría no moda) o inexistente,2026-08-11
Ventas,VentaID=1413 ProductoID=7,Producto fuera de alcance (categoría no moda) o inexistente,2026-08-11
Ventas,VentaID=1419 ProductoID=6,Producto fuera de alcance (categoría no moda) o inexistente,2026-08-11
Ventas,VentaID=1420 ProductoID=7,Producto fuera de alcance (categoría no moda) o inexistente,2026-08-11
Ventas,VentaID=1426 ProductoID=6,Producto fuera de alcance (categoría no moda) o inexistente,2026-08-11
Ventas,VentaID=1427 ProductoID=7,Producto fuera de alcance (categoría no moda) o inexistente,2026-08-11
Ventas,VentaID=1433 ProductoID=6,Producto fuera de alcance (categoría no moda) o inexistente,2026-08-11
Ventas,VentaID=1434 ProductoID=7,Producto fuera de alcance (categoría no moda) o inexistente,2026-08-11
Ventas,VentaID=1440 ProductoID=6,Producto fuera de alcance (categoría no moda) o inexistente,2026-08-11
Ventas,VentaID=1441 ProductoID=7,Producto fuera de alcance (categoría no moda) o inexistente,2026-08-11
Ventas,VentaID=1447 ProductoID=6,Producto fuera de alcance (categoría no moda) o inexistente,2026-08-11
Ventas,VentaID=1448 ProductoID=7,Producto fuera de alcance (categoría no moda) o inexistente,2026-08-11
Ventas,VentaID=1454 ProductoID=6,Producto fuera de alcance (categoría no moda) o inexistente,2026-08-11
Ventas,VentaID=1455 ProductoID=7,Producto fuera de alcance (categoría no moda) o inexistente,2026-08-11
Ventas,VentaID=1461 ProductoID=6,Producto fuera de alcance (categoría no moda) o inexistente,2026-08-11
Ventas,VentaID=1462 ProductoID=7,Producto fuera de alcance (categoría no moda) o inexistente,2026-08-11
Ventas,VentaID=1468 ProductoID=6,Producto fuera de alcance (categoría no moda) o inexistente,2026-08-11
Ventas,VentaID=1469 ProductoID=7,Producto fuera de alcance (categoría no moda) o inexistente,2026-08-11
Ventas,VentaID=1475 ProductoID=6,Producto fuera de alcance (categoría no moda) o inexistente,2026-08-11
Ventas,VentaID=1476 ProductoID=7,Producto fuera de alcance (categoría no moda) o inexistente,2026-08-11
Ventas,VentaID=1482 ProductoID=6,Producto fuera de alcance (categoría no moda) o inexistente,2026-08-11
Ventas,VentaID=1483 ProductoID=7,Producto fuera de alcance (categoría no moda) o inexistente,2026-08-11
Ventas,VentaID=1489 ProductoID=6,Producto fuera de alcance (categoría no moda) o inexistente,2026-08-11
Ventas,VentaID=1490 ProductoID=7,Producto fuera de alcance (categoría no moda) o inexistente,2026-08-11
Ventas,VentaID=1496 ProductoID=6,Producto fuera de alcance (categoría no moda) o inexistente,2026-08-11
Ventas,VentaID=1497 ProductoID=7,Producto fuera de alcance (categoría no moda) o inexistente,2026-08-11
Ventas,VentaID=1503 ProductoID=6,Producto fuera de alcance (categoría no moda) o inexistente,2026-08-11
Ventas,VentaID=1504 ProductoID=7,Producto fuera de alcance (categoría no moda) o inexistente,2026-08-11
Ventas,VentaID=1510 ProductoID=6,Producto fuera de alcance (categoría no moda) o inexistente,2026-08-11
Ventas,VentaID=1511 ProductoID=7,Producto fuera de alcance (categoría no moda) o inexistente,2026-08-11
Ventas,VentaID=1517 ProductoID=6,Producto fuera de alcance (categoría no moda) o inexistente,2026-08-11
Ventas,VentaID=1518 ProductoID=7,Producto fuera de alcance (categoría no moda) o inexistente,2026-08-11
Ventas,VentaID=1524 ProductoID=6,Producto fuera de alcance (categoría no moda) o inexistente,2026-08-11
Ventas,VentaID=1525 ProductoID=7,Producto fuera de alcance (categoría no moda) o inexistente,2026-08-11
Ventas,VentaID=1531 ProductoID=6,Producto fuera de alcance (categoría no moda) o inexistente,2026-08-11
Ventas,VentaID=1532 ProductoID=7,Producto fuera de alcance (categoría no moda) o inexistente,2026-08-11
Ventas,VentaID=1538 ProductoID=6,Producto fuera de alcance (categoría no moda) o inexistente,2026-08-11
Ventas,VentaID=1539 ProductoID=7,Producto fuera de alcance (categoría no moda) o inexistente,2026-08-11
Ventas,VentaID=1545 ProductoID=6,Producto fuera de alcance (categoría no moda) o inexistente,2026-08-11
Ventas,VentaID=1546 ProductoID=7,Producto fuera de alcance (categoría no moda) o inexistente,2026-08-11
Ventas,VentaID=1552 ProductoID=6,Producto fuera de alcance (categoría no moda) o inexistente,2026-08-11
Ventas,VentaID=1553 ProductoID=7,Producto fuera de alcance (categoría no moda) o inexistente,2026-08-11
Ventas,VentaID=1559 ProductoID=6,Producto fuera de alcance (categoría no moda) o inexistente,2026-08-11
Ventas,VentaID=1560 ProductoID=7,Producto fuera de alcance (categoría no moda) o inexistente,2026-08-11
Ventas,VentaID=1566 ProductoID=6,Producto fuera de alcance (categoría no moda) o inexistente,2026-08-11
Ventas,VentaID=1567 ProductoID=7,Producto fuera de alcance (categoría no moda) o inexistente,2026-08-11
Ventas,VentaID=1573 ProductoID=6,Producto fuera de alcance (categoría no moda) o inexistente,2026-08-11
Ventas,VentaID=1574 ProductoID=7,Producto fuera de alcance (categoría no moda) o inexistente,2026-08-11
Ventas,VentaID=1580 ProductoID=6,Producto fuera de alcance (categoría no moda) o inexistente,2026-08-11
Ventas,VentaID=1581 ProductoID=7,Producto fuera de alcance (categoría no moda) o inexistente,2026-08-11
Ventas,VentaID=1587 ProductoID=6,Producto fuera de alcance (categoría no moda) o inexistente,2026-08-11
Ventas,VentaID=1588 ProductoID=7,Producto fuera de alcance (categoría no moda) o inexistente,2026-08-11
Ventas,VentaID=1594 ProductoID=6,Producto fuera de alcance (categoría no moda) o inexistente,2026-08-11
Ventas,VentaID=1595 ProductoID=7,Producto fuera de alcance (categoría no moda) o inexistente,2026-08-11
Ventas,VentaID=1601 ProductoID=6,Producto fuera de alcance (categoría no moda) o inexistente,2026-08-11
Ventas,VentaID=1602 ProductoID=7,Producto fuera de alcance (categoría no moda) o inexistente,2026-08-11
Ventas,VentaID=1608 ProductoID=6,Producto fuera de alcance (categoría no moda) o inexistente,2026-08-11
Ventas,VentaID=1609 ProductoID=7,Producto fuera de alcance (categoría no moda) o inexistente,2026-08-11
Ventas,VentaID=1615 ProductoID=6,Producto fuera de alcance (categoría no moda) o inexistente,2026-08-11
Ventas,VentaID=1616 ProductoID=7,Producto fuera de alcance (categoría no moda) o inexistente,2026-08-11
Ventas,VentaID=1622 ProductoID=6,Producto fuera de alcance (categoría no moda) o inexistente,2026-08-11
Ventas,VentaID=1623 ProductoID=7,Producto fuera de alcance (categoría no moda) o inexistente,2026-08-11
Ventas,VentaID=1629 ProductoID=6,Producto fuera de alcance (categoría no moda) o inexistente,2026-08-11
Ventas,VentaID=1630 ProductoID=7,Producto fuera de alcance (categoría no moda) o inexistente,2026-08-11
Ventas,VentaID=1636 ProductoID=6,Producto fuera de alcance (categoría no moda) o inexistente,2026-08-11
Ventas,VentaID=1637 ProductoID=7,Producto fuera de alcance (categoría no moda) o inexistente,2026-08-11
Ventas,VentaID=1643 ProductoID=6,Producto fuera de alcance (categoría no moda) o inexistente,2026-08-11
Ventas,VentaID=1644 ProductoID=7,Producto fuera de alcance (categoría no moda) o inexistente,2026-08-11
Ventas,VentaID=1650 ProductoID=6,Producto fuera de alcance (categoría no moda) o inexistente,2026-08-11
Ventas,VentaID=1651 ProductoID=7,Producto fuera de alcance (categoría no moda) o inexistente,2026-08-11
Ventas,VentaID=1657 ProductoID=6,Producto fuera de alcance (categoría no moda) o inexistente,2026-08-11
Ventas,VentaID=1658 ProductoID=7,Producto fuera de alcance (categoría no moda) o inexistente,2026-08-11
Ventas,VentaID=1664 ProductoID=6,Producto fuera de alcance (categoría no moda) o inexistente,2026-08-11
Ventas,VentaID=1665 ProductoID=7,Producto fuera de alcance (categoría no moda) o inexistente,2026-08-11
Ventas,VentaID=1671 ProductoID=6,Producto fuera de alcance (categoría no moda) o inexistente,2026-08-11
Ventas,VentaID=1672 ProductoID=7,Producto fuera de alcance (categoría no moda) o inexistente,2026-08-11
Ventas,VentaID=1678 ProductoID=6,Producto fuera de alcance (categoría no moda) o inexistente,2026-08-11
Ventas,VentaID=1679 ProductoID=7,Producto fuera de alcance (categoría no moda) o inexistente,2026-08-11
Ventas,VentaID=1685 ProductoID=6,Producto fuera de alcance (categoría no moda) o inexistente,2026-08-11
Ventas,VentaID=1686 ProductoID=7,Producto fuera de alcance (categoría no moda) o inexistente,2026-08-11
Ventas,VentaID=1692 ProductoID=6,Producto fuera de alcance (categoría no moda) o inexistente,2026-08-11
Ventas,VentaID=1693 ProductoID=7,Producto fuera de alcance (categoría no moda) o inexistente,2026-08-11
Ventas,VentaID=1699 ProductoID=6,Producto fuera de alcance (categoría no moda) o inexistente,2026-08-11
Ventas,VentaID=1700 ProductoID=7,Producto fuera de alcance (categoría no moda) o inexistente,2026-08-11
Ventas,VentaID=1706 ProductoID=6,Producto fuera de alcance (categoría no moda) o inexistente,2026-08-11
Ventas,VentaID=1707 ProductoID=7,Producto fuera de alcance (categoría no moda) o inexistente,2026-08-11
Ventas,VentaID=1713 ProductoID=6,Producto fuera de alcance (categoría no moda) o inexistente,2026-08-11
Ventas,VentaID=1714 ProductoID=7,Producto fuera de alcance (categoría no moda) o inexistente,2026-08-11
Ventas,VentaID=1720 ProductoID=6,Producto fuera de alcance (categoría no moda) o inexistente,2026-08-11
Ventas,VentaID=1721 ProductoID=7,Producto fuera de alcance (categoría no moda) o inexistente,2026-08-11
Ventas,VentaID=1727 ProductoID=6,Producto fuera de alcance (categoría no moda) o inexistente,2026-08-11
Ventas,VentaID=1728 ProductoID=7,Producto fuera de alcance (categoría no moda) o inexistente,2026-08-11
Ventas,VentaID=1734 ProductoID=6,Producto fuera de alcance (categoría no moda) o inexistente,2026-08-11
Ventas,VentaID=1735 ProductoID=7,Producto fuera de alcance (categoría no moda) o inexistente,2026-08-11
Ventas,VentaID=1741 ProductoID=6,Producto fuera de alcance (categoría no moda) o inexistente,2026-08-11
Ventas,VentaID=1742 ProductoID=7,Producto fuera de alcance (categoría no moda) o inexistente,2026-08-11
Ventas,VentaID=1748 ProductoID=6,Producto fuera de alcance (categoría no moda) o inexistente,2026-08-11
Ventas,VentaID=1749 ProductoID=7,Producto fuera de alcance (categoría no moda) o inexistente,2026-08-11
Ventas,VentaID=1755 ProductoID=6,Producto fuera de alcance (categoría no moda) o inexistente,2026-08-11
Ventas,VentaID=1756 ProductoID=7,Producto fuera de alcance (categoría no moda) o inexistente,2026-08-11
Ventas,VentaID=1762 ProductoID=6,Producto fuera de alcance (categoría no moda) o inexistente,2026-08-11
Ventas,VentaID=1763 ProductoID=7,Producto fuera de alcance (categoría no moda) o inexistente,2026-08-11
Ventas,VentaID=1769 ProductoID=6,Producto fuera de alcance (categoría no moda) o inexistente,2026-08-11
Ventas,VentaID=1770 ProductoID=7,Producto fuera de alcance (categoría no moda) o inexistente,2026-08-11
Ventas,VentaID=1776 ProductoID=6,Producto fuera de alcance (categoría no moda) o inexistente,2026-08-11
Ventas,VentaID=1777 ProductoID=7,Producto fuera de alcance (categoría no moda) o inexistente,2026-08-11
Ventas,VentaID=1783 ProductoID=6,Producto fuera de alcance (categoría no moda) o inexistente,2026-08-11
Ventas,VentaID=1784 ProductoID=7,Producto fuera de alcance (categoría no moda) o inexistente,2026-08-11
Ventas,VentaID=1790 ProductoID=6,Producto fuera de alcance (categoría no moda) o inexistente,2026-08-11
Ventas,VentaID=1791 ProductoID=7,Producto fuera de alcance (categoría no moda) o inexistente,2026-08-11
Ventas,VentaID=1797 ProductoID=6,Producto fuera de alcance (categoría no moda) o inexistente,2026-08-11
Ventas,VentaID=1798 ProductoID=7,Producto fuera de alcance (categoría no moda) o inexistente,2026-08-11
Ventas,VentaID=1804 ProductoID=6,Producto fuera de alcance (categoría no moda) o inexistente,2026-08-11
Ventas,VentaID=1805 ProductoID=7,Producto fuera de alcance (categoría no moda) o inexistente,2026-08-11
Ventas,VentaID=1811 ProductoID=6,Producto fuera de alcance (categoría no moda) o inexistente,2026-08-11
Ventas,VentaID=1812 ProductoID=7,Producto fuera de alcance (categoría no moda) o inexistente,2026-08-11
Ventas,VentaID=1818 ProductoID=6,Producto fuera de alcance (categoría no moda) o inexistente,2026-08-11
Ventas,VentaID=1819 ProductoID=7,Producto fuera de alcance (categoría no moda) o inexistente,2026-08-11
Ventas,VentaID=1825 ProductoID=6,Producto fuera de alcance (categoría no moda) o inexistente,2026-08-11
Ventas,VentaID=1826 ProductoID=7,Producto fuera de alcance (categoría no moda) o inexistente,2026-08-11
Ventas,VentaID=1832 ProductoID=6,Producto fuera de alcance (categoría no moda) o inexistente,2026-08-11
Ventas,VentaID=1833 ProductoID=7,Producto fuera de alcance (categoría no moda) o inexistente,2026-08-11
Ventas,VentaID=1839 ProductoID=6,Producto fuera de alcance (categoría no moda) o inexistente,2026-08-11
Ventas,VentaID=1840 ProductoID=7,Producto fuera de alcance (categoría no moda) o inexistente,2026-08-11
Ventas,VentaID=1846 ProductoID=6,Producto fuera de alcance (categoría no moda) o inexistente,2026-08-11
Ventas,VentaID=1847 ProductoID=7,Producto fuera de alcance (categoría no moda) o inexistente,2026-08-11
Ventas,VentaID=1853 ProductoID=6,Producto fuera de alcance (categoría no moda) o inexistente,2026-08-11
Ventas,VentaID=1854 ProductoID=7,Producto fuera de alcance (categoría no moda) o inexistente,2026-08-11
Ventas,VentaID=1860 ProductoID=6,Producto fuera de alcance (categoría no moda) o inexistente,2026-08-11
Ventas,VentaID=1861 ProductoID=7,Producto fuera de alcance (categoría no moda) o inexistente,2026-08-11
Ventas,VentaID=1867 ProductoID=6,Producto fuera de alcance (categoría no moda) o inexistente,2026-08-11
Ventas,VentaID=1868 ProductoID=7,Producto fuera de alcance (categoría no moda) o inexistente,2026-08-11
Ventas,VentaID=1874 ProductoID=6,Producto fuera de alcance (categoría no moda) o inexistente,2026-08-11
Ventas,VentaID=1875 ProductoID=7,Producto fuera de alcance (categoría no moda) o inexistente,2026-08-11
Ventas,VentaID=1881 ProductoID=6,Producto fuera de alcance (categoría no moda) o inexistente,2026-08-11
Ventas,VentaID=1882 ProductoID=7,Producto fuera de alcance (categoría no moda) o inexistente,2026-08-11
Ventas,VentaID=1888 ProductoID=6,Producto fuera de alcance (categoría no moda) o inexistente,2026-08-11
Ventas,VentaID=1889 ProductoID=7,Producto fuera de alcance (categoría no moda) o inexistente,2026-08-11
Ventas,VentaID=1895 ProductoID=6,Producto fuera de alcance (categoría no moda) o inexistente,2026-08-11
Ventas,VentaID=1896 ProductoID=7,Producto fuera de alcance (categoría no moda) o inexistente,2026-08-11
Ventas,VentaID=1902 ProductoID=6,Producto fuera de alcance (categoría no moda) o inexistente,2026-08-11
Ventas,VentaID=1903 ProductoID=7,Producto fuera de alcance (categoría no moda) o inexistente,2026-08-11
Ventas,VentaID=1909 ProductoID=6,Producto fuera de alcance (categoría no moda) o inexistente,2026-08-11
Ventas,VentaID=1910 ProductoID=7,Producto fuera de alcance (categoría no moda) o inexistente,2026-08-11
Ventas,VentaID=1916 ProductoID=6,Producto fuera de alcance (categoría no moda) o inexistente,2026-08-11
Ventas,VentaID=1917 ProductoID=7,Producto fuera de alcance (categoría no moda) o inexistente,2026-08-11
Ventas,VentaID=1923 ProductoID=6,Producto fuera de alcance (categoría no moda) o inexistente,2026-08-11
Ventas,VentaID=1924 ProductoID=7,Producto fuera de alcance (categoría no moda) o inexistente,2026-08-11
Ventas,VentaID=1930 ProductoID=6,Producto fuera de alcance (categoría no moda) o inexistente,2026-08-11
Ventas,VentaID=1931 ProductoID=7,Producto fuera de alcance (categoría no moda) o inexistente,2026-08-11
Ventas,VentaID=1937 ProductoID=6,Producto fuera de alcance (categoría no moda) o inexistente,2026-08-11
Ventas,VentaID=1938 ProductoID=7,Producto fuera de alcance (categoría no moda) o inexistente,2026-08-11
Ventas,VentaID=1944 ProductoID=6,Producto fuera de alcance (categoría no moda) o inexistente,2026-08-11
Ventas,VentaID=1945 ProductoID=7,Producto fuera de alcance (categoría no moda) o inexistente,2026-08-11
Ventas,VentaID=1951 ProductoID=6,Producto fuera de alcance (categoría no moda) o inexistente,2026-08-11
Ventas,VentaID=1952 ProductoID=7,Producto fuera de alcance (categoría no moda) o inexistente,2026-08-11
Ventas,VentaID=1958 ProductoID=6,Producto fuera de alcance (categoría no moda) o inexistente,2026-08-11
Ventas,VentaID=1959 ProductoID=7,Producto fuera de alcance (categoría no moda) o inexistente,2026-08-11
Ventas,VentaID=1965 ProductoID=6,Producto fuera de alcance (categoría no moda) o inexistente,2026-08-11
Ventas,VentaID=1966 ProductoID=7,Producto fuera de alcance (categoría no moda) o inexistente,2026-08-11
Ventas,VentaID=1972 ProductoID=6,Producto fuera de alcance (categoría no moda) o inexistente,2026-08-11
Ventas,VentaID=1973 ProductoID=7,Producto fuera de alcance (categoría no moda) o inexistente,2026-08-11
Ventas,VentaID=1979 ProductoID=6,Producto fuera de alcance (categoría no moda) o inexistente,2026-08-11
Ventas,VentaID=1980 ProductoID=7,Producto fuera de alcance (categoría no moda) o inexistente,2026-08-11
Ventas,VentaID=1986 ProductoID=6,Producto fuera de alcance (categoría no moda) o inexistente,2026-08-11
Ventas,VentaID=1987 ProductoID=7,Producto fuera de alcance (categoría no moda) o inexistente,2026-08-11
Ventas,VentaID=1993 ProductoID=6,Producto fuera de alcance (categoría no moda) o inexistente,2026-08-11
Ventas,VentaID=1994 ProductoID=7,Producto fuera de alcance (categoría no moda) o inexistente,2026-08-11
Ventas,VentaID=2000 ProductoID=6,Producto fuera de alcance (categoría no moda) o inexistente,2026-08-11
Ventas,VentaID=2001 ProductoID=7,Producto fuera de alcance (categoría no moda) o inexistente,2026-08-11
Ventas,VentaID=2007 ProductoID=6,Producto fuera de alcance (categoría no moda) o inexistente,2026-08-11
Ventas,VentaID=2008 ProductoID=7,Producto fuera de alcance (categoría no moda) o inexistente,2026-08-11
Ventas,VentaID=2014 ProductoID=6,Producto fuera de alcance (categoría no moda) o inexistente,2026-08-11
Ventas,VentaID=2015 ProductoID=7,Producto fuera de alcance (categoría no moda) o inexistente,2026-08-11
Ventas,VentaID=2021 ProductoID=6,Producto fuera de alcance (categoría no moda) o inexistente,2026-08-11
Ventas,VentaID=2022 ProductoID=7,Producto fuera de alcance (categoría no moda) o inexistente,2026-08-11
Ventas,VentaID=2028 ProductoID=6,Producto fuera de alcance (categoría no moda) o inexistente,2026-08-11
Ventas,VentaID=2029 ProductoID=7,Producto fuera de alcance (categoría no moda) o inexistente,2026-08-11
Ventas,VentaID=2035 ProductoID=6,Producto fuera de alcance (categoría no moda) o inexistente,2026-08-11
Ventas,VentaID=2036 ProductoID=7,Producto fuera de alcance (categoría no moda) o inexistente,2026-08-11
Ventas,VentaID=2042 ProductoID=6,Producto fuera de alcance (categoría no moda) o inexistente,2026-08-11
Ventas,VentaID=2043 ProductoID=7,Producto fuera de alcance (categoría no moda) o inexistente,2026-08-11
Ventas,VentaID=2049 ProductoID=6,Producto fuera de alcance (categoría no moda) o inexistente,2026-08-11
Ventas,VentaID=2050 ProductoID=7,Producto fuera de alcance (categoría no moda) o inexistente,2026-08-11
Ventas,VentaID=2056 ProductoID=6,Producto fuera de alcance (categoría no moda) o inexistente,2026-08-11
Ventas,VentaID=2057 ProductoID=7,Producto fuera de alcance (categoría no moda) o inexistente,2026-08-11
Ventas,VentaID=2063 ProductoID=6,Producto fuera de alcance (categoría no moda) o inexistente,2026-08-11
Ventas,VentaID=2064 ProductoID=7,Producto fuera de alcance (categoría no moda) o inexistente,2026-08-11
Ventas,VentaID=2070 ProductoID=6,Producto fuera de alcance (categoría no moda) o inexistente,2026-08-11
Ventas,VentaID=2071 ProductoID=7,Producto fuera de alcance (categoría no moda) o inexistente,2026-08-11
Ventas,VentaID=2077 ProductoID=6,Producto fuera de alcance (categoría no moda) o inexistente,2026-08-11
Ventas,VentaID=2078 ProductoID=7,Producto fuera de alcance (categoría no moda) o inexistente,2026-08-11
Ventas,VentaID=2084 ProductoID=6,Producto fuera de alcance (categoría no moda) o inexistente,2026-08-11
Ventas,VentaID=2085 ProductoID=7,Producto fuera de alcance (categoría no moda) o inexistente,2026-08-11
Ventas,VentaID=2091 ProductoID=6,Producto fuera de alcance (categoría no moda) o inexistente,2026-08-11
Ventas,VentaID=2092 ProductoID=7,Producto fuera de alcance (categoría no moda) o inexistente,2026-08-11
Ventas,VentaID=2098 ProductoID=6,Producto fuera de alcance (categoría no moda) o inexistente,2026-08-11
Ventas,VentaID=2099 ProductoID=7,Producto fuera de alcance (categoría no moda) o inexistente,2026-08-11
Ventas,VentaID=2105 ProductoID=6,Producto fuera de alcance (categoría no moda) o inexistente,2026-08-11
Ventas,VentaID=2106 ProductoID=7,Producto fuera de alcance (categoría no moda) o inexistente,2026-08-11
Ventas,VentaID=2112 ProductoID=6,Producto fuera de alcance (categoría no moda) o inexistente,2026-08-11
Ventas,VentaID=2113 ProductoID=7,Producto fuera de alcance (categoría no moda) o inexistente,2026-08-11
Ventas,VentaID=2119 ProductoID=6,Producto fuera de alcance (categoría no moda) o inexistente,2026-08-11
Ventas,VentaID=2120 ProductoID=7,Producto fuera de alcance (categoría no moda) o inexistente,2026-08-11
Ventas,VentaID=2126 ProductoID=6,Producto fuera de alcance (categoría no moda) o inexistente,2026-08-11
Ventas,VentaID=2127 ProductoID=7,Producto fuera de alcance (categoría no moda) o inexistente,2026-08-11
Ventas,VentaID=2133 ProductoID=6,Producto fuera de alcance (categoría no moda) o inexistente,2026-08-11
Ventas,VentaID=2134 ProductoID=7,Producto fuera de alcance (categoría no moda) o inexistente,2026-08-11
Ventas,VentaID=2140 ProductoID=6,Producto fuera de alcance (categoría no moda) o inexistente,2026-08-11
Ventas,VentaID=2141 ProductoID=7,Producto fuera de alcance (categoría no moda) o inexistente,2026-08-11
Ventas,VentaID=2147 ProductoID=6,Producto fuera de alcance (categoría no moda) o inexistente,2026-08-11
Ventas,VentaID=2148 ProductoID=7,Producto fuera de alcance (categoría no moda) o inexistente,2026-08-11
Ventas,VentaID=2154 ProductoID=6,Producto fuera de alcance (categoría no moda) o inexistente,2026-08-11
Ventas,VentaID=2155 ProductoID=7,Producto fuera de alcance (categoría no moda) o inexistente,2026-08-11
Ventas,VentaID=2161 ProductoID=6,Producto fuera de alcance (categoría no moda) o inexistente,2026-08-11
Ventas,VentaID=2162 ProductoID=7,Producto fuera de alcance (categoría no moda) o inexistente,2026-08-11
Ventas,VentaID=2168 ProductoID=6,Producto fuera de alcance (categoría no moda) o inexistente,2026-08-11
Ventas,VentaID=2169 ProductoID=7,Producto fuera de alcance (categoría no moda) o inexistente,2026-08-11
Ventas,VentaID=2175 ProductoID=6,Producto fuera de alcance (categoría no moda) o inexistente,2026-08-11
Ventas,VentaID=2176 ProductoID=7,Producto fuera de alcance (categoría no moda) o inexistente,2026-08-11
Ventas,VentaID=2182 ProductoID=6,Producto fuera de alcance (categoría no moda) o inexistente,2026-08-11
Ventas,VentaID=2183 ProductoID=7,Producto fuera de alcance (categoría no moda) o inexistente,2026-08-11
Ventas,VentaID=2189 ProductoID=6,Producto fuera de alcance (categoría no moda) o inexistente,2026-08-11
Ventas,VentaID=2190 ProductoID=7,Producto fuera de alcance (categoría no moda) o inexistente,2026-08-11
Ventas,VentaID=2196 ProductoID=6,Producto fuera de alcance (categoría no moda) o inexistente,2026-08-11
Ventas,VentaID=2197 ProductoID=7,Producto fuera de alcance (categoría no moda) o inexistente,2026-08-11
Ventas,VentaID=2203 ProductoID=6,Producto fuera de alcance (categoría no moda) o inexistente,2026-08-11
Ventas,VentaID=2204 ProductoID=7,Producto fuera de alcance (categoría no moda) o inexistente,2026-08-11
Ventas,VentaID=2210 ProductoID=6,Producto fuera de alcance (categoría no moda) o inexistente,2026-08-11
Ventas,VentaID=2211 ProductoID=7,Producto fuera de alcance (categoría no moda) o inexistente,2026-08-11
Ventas,VentaID=2217 ProductoID=6,Producto fuera de alcance (categoría no moda) o inexistente,2026-08-11
Ventas,VentaID=2218 ProductoID=7,Producto fuera de alcance (categoría no moda) o inexistente,2026-08-11
Ventas,VentaID=2224 ProductoID=6,Producto fuera de alcance (categoría no moda) o inexistente,2026-08-11
Ventas,VentaID=2225 ProductoID=7,Producto fuera de alcance (categoría no moda) o inexistente,2026-08-11
Ventas,VentaID=2231 ProductoID=6,Producto fuera de alcance (categoría no moda) o inexistente,2026-08-11
Ventas,VentaID=2232 ProductoID=7,Producto fuera de alcance (categoría no moda) o inexistente,2026-08-11
Ventas,VentaID=2238 ProductoID=6,Producto fuera de alcance (categoría no moda) o inexistente,2026-08-11
Ventas,VentaID=2239 ProductoID=7,Producto fuera de alcance (categoría no moda) o inexistente,2026-08-11
Ventas,VentaID=2245 ProductoID=6,Producto fuera de alcance (categoría no moda) o inexistente,2026-08-11
Ventas,VentaID=2246 ProductoID=7,Producto fuera de alcance (categoría no moda) o inexistente,2026-08-11
Ventas,VentaID=2252 ProductoID=6,Producto fuera de alcance (categoría no moda) o inexistente,2026-08-11
Ventas,VentaID=2253 ProductoID=7,Producto fuera de alcance (categoría no moda) o inexistente,2026-08-11
Ventas,VentaID=2259 ProductoID=6,Producto fuera de alcance (categoría no moda) o inexistente,2026-08-11
Ventas,VentaID=2260 ProductoID=7,Producto fuera de alcance (categoría no moda) o inexistente,2026-08-11
Ventas,VentaID=2266 ProductoID=6,Producto fuera de alcance (categoría no moda) o inexistente,2026-08-11
Ventas,VentaID=2267 ProductoID=7,Producto fuera de alcance (categoría no moda) o inexistente,2026-08-11
Ventas,VentaID=2273 ProductoID=6,Producto fuera de alcance (categoría no moda) o inexistente,2026-08-11
Ventas,VentaID=2274 ProductoID=7,Producto fuera de alcance (categoría no moda) o inexistente,2026-08-11
Ventas,VentaID=2280 ProductoID=6,Producto fuera de alcance (categoría no moda) o inexistente,2026-08-11
Ventas,VentaID=2281 ProductoID=7,Producto fuera de alcance (categoría no moda) o inexistente,2026-08-11
Ventas,VentaID=2287 ProductoID=6,Producto fuera de alcance (categoría no moda) o inexistente,2026-08-11
Ventas,VentaID=2288 ProductoID=7,Producto fuera de alcance (categoría no moda) o inexistente,2026-08-11
Ventas,VentaID=2294 ProductoID=6,Producto fuera de alcance (categoría no moda) o inexistente,2026-08-11
Ventas,VentaID=2295 ProductoID=7,Producto fuera de alcance (categoría no moda) o inexistente,2026-08-11
Ventas,VentaID=2301 ProductoID=6,Producto fuera de alcance (categoría no moda) o inexistente,2026-08-11
Ventas,VentaID=2302 ProductoID=7,Producto fuera de alcance (categoría no moda) o inexistente,2026-08-11
Ventas,VentaID=2308 ProductoID=6,Producto fuera de alcance (categoría no moda) o inexistente,2026-08-11
Ventas,VentaID=2309 ProductoID=7,Producto fuera de alcance (categoría no moda) o inexistente,2026-08-11
Ventas,VentaID=2315 ProductoID=6,Producto fuera de alcance (categoría no moda) o inexistente,2026-08-11
Ventas,VentaID=2316 ProductoID=7,Producto fuera de alcance (categoría no moda) o inexistente,2026-08-11
Ventas,VentaID=2322 ProductoID=6,Producto fuera de alcance (categoría no moda) o inexistente,2026-08-11
Ventas,VentaID=2323 ProductoID=7,Producto fuera de alcance (categoría no moda) o inexistente,2026-08-11
Ventas,VentaID=2329 ProductoID=6,Producto fuera de alcance (categoría no moda) o inexistente,2026-08-11
Ventas,VentaID=2330 ProductoID=7,Producto fuera de alcance (categoría no moda) o inexistente,2026-08-11
Ventas,VentaID=2336 ProductoID=6,Producto fuera de alcance (categoría no moda) o inexistente,2026-08-11
Ventas,VentaID=2337 ProductoID=7,Producto fuera de alcance (categoría no moda) o inexistente,2026-08-11
Ventas,VentaID=2343 ProductoID=6,Producto fuera de alcance (categoría no moda) o inexistente,2026-08-11
Ventas,VentaID=2344 ProductoID=7,Producto fuera de alcance (categoría no moda) o inexistente,2026-08-11
Ventas,VentaID=2350 ProductoID=6,Producto fuera de alcance (categoría no moda) o inexistente,2026-08-11
Ventas,VentaID=2351 ProductoID=7,Producto fuera de alcance (categoría no moda) o inexistente,2026-08-11
Ventas,VentaID=2357 ProductoID=6,Producto fuera de alcance (categoría no moda) o inexistente,2026-08-11
Ventas,VentaID=2358 ProductoID=7,Producto fuera de alcance (categoría no moda) o inexistente,2026-08-11
Ventas,VentaID=2364 ProductoID=6,Producto fuera de alcance (categoría no moda) o inexistente,2026-08-11
Ventas,VentaID=2365 ProductoID=7,Producto fuera de alcance (categoría no moda) o inexistente,2026-08-11
Ventas,VentaID=2371 ProductoID=6,Producto fuera de alcance (categoría no moda) o inexistente,2026-08-11
Ventas,VentaID=2372 ProductoID=7,Producto fuera de alcance (categoría no moda) o inexistente,2026-08-11
Ventas,VentaID=2378 ProductoID=6,Producto fuera de alcance (categoría no moda) o inexistente,2026-08-11
Ventas,VentaID=2379 ProductoID=7,Producto fuera de alcance (categoría no moda) o inexistente,2026-08-11
Ventas,VentaID=2385 ProductoID=6,Producto fuera de alcance (categoría no moda) o inexistente,2026-08-11
Ventas,VentaID=2386 ProductoID=7,Producto fuera de alcance (categoría no moda) o inexistente,2026-08-11
Ventas,VentaID=2392 ProductoID=6,Producto fuera de alcance (categoría no moda) o inexistente,2026-08-11
Ventas,VentaID=2393 ProductoID=7,Producto fuera de alcance (categoría no moda) o inexistente,2026-08-11
Ventas,VentaID=2399 ProductoID=6,Producto fuera de alcance (categoría no moda) o inexistente,2026-08-11
Ventas,VentaID=2400 ProductoID=7,Producto fuera de alcance (categoría no moda) o inexistente,2026-08-11
Ventas,VentaID=2406 ProductoID=6,Producto fuera de alcance (categoría no moda) o inexistente,2026-08-11
Ventas,VentaID=2407 ProductoID=7,Producto fuera de alcance (categoría no moda) o inexistente,2026-08-11
Ventas,VentaID=2413 ProductoID=6,Producto fuera de alcance (categoría no moda) o inexistente,2026-08-11
Ventas,VentaID=2414 ProductoID=7,Producto fuera de alcance (categoría no moda) o inexistente,2026-08-11
Ventas,VentaID=2420 ProductoID=6,Producto fuera de alcance (categoría no moda) o inexistente,2026-08-11
Ventas,VentaID=2421 ProductoID=7,Producto fuera de alcance (categoría no moda) o inexistente,2026-08-11
Ventas,VentaID=2427 ProductoID=6,Producto fuera de alcance (categoría no moda) o inexistente,2026-08-11
Ventas,VentaID=2428 ProductoID=7,Producto fuera de alcance (categoría no moda) o inexistente,2026-08-11
Ventas,VentaID=2434 ProductoID=6,Producto fuera de alcance (categoría no moda) o inexistente,2026-08-11
Ventas,VentaID=2435 ProductoID=7,Producto fuera de alcance (categoría no moda) o inexistente,2026-08-11
Ventas,VentaID=2441 ProductoID=6,Producto fuera de alcance (categoría no moda) o inexistente,2026-08-11
Ventas,VentaID=2442 ProductoID=7,Producto fuera de alcance (categoría no moda) o inexistente,2026-08-11
Ventas,VentaID=2448 ProductoID=6,Producto fuera de alcance (categoría no moda) o inexistente,2026-08-11
Ventas,VentaID=2449 ProductoID=7,Producto fuera de alcance (categoría no moda) o inexistente,2026-08-11
Ventas,VentaID=2455 ProductoID=6,Producto fuera de alcance (categoría no moda) o inexistente,2026-08-11
Ventas,VentaID=2456 ProductoID=7,Producto fuera de alcance (categoría no moda) o inexistente,2026-08-11
Ventas,VentaID=2462 ProductoID=6,Producto fuera de alcance (categoría no moda) o inexistente,2026-08-11
Ventas,VentaID=2463 ProductoID=7,Producto fuera de alcance (categoría no moda) o inexistente,2026-08-11
Ventas,VentaID=2469 ProductoID=6,Producto fuera de alcance (categoría no moda) o inexistente,2026-08-11
Ventas,VentaID=2470 ProductoID=7,Producto fuera de alcance (categoría no moda) o inexistente,2026-08-11
Ventas,VentaID=2476 ProductoID=6,Producto fuera de alcance (categoría no moda) o inexistente,2026-08-11
Ventas,VentaID=2477 ProductoID=7,Producto fuera de alcance (categoría no moda) o inexistente,2026-08-11
Ventas,VentaID=2483 ProductoID=6,Producto fuera de alcance (categoría no moda) o inexistente,2026-08-11
Ventas,VentaID=2484 ProductoID=7,Producto fuera de alcance (categoría no moda) o inexistente,2026-08-11
Ventas,VentaID=2490 ProductoID=6,Producto fuera de alcance (categoría no moda) o inexistente,2026-08-11
Ventas,VentaID=2491 ProductoID=7,Producto fuera de alcance (categoría no moda) o inexistente,2026-08-11
Ventas,VentaID=2497 ProductoID=6,Producto fuera de alcance (categoría no moda) o inexistente,2026-08-11
Ventas,VentaID=2498 ProductoID=7,Producto fuera de alcance (categoría no moda) o inexistente,2026-08-11
Ventas,VentaID=2504 ProductoID=6,Producto fuera de alcance (categoría no moda) o inexistente,2026-08-11
Ventas,VentaID=2505 ProductoID=7,Producto fuera de alcance (categoría no moda) o inexistente,2026-08-11
Ventas,VentaID=2511 ProductoID=6,Producto fuera de alcance (categoría no moda) o inexistente,2026-08-11
Ventas,VentaID=2512 ProductoID=7,Producto fuera de alcance (categoría no moda) o inexistente,2026-08-11
Ventas,VentaID=2518 ProductoID=6,Producto fuera de alcance (categoría no moda) o inexistente,2026-08-11
Ventas,VentaID=2519 ProductoID=7,Producto fuera de alcance (categoría no moda) o inexistente,2026-08-11
Ventas,VentaID=2525 ProductoID=6,Producto fuera de alcance (categoría no moda) o inexistente,2026-08-11
Ventas,VentaID=2526 ProductoID=7,Producto fuera de alcance (categoría no moda) o inexistente,2026-08-11
Ventas,VentaID=2532 ProductoID=6,Producto fuera de alcance (categoría no moda) o inexistente,2026-08-11
Ventas,VentaID=2533 ProductoID=7,Producto fuera de alcance (categoría no moda) o inexistente,2026-08-11
Ventas,VentaID=2539 ProductoID=6,Producto fuera de alcance (categoría no moda) o inexistente,2026-08-11
Ventas,VentaID=2540 ProductoID=7,Producto fuera de alcance (categoría no moda) o inexistente,2026-08-11
Ventas,VentaID=2546 ProductoID=6,Producto fuera de alcance (categoría no moda) o inexistente,2026-08-11
Ventas,VentaID=2547 ProductoID=7,Producto fuera de alcance (categoría no moda) o inexistente,2026-08-11
Ventas,VentaID=2553 ProductoID=6,Producto fuera de alcance (categoría no moda) o inexistente,2026-08-11
Ventas,VentaID=2554 ProductoID=7,Producto fuera de alcance (categoría no moda) o inexistente,2026-08-11
Ventas,VentaID=2560 ProductoID=6,Producto fuera de alcance (categoría no moda) o inexistente,2026-08-11
Ventas,VentaID=2561 ProductoID=7,Producto fuera de alcance (categoría no moda) o inexistente,2026-08-11
Ventas,VentaID=2567 ProductoID=6,Producto fuera de alcance (categoría no moda) o inexistente,2026-08-11
Ventas,VentaID=2568 ProductoID=7,Producto fuera de alcance (categoría no moda) o inexistente,2026-08-11
Ventas,VentaID=2574 ProductoID=6,Producto fuera de alcance (categoría no moda) o inexistente,2026-08-11
Ventas,VentaID=2575 ProductoID=7,Producto fuera de alcance (categoría no moda) o inexistente,2026-08-11
Ventas,VentaID=2581 ProductoID=6,Producto fuera de alcance (categoría no moda) o inexistente,2026-08-11
Ventas,VentaID=2582 ProductoID=7,Producto fuera de alcance (categoría no moda) o inexistente,2026-08-11
Ventas,VentaID=2588 ProductoID=6,Producto fuera de alcance (categoría no moda) o inexistente,2026-08-11
Ventas,VentaID=2589 ProductoID=7,Producto fuera de alcance (categoría no moda) o inexistente,2026-08-11
Ventas,VentaID=2595 ProductoID=6,Producto fuera de alcance (categoría no moda) o inexistente,2026-08-11
Ventas,VentaID=2596 ProductoID=7,Producto fuera de alcance (categoría no moda) o inexistente,2026-08-11
Ventas,VentaID=2602 ProductoID=6,Producto fuera de alcance (categoría no moda) o inexistente,2026-08-11
Ventas,VentaID=2603 ProductoID=7,Producto fuera de alcance (categoría no moda) o inexistente,2026-08-11
Ventas,VentaID=2609 ProductoID=6,Producto fuera de alcance (categoría no moda) o inexistente,2026-08-11
Ventas,VentaID=2610 ProductoID=7,Producto fuera de alcance (categoría no moda) o inexistente,2026-08-11
Ventas,VentaID=2616 ProductoID=6,Producto fuera de alcance (categoría no moda) o inexistente,2026-08-11
Ventas,VentaID=2617 ProductoID=7,Producto fuera de alcance (categoría no moda) o inexistente,2026-08-11
Ventas,VentaID=2623 ProductoID=6,Producto fuera de alcance (categoría no moda) o inexistente,2026-08-11
Ventas,VentaID=2624 ProductoID=7,Producto fuera de alcance (categoría no moda) o inexistente,2026-08-11
Ventas,VentaID=2630 ProductoID=6,Producto fuera de alcance (categoría no moda) o inexistente,2026-08-11
Ventas,VentaID=2631 ProductoID=7,Producto fuera de alcance (categoría no moda) o inexistente,2026-08-11
Ventas,VentaID=2637 ProductoID=6,Producto fuera de alcance (categoría no moda) o inexistente,2026-08-11
Ventas,VentaID=2638 ProductoID=7,Producto fuera de alcance (categoría no moda) o inexistente,2026-08-11
Ventas,VentaID=2644 ProductoID=6,Producto fuera de alcance (categoría no moda) o inexistente,2026-08-11
Ventas,VentaID=2645 ProductoID=7,Producto fuera de alcance (categoría no moda) o inexistente,2026-08-11
Ventas,VentaID=2651 ProductoID=6,Producto fuera de alcance (categoría no moda) o inexistente,2026-08-11
Ventas,VentaID=2652 ProductoID=7,Producto fuera de alcance (categoría no moda) o inexistente,2026-08-11
Ventas,VentaID=2658 ProductoID=6,Producto fuera de alcance (categoría no moda) o inexistente,2026-08-11
Ventas,VentaID=2659 ProductoID=7,Producto fuera de alcance (categoría no moda) o inexistente,2026-08-11
Ventas,VentaID=2665 ProductoID=6,Producto fuera de alcance (categoría no moda) o inexistente,2026-08-11
Ventas,VentaID=2666 ProductoID=7,Producto fuera de alcance (categoría no moda) o inexistente,2026-08-11
Ventas,VentaID=2672 ProductoID=6,Producto fuera de alcance (categoría no moda) o inexistente,2026-08-11
Ventas,VentaID=2673 ProductoID=7,Producto fuera de alcance (categoría no moda) o inexistente,2026-08-11
Ventas,VentaID=2679 ProductoID=6,Producto fuera de alcance (categoría no moda) o inexistente,2026-08-11
Ventas,VentaID=2680 ProductoID=7,Producto fuera de alcance (categoría no moda) o inexistente,2026-08-11
Ventas,VentaID=2686 ProductoID=6,Producto fuera de alcance (categoría no moda) o inexistente,2026-08-11
Ventas,VentaID=2687 ProductoID=7,Producto fuera de alcance (categoría no moda) o inexistente,2026-08-11
Ventas,VentaID=2693 ProductoID=6,Producto fuera de alcance (categoría no moda) o inexistente,2026-08-11
Ventas,VentaID=2694 ProductoID=7,Producto fuera de alcance (categoría no moda) o inexistente,2026-08-11
Ventas,VentaID=2700 ProductoID=6,Producto fuera de alcance (categoría no moda) o inexistente,2026-08-11
Ventas,VentaID=2701 ProductoID=7,Producto fuera de alcance (categoría no moda) o inexistente,2026-08-11
Ventas,VentaID=2707 ProductoID=6,Producto fuera de alcance (categoría no moda) o inexistente,2026-08-11
Ventas,VentaID=2708 ProductoID=7,Producto fuera de alcance (categoría no moda) o inexistente,2026-08-11
Ventas,VentaID=2714 ProductoID=6,Producto fuera de alcance (categoría no moda) o inexistente,2026-08-11
Ventas,VentaID=2715 ProductoID=7,Producto fuera de alcance (categoría no moda) o inexistente,2026-08-11
Ventas,VentaID=2721 ProductoID=6,Producto fuera de alcance (categoría no moda) o inexistente,2026-08-11
Ventas,VentaID=2722 ProductoID=7,Producto fuera de alcance (categoría no moda) o inexistente,2026-08-11
Ventas,VentaID=2728 ProductoID=6,Producto fuera de alcance (categoría no moda) o inexistente,2026-08-11
Ventas,VentaID=2729 ProductoID=7,Producto fuera de alcance (categoría no moda) o inexistente,2026-08-11
Ventas,VentaID=2735 ProductoID=6,Producto fuera de alcance (categoría no moda) o inexistente,2026-08-11
Ventas,VentaID=2736 ProductoID=7,Producto fuera de alcance (categoría no moda) o inexistente,2026-08-11
Ventas,VentaID=2742 ProductoID=6,Producto fuera de alcance (categoría no moda) o inexistente,2026-08-11
Ventas,VentaID=2743 ProductoID=7,Producto fuera de alcance (categoría no moda) o inexistente,2026-08-11
Ventas,VentaID=2749 ProductoID=6,Producto fuera de alcance (categoría no moda) o inexistente,2026-08-11
Ventas,VentaID=2750 ProductoID=7,Producto fuera de alcance (categoría no moda) o inexistente,2026-08-11
Ventas,VentaID=2756 ProductoID=6,Producto fuera de alcance (categoría no moda) o inexistente,2026-08-11
Ventas,VentaID=2757 ProductoID=7,Producto fuera de alcance (categoría no moda) o inexistente,2026-08-11
Ventas,VentaID=2763 ProductoID=6,Producto fuera de alcance (categoría no moda) o inexistente,2026-08-11
Ventas,VentaID=2764 ProductoID=7,Producto fuera de alcance (categoría no moda) o inexistente,2026-08-11
Ventas,VentaID=2770 ProductoID=6,Producto fuera de alcance (categoría no moda) o inexistente,2026-08-11
Ventas,VentaID=2771 ProductoID=7,Producto fuera de alcance (categoría no moda) o inexistente,2026-08-11
Ventas,VentaID=2777 ProductoID=6,Producto fuera de alcance (categoría no moda) o inexistente,2026-08-11
Ventas,VentaID=2778 ProductoID=7,Producto fuera de alcance (categoría no moda) o inexistente,2026-08-11
Ventas,VentaID=2784 ProductoID=6,Producto fuera de alcance (categoría no moda) o inexistente,2026-08-11
Ventas,VentaID=2785 ProductoID=7,Producto fuera de alcance (categoría no moda) o inexistente,2026-08-11
Ventas,VentaID=2791 ProductoID=6,Producto fuera de alcance (categoría no moda) o inexistente,2026-08-11
Ventas,VentaID=2792 ProductoID=7,Producto fuera de alcance (categoría no moda) o inexistente,2026-08-11
Ventas,VentaID=2798 ProductoID=6,Producto fuera de alcance (categoría no moda) o inexistente,2026-08-11
Ventas,VentaID=2799 ProductoID=7,Producto fuera de alcance (categoría no moda) o inexistente,2026-08-11
Ventas,VentaID=2805 ProductoID=6,Producto fuera de alcance (categoría no moda) o inexistente,2026-08-11
Ventas,VentaID=2806 ProductoID=7,Producto fuera de alcance (categoría no moda) o inexistente,2026-08-11
Ventas,VentaID=2812 ProductoID=6,Producto fuera de alcance (categoría no moda) o inexistente,2026-08-11
Ventas,VentaID=2813 ProductoID=7,Producto fuera de alcance (categoría no moda) o inexistente,2026-08-11
Ventas,VentaID=2819 ProductoID=6,Producto fuera de alcance (categoría no moda) o inexistente,2026-08-11
Ventas,VentaID=2820 ProductoID=7,Producto fuera de alcance (categoría no moda) o inexistente,2026-08-11
Ventas,VentaID=2826 ProductoID=6,Producto fuera de alcance (categoría no moda) o inexistente,2026-08-11
Ventas,VentaID=2827 ProductoID=7,Producto fuera de alcance (categoría no moda) o inexistente,2026-08-11
Ventas,VentaID=2833 ProductoID=6,Producto fuera de alcance (categoría no moda) o inexistente,2026-08-11
Ventas,VentaID=2834 ProductoID=7,Producto fuera de alcance (categoría no moda) o inexistente,2026-08-11
Ventas,VentaID=2840 ProductoID=6,Producto fuera de alcance (categoría no moda) o inexistente,2026-08-11
Ventas,VentaID=2841 ProductoID=7,Producto fuera de alcance (categoría no moda) o inexistente,2026-08-11
Ventas,VentaID=2847 ProductoID=6,Producto fuera de alcance (categoría no moda) o inexistente,2026-08-11
Ventas,VentaID=2848 ProductoID=7,Producto fuera de alcance (categoría no moda) o inexistente,2026-08-11
Ventas,VentaID=2854 ProductoID=6,Producto fuera de alcance (categoría no moda) o inexistente,2026-08-11
Ventas,VentaID=2855 ProductoID=7,Producto fuera de alcance (categoría no moda) o inexistente,2026-08-11
Ventas,VentaID=2861 ProductoID=6,Producto fuera de alcance (categoría no moda) o inexistente,2026-08-11
Ventas,VentaID=2862 ProductoID=7,Producto fuera de alcance (categoría no moda) o inexistente,2026-08-11
Ventas,VentaID=2868 ProductoID=6,Producto fuera de alcance (categoría no moda) o inexistente,2026-08-11
Ventas,VentaID=2869 ProductoID=7,Producto fuera de alcance (categoría no moda) o inexistente,2026-08-11
Ventas,VentaID=2875 ProductoID=6,Producto fuera de alcance (categoría no moda) o inexistente,2026-08-11
Ventas,VentaID=2876 ProductoID=7,Producto fuera de alcance (categoría no moda) o inexistente,2026-08-11
Ventas,VentaID=2882 ProductoID=6,Producto fuera de alcance (categoría no moda) o inexistente,2026-08-11
Ventas,VentaID=2883 ProductoID=7,Producto fuera de alcance (categoría no moda) o inexistente,2026-08-11
Ventas,VentaID=2889 ProductoID=6,Producto fuera de alcance (categoría no moda) o inexistente,2026-08-11
Ventas,VentaID=2890 ProductoID=7,Producto fuera de alcance (categoría no moda) o inexistente,2026-08-11
Ventas,VentaID=2896 ProductoID=6,Producto fuera de alcance (categoría no moda) o inexistente,2026-08-11
Ventas,VentaID=2897 ProductoID=7,Producto fuera de alcance (categoría no moda) o inexistente,2026-08-11
Ventas,VentaID=2903 ProductoID=6,Producto fuera de alcance (categoría no moda) o inexistente,2026-08-11
Ventas,VentaID=2904 ProductoID=7,Producto fuera de alcance (categoría no moda) o inexistente,2026-08-11
Ventas,VentaID=2910 ProductoID=6,Producto fuera de alcance (categoría no moda) o inexistente,2026-08-11
Ventas,VentaID=2911 ProductoID=7,Producto fuera de alcance (categoría no moda) o inexistente,2026-08-11
Ventas,VentaID=2917 ProductoID=6,Producto fuera de alcance (categoría no moda) o inexistente,2026-08-11
Ventas,VentaID=2918 ProductoID=7,Producto fuera de alcance (categoría no moda) o inexistente,2026-08-11
Ventas,VentaID=2924 ProductoID=6,Producto fuera de alcance (categoría no moda) o inexistente,2026-08-11
Ventas,VentaID=2925 ProductoID=7,Producto fuera de alcance (categoría no moda) o inexistente,2026-08-11
Ventas,VentaID=2931 ProductoID=6,Producto fuera de alcance (categoría no moda) o inexistente,2026-08-11
Ventas,VentaID=2932 ProductoID=7,Producto fuera de alcance (categoría no moda) o inexistente,2026-08-11
Ventas,VentaID=2938 ProductoID=6,Producto fuera de alcance (categoría no moda) o inexistente,2026-08-11
Ventas,VentaID=2939 ProductoID=7,Producto fuera de alcance (categoría no moda) o inexistente,2026-08-11
Ventas,VentaID=2945 ProductoID=6,Producto fuera de alcance (categoría no moda) o inexistente,2026-08-11
Ventas,VentaID=2946 ProductoID=7,Producto fuera de alcance (categoría no moda) o inexistente,2026-08-11
Ventas,VentaID=2952 ProductoID=6,Producto fuera de alcance (categoría no moda) o inexistente,2026-08-11
Ventas,VentaID=2953 ProductoID=7,Producto fuera de alcance (categoría no moda) o inexistente,2026-08-11
Ventas,VentaID=2959 ProductoID=6,Producto fuera de alcance (categoría no moda) o inexistente,2026-08-11
Ventas,VentaID=2960 ProductoID=7,Producto fuera de alcance (categoría no moda) o inexistente,2026-08-11
Ventas,VentaID=2966 ProductoID=6,Producto fuera de alcance (categoría no moda) o inexistente,2026-08-11
Ventas,VentaID=2967 ProductoID=7,Producto fuera de alcance (categoría no moda) o inexistente,2026-08-11
Ventas,VentaID=2973 ProductoID=6,Producto fuera de alcance (categoría no moda) o inexistente,2026-08-11
Ventas,VentaID=2974 ProductoID=7,Producto fuera de alcance (categoría no moda) o inexistente,2026-08-11
Ventas,VentaID=2980 ProductoID=6,Producto fuera de alcance (categoría no moda) o inexistente,2026-08-11
Ventas,VentaID=2981 ProductoID=7,Producto fuera de alcance (categoría no moda) o inexistente,2026-08-11
Ventas,VentaID=2987 ProductoID=6,Producto fuera de alcance (categoría no moda) o inexistente,2026-08-11
Ventas,VentaID=2988 ProductoID=7,Producto fuera de alcance (categoría no moda) o inexistente,2026-08-11
Ventas,VentaID=2994 ProductoID=6,Producto fuera de alcance (categoría no moda) o inexistente,2026-08-11
Ventas,VentaID=2995 ProductoID=7,Producto fuera de alcance (categoría no moda) o inexistente,2026-08-11
Ventas,VentaID=3001 ProductoID=6,Producto fuera de alcance (categoría no moda) o inexistente,2026-08-11
Ventas,VentaID=3002 ProductoID=7,Producto fuera de alcance (categoría no moda) o inexistente,2026-08-11
Ventas,VentaID=3008 ProductoID=6,Producto fuera de alcance (categoría no moda) o inexistente,2026-08-11
Ventas,VentaID=3009 ProductoID=7,Producto fuera de alcance (categoría no moda) o inexistente,2026-08-11
Ventas,VentaID=3015 ProductoID=6,Producto fuera de alcance (categoría no moda) o inexistente,2026-08-11
Ventas,VentaID=3016 ProductoID=7,Producto fuera de alcance (categoría no moda) o inexistente,2026-08-11
Ventas,VentaID=3022 ProductoID=6,Producto fuera de alcance (categoría no moda) o inexistente,2026-08-11
Ventas,VentaID=3023 ProductoID=7,Producto fuera de alcance (categoría no moda) o inexistente,2026-08-11
Ventas,VentaID=3029 ProductoID=6,Producto fuera de alcance (categoría no moda) o inexistente,2026-08-11
Ventas,VentaID=3030 ProductoID=7,Producto fuera de alcance (categoría no moda) o inexistente,2026-08-11
Ventas,VentaID=3036 ProductoID=6,Producto fuera de alcance (categoría no moda) o inexistente,2026-08-11
Ventas,VentaID=3037 ProductoID=7,Producto fuera de alcance (categoría no moda) o inexistente,2026-08-11
Ventas,VentaID=3043 ProductoID=6,Producto fuera de alcance (categoría no moda) o inexistente,2026-08-11
Ventas,VentaID=3044 ProductoID=7,Producto fuera de alcance (categoría no moda) o inexistente,2026-08-11
Ventas,VentaID=3050 ProductoID=6,Producto fuera de alcance (categoría no moda) o inexistente,2026-08-11
Ventas,VentaID=3051 ProductoID=7,Producto fuera de alcance (categoría no moda) o inexistente,2026-08-11
Ventas,VentaID=3057 ProductoID=6,Producto fuera de alcance (categoría no moda) o inexistente,2026-08-11
Ventas,VentaID=3058 ProductoID=7,Producto fuera de alcance (categoría no moda) o inexistente,2026-08-11
Ventas,VentaID=3064 ProductoID=6,Producto fuera de alcance (categoría no moda) o inexistente,2026-08-11
Ventas,VentaID=3065 ProductoID=7,Producto fuera de alcance (categoría no moda) o inexistente,2026-08-11
Ventas,VentaID=3071 ProductoID=6,Producto fuera de alcance (categoría no moda) o inexistente,2026-08-11
Ventas,VentaID=3072 ProductoID=7,Producto fuera de alcance (categoría no moda) o inexistente,2026-08-11
Ventas,VentaID=3078 ProductoID=6,Producto fuera de alcance (categoría no moda) o inexistente,2026-08-11
Ventas,VentaID=3079 ProductoID=7,Producto fuera de alcance (categoría no moda) o inexistente,2026-08-11
Ventas,VentaID=3085 ProductoID=6,Producto fuera de alcance (categoría no moda) o inexistente,2026-08-11
Ventas,VentaID=3086 ProductoID=7,Producto fuera de alcance (categoría no moda) o inexistente,2026-08-11
Ventas,VentaID=3092 ProductoID=6,Producto fuera de alcance (categoría no moda) o inexistente,2026-08-11
Ventas,VentaID=3093 ProductoID=7,Producto fuera de alcance (categoría no moda) o inexistente,2026-08-11
Ventas,VentaID=3099 ProductoID=6,Producto fuera de alcance (categoría no moda) o inexistente,2026-08-11
Ventas,VentaID=3100 ProductoID=7,Producto fuera de alcance (categoría no moda) o inexistente,2026-08-11
Ventas,VentaID=3106 ProductoID=6,Producto fuera de alcance (categoría no moda) o inexistente,2026-08-11
Ventas,VentaID=3107 ProductoID=7,Producto fuera de alcance (categoría no moda) o inexistente,2026-08-11
Ventas,VentaID=3113 ProductoID=6,Producto fuera de alcance (categoría no moda) o inexistente,2026-08-11
Ventas,VentaID=3114 ProductoID=7,Producto fuera de alcance (categoría no moda) o inexistente,2026-08-11
Ventas,VentaID=3120 ProductoID=6,Producto fuera de alcance (categoría no moda) o inexistente,2026-08-11
Ventas,VentaID=3121 ProductoID=7,Producto fuera de alcance (categoría no moda) o inexistente,2026-08-11
Ventas,VentaID=3127 ProductoID=6,Producto fuera de alcance (categoría no moda) o inexistente,2026-08-11
Ventas,VentaID=3128 ProductoID=7,Producto fuera de alcance (categoría no moda) o inexistente,2026-08-11
Ventas,VentaID=3134 ProductoID=6,Producto fuera de alcance (categoría no moda) o inexistente,2026-08-11
Ventas,VentaID=3135 ProductoID=7,Producto fuera de alcance (categoría no moda) o inexistente,2026-08-11
Ventas,VentaID=3141 ProductoID=6,Producto fuera de alcance (categoría no moda) o inexistente,2026-08-11
Ventas,VentaID=3142 ProductoID=7,Producto fuera de alcance (categoría no moda) o inexistente,2026-08-11
Ventas,VentaID=3148 ProductoID=6,Producto fuera de alcance (categoría no moda) o inexistente,2026-08-11
Ventas,VentaID=3149 ProductoID=7,Producto fuera de alcance (categoría no moda) o inexistente,2026-08-11
Ventas,VentaID=3155 ProductoID=6,Producto fuera de alcance (categoría no moda) o inexistente,2026-08-11
Ventas,VentaID=3156 ProductoID=7,Producto fuera de alcance (categoría no moda) o inexistente,2026-08-11
Ventas,VentaID=3162 ProductoID=6,Producto fuera de alcance (categoría no moda) o inexistente,2026-08-11
Ventas,VentaID=3163 ProductoID=7,Producto fuera de alcance (categoría no moda) o inexistente,2026-08-11
Ventas,VentaID=3169 ProductoID=6,Producto fuera de alcance (categoría no moda) o inexistente,2026-08-11
Ventas,VentaID=3170 ProductoID=7,Producto fuera de alcance (categoría no moda) o inexistente,2026-08-11
Ventas,VentaID=3176 ProductoID=6,Producto fuera de alcance (categoría no moda) o inexistente,2026-08-11
Ventas,VentaID=3177 ProductoID=7,Producto fuera de alcance (categoría no moda) o inexistente,2026-08-11
Ventas,VentaID=3183 ProductoID=6,Producto fuera de alcance (categoría no moda) o inexistente,2026-08-11
Ventas,VentaID=3184 ProductoID=7,Producto fuera de alcance (categoría no moda) o inexistente,2026-08-11
Ventas,VentaID=3190 ProductoID=6,Producto fuera de alcance (categoría no moda) o inexistente,2026-08-11
Ventas,VentaID=3191 ProductoID=7,Producto fuera de alcance (categoría no moda) o inexistente,2026-08-11
Ventas,VentaID=3197 ProductoID=6,Producto fuera de alcance (categoría no moda) o inexistente,2026-08-11
Ventas,VentaID=3198 ProductoID=7,Producto fuera de alcance (categoría no moda) o inexistente,2026-08-11
Ventas,VentaID=3204 ProductoID=6,Producto fuera de alcance (categoría no moda) o inexistente,2026-08-11
Ventas,VentaID=3205 ProductoID=7,Producto fuera de alcance (categoría no moda) o inexistente,2026-08-11
Ventas,VentaID=3211 ProductoID=6,Producto fuera de alcance (categoría no moda) o inexistente,2026-08-11
Ventas,VentaID=3212 ProductoID=7,Producto fuera de alcance (categoría no moda) o inexistente,2026-08-11
Ventas,VentaID=3218 ProductoID=6,Producto fuera de alcance (categoría no moda) o inexistente,2026-08-11
Ventas,VentaID=3219 ProductoID=7,Producto fuera de alcance (categoría no moda) o inexistente,2026-08-11
Ventas,VentaID=3225 ProductoID=6,Producto fuera de alcance (categoría no moda) o inexistente,2026-08-11
Ventas,VentaID=3226 ProductoID=7,Producto fuera de alcance (categoría no moda) o inexistente,2026-08-11
Ventas,VentaID=3232 ProductoID=6,Producto fuera de alcance (categoría no moda) o inexistente,2026-08-11
Ventas,VentaID=3233 ProductoID=7,Producto fuera de alcance (categoría no moda) o inexistente,2026-08-11
Ventas,VentaID=3239 ProductoID=6,Producto fuera de alcance (categoría no moda) o inexistente,2026-08-11
Ventas,VentaID=3240 ProductoID=7,Producto fuera de alcance (categoría no moda) o inexistente,2026-08-11
Ventas,VentaID=3246 ProductoID=6,Producto fuera de alcance (categoría no moda) o inexistente,2026-08-11
Ventas,VentaID=3247 ProductoID=7,Producto fuera de alcance (categoría no moda) o inexistente,2026-08-11
Ventas,VentaID=3253 ProductoID=6,Producto fuera de alcance (categoría no moda) o inexistente,2026-08-11
Ventas,VentaID=3254 ProductoID=7,Producto fuera de alcance (categoría no moda) o inexistente,2026-08-11
Ventas,VentaID=3260 ProductoID=6,Producto fuera de alcance (categoría no moda) o inexistente,2026-08-11
Ventas,VentaID=3261 ProductoID=7,Producto fuera de alcance (categoría no moda) o inexistente,2026-08-11
Ventas,VentaID=3267 ProductoID=6,Producto fuera de alcance (categoría no moda) o inexistente,2026-08-11
Ventas,VentaID=3268 ProductoID=7,Producto fuera de alcance (categoría no moda) o inexistente,2026-08-11
Ventas,VentaID=3274 ProductoID=6,Producto fuera de alcance (categoría no moda) o inexistente,2026-08-11
Ventas,VentaID=3275 ProductoID=7,Producto fuera de alcance (categoría no moda) o inexistente,2026-08-11
Ventas,VentaID=3281 ProductoID=6,Producto fuera de alcance (categoría no moda) o inexistente,2026-08-11
Ventas,VentaID=3282 ProductoID=7,Producto fuera de alcance (categoría no moda) o inexistente,2026-08-11
Ventas,VentaID=3288 ProductoID=6,Producto fuera de alcance (categoría no moda) o inexistente,2026-08-11
Ventas,VentaID=3289 ProductoID=7,Producto fuera de alcance (categoría no moda) o inexistente,2026-08-11
Ventas,VentaID=3295 ProductoID=6,Producto fuera de alcance (categoría no moda) o inexistente,2026-08-11
Ventas,VentaID=3296 ProductoID=7,Producto fuera de alcance (categoría no moda) o inexistente,2026-08-11
Ventas,VentaID=3302 ProductoID=6,Producto fuera de alcance (categoría no moda) o inexistente,2026-08-11
Ventas,VentaID=3303 ProductoID=7,Producto fuera de alcance (categoría no moda) o inexistente,2026-08-11
Ventas,VentaID=3309 ProductoID=6,Producto fuera de alcance (categoría no moda) o inexistente,2026-08-11
Ventas,VentaID=3310 ProductoID=7,Producto fuera de alcance (categoría no moda) o inexistente,2026-08-11
Ventas,VentaID=3316 ProductoID=6,Producto fuera de alcance (categoría no moda) o inexistente,2026-08-11
Ventas,VentaID=3317 ProductoID=7,Producto fuera de alcance (categoría no moda) o inexistente,2026-08-11
Ventas,VentaID=3323 ProductoID=6,Producto fuera de alcance (categoría no moda) o inexistente,2026-08-11
Ventas,VentaID=3324 ProductoID=7,Producto fuera de alcance (categoría no moda) o inexistente,2026-08-11
Ventas,VentaID=3330 ProductoID=6,Producto fuera de alcance (categoría no moda) o inexistente,2026-08-11
Ventas,VentaID=3331 ProductoID=7,Producto fuera de alcance (categoría no moda) o inexistente,2026-08-11
Ventas,VentaID=3337 ProductoID=6,Producto fuera de alcance (categoría no moda) o inexistente,2026-08-11
Ventas,VentaID=3338 ProductoID=7,Producto fuera de alcance (categoría no moda) o inexistente,2026-08-11
Ventas,VentaID=3344 ProductoID=6,Producto fuera de alcance (categoría no moda) o inexistente,2026-08-11
Ventas,VentaID=3345 ProductoID=7,Producto fuera de alcance (categoría no moda) o inexistente,2026-08-11
Ventas,VentaID=3351 ProductoID=6,Producto fuera de alcance (categoría no moda) o inexistente,2026-08-11
Ventas,VentaID=3352 ProductoID=7,Producto fuera de alcance (categoría no moda) o inexistente,2026-08-11
Ventas,VentaID=3358 ProductoID=6,Producto fuera de alcance (categoría no moda) o inexistente,2026-08-11
Ventas,VentaID=3359 ProductoID=7,Producto fuera de alcance (categoría no moda) o inexistente,2026-08-11
Ventas,VentaID=3365 ProductoID=6,Producto fuera de alcance (categoría no moda) o inexistente,2026-08-11
Ventas,VentaID=3366 ProductoID=7,Producto fuera de alcance (categoría no moda) o inexistente,2026-08-11
Ventas,VentaID=3372 ProductoID=6,Producto fuera de alcance (categoría no moda) o inexistente,2026-08-11
Ventas,VentaID=3373 ProductoID=7,Producto fuera de alcance (categoría no moda) o inexistente,2026-08-11
Ventas,VentaID=3379 ProductoID=6,Producto fuera de alcance (categoría no moda) o inexistente,2026-08-11
Ventas,VentaID=3380 ProductoID=7,Producto fuera de alcance (categoría no moda) o inexistente,2026-08-11
Ventas,VentaID=3386 ProductoID=6,Producto fuera de alcance (categoría no moda) o inexistente,2026-08-11
Ventas,VentaID=3387 ProductoID=7,Producto fuera de alcance (categoría no moda) o inexistente,2026-08-11
Ventas,VentaID=3393 ProductoID=6,Producto fuera de alcance (categoría no moda) o inexistente,2026-08-11
Ventas,VentaID=3394 ProductoID=7,Producto fuera de alcance (categoría no moda) o inexistente,2026-08-11
Ventas,VentaID=3400 ProductoID=6,Producto fuera de alcance (categoría no moda) o inexistente,2026-08-11
Ventas,VentaID=3401 ProductoID=7,Producto fuera de alcance (categoría no moda) o inexistente,2026-08-11
Ventas,VentaID=3407 ProductoID=6,Producto fuera de alcance (categoría no moda) o inexistente,2026-08-11
Ventas,VentaID=3408 ProductoID=7,Producto fuera de alcance (categoría no moda) o inexistente,2026-08-11
Ventas,VentaID=3414 ProductoID=6,Producto fuera de alcance (categoría no moda) o inexistente,2026-08-11
Ventas,VentaID=3415 ProductoID=7,Producto fuera de alcance (categoría no moda) o inexistente,2026-08-11
Ventas,VentaID=3421 ProductoID=6,Producto fuera de alcance (categoría no moda) o inexistente,2026-08-11
Ventas,VentaID=3422 ProductoID=7,Producto fuera de alcance (categoría no moda) o inexistente,2026-08-11
Ventas,VentaID=3428 ProductoID=6,Producto fuera de alcance (categoría no moda) o inexistente,2026-08-11
Ventas,VentaID=3429 ProductoID=7,Producto fuera de alcance (categoría no moda) o inexistente,2026-08-11
Ventas,VentaID=3435 ProductoID=6,Producto fuera de alcance (categoría no moda) o inexistente,2026-08-11
Ventas,VentaID=3436 ProductoID=7,Producto fuera de alcance (categoría no moda) o inexistente,2026-08-11
Ventas,VentaID=3442 ProductoID=6,Producto fuera de alcance (categoría no moda) o inexistente,2026-08-11
Ventas,VentaID=3443 ProductoID=7,Producto fuera de alcance (categoría no moda) o inexistente,2026-08-11
Ventas,VentaID=3449 ProductoID=6,Producto fuera de alcance (categoría no moda) o inexistente,2026-08-11
Ventas,VentaID=3450 ProductoID=7,Producto fuera de alcance (categoría no moda) o inexistente,2026-08-11
Ventas,VentaID=3456 ProductoID=6,Producto fuera de alcance (categoría no moda) o inexistente,2026-08-11
Ventas,VentaID=3457 ProductoID=7,Producto fuera de alcance (categoría no moda) o inexistente,2026-08-11
Ventas,VentaID=3463 ProductoID=6,Producto fuera de alcance (categoría no moda) o inexistente,2026-08-11
Ventas,VentaID=3464 ProductoID=7,Producto fuera de alcance (categoría no moda) o inexistente,2026-08-11
Ventas,VentaID=3470 ProductoID=6,Producto fuera de alcance (categoría no moda) o inexistente,2026-08-11
Ventas,VentaID=3471 ProductoID=7,Producto fuera de alcance (categoría no moda) o inexistente,2026-08-11
Ventas,VentaID=3477 ProductoID=6,Producto fuera de alcance (categoría no moda) o inexistente,2026-08-11
Ventas,VentaID=3478 ProductoID=7,Producto fuera de alcance (categoría no moda) o inexistente,2026-08-11
Ventas,VentaID=3484 ProductoID=6,Producto fuera de alcance (categoría no moda) o inexistente,2026-08-11
Ventas,VentaID=3485 ProductoID=7,Producto fuera de alcance (categoría no moda) o inexistente,2026-08-11
Ventas,VentaID=3491 ProductoID=6,Producto fuera de alcance (categoría no moda) o inexistente,2026-08-11
Ventas,VentaID=3492 ProductoID=7,Producto fuera de alcance (categoría no moda) o inexistente,2026-08-11
Ventas,VentaID=3498 ProductoID=6,Producto fuera de alcance (categoría no moda) o inexistente,2026-08-11
Ventas,VentaID=3499 ProductoID=7,Producto fuera de alcance (categoría no moda) o inexistente,2026-08-11
Ventas,VentaID=3505 ProductoID=6,Producto fuera de alcance (categoría no moda) o inexistente,2026-08-11
Ventas,VentaID=3506 ProductoID=7,Producto fuera de alcance (categoría no moda) o inexistente,2026-08-11
Ventas,VentaID=3512 ProductoID=6,Producto fuera de alcance (categoría no moda) o inexistente,2026-08-11
Ventas,VentaID=3513 ProductoID=7,Producto fuera de alcance (categoría no moda) o inexistente,2026-08-11
Ventas,VentaID=3519 ProductoID=6,Producto fuera de alcance (categoría no moda) o inexistente,2026-08-11
Ventas,VentaID=3520 ProductoID=7,Producto fuera de alcance (categoría no moda) o inexistente,2026-08-11
Ventas,VentaID=3526 ProductoID=6,Producto fuera de alcance (categoría no moda) o inexistente,2026-08-11
Ventas,VentaID=3527 ProductoID=7,Producto fuera de alcance (categoría no moda) o inexistente,2026-08-11
Ventas,VentaID=3533 ProductoID=6,Producto fuera de alcance (categoría no moda) o inexistente,2026-08-11
Ventas,VentaID=3534 ProductoID=7,Producto fuera de alcance (categoría no moda) o inexistente,2026-08-11
Ventas,VentaID=3540 ProductoID=6,Producto fuera de alcance (categoría no moda) o inexistente,2026-08-11
Ventas,VentaID=3541 ProductoID=7,Producto fuera de alcance (categoría no moda) o inexistente,2026-08-11
Ventas,VentaID=3547 ProductoID=6,Producto fuera de alcance (categoría no moda) o inexistente,2026-08-11
Ventas,VentaID=3548 ProductoID=7,Producto fuera de alcance (categoría no moda) o inexistente,2026-08-11
Ventas,VentaID=3554 ProductoID=6,Producto fuera de alcance (categoría no moda) o inexistente,2026-08-11
Ventas,VentaID=3555 ProductoID=7,Producto fuera de alcance (categoría no moda) o inexistente,2026-08-11
Ventas,VentaID=3561 ProductoID=6,Producto fuera de alcance (categoría no moda) o inexistente,2026-08-11
Ventas,VentaID=3562 ProductoID=7,Producto fuera de alcance (categoría no moda) o inexistente,2026-08-11
Ventas,VentaID=3568 ProductoID=6,Producto fuera de alcance (categoría no moda) o inexistente,2026-08-11
Ventas,VentaID=3569 ProductoID=7,Producto fuera de alcance (categoría no moda) o inexistente,2026-08-11
Ventas,VentaID=3575 ProductoID=6,Producto fuera de alcance (categoría no moda) o inexistente,2026-08-11
Ventas,VentaID=3576 ProductoID=7,Producto fuera de alcance (categoría no moda) o inexistente,2026-08-11
Ventas,VentaID=3582 ProductoID=6,Producto fuera de alcance (categoría no moda) o inexistente,2026-08-11
Ventas,VentaID=3583 ProductoID=7,Producto fuera de alcance (categoría no moda) o inexistente,2026-08-11
Ventas,VentaID=3589 ProductoID=6,Producto fuera de alcance (categoría no moda) o inexistente,2026-08-11
Ventas,VentaID=3590 ProductoID=7,Producto fuera de alcance (categoría no moda) o inexistente,2026-08-11
Ventas,VentaID=3596 ProductoID=6,Producto fuera de alcance (categoría no moda) o inexistente,2026-08-11
Ventas,VentaID=3597 ProductoID=7,Producto fuera de alcance (categoría no moda) o inexistente,2026-08-11
Ventas,VentaID=3603 ProductoID=6,Producto fuera de alcance (categoría no moda) o inexistente,2026-08-11
Ventas,VentaID=3604 ProductoID=7,Producto fuera de alcance (categoría no moda) o inexistente,2026-08-11
Ventas,VentaID=3610 ProductoID=6,Producto fuera de alcance (categoría no moda) o inexistente,2026-08-11
Ventas,VentaID=3611 ProductoID=7,Producto fuera de alcance (categoría no moda) o inexistente,2026-08-11
Ventas,VentaID=3617 ProductoID=6,Producto fuera de alcance (categoría no moda) o inexistente,2026-08-11
Ventas,VentaID=3618 ProductoID=7,Producto fuera de alcance (categoría no moda) o inexistente,2026-08-11
Ventas,VentaID=3624 ProductoID=6,Producto fuera de alcance (categoría no moda) o inexistente,2026-08-11
Ventas,VentaID=3625 ProductoID=7,Producto fuera de alcance (categoría no moda) o inexistente,2026-08-11
Ventas,VentaID=3631 ProductoID=6,Producto fuera de alcance (categoría no moda) o inexistente,2026-08-11
Ventas,VentaID=3632 ProductoID=7,Producto fuera de alcance (categoría no moda) o inexistente,2026-08-11
Ventas,VentaID=3638 ProductoID=6,Producto fuera de alcance (categoría no moda) o inexistente,2026-08-11
Ventas,VentaID=3639 ProductoID=7,Producto fuera de alcance (categoría no moda) o inexistente,2026-08-11
Ventas,VentaID=3645 ProductoID=6,Producto fuera de alcance (categoría no moda) o inexistente,2026-08-11
Ventas,VentaID=3646 ProductoID=7,Producto fuera de alcance (categoría no moda) o inexistente,2026-08-11
Ventas,VentaID=3652 ProductoID=6,Producto fuera de alcance (categoría no moda) o inexistente,2026-08-11
Ventas,VentaID=3653 ProductoID=7,Producto fuera de alcance (categoría no moda) o inexistente,2026-08-11
Ventas,VentaID=3659 ProductoID=6,Producto fuera de alcance (categoría no moda) o inexistente,2026-08-11
Ventas,VentaID=3660 ProductoID=7,Producto fuera de alcance (categoría no moda) o inexistente,2026-08-11
Ventas,VentaID=3666 ProductoID=6,Producto fuera de alcance (categoría no moda) o inexistente,2026-08-11
Ventas,VentaID=3667 ProductoID=7,Producto fuera de alcance (categoría no moda) o inexistente,2026-08-11
Ventas,VentaID=3673 ProductoID=6,Producto fuera de alcance (categoría no moda) o inexistente,2026-08-11
Ventas,VentaID=3674 ProductoID=7,Producto fuera de alcance (categoría no moda) o inexistente,2026-08-11
Ventas,VentaID=3680 ProductoID=6,Producto fuera de alcance (categoría no moda) o inexistente,2026-08-11
Ventas,VentaID=3681 ProductoID=7,Producto fuera de alcance (categoría no moda) o inexistente,2026-08-11
Ventas,VentaID=3687 ProductoID=6,Producto fuera de alcance (categoría no moda) o inexistente,2026-08-11
Ventas,VentaID=3688 ProductoID=7,Producto fuera de alcance (categoría no moda) o inexistente,2026-08-11
Ventas,VentaID=3694 ProductoID=6,Producto fuera de alcance (categoría no moda) o inexistente,2026-08-11
Ventas,VentaID=3695 ProductoID=7,Producto fuera de alcance (categoría no moda) o inexistente,2026-08-11
Ventas,VentaID=3701 ProductoID=6,Producto fuera de alcance (categoría no moda) o inexistente,2026-08-11
Ventas,VentaID=3702 ProductoID=7,Producto fuera de alcance (categoría no moda) o inexistente,2026-08-11
Ventas,VentaID=3708 ProductoID=6,Producto fuera de alcance (categoría no moda) o inexistente,2026-08-11
Ventas,VentaID=3709 ProductoID=7,Producto fuera de alcance (categoría no moda) o inexistente,2026-08-11
Ventas,VentaID=3715 ProductoID=6,Producto fuera de alcance (categoría no moda) o inexistente,2026-08-11
Ventas,VentaID=3716 ProductoID=7,Producto fuera de alcance (categoría no moda) o inexistente,2026-08-11
Ventas,VentaID=3722 ProductoID=6,Producto fuera de alcance (categoría no moda) o inexistente,2026-08-11
Ventas,VentaID=3723 ProductoID=7,Producto fuera de alcance (categoría no moda) o inexistente,2026-08-11
Ventas,VentaID=3729 ProductoID=6,Producto fuera de alcance (categoría no moda) o inexistente,2026-08-11
Ventas,VentaID=3730 ProductoID=7,Producto fuera de alcance (categoría no moda) o inexistente,2026-08-11
Ventas,VentaID=3736 ProductoID=6,Producto fuera de alcance (categoría no moda) o inexistente,2026-08-11
Ventas,VentaID=3737 ProductoID=7,Producto fuera de alcance (categoría no moda) o inexistente,2026-08-11
Ventas,VentaID=3743 ProductoID=6,Producto fuera de alcance (categoría no moda) o inexistente,2026-08-11
Ventas,VentaID=3744 ProductoID=7,Producto fuera de alcance (categoría no moda) o inexistente,2026-08-11
Ventas,VentaID=3750 ProductoID=6,Producto fuera de alcance (categoría no moda) o inexistente,2026-08-11
Ventas,VentaID=3751 ProductoID=7,Producto fuera de alcance (categoría no moda) o inexistente,2026-08-11
Ventas,VentaID=3757 ProductoID=6,Producto fuera de alcance (categoría no moda) o inexistente,2026-08-11
Ventas,VentaID=3758 ProductoID=7,Producto fuera de alcance (categoría no moda) o inexistente,2026-08-11
Ventas,VentaID=3764 ProductoID=6,Producto fuera de alcance (categoría no moda) o inexistente,2026-08-11
Ventas,VentaID=3765 ProductoID=7,Producto fuera de alcance (categoría no moda) o inexistente,2026-08-11
Ventas,VentaID=3771 ProductoID=6,Producto fuera de alcance (categoría no moda) o inexistente,2026-08-11
Ventas,VentaID=3772 ProductoID=7,Producto fuera de alcance (categoría no moda) o inexistente,2026-08-11
Ventas,VentaID=3778 ProductoID=6,Producto fuera de alcance (categoría no moda) o inexistente,2026-08-11
Ventas,VentaID=3779 ProductoID=7,Producto fuera de alcance (categoría no moda) o inexistente,2026-08-11
Ventas,VentaID=3785 ProductoID=6,Producto fuera de alcance (categoría no moda) o inexistente,2026-08-11
Ventas,VentaID=3786 ProductoID=7,Producto fuera de alcance (categoría no moda) o inexistente,2026-08-11
Ventas,VentaID=3792 ProductoID=6,Producto fuera de alcance (categoría no moda) o inexistente,2026-08-11
Ventas,VentaID=3793 ProductoID=7,Producto fuera de alcance (categoría no moda) o inexistente,2026-08-11
Ventas,VentaID=3799 ProductoID=6,Producto fuera de alcance (categoría no moda) o inexistente,2026-08-11
Ventas,VentaID=3800 ProductoID=7,Producto fuera de alcance (categoría no moda) o inexistente,2026-08-11
Ventas,VentaID=3806 ProductoID=6,Producto fuera de alcance (categoría no moda) o inexistente,2026-08-11
Ventas,VentaID=3807 ProductoID=7,Producto fuera de alcance (categoría no moda) o inexistente,2026-08-11
Ventas,VentaID=3813 ProductoID=6,Producto fuera de alcance (categoría no moda) o inexistente,2026-08-11
Ventas,VentaID=3814 ProductoID=7,Producto fuera de alcance (categoría no moda) o inexistente,2026-08-11
Ventas,VentaID=3820 ProductoID=6,Producto fuera de alcance (categoría no moda) o inexistente,2026-08-11
Ventas,VentaID=3821 ProductoID=7,Producto fuera de alcance (categoría no moda) o inexistente,2026-08-11
Ventas,VentaID=3827 ProductoID=6,Producto fuera de alcance (categoría no moda) o inexistente,2026-08-11
Ventas,VentaID=3828 ProductoID=7,Producto fuera de alcance (categoría no moda) o inexistente,2026-08-11
Ventas,VentaID=3834 ProductoID=6,Producto fuera de alcance (categoría no moda) o inexistente,2026-08-11
Ventas,VentaID=3835 ProductoID=7,Producto fuera de alcance (categoría no moda) o inexistente,2026-08-11
Ventas,VentaID=3841 ProductoID=6,Producto fuera de alcance (categoría no moda) o inexistente,2026-08-11
Ventas,VentaID=3842 ProductoID=7,Producto fuera de alcance (categoría no moda) o inexistente,2026-08-11
Ventas,VentaID=3848 ProductoID=6,Producto fuera de alcance (categoría no moda) o inexistente,2026-08-11
Ventas,VentaID=3849 ProductoID=7,Producto fuera de alcance (categoría no moda) o inexistente,2026-08-11
Ventas,VentaID=3855 ProductoID=6,Producto fuera de alcance (categoría no moda) o inexistente,2026-08-11
Ventas,VentaID=3856 ProductoID=7,Producto fuera de alcance (categoría no moda) o inexistente,2026-08-11
Ventas,VentaID=3862 ProductoID=6,Producto fuera de alcance (categoría no moda) o inexistente,2026-08-11
Ventas,VentaID=3863 ProductoID=7,Producto fuera de alcance (categoría no moda) o inexistente,2026-08-11
Ventas,VentaID=3869 ProductoID=6,Producto fuera de alcance (categoría no moda) o inexistente,2026-08-11
Ventas,VentaID=3870 ProductoID=7,Producto fuera de alcance (categoría no moda) o inexistente,2026-08-11
Ventas,VentaID=3876 ProductoID=6,Producto fuera de alcance (categoría no moda) o inexistente,2026-08-11
Ventas,VentaID=3877 ProductoID=7,Producto fuera de alcance (categoría no moda) o inexistente,2026-08-11
Ventas,VentaID=3883 ProductoID=6,Producto fuera de alcance (categoría no moda) o inexistente,2026-08-11
Ventas,VentaID=3884 ProductoID=7,Producto fuera de alcance (categoría no moda) o inexistente,2026-08-11
Ventas,VentaID=3890 ProductoID=6,Producto fuera de alcance (categoría no moda) o inexistente,2026-08-11
Ventas,VentaID=3891 ProductoID=7,Producto fuera de alcance (categoría no moda) o inexistente,2026-08-11
Ventas,VentaID=3897 ProductoID=6,Producto fuera de alcance (categoría no moda) o inexistente,2026-08-11
Ventas,VentaID=3898 ProductoID=7,Producto fuera de alcance (categoría no moda) o inexistente,2026-08-11
Ventas,VentaID=3904 ProductoID=6,Producto fuera de alcance (categoría no moda) o inexistente,2026-08-11
Ventas,VentaID=3905 ProductoID=7,Producto fuera de alcance (categoría no moda) o inexistente,2026-08-11
Ventas,VentaID=3911 ProductoID=6,Producto fuera de alcance (categoría no moda) o inexistente,2026-08-11
Ventas,VentaID=3912 ProductoID=7,Producto fuera de alcance (categoría no moda) o inexistente,2026-08-11
Ventas,VentaID=3918 ProductoID=6,Producto fuera de alcance (categoría no moda) o inexistente,2026-08-11
Ventas,VentaID=3919 ProductoID=7,Producto fuera de alcance (categoría no moda) o inexistente,2026-08-11
Ventas,VentaID=3925 ProductoID=6,Producto fuera de alcance (categoría no moda) o inexistente,2026-08-11
Ventas,VentaID=3926 ProductoID=7,Producto fuera de alcance (categoría no moda) o inexistente,2026-08-11
Ventas,VentaID=3932 ProductoID=6,Producto fuera de alcance (categoría no moda) o inexistente,2026-08-11
Ventas,VentaID=3933 ProductoID=7,Producto fuera de alcance (categoría no moda) o inexistente,2026-08-11
Ventas,VentaID=3939 ProductoID=6,Producto fuera de alcance (categoría no moda) o inexistente,2026-08-11
Ventas,VentaID=3940 ProductoID=7,Producto fuera de alcance (categoría no moda) o inexistente,2026-08-11
Ventas,VentaID=3946 ProductoID=6,Producto fuera de alcance (categoría no moda) o inexistente,2026-08-11
Ventas,VentaID=3947 ProductoID=7,Producto fuera de alcance (categoría no moda) o inexistente,2026-08-11
Ventas,VentaID=3953 ProductoID=6,Producto fuera de alcance (categoría no moda) o inexistente,2026-08-11
Ventas,VentaID=3954 ProductoID=7,Producto fuera de alcance (categoría no moda) o inexistente,2026-08-11
Ventas,VentaID=3960 ProductoID=6,Producto fuera de alcance (categoría no moda) o inexistente,2026-08-11
Ventas,VentaID=3961 ProductoID=7,Producto fuera de alcance (categoría no moda) o inexistente,2026-08-11
Ventas,VentaID=3967 ProductoID=6,Producto fuera de alcance (categoría no moda) o inexistente,2026-08-11
Ventas,VentaID=3968 ProductoID=7,Producto fuera de alcance (categoría no moda) o inexistente,2026-08-11
Ventas,VentaID=3974 ProductoID=6,Producto fuera de alcance (categoría no moda) o inexistente,2026-08-11
Ventas,VentaID=3975 ProductoID=7,Producto fuera de alcance (categoría no moda) o inexistente,2026-08-11
Ventas,VentaID=3981 ProductoID=6,Producto fuera de alcance (categoría no moda) o inexistente,2026-08-11
Ventas,VentaID=3982 ProductoID=7,Producto fuera de alcance (categoría no moda) o inexistente,2026-08-11
Ventas,VentaID=3988 ProductoID=6,Producto fuera de alcance (categoría no moda) o inexistente,2026-08-11
Ventas,VentaID=3989 ProductoID=7,Producto fuera de alcance (categoría no moda) o inexistente,2026-08-11
Ventas,VentaID=3995 ProductoID=6,Producto fuera de alcance (categoría no moda) o inexistente,2026-08-11
Ventas,VentaID=3996 ProductoID=7,Producto fuera de alcance (categoría no moda) o inexistente,2026-08-11
Ventas,VentaID=4002 ProductoID=6,Producto fuera de alcance (categoría no moda) o inexistente,2026-08-11
Ventas,VentaID=4003 ProductoID=7,Producto fuera de alcance (categoría no moda) o inexistente,2026-08-11
Ventas,VentaID=4009 ProductoID=6,Producto fuera de alcance (categoría no moda) o inexistente,2026-08-11
Ventas,VentaID=4010 ProductoID=7,Producto fuera de alcance (categoría no moda) o inexistente,2026-08-11
Ventas,VentaID=4016 ProductoID=6,Producto fuera de alcance (categoría no moda) o inexistente,2026-08-11
Ventas,VentaID=4017 ProductoID=7,Producto fuera de alcance (categoría no moda) o inexistente,2026-08-11
Ventas,VentaID=4023 ProductoID=6,Producto fuera de alcance (categoría no moda) o inexistente,2026-08-11
Ventas,VentaID=4024 ProductoID=7,Producto fuera de alcance (categoría no moda) o inexistente,2026-08-11
Ventas,VentaID=4030 ProductoID=6,Producto fuera de alcance (categoría no moda) o inexistente,2026-08-11
Ventas,VentaID=4031 ProductoID=7,Producto fuera de alcance (categoría no moda) o inexistente,2026-08-11
Ventas,VentaID=4037 ProductoID=6,Producto fuera de alcance (categoría no moda) o inexistente,2026-08-11
Ventas,VentaID=4038 ProductoID=7,Producto fuera de alcance (categoría no moda) o inexistente,2026-08-11
Ventas,VentaID=4044 ProductoID=6,Producto fuera de alcance (categoría no moda) o inexistente,2026-08-11
Ventas,VentaID=4045 ProductoID=7,Producto fuera de alcance (categoría no moda) o inexistente,2026-08-11
Ventas,VentaID=4051 ProductoID=6,Producto fuera de alcance (categoría no moda) o inexistente,2026-08-11
Ventas,VentaID=4052 ProductoID=7,Producto fuera de alcance (categoría no moda) o inexistente,2026-08-11
Ventas,VentaID=4058 ProductoID=6,Producto fuera de alcance (categoría no moda) o inexistente,2026-08-11
Ventas,VentaID=4059 ProductoID=7,Producto fuera de alcance (categoría no moda) o inexistente,2026-08-11
Ventas,VentaID=4065 ProductoID=6,Producto fuera de alcance (categoría no moda) o inexistente,2026-08-11
Ventas,VentaID=4066 ProductoID=7,Producto fuera de alcance (categoría no moda) o inexistente,2026-08-11
Ventas,VentaID=4072 ProductoID=6,Producto fuera de alcance (categoría no moda) o inexistente,2026-08-11
Ventas,VentaID=4073 ProductoID=7,Producto fuera de alcance (categoría no moda) o inexistente,2026-08-11
Ventas,VentaID=4079 ProductoID=6,Producto fuera de alcance (categoría no moda) o inexistente,2026-08-11
Ventas,VentaID=4080 ProductoID=7,Producto fuera de alcance (categoría no moda) o inexistente,2026-08-11
Ventas,VentaID=4086 ProductoID=6,Producto fuera de alcance (categoría no moda) o inexistente,2026-08-11
Ventas,VentaID=4087 ProductoID=7,Producto fuera de alcance (categoría no moda) o inexistente,2026-08-11
Ventas,VentaID=4093 ProductoID=6,Producto fuera de alcance (categoría no moda) o inexistente,2026-08-11
Ventas,VentaID=4094 ProductoID=7,Producto fuera de alcance (categoría no moda) o inexistente,2026-08-11
Ventas,VentaID=4100 ProductoID=6,Producto fuera de alcance (categoría no moda) o inexistente,2026-08-11
Ventas,VentaID=4101 ProductoID=7,Producto fuera de alcance (categoría no moda) o inexistente,2026-08-11
Ventas,VentaID=4107 ProductoID=6,Producto fuera de alcance (categoría no moda) o inexistente,2026-08-11
Ventas,VentaID=4108 ProductoID=7,Producto fuera de alcance (categoría no moda) o inexistente,2026-08-11
Ventas,VentaID=4114 ProductoID=6,Producto fuera de alcance (categoría no moda) o inexistente,2026-08-11
Ventas,VentaID=4115 ProductoID=7,Producto fuera de alcance (categoría no moda) o inexistente,2026-08-11
Ventas,VentaID=4121 ProductoID=6,Producto fuera de alcance (categoría no moda) o inexistente,2026-08-11
Ventas,VentaID=4122 ProductoID=7,Producto fuera de alcance (categoría no moda) o inexistente,2026-08-11
Ventas,VentaID=4128 ProductoID=6,Producto fuera de alcance (categoría no moda) o inexistente,2026-08-11
Ventas,VentaID=4129 ProductoID=7,Producto fuera de alcance (categoría no moda) o inexistente,2026-08-11
Ventas,VentaID=4135 ProductoID=6,Producto fuera de alcance (categoría no moda) o inexistente,2026-08-11
Ventas,VentaID=4136 ProductoID=7,Producto fuera de alcance (categoría no moda) o inexistente,2026-08-11
Ventas,VentaID=4142 ProductoID=6,Producto fuera de alcance (categoría no moda) o inexistente,2026-08-11
Ventas,VentaID=4143 ProductoID=7,Producto fuera de alcance (categoría no moda) o inexistente,2026-08-11
Ventas,VentaID=4149 ProductoID=6,Producto fuera de alcance (categoría no moda) o inexistente,2026-08-11
Ventas,VentaID=4150 ProductoID=7,Producto fuera de alcance (categoría no moda) o inexistente,2026-08-11
Ventas,VentaID=4156 ProductoID=6,Producto fuera de alcance (categoría no moda) o inexistente,2026-08-11
Ventas,VentaID=4157 ProductoID=7,Producto fuera de alcance (categoría no moda) o inexistente,2026-08-11
Ventas,VentaID=4163 ProductoID=6,Producto fuera de alcance (categoría no moda) o inexistente,2026-08-11
Ventas,VentaID=4164 ProductoID=7,Producto fuera de alcance (categoría no moda) o inexistente,2026-08-11
Ventas,VentaID=4170 ProductoID=6,Producto fuera de alcance (categoría no moda) o inexistente,2026-08-11
Ventas,VentaID=4171 ProductoID=7,Producto fuera de alcance (categoría no moda) o inexistente,2026-08-11
Ventas,VentaID=4177 ProductoID=6,Producto fuera de alcance (categoría no moda) o inexistente,2026-08-11
Ventas,VentaID=4178 ProductoID=7,Producto fuera de alcance (categoría no moda) o inexistente,2026-08-11
Ventas,VentaID=4184 ProductoID=6,Producto fuera de alcance (categoría no moda) o inexistente,2026-08-11
Ventas,VentaID=4185 ProductoID=7,Producto fuera de alcance (categoría no moda) o inexistente,2026-08-11
Ventas,VentaID=4191 ProductoID=6,Producto fuera de alcance (categoría no moda) o inexistente,2026-08-11
Ventas,VentaID=4192 ProductoID=7,Producto fuera de alcance (categoría no moda) o inexistente,2026-08-11
Ventas,VentaID=4198 ProductoID=6,Producto fuera de alcance (categoría no moda) o inexistente,2026-08-11
Ventas,VentaID=4199 ProductoID=7,Producto fuera de alcance (categoría no moda) o inexistente,2026-08-11
Ventas,VentaID=4205 ProductoID=6,Producto fuera de alcance (categoría no moda) o inexistente,2026-08-11
Ventas,VentaID=4206 ProductoID=7,Producto fuera de alcance (categoría no moda) o inexistente,2026-08-11
Ventas,VentaID=4212 ProductoID=6,Producto fuera de alcance (categoría no moda) o inexistente,2026-08-11
Ventas,VentaID=4213 ProductoID=7,Producto fuera de alcance (categoría no moda) o inexistente,2026-08-11
Ventas,VentaID=4219 ProductoID=6,Producto fuera de alcance (categoría no moda) o inexistente,2026-08-11
Ventas,VentaID=4220 ProductoID=7,Producto fuera de alcance (categoría no moda) o inexistente,2026-08-11
Ventas,VentaID=4226 ProductoID=6,Producto fuera de alcance (categoría no moda) o inexistente,2026-08-11
Ventas,VentaID=4227 ProductoID=7,Producto fuera de alcance (categoría no moda) o inexistente,2026-08-11
Ventas,VentaID=4233 ProductoID=6,Producto fuera de alcance (categoría no moda) o inexistente,2026-08-11
Ventas,VentaID=4234 ProductoID=7,Producto fuera de alcance (categoría no moda) o inexistente,2026-08-11
Ventas,VentaID=4240 ProductoID=6,Producto fuera de alcance (categoría no moda) o inexistente,2026-08-11
Ventas,VentaID=4241 ProductoID=7,Producto fuera de alcance (categoría no moda) o inexistente,2026-08-11
Ventas,VentaID=4247 ProductoID=6,Producto fuera de alcance (categoría no moda) o inexistente,2026-08-11
Ventas,VentaID=4248 ProductoID=7,Producto fuera de alcance (categoría no moda) o inexistente,2026-08-11
Ventas,VentaID=4254 ProductoID=6,Producto fuera de alcance (categoría no moda) o inexistente,2026-08-11
Ventas,VentaID=4255 ProductoID=7,Producto fuera de alcance (categoría no moda) o inexistente,2026-08-11
Ventas,VentaID=4261 ProductoID=6,Producto fuera de alcance (categoría no moda) o inexistente,2026-08-11
Ventas,VentaID=4262 ProductoID=7,Producto fuera de alcance (categoría no moda) o inexistente,2026-08-11
Ventas,VentaID=4268 ProductoID=6,Producto fuera de alcance (categoría no moda) o inexistente,2026-08-11
Ventas,VentaID=4269 ProductoID=7,Producto fuera de alcance (categoría no moda) o inexistente,2026-08-11
Ventas,VentaID=4275 ProductoID=6,Producto fuera de alcance (categoría no moda) o inexistente,2026-08-11
Ventas,VentaID=4276 ProductoID=7,Producto fuera de alcance (categoría no moda) o inexistente,2026-08-11
Ventas,VentaID=4282 ProductoID=6,Producto fuera de alcance (categoría no moda) o inexistente,2026-08-11
Ventas,VentaID=4283 ProductoID=7,Producto fuera de alcance (categoría no moda) o inexistente,2026-08-11
Ventas,VentaID=4289 ProductoID=6,Producto fuera de alcance (categoría no moda) o inexistente,2026-08-11
Ventas,VentaID=4290 ProductoID=7,Producto fuera de alcance (categoría no moda) o inexistente,2026-08-11
Ventas,VentaID=4296 ProductoID=6,Producto fuera de alcance (categoría no moda) o inexistente,2026-08-11
Ventas,VentaID=4297 ProductoID=7,Producto fuera de alcance (categoría no moda) o inexistente,2026-08-11
Ventas,VentaID=4303 ProductoID=6,Producto fuera de alcance (categoría no moda) o inexistente,2026-08-11
Ventas,VentaID=4304 ProductoID=7,Producto fuera de alcance (categoría no moda) o inexistente,2026-08-11
Ventas,VentaID=4310 ProductoID=6,Producto fuera de alcance (categoría no moda) o inexistente,2026-08-11
Ventas,VentaID=4311 ProductoID=7,Producto fuera de alcance (categoría no moda) o inexistente,2026-08-11
Ventas,VentaID=4317 ProductoID=6,Producto fuera de alcance (categoría no moda) o inexistente,2026-08-11
Ventas,VentaID=4318 ProductoID=7,Producto fuera de alcance (categoría no moda) o inexistente,2026-08-11
Ventas,VentaID=4324 ProductoID=6,Producto fuera de alcance (categoría no moda) o inexistente,2026-08-11
Ventas,VentaID=4325 ProductoID=7,Producto fuera de alcance (categoría no moda) o inexistente,2026-08-11
Ventas,VentaID=4331 ProductoID=6,Producto fuera de alcance (categoría no moda) o inexistente,2026-08-11
Ventas,VentaID=4332 ProductoID=7,Producto fuera de alcance (categoría no moda) o inexistente,2026-08-11
Ventas,VentaID=4338 ProductoID=6,Producto fuera de alcance (categoría no moda) o inexistente,2026-08-11
Ventas,VentaID=4339 ProductoID=7,Producto fuera de alcance (categoría no moda) o inexistente,2026-08-11
Ventas,VentaID=4345 ProductoID=6,Producto fuera de alcance (categoría no moda) o inexistente,2026-08-11
Ventas,VentaID=4346 ProductoID=7,Producto fuera de alcance (categoría no moda) o inexistente,2026-08-11
Ventas,VentaID=4352 ProductoID=6,Producto fuera de alcance (categoría no moda) o inexistente,2026-08-11
Ventas,VentaID=4353 ProductoID=7,Producto fuera de alcance (categoría no moda) o inexistente,2026-08-11
Ventas,VentaID=4359 ProductoID=6,Producto fuera de alcance (categoría no moda) o inexistente,2026-08-11
Ventas,VentaID=4360 ProductoID=7,Producto fuera de alcance (categoría no moda) o inexistente,2026-08-11
Ventas,VentaID=4366 ProductoID=6,Producto fuera de alcance (categoría no moda) o inexistente,2026-08-11
Ventas,VentaID=4367 ProductoID=7,Producto fuera de alcance (categoría no moda) o inexistente,2026-08-11
Ventas,VentaID=4373 ProductoID=6,Producto fuera de alcance (categoría no moda) o inexistente,2026-08-11
Ventas,VentaID=4374 ProductoID=7,Producto fuera de alcance (categoría no moda) o inexistente,2026-08-11
Ventas,VentaID=4380 ProductoID=6,Producto fuera de alcance (categoría no moda) o inexistente,2026-08-11
Ventas,VentaID=4381 ProductoID=7,Producto fuera de alcance (categoría no moda) o inexistente,2026-08-11
Ventas,VentaID=4387 ProductoID=6,Producto fuera de alcance (categoría no moda) o inexistente,2026-08-11
Ventas,VentaID=4388 ProductoID=7,Producto fuera de alcance (categoría no moda) o inexistente,2026-08-11
Ventas,VentaID=4394 ProductoID=6,Producto fuera de alcance (categoría no moda) o inexistente,2026-08-11
Ventas,VentaID=4395 ProductoID=7,Producto fuera de alcance (categoría no moda) o inexistente,2026-08-11
Ventas,VentaID=4401 ProductoID=6,Producto fuera de alcance (categoría no moda) o inexistente,2026-08-11
Ventas,VentaID=4402 ProductoID=7,Producto fuera de alcance (categoría no moda) o inexistente,2026-08-11
Ventas,VentaID=4408 ProductoID=6,Producto fuera de alcance (categoría no moda) o inexistente,2026-08-11
Ventas,VentaID=4409 ProductoID=7,Producto fuera de alcance (categoría no moda) o inexistente,2026-08-11
Ventas,VentaID=4415 ProductoID=6,Producto fuera de alcance (categoría no moda) o inexistente,2026-08-11
Ventas,VentaID=4416 ProductoID=7,Producto fuera de alcance (categoría no moda) o inexistente,2026-08-11
Ventas,VentaID=4422 ProductoID=6,Producto fuera de alcance (categoría no moda) o inexistente,2026-08-11
Ventas,VentaID=4423 ProductoID=7,Producto fuera de alcance (categoría no moda) o inexistente,2026-08-11
Ventas,VentaID=4429 ProductoID=6,Producto fuera de alcance (categoría no moda) o inexistente,2026-08-11
Ventas,VentaID=4430 ProductoID=7,Producto fuera de alcance (categoría no moda) o inexistente,2026-08-11
Ventas,VentaID=4436 ProductoID=6,Producto fuera de alcance (categoría no moda) o inexistente,2026-08-11
Ventas,VentaID=4437 ProductoID=7,Producto fuera de alcance (categoría no moda) o inexistente,2026-08-11
Ventas,VentaID=4443 ProductoID=6,Producto fuera de alcance (categoría no moda) o inexistente,2026-08-11
Ventas,VentaID=4444 ProductoID=7,Producto fuera de alcance (categoría no moda) o inexistente,2026-08-11
Ventas,VentaID=4450 ProductoID=6,Producto fuera de alcance (categoría no moda) o inexistente,2026-08-11
Ventas,VentaID=4451 ProductoID=7,Producto fuera de alcance (categoría no moda) o inexistente,2026-08-11
Ventas,VentaID=4457 ProductoID=6,Producto fuera de alcance (categoría no moda) o inexistente,2026-08-11
Ventas,VentaID=4458 ProductoID=7,Producto fuera de alcance (categoría no moda) o inexistente,2026-08-11
Ventas,VentaID=4464 ProductoID=6,Producto fuera de alcance (categoría no moda) o inexistente,2026-08-11
Ventas,VentaID=4465 ProductoID=7,Producto fuera de alcance (categoría no moda) o inexistente,2026-08-11
Ventas,VentaID=4471 ProductoID=6,Producto fuera de alcance (categoría no moda) o inexistente,2026-08-11
Ventas,VentaID=4472 ProductoID=7,Producto fuera de alcance (categoría no moda) o inexistente,2026-08-11
Ventas,VentaID=4478 ProductoID=6,Producto fuera de alcance (categoría no moda) o inexistente,2026-08-11
Ventas,VentaID=4479 ProductoID=7,Producto fuera de alcance (categoría no moda) o inexistente,2026-08-11
Ventas,VentaID=4485 ProductoID=6,Producto fuera de alcance (categoría no moda) o inexistente,2026-08-11
Ventas,VentaID=4486 ProductoID=7,Producto fuera de alcance (categoría no moda) o inexistente,2026-08-11
Ventas,VentaID=4492 ProductoID=6,Producto fuera de alcance (categoría no moda) o inexistente,2026-08-11
Ventas,VentaID=4493 ProductoID=7,Producto fuera de alcance (categoría no moda) o inexistente,2026-08-11
Ventas,VentaID=4499 ProductoID=6,Producto fuera de alcance (categoría no moda) o inexistente,2026-08-11
Ventas,VentaID=4500 ProductoID=7,Producto fuera de alcance (categoría no moda) o inexistente,2026-08-11
Ventas,VentaID=4506 ProductoID=6,Producto fuera de alcance (categoría no moda) o inexistente,2026-08-11
Ventas,VentaID=4507 ProductoID=7,Producto fuera de alcance (categoría no moda) o inexistente,2026-08-11
Ventas,VentaID=4513 ProductoID=6,Producto fuera de alcance (categoría no moda) o inexistente,2026-08-11
Ventas,VentaID=4514 ProductoID=7,Producto fuera de alcance (categoría no moda) o inexistente,2026-08-11
Ventas,VentaID=4520 ProductoID=6,Producto fuera de alcance (categoría no moda) o inexistente,2026-08-11
Ventas,VentaID=4521 ProductoID=7,Producto fuera de alcance (categoría no moda) o inexistente,2026-08-11
Ventas,VentaID=4527 ProductoID=6,Producto fuera de alcance (categoría no moda) o inexistente,2026-08-11
Ventas,VentaID=4528 ProductoID=7,Producto fuera de alcance (categoría no moda) o inexistente,2026-08-11
Ventas,VentaID=4534 ProductoID=6,Producto fuera de alcance (categoría no moda) o inexistente,2026-08-11
Ventas,VentaID=4535 ProductoID=7,Producto fuera de alcance (categoría no moda) o inexistente,2026-08-11
Ventas,VentaID=4541 ProductoID=6,Producto fuera de alcance (categoría no moda) o inexistente,2026-08-11
Ventas,VentaID=4542 ProductoID=7,Producto fuera de alcance (categoría no moda) o inexistente,2026-08-11
Ventas,VentaID=4548 ProductoID=6,Producto fuera de alcance (categoría no moda) o inexistente,2026-08-11
Ventas,VentaID=4549 ProductoID=7,Producto fuera de alcance (categoría no moda) o inexistente,2026-08-11
Ventas,VentaID=4555 ProductoID=6,Producto fuera de alcance (categoría no moda) o inexistente,2026-08-11
Ventas,VentaID=4556 ProductoID=7,Producto fuera de alcance (categoría no moda) o inexistente,2026-08-11
Ventas,VentaID=4562 ProductoID=6,Producto fuera de alcance (categoría no moda) o inexistente,2026-08-11
Ventas,VentaID=4563 ProductoID=7,Producto fuera de alcance (categoría no moda) o inexistente,2026-08-11
Ventas,VentaID=4569 ProductoID=6,Producto fuera de alcance (categoría no moda) o inexistente,2026-08-11
Ventas,VentaID=4570 ProductoID=7,Producto fuera de alcance (categoría no moda) o inexistente,2026-08-11
Ventas,VentaID=4576 ProductoID=6,Producto fuera de alcance (categoría no moda) o inexistente,2026-08-11
Ventas,VentaID=4577 ProductoID=7,Producto fuera de alcance (categoría no moda) o inexistente,2026-08-11
Ventas,VentaID=4583 ProductoID=6,Producto fuera de alcance (categoría no moda) o inexistente,2026-08-11
Ventas,VentaID=4584 ProductoID=7,Producto fuera de alcance (categoría no moda) o inexistente,2026-08-11
Ventas,VentaID=4590 ProductoID=6,Producto fuera de alcance (categoría no moda) o inexistente,2026-08-11
Ventas,VentaID=4591 ProductoID=7,Producto fuera de alcance (categoría no moda) o inexistente,2026-08-11
Ventas,VentaID=4597 ProductoID=6,Producto fuera de alcance (categoría no moda) o inexistente,2026-08-11
Ventas,VentaID=4598 ProductoID=7,Producto fuera de alcance (categoría no moda) o inexistente,2026-08-11
Ventas,VentaID=4604 ProductoID=6,Producto fuera de alcance (categoría no moda) o inexistente,2026-08-11
Ventas,VentaID=4605 ProductoID=7,Producto fuera de alcance (categoría no moda) o inexistente,2026-08-11
Ventas,VentaID=4611 ProductoID=6,Producto fuera de alcance (categoría no moda) o inexistente,2026-08-11
Ventas,VentaID=4612 ProductoID=7,Producto fuera de alcance (categoría no moda) o inexistente,2026-08-11
Ventas,VentaID=4618 ProductoID=6,Producto fuera de alcance (categoría no moda) o inexistente,2026-08-11
Ventas,VentaID=4619 ProductoID=7,Producto fuera de alcance (categoría no moda) o inexistente,2026-08-11
Ventas,VentaID=4625 ProductoID=6,Producto fuera de alcance (categoría no moda) o inexistente,2026-08-11
Ventas,VentaID=4626 ProductoID=7,Producto fuera de alcance (categoría no moda) o inexistente,2026-08-11
Ventas,VentaID=4632 ProductoID=6,Producto fuera de alcance (categoría no moda) o inexistente,2026-08-11
Ventas,VentaID=4633 ProductoID=7,Producto fuera de alcance (categoría no moda) o inexistente,2026-08-11
Ventas,VentaID=4639 ProductoID=6,Producto fuera de alcance (categoría no moda) o inexistente,2026-08-11
Ventas,VentaID=4640 ProductoID=7,Producto fuera de alcance (categoría no moda) o inexistente,2026-08-11
Ventas,VentaID=4646 ProductoID=6,Producto fuera de alcance (categoría no moda) o inexistente,2026-08-11
Ventas,VentaID=4647 ProductoID=7,Producto fuera de alcance (categoría no moda) o inexistente,2026-08-11
Ventas,VentaID=4653 ProductoID=6,Producto fuera de alcance (categoría no moda) o inexistente,2026-08-11
Ventas,VentaID=4654 ProductoID=7,Producto fuera de alcance (categoría no moda) o inexistente,2026-08-11
Ventas,VentaID=4660 ProductoID=6,Producto fuera de alcance (categoría no moda) o inexistente,2026-08-11
Ventas,VentaID=4661 ProductoID=7,Producto fuera de alcance (categoría no moda) o inexistente,2026-08-11
Ventas,VentaID=4667 ProductoID=6,Producto fuera de alcance (categoría no moda) o inexistente,2026-08-11
Ventas,VentaID=4668 ProductoID=7,Producto fuera de alcance (categoría no moda) o inexistente,2026-08-11
Ventas,VentaID=4674 ProductoID=6,Producto fuera de alcance (categoría no moda) o inexistente,2026-08-11
Ventas,VentaID=4675 ProductoID=7,Producto fuera de alcance (categoría no moda) o inexistente,2026-08-11
Ventas,VentaID=4681 ProductoID=6,Producto fuera de alcance (categoría no moda) o inexistente,2026-08-11
Ventas,VentaID=4682 ProductoID=7,Producto fuera de alcance (categoría no moda) o inexistente,2026-08-11
Ventas,VentaID=4688 ProductoID=6,Producto fuera de alcance (categoría no moda) o inexistente,2026-08-11
Ventas,VentaID=4689 ProductoID=7,Producto fuera de alcance (categoría no moda) o inexistente,2026-08-11
Ventas,VentaID=4695 ProductoID=6,Producto fuera de alcance (categoría no moda) o inexistente,2026-08-11
Ventas,VentaID=4696 ProductoID=7,Producto fuera de alcance (categoría no moda) o inexistente,2026-08-11
Ventas,VentaID=4702 ProductoID=6,Producto fuera de alcance (categoría no moda) o inexistente,2026-08-11
Ventas,VentaID=4703 ProductoID=7,Producto fuera de alcance (categoría no moda) o inexistente,2026-08-11
Ventas,VentaID=4709 ProductoID=6,Producto fuera de alcance (categoría no moda) o inexistente,2026-08-11
Ventas,VentaID=4710 ProductoID=7,Producto fuera de alcance (categoría no moda) o inexistente,2026-08-11
Ventas,VentaID=4716 ProductoID=6,Producto fuera de alcance (categoría no moda) o inexistente,2026-08-11
Ventas,VentaID=4717 ProductoID=7,Producto fuera de alcance (categoría no moda) o inexistente,2026-08-11
Ventas,VentaID=4723 ProductoID=6,Producto fuera de alcance (categoría no moda) o inexistente,2026-08-11
Ventas,VentaID=4724 ProductoID=7,Producto fuera de alcance (categoría no moda) o inexistente,2026-08-11
Ventas,VentaID=4730 ProductoID=6,Producto fuera de alcance (categoría no moda) o inexistente,2026-08-11
Ventas,VentaID=4731 ProductoID=7,Producto fuera de alcance (categoría no moda) o inexistente,2026-08-11
Ventas,VentaID=4737 ProductoID=6,Producto fuera de alcance (categoría no moda) o inexistente,2026-08-11
Ventas,VentaID=4738 ProductoID=7,Producto fuera de alcance (categoría no moda) o inexistente,2026-08-11
Ventas,VentaID=4744 ProductoID=6,Producto fuera de alcance (categoría no moda) o inexistente,2026-08-11
Ventas,VentaID=4745 ProductoID=7,Producto fuera de alcance (categoría no moda) o inexistente,2026-08-11
Ventas,VentaID=4751 ProductoID=6,Producto fuera de alcance (categoría no moda) o inexistente,2026-08-11
Ventas,VentaID=4752 ProductoID=7,Producto fuera de alcance (categoría no moda) o inexistente,2026-08-11
Ventas,VentaID=4758 ProductoID=6,Producto fuera de alcance (categoría no moda) o inexistente,2026-08-11
Ventas,VentaID=4759 ProductoID=7,Producto fuera de alcance (categoría no moda) o inexistente,2026-08-11
Ventas,VentaID=4765 ProductoID=6,Producto fuera de alcance (categoría no moda) o inexistente,2026-08-11
Ventas,VentaID=4766 ProductoID=7,Producto fuera de alcance (categoría no moda) o inexistente,2026-08-11
Ventas,VentaID=4772 ProductoID=6,Producto fuera de alcance (categoría no moda) o inexistente,2026-08-11
Ventas,VentaID=4773 ProductoID=7,Producto fuera de alcance (categoría no moda) o inexistente,2026-08-11
Ventas,VentaID=4779 ProductoID=6,Producto fuera de alcance (categoría no moda) o inexistente,2026-08-11
Ventas,VentaID=4780 ProductoID=7,Producto fuera de alcance (categoría no moda) o inexistente,2026-08-11
Ventas,VentaID=4786 ProductoID=6,Producto fuera de alcance (categoría no moda) o inexistente,2026-08-11
Ventas,VentaID=4787 ProductoID=7,Producto fuera de alcance (categoría no moda) o inexistente,2026-08-11
Ventas,VentaID=4793 ProductoID=6,Producto fuera de alcance (categoría no moda) o inexistente,2026-08-11
Ventas,VentaID=4794 ProductoID=7,Producto fuera de alcance (categoría no moda) o inexistente,2026-08-11
Ventas,VentaID=4800 ProductoID=6,Producto fuera de alcance (categoría no moda) o inexistente,2026-08-11
Ventas,VentaID=4801 ProductoID=7,Producto fuera de alcance (categoría no moda) o inexistente,2026-08-11
Ventas,VentaID=4807 ProductoID=6,Producto fuera de alcance (categoría no moda) o inexistente,2026-08-11
Ventas,VentaID=4808 ProductoID=7,Producto fuera de alcance (categoría no moda) o inexistente,2026-08-11
Ventas,VentaID=4814 ProductoID=6,Producto fuera de alcance (categoría no moda) o inexistente,2026-08-11
Ventas,VentaID=4815 ProductoID=7,Producto fuera de alcance (categoría no moda) o inexistente,2026-08-11
Ventas,VentaID=4821 ProductoID=6,Producto fuera de alcance (categoría no moda) o inexistente,2026-08-11
Ventas,VentaID=4822 ProductoID=7,Producto fuera de alcance (categoría no moda) o inexistente,2026-08-11
Ventas,VentaID=4828 ProductoID=6,Producto fuera de alcance (categoría no moda) o inexistente,2026-08-11
Ventas,VentaID=4829 ProductoID=7,Producto fuera de alcance (categoría no moda) o inexistente,2026-08-11
Ventas,VentaID=4835 ProductoID=6,Producto fuera de alcance (categoría no moda) o inexistente,2026-08-11
Ventas,VentaID=4836 ProductoID=7,Producto fuera de alcance (categoría no moda) o inexistente,2026-08-11
Ventas,VentaID=4842 ProductoID=6,Producto fuera de alcance (categoría no moda) o inexistente,2026-08-11
Ventas,VentaID=4843 ProductoID=7,Producto fuera de alcance (categoría no moda) o inexistente,2026-08-11
Ventas,VentaID=4849 ProductoID=6,Producto fuera de alcance (categoría no moda) o inexistente,2026-08-11
Ventas,VentaID=4850 ProductoID=7,Producto fuera de alcance (categoría no moda) o inexistente,2026-08-11
Ventas,VentaID=4856 ProductoID=6,Producto fuera de alcance (categoría no moda) o inexistente,2026-08-11
Ventas,VentaID=4857 ProductoID=7,Producto fuera de alcance (categoría no moda) o inexistente,2026-08-11
Ventas,VentaID=4863 ProductoID=6,Producto fuera de alcance (categoría no moda) o inexistente,2026-08-11
Ventas,VentaID=4864 ProductoID=7,Producto fuera de alcance (categoría no moda) o inexistente,2026-08-11
Ventas,VentaID=4870 ProductoID=6,Producto fuera de alcance (categoría no moda) o inexistente,2026-08-11
Ventas,VentaID=4871 ProductoID=7,Producto fuera de alcance (categoría no moda) o inexistente,2026-08-11
Ventas,VentaID=4877 ProductoID=6,Producto fuera de alcance (categoría no moda) o inexistente,2026-08-11
Ventas,VentaID=4878 ProductoID=7,Producto fuera de alcance (categoría no moda) o inexistente,2026-08-11
Ventas,VentaID=4884 ProductoID=6,Producto fuera de alcance (categoría no moda) o inexistente,2026-08-11
Ventas,VentaID=4885 ProductoID=7,Producto fuera de alcance (categoría no moda) o inexistente,2026-08-11
Ventas,VentaID=4891 ProductoID=6,Producto fuera de alcance (categoría no moda) o inexistente,2026-08-11
Ventas,VentaID=4892 ProductoID=7,Producto fuera de alcance (categoría no moda) o inexistente,2026-08-11
Ventas,VentaID=4898 ProductoID=6,Producto fuera de alcance (categoría no moda) o inexistente,2026-08-11
Ventas,VentaID=4899 ProductoID=7,Producto fuera de alcance (categoría no moda) o inexistente,2026-08-11
Ventas,VentaID=4905 ProductoID=6,Producto fuera de alcance (categoría no moda) o inexistente,2026-08-11
Ventas,VentaID=4906 ProductoID=7,Producto fuera de alcance (categoría no moda) o inexistente,2026-08-11
Ventas,VentaID=4912 ProductoID=6,Producto fuera de alcance (categoría no moda) o inexistente,2026-08-11
Ventas,VentaID=4913 ProductoID=7,Producto fuera de alcance (categoría no moda) o inexistente,2026-08-11
Ventas,VentaID=4919 ProductoID=6,Producto fuera de alcance (categoría no moda) o inexistente,2026-08-11
Ventas,VentaID=4920 ProductoID=7,Producto fuera de alcance (categoría no moda) o inexistente,2026-08-11
Ventas,VentaID=4926 ProductoID=6,Producto fuera de alcance (categoría no moda) o inexistente,2026-08-11
Ventas,VentaID=4927 ProductoID=7,Producto fuera de alcance (categoría no moda) o inexistente,2026-08-11
Ventas,VentaID=4933 ProductoID=6,Producto fuera de alcance (categoría no moda) o inexistente,2026-08-11
Ventas,VentaID=4934 ProductoID=7,Producto fuera de alcance (categoría no moda) o inexistente,2026-08-11
Ventas,VentaID=4940 ProductoID=6,Producto fuera de alcance (categoría no moda) o inexistente,2026-08-11
Ventas,VentaID=4941 ProductoID=7,Producto fuera de alcance (categoría no moda) o inexistente,2026-08-11
Ventas,VentaID=4947 ProductoID=6,Producto fuera de alcance (categoría no moda) o inexistente,2026-08-11
Ventas,VentaID=4948 ProductoID=7,Producto fuera de alcance (categoría no moda) o inexistente,2026-08-11
Ventas,VentaID=4954 ProductoID=6,Producto fuera de alcance (categoría no moda) o inexistente,2026-08-11
Ventas,VentaID=4955 ProductoID=7,Producto fuera de alcance (categoría no moda) o inexistente,2026-08-11
Ventas,VentaID=4961 ProductoID=6,Producto fuera de alcance (categoría no moda) o inexistente,2026-08-11
Ventas,VentaID=4962 ProductoID=7,Producto fuera de alcance (categoría no moda) o inexistente,2026-08-11
Ventas,VentaID=4968 ProductoID=6,Producto fuera de alcance (categoría no moda) o inexistente,2026-08-11
Ventas,VentaID=4969 ProductoID=7,Producto fuera de alcance (categoría no moda) o inexistente,2026-08-11
Ventas,VentaID=4975 ProductoID=6,Producto fuera de alcance (categoría no moda) o inexistente,2026-08-11
Ventas,VentaID=4976 ProductoID=7,Producto fuera de alcance (categoría no moda) o inexistente,2026-08-11
Ventas,VentaID=4982 ProductoID=6,Producto fuera de alcance (categoría no moda) o inexistente,2026-08-11
Ventas,VentaID=4983 ProductoID=7,Producto fuera de alcance (categoría no moda) o inexistente,2026-08-11
Ventas,VentaID=4989 ProductoID=6,Producto fuera de alcance (categoría no moda) o inexistente,2026-08-11
Ventas,VentaID=4990 ProductoID=7,Producto fuera de alcance (categoría no moda) o inexistente,2026-08-11
Ventas,VentaID=4996 ProductoID=6,Producto fuera de alcance (categoría no moda) o inexistente,2026-08-11
Ventas,VentaID=4997 ProductoID=7,Producto fuera de alcance (categoría no moda) o inexistente,2026-08-11
Ventas,VentaID=5003 ProductoID=6,Producto fuera de alcance (categoría no moda) o inexistente,2026-08-11
Ventas,VentaID=5004 ProductoID=7,Producto fuera de alcance (categoría no moda) o inexistente,2026-08-11
Ventas,VentaID=5010 ProductoID=6,Producto fuera de alcance (categoría no moda) o inexistente,2026-08-11
Ventas,VentaID=5011 ProductoID=7,Producto fuera de alcance (categoría no moda) o inexistente,2026-08-11
Ventas,VentaID=5017 ProductoID=6,Producto fuera de alcance (categoría no moda) o inexistente,2026-08-11
Ventas,VentaID=5018 ProductoID=7,Producto fuera de alcance (categoría no moda) o inexistente,2026-08-11
Ventas,VentaID=5024 ProductoID=6,Producto fuera de alcance (categoría no moda) o inexistente,2026-08-11
Ventas,VentaID=5025 ProductoID=7,Producto fuera de alcance (categoría no moda) o inexistente,2026-08-11
Ventas,VentaID=5031 ProductoID=6,Producto fuera de alcance (categoría no moda) o inexistente,2026-08-11
Ventas,VentaID=5032 ProductoID=7,Producto fuera de alcance (categoría no moda) o inexistente,2026-08-11
Ventas,VentaID=5038 ProductoID=6,Producto fuera de alcance (categoría no moda) o inexistente,2026-08-11
Ventas,VentaID=5039 ProductoID=7,Producto fuera de alcance (categoría no moda) o inexistente,2026-08-11
Ventas,VentaID=5045 ProductoID=6,Producto fuera de alcance (categoría no moda) o inexistente,2026-08-11
Ventas,VentaID=5046 ProductoID=7,Producto fuera de alcance (categoría no moda) o inexistente,2026-08-11
Ventas,VentaID=5052 ProductoID=6,Producto fuera de alcance (categoría no moda) o inexistente,2026-08-11
Ventas,VentaID=5053 ProductoID=7,Producto fuera de alcance (categoría no moda) o inexistente,2026-08-11
Ventas,VentaID=5059 ProductoID=6,Producto fuera de alcance (categoría no moda) o inexistente,2026-08-11
Ventas,VentaID=5060 ProductoID=7,Producto fuera de alcance (categoría no moda) o inexistente,2026-08-11
Ventas,VentaID=5066 ProductoID=6,Producto fuera de alcance (categoría no moda) o inexistente,2026-08-11
Ventas,VentaID=5067 ProductoID=7,Producto fuera de alcance (categoría no moda) o inexistente,2026-08-11
Ventas,VentaID=5073 ProductoID=6,Producto fuera de alcance (categoría no moda) o inexistente,2026-08-11
Ventas,VentaID=5074 ProductoID=7,Producto fuera de alcance (categoría no moda) o inexistente,2026-08-11
Ventas,VentaID=5080 ProductoID=6,Producto fuera de alcance (categoría no moda) o inexistente,2026-08-11
Ventas,VentaID=5081 ProductoID=7,Producto fuera de alcance (categoría no moda) o inexistente,2026-08-11
Ventas,VentaID=5087 ProductoID=6,Producto fuera de alcance (categoría no moda) o inexistente,2026-08-11
Ventas,VentaID=5088 ProductoID=7,Producto fuera de alcance (categoría no moda) o inexistente,2026-08-11
Ventas,VentaID=5094 ProductoID=6,Producto fuera de alcance (categoría no moda) o inexistente,2026-08-11
Ventas,VentaID=5095 ProductoID=7,Producto fuera de alcance (categoría no moda) o inexistente,2026-08-11
Ventas,VentaID=5101 ProductoID=6,Producto fuera de alcance (categoría no moda) o inexistente,2026-08-11
Ventas,VentaID=5102 ProductoID=7,Producto fuera de alcance (categoría no moda) o inexistente,2026-08-11
Ventas,VentaID=5108 ProductoID=6,Producto fuera de alcance (categoría no moda) o inexistente,2026-08-11
Ventas,VentaID=5109 ProductoID=7,Producto fuera de alcance (categoría no moda) o inexistente,2026-08-11
Ventas,VentaID=5115 ProductoID=6,Producto fuera de alcance (categoría no moda) o inexistente,2026-08-11
Ventas,VentaID=5116 ProductoID=7,Producto fuera de alcance (categoría no moda) o inexistente,2026-08-11
Ventas,VentaID=5122 ProductoID=6,Producto fuera de alcance (categoría no moda) o inexistente,2026-08-11
Ventas,VentaID=5123 ProductoID=7,Producto fuera de alcance (categoría no moda) o inexistente,2026-08-11
Ventas,VentaID=5129 ProductoID=6,Producto fuera de alcance (categoría no moda) o inexistente,2026-08-11
Ventas,VentaID=5130 ProductoID=7,Producto fuera de alcance (categoría no moda) o inexistente,2026-08-11
Ventas,VentaID=5136 ProductoID=6,Producto fuera de alcance (categoría no moda) o inexistente,2026-08-11
Ventas,VentaID=5137 ProductoID=7,Producto fuera de alcance (categoría no moda) o inexistente,2026-08-11
Ventas,VentaID=5143 ProductoID=6,Producto fuera de alcance (categoría no moda) o inexistente,2026-08-11
Ventas,VentaID=5144 ProductoID=7,Producto fuera de alcance (categoría no moda) o inexistente,2026-08-11
Ventas,VentaID=5150 ProductoID=6,Producto fuera de alcance (categoría no moda) o inexistente,2026-08-11
Ventas,VentaID=5151 ProductoID=7,Producto fuera de alcance (categoría no moda) o inexistente,2026-08-11
Ventas,VentaID=5157 ProductoID=6,Producto fuera de alcance (categoría no moda) o inexistente,2026-08-11
Ventas,VentaID=5158 ProductoID=7,Producto fuera de alcance (categoría no moda) o inexistente,2026-08-11
Ventas,VentaID=5164 ProductoID=6,Producto fuera de alcance (categoría no moda) o inexistente,2026-08-11
Ventas,VentaID=5165 ProductoID=7,Producto fuera de alcance (categoría no moda) o inexistente,2026-08-11
Ventas,VentaID=5171 ProductoID=6,Producto fuera de alcance (categoría no moda) o inexistente,2026-08-11
Ventas,VentaID=5172 ProductoID=7,Producto fuera de alcance (categoría no moda) o inexistente,2026-08-11
Ventas,VentaID=5178 ProductoID=6,Producto fuera de alcance (categoría no moda) o inexistente,2026-08-11
Ventas,VentaID=5179 ProductoID=7,Producto fuera de alcance (categoría no moda) o inexistente,2026-08-11
Ventas,VentaID=5185 ProductoID=6,Producto fuera de alcance (categoría no moda) o inexistente,2026-08-11
Ventas,VentaID=5186 ProductoID=7,Producto fuera de alcance (categoría no moda) o inexistente,2026-08-11
Ventas,VentaID=5192 ProductoID=6,Producto fuera de alcance (categoría no moda) o inexistente,2026-08-11
Ventas,VentaID=5193 ProductoID=7,Producto fuera de alcance (categoría no moda) o inexistente,2026-08-11
Ventas,VentaID=5199 ProductoID=6,Producto fuera de alcance (categoría no moda) o inexistente,2026-08-11
Ventas,VentaID=5200 ProductoID=7,Producto fuera de alcance (categoría no moda) o inexistente,2026-08-11
Ventas,VentaID=5206 ProductoID=6,Producto fuera de alcance (categoría no moda) o inexistente,2026-08-11
Ventas,VentaID=5207 ProductoID=7,Producto fuera de alcance (categoría no moda) o inexistente,2026-08-11
Ventas,VentaID=5213 ProductoID=6,Producto fuera de alcance (categoría no moda) o inexistente,2026-08-11
Ventas,VentaID=5214 ProductoID=7,Producto fuera de alcance (categoría no moda) o inexistente,2026-08-11
Ventas,VentaID=5220 ProductoID=6,Producto fuera de alcance (categoría no moda) o inexistente,2026-08-11
Ventas,VentaID=5221 ProductoID=7,Producto fuera de alcance (categoría no moda) o inexistente,2026-08-11
Ventas,VentaID=5227 ProductoID=6,Producto fuera de alcance (categoría no moda) o inexistente,2026-08-11
Ventas,VentaID=5228 ProductoID=7,Producto fuera de alcance (categoría no moda) o inexistente,2026-08-11
Ventas,VentaID=5234 ProductoID=6,Producto fuera de alcance (categoría no moda) o inexistente,2026-08-11
Ventas,VentaID=5235 ProductoID=7,Producto fuera de alcance (categoría no moda) o inexistente,2026-08-11
Ventas,VentaID=5241 ProductoID=6,Producto fuera de alcance (categoría no moda) o inexistente,2026-08-11
Ventas,VentaID=5242 ProductoID=7,Producto fuera de alcance (categoría no moda) o inexistente,2026-08-11
Ventas,VentaID=5248 ProductoID=6,Producto fuera de alcance (categoría no moda) o inexistente,2026-08-11
Ventas,VentaID=5249 ProductoID=7,Producto fuera de alcance (categoría no moda) o inexistente,2026-08-11
Ventas,VentaID=5255 ProductoID=6,Producto fuera de alcance (categoría no moda) o inexistente,2026-08-11
Ventas,VentaID=5256 ProductoID=7,Producto fuera de alcance (categoría no moda) o inexistente,2026-08-11
Ventas,VentaID=5262 ProductoID=6,Producto fuera de alcance (categoría no moda) o inexistente,2026-08-11
Ventas,VentaID=5263 ProductoID=7,Producto fuera de alcance (categoría no moda) o inexistente,2026-08-11
Ventas,VentaID=5269 ProductoID=6,Producto fuera de alcance (categoría no moda) o inexistente,2026-08-11
Ventas,VentaID=5270 ProductoID=7,Producto fuera de alcance (categoría no moda) o inexistente,2026-08-11
Ventas,VentaID=5276 ProductoID=6,Producto fuera de alcance (categoría no moda) o inexistente,2026-08-11
Ventas,VentaID=5277 ProductoID=7,Producto fuera de alcance (categoría no moda) o inexistente,2026-08-11
Ventas,VentaID=5283 ProductoID=6,Producto fuera de alcance (categoría no moda) o inexistente,2026-08-11
Ventas,VentaID=5284 ProductoID=7,Producto fuera de alcance (categoría no moda) o inexistente,2026-08-11
Ventas,VentaID=5290 ProductoID=6,Producto fuera de alcance (categoría no moda) o inexistente,2026-08-11
Ventas,VentaID=5291 ProductoID=7,Producto fuera de alcance (categoría no moda) o inexistente,2026-08-11
Ventas,VentaID=5297 ProductoID=6,Producto fuera de alcance (categoría no moda) o inexistente,2026-08-11
Ventas,VentaID=5298 ProductoID=7,Producto fuera de alcance (categoría no moda) o inexistente,2026-08-11
Ventas,VentaID=5304 ProductoID=6,Producto fuera de alcance (categoría no moda) o inexistente,2026-08-11
Ventas,VentaID=5305 ProductoID=7,Producto fuera de alcance (categoría no moda) o inexistente,2026-08-11
Ventas,VentaID=5311 ProductoID=6,Producto fuera de alcance (categoría no moda) o inexistente,2026-08-11
Ventas,VentaID=5312 ProductoID=7,Producto fuera de alcance (categoría no moda) o inexistente,2026-08-11
Ventas,VentaID=5318 ProductoID=6,Producto fuera de alcance (categoría no moda) o inexistente,2026-08-11
Ventas,VentaID=5319 ProductoID=7,Producto fuera de alcance (categoría no moda) o inexistente,2026-08-11
Ventas,VentaID=5325 ProductoID=6,Producto fuera de alcance (categoría no moda) o inexistente,2026-08-11
Ventas,VentaID=5326 ProductoID=7,Producto fuera de alcance (categoría no moda) o inexistente,2026-08-11
Ventas,VentaID=5332 ProductoID=6,Producto fuera de alcance (categoría no moda) o inexistente,2026-08-11
Ventas,VentaID=5333 ProductoID=7,Producto fuera de alcance (categoría no moda) o inexistente,2026-08-11
Ventas,VentaID=5339 ProductoID=6,Producto fuera de alcance (categoría no moda) o inexistente,2026-08-11
Ventas,VentaID=5340 ProductoID=7,Producto fuera de alcance (categoría no moda) o inexistente,2026-08-11
Ventas,VentaID=5346 ProductoID=6,Producto fuera de alcance (categoría no moda) o inexistente,2026-08-11
Ventas,VentaID=5347 ProductoID=7,Producto fuera de alcance (categoría no moda) o inexistente,2026-08-11
Ventas,VentaID=5353 ProductoID=6,Producto fuera de alcance (categoría no moda) o inexistente,2026-08-11
Ventas,VentaID=5354 ProductoID=7,Producto fuera de alcance (categoría no moda) o inexistente,2026-08-11
Ventas,VentaID=5360 ProductoID=6,Producto fuera de alcance (categoría no moda) o inexistente,2026-08-11
Ventas,VentaID=5361 ProductoID=7,Producto fuera de alcance (categoría no moda) o inexistente,2026-08-11
Ventas,VentaID=5367 ProductoID=6,Producto fuera de alcance (categoría no moda) o inexistente,2026-08-11
Ventas,VentaID=5368 ProductoID=7,Producto fuera de alcance (categoría no moda) o inexistente,2026-08-11
Ventas,VentaID=5374 ProductoID=6,Producto fuera de alcance (categoría no moda) o inexistente,2026-08-11
Ventas,VentaID=5375 ProductoID=7,Producto fuera de alcance (categoría no moda) o inexistente,2026-08-11
Ventas,VentaID=5381 ProductoID=6,Producto fuera de alcance (categoría no moda) o inexistente,2026-08-11
Ventas,VentaID=5382 ProductoID=7,Producto fuera de alcance (categoría no moda) o inexistente,2026-08-11
Ventas,VentaID=5388 ProductoID=6,Producto fuera de alcance (categoría no moda) o inexistente,2026-08-11
Ventas,VentaID=5389 ProductoID=7,Producto fuera de alcance (categoría no moda) o inexistente,2026-08-11
Ventas,VentaID=5395 ProductoID=6,Producto fuera de alcance (categoría no moda) o inexistente,2026-08-11
Ventas,VentaID=5396 ProductoID=7,Producto fuera de alcance (categoría no moda) o inexistente,2026-08-11
Ventas,VentaID=5402 ProductoID=6,Producto fuera de alcance (categoría no moda) o inexistente,2026-08-11
Ventas,VentaID=5403 ProductoID=7,Producto fuera de alcance (categoría no moda) o inexistente,2026-08-11
Ventas,VentaID=5409 ProductoID=6,Producto fuera de alcance (categoría no moda) o inexistente,2026-08-11
Ventas,VentaID=5410 ProductoID=7,Producto fuera de alcance (categoría no moda) o inexistente,2026-08-11
Ventas,VentaID=5416 ProductoID=6,Producto fuera de alcance (categoría no moda) o inexistente,2026-08-11
Ventas,VentaID=5417 ProductoID=7,Producto fuera de alcance (categoría no moda) o inexistente,2026-08-11
Ventas,VentaID=5423 ProductoID=6,Producto fuera de alcance (categoría no moda) o inexistente,2026-08-11
Ventas,VentaID=5424 ProductoID=7,Producto fuera de alcance (categoría no moda) o inexistente,2026-08-11
Ventas,VentaID=5430 ProductoID=6,Producto fuera de alcance (categoría no moda) o inexistente,2026-08-11
Ventas,VentaID=5431 ProductoID=7,Producto fuera de alcance (categoría no moda) o inexistente,2026-08-11
Ventas,VentaID=5437 ProductoID=6,Producto fuera de alcance (categoría no moda) o inexistente,2026-08-11
Ventas,VentaID=5438 ProductoID=7,Producto fuera de alcance (categoría no moda) o inexistente,2026-08-11
Ventas,VentaID=5444 ProductoID=6,Producto fuera de alcance (categoría no moda) o inexistente,2026-08-11
Ventas,VentaID=5445 ProductoID=7,Producto fuera de alcance (categoría no moda) o inexistente,2026-08-11
Ventas,VentaID=5451 ProductoID=6,Producto fuera de alcance (categoría no moda) o inexistente,2026-08-11
Ventas,VentaID=5452 ProductoID=7,Producto fuera de alcance (categoría no moda) o inexistente,2026-08-11
Ventas,VentaID=5458 ProductoID=6,Producto fuera de alcance (categoría no moda) o inexistente,2026-08-11
Ventas,VentaID=5459 ProductoID=7,Producto fuera de alcance (categoría no moda) o inexistente,2026-08-11
Ventas,VentaID=5465 ProductoID=6,Producto fuera de alcance (categoría no moda) o inexistente,2026-08-11
Ventas,VentaID=5466 ProductoID=7,Producto fuera de alcance (categoría no moda) o inexistente,2026-08-11
Ventas,VentaID=5472 ProductoID=6,Producto fuera de alcance (categoría no moda) o inexistente,2026-08-11
Ventas,VentaID=5473 ProductoID=7,Producto fuera de alcance (categoría no moda) o inexistente,2026-08-11
Ventas,VentaID=5479 ProductoID=6,Producto fuera de alcance (categoría no moda) o inexistente,2026-08-11
Ventas,VentaID=5480 ProductoID=7,Producto fuera de alcance (categoría no moda) o inexistente,2026-08-11
Ventas,VentaID=5486 ProductoID=6,Producto fuera de alcance (categoría no moda) o inexistente,2026-08-11
Ventas,VentaID=5487 ProductoID=7,Producto fuera de alcance (categoría no moda) o inexistente,2026-08-11
Ventas,VentaID=5493 ProductoID=6,Producto fuera de alcance (categoría no moda) o inexistente,2026-08-11
Ventas,VentaID=5494 ProductoID=7,Producto fuera de alcance (categoría no moda) o inexistente,2026-08-11
Ventas,VentaID=5500 ProductoID=6,Producto fuera de alcance (categoría no moda) o inexistente,2026-08-11
Ventas,VentaID=5501 ProductoID=7,Producto fuera de alcance (categoría no moda) o inexistente,2026-08-11
Ventas,VentaID=5507 ProductoID=6,Producto fuera de alcance (categoría no moda) o inexistente,2026-08-11
Ventas,VentaID=5508 ProductoID=7,Producto fuera de alcance (categoría no moda) o inexistente,2026-08-11
Ventas,VentaID=5514 ProductoID=6,Producto fuera de alcance (categoría no moda) o inexistente,2026-08-11
Ventas,VentaID=5515 ProductoID=7,Producto fuera de alcance (categoría no moda) o inexistente,2026-08-11
Ventas,VentaID=5521 ProductoID=6,Producto fuera de alcance (categoría no moda) o inexistente,2026-08-11
Ventas,VentaID=5522 ProductoID=7,Producto fuera de alcance (categoría no moda) o inexistente,2026-08-11
Ventas,VentaID=5528 ProductoID=6,Producto fuera de alcance (categoría no moda) o inexistente,2026-08-11
Ventas,VentaID=5529 ProductoID=7,Producto fuera de alcance (categoría no moda) o inexistente,2026-08-11
Ventas,VentaID=5535 ProductoID=6,Producto fuera de alcance (categoría no moda) o inexistente,2026-08-11
Ventas,VentaID=5536 ProductoID=7,Producto fuera de alcance (categoría no moda) o inexistente,2026-08-11
Ventas,VentaID=5542 ProductoID=6,Producto fuera de alcance (categoría no moda) o inexistente,2026-08-11
Ventas,VentaID=5543 ProductoID=7,Producto fuera de alcance (categoría no moda) o inexistente,2026-08-11
Ventas,VentaID=5549 ProductoID=6,Producto fuera de alcance (categoría no moda) o inexistente,2026-08-11
Ventas,VentaID=5550 ProductoID=7,Producto fuera de alcance (categoría no moda) o inexistente,2026-08-11
Ventas,VentaID=5556 ProductoID=6,Producto fuera de alcance (categoría no moda) o inexistente,2026-08-11
Ventas,VentaID=5557 ProductoID=7,Producto fuera de alcance (categoría no moda) o inexistente,2026-08-11
Ventas,VentaID=5563 ProductoID=6,Producto fuera de alcance (categoría no moda) o inexistente,2026-08-11
Ventas,VentaID=5564 ProductoID=7,Producto fuera de alcance (categoría no moda) o inexistente,2026-08-11
Ventas,VentaID=5570 ProductoID=6,Producto fuera de alcance (categoría no moda) o inexistente,2026-08-11
Ventas,VentaID=5571 ProductoID=7,Producto fuera de alcance (categoría no moda) o inexistente,2026-08-11
Ventas,VentaID=5577 ProductoID=6,Producto fuera de alcance (categoría no moda) o inexistente,2026-08-11
Ventas,VentaID=5578 ProductoID=7,Producto fuera de alcance (categoría no moda) o inexistente,2026-08-11
Ventas,VentaID=5584 ProductoID=6,Producto fuera de alcance (categoría no moda) o inexistente,2026-08-11
Ventas,VentaID=5585 ProductoID=7,Producto fuera de alcance (categoría no moda) o inexistente,2026-08-11
Ventas,VentaID=5591 ProductoID=6,Producto fuera de alcance (categoría no moda) o inexistente,2026-08-11
Ventas,VentaID=5592 ProductoID=7,Producto fuera de alcance (categoría no moda) o inexistente,2026-08-11
Ventas,VentaID=5598 ProductoID=6,Producto fuera de alcance (categoría no moda) o inexistente,2026-08-11
Ventas,VentaID=5599 ProductoID=7,Producto fuera de alcance (categoría no moda) o inexistente,2026-08-11
Ventas,VentaID=5605 ProductoID=6,Producto fuera de alcance (categoría no moda) o inexistente,2026-08-11
Ventas,VentaID=5606 ProductoID=7,Producto fuera de alcance (categoría no moda) o inexistente,2026-08-11
Ventas,VentaID=5612 ProductoID=6,Producto fuera de alcance (categoría no moda) o inexistente,2026-08-11
Ventas,VentaID=5613 ProductoID=7,Producto fuera de alcance (categoría no moda) o inexistente,2026-08-11
Ventas,VentaID=5619 ProductoID=6,Producto fuera de alcance (categoría no moda) o inexistente,2026-08-11
Ventas,VentaID=5620 ProductoID=7,Producto fuera de alcance (categoría no moda) o inexistente,2026-08-11
Ventas,VentaID=5626 ProductoID=6,Producto fuera de alcance (categoría no moda) o inexistente,2026-08-11
Ventas,VentaID=5627 ProductoID=7,Producto fuera de alcance (categoría no moda) o inexistente,2026-08-11
Ventas,VentaID=5633 ProductoID=6,Producto fuera de alcance (categoría no moda) o inexistente,2026-08-11
Ventas,VentaID=5634 ProductoID=7,Producto fuera de alcance (categoría no moda) o inexistente,2026-08-11
Ventas,VentaID=5640 ProductoID=6,Producto fuera de alcance (categoría no moda) o inexistente,2026-08-11
Ventas,VentaID=5641 ProductoID=7,Producto fuera de alcance (categoría no moda) o inexistente,2026-08-11
Ventas,VentaID=5647 ProductoID=6,Producto fuera de alcance (categoría no moda) o inexistente,2026-08-11
Ventas,VentaID=5648 ProductoID=7,Producto fuera de alcance (categoría no moda) o inexistente,2026-08-11
Ventas,VentaID=5654 ProductoID=6,Producto fuera de alcance (categoría no moda) o inexistente,2026-08-11
Ventas,VentaID=5655 ProductoID=7,Producto fuera de alcance (categoría no moda) o inexistente,2026-08-11
Ventas,VentaID=5661 ProductoID=6,Producto fuera de alcance (categoría no moda) o inexistente,2026-08-11
Ventas,VentaID=5662 ProductoID=7,Producto fuera de alcance (categoría no moda) o inexistente,2026-08-11
Ventas,VentaID=5668 ProductoID=6,Producto fuera de alcance (categoría no moda) o inexistente,2026-08-11
Ventas,VentaID=5669 ProductoID=7,Producto fuera de alcance (categoría no moda) o inexistente,2026-08-11
Ventas,VentaID=5675 ProductoID=6,Producto fuera de alcance (categoría no moda) o inexistente,2026-08-11
Ventas,VentaID=5676 ProductoID=7,Producto fuera de alcance (categoría no moda) o inexistente,2026-08-11
Ventas,VentaID=5682 ProductoID=6,Producto fuera de alcance (categoría no moda) o inexistente,2026-08-11
Ventas,VentaID=5683 ProductoID=7,Producto fuera de alcance (categoría no moda) o inexistente,2026-08-11
Ventas,VentaID=5689 ProductoID=6,Producto fuera de alcance (categoría no moda) o inexistente,2026-08-11
Ventas,VentaID=5690 ProductoID=7,Producto fuera de alcance (categoría no moda) o inexistente,2026-08-11
Ventas,VentaID=5696 ProductoID=6,Producto fuera de alcance (categoría no moda) o inexistente,2026-08-11
Ventas,VentaID=5697 ProductoID=7,Producto fuera de alcance (categoría no moda) o inexistente,2026-08-11
Ventas,VentaID=5703 ProductoID=6,Producto fuera de alcance (categoría no moda) o inexistente,2026-08-11
Ventas,VentaID=5704 ProductoID=7,Producto fuera de alcance (categoría no moda) o inexistente,2026-08-11
Ventas,VentaID=5710 ProductoID=6,Producto fuera de alcance (categoría no moda) o inexistente,2026-08-11
Ventas,VentaID=5711 ProductoID=7,Producto fuera de alcance (categoría no moda) o inexistente,2026-08-11
Ventas,VentaID=5717 ProductoID=6,Producto fuera de alcance (categoría no moda) o inexistente,2026-08-11
Ventas,VentaID=5718 ProductoID=7,Producto fuera de alcance (categoría no moda) o inexistente,2026-08-11
Ventas,VentaID=5724 ProductoID=6,Producto fuera de alcance (categoría no moda) o inexistente,2026-08-11
Ventas,VentaID=5725 ProductoID=7,Producto fuera de alcance (categoría no moda) o inexistente,2026-08-11
Ventas,VentaID=5731 ProductoID=6,Producto fuera de alcance (categoría no moda) o inexistente,2026-08-11
Ventas,VentaID=5732 ProductoID=7,Producto fuera de alcance (categoría no moda) o inexistente,2026-08-11
Ventas,VentaID=5738 ProductoID=6,Producto fuera de alcance (categoría no moda) o inexistente,2026-08-11
Ventas,VentaID=5739 ProductoID=7,Producto fuera de alcance (categoría no moda) o inexistente,2026-08-11
Ventas,VentaID=5745 ProductoID=6,Producto fuera de alcance (categoría no moda) o inexistente,2026-08-11
Ventas,VentaID=5746 ProductoID=7,Producto fuera de alcance (categoría no moda) o inexistente,2026-08-11
Ventas,VentaID=5752 ProductoID=6,Producto fuera de alcance (categoría no moda) o inexistente,2026-08-11
Ventas,VentaID=5753 ProductoID=7,Producto fuera de alcance (categoría no moda) o inexistente,2026-08-11
Ventas,VentaID=5759 ProductoID=6,Producto fuera de alcance (categoría no moda) o inexistente,2026-08-11
Ventas,VentaID=5760 ProductoID=7,Producto fuera de alcance (categoría no moda) o inexistente,2026-08-11
Ventas,VentaID=5766 ProductoID=6,Producto fuera de alcance (categoría no moda) o inexistente,2026-08-11
Ventas,VentaID=5767 ProductoID=7,Producto fuera de alcance (categoría no moda) o inexistente,2026-08-11
Ventas,VentaID=5773 ProductoID=6,Producto fuera de alcance (categoría no moda) o inexistente,2026-08-11
Ventas,VentaID=5774 ProductoID=7,Producto fuera de alcance (categoría no moda) o inexistente,2026-08-11
Ventas,VentaID=5780 ProductoID=6,Producto fuera de alcance (categoría no moda) o inexistente,2026-08-11
Ventas,VentaID=5781 ProductoID=7,Producto fuera de alcance (categoría no moda) o inexistente,2026-08-11
Ventas,VentaID=5787 ProductoID=6,Producto fuera de alcance (categoría no moda) o inexistente,2026-08-11
Ventas,VentaID=5788 ProductoID=7,Producto fuera de alcance (categoría no moda) o inexistente,2026-08-11
Ventas,VentaID=5794 ProductoID=6,Producto fuera de alcance (categoría no moda) o inexistente,2026-08-11
Ventas,VentaID=5795 ProductoID=7,Producto fuera de alcance (categoría no moda) o inexistente,2026-08-11
Ventas,VentaID=5801 ProductoID=6,Producto fuera de alcance (categoría no moda) o inexistente,2026-08-11
Ventas,VentaID=5802 ProductoID=7,Producto fuera de alcance (categoría no moda) o inexistente,2026-08-11
Ventas,VentaID=5808 ProductoID=6,Producto fuera de alcance (categoría no moda) o inexistente,2026-08-11
Ventas,VentaID=5809 ProductoID=7,Producto fuera de alcance (categoría no moda) o inexistente,2026-08-11
Ventas,VentaID=5815 ProductoID=6,Producto fuera de alcance (categoría no moda) o inexistente,2026-08-11
Ventas,VentaID=5816 ProductoID=7,Producto fuera de alcance (categoría no moda) o inexistente,2026-08-11
Ventas,VentaID=5822 ProductoID=6,Producto fuera de alcance (categoría no moda) o inexistente,2026-08-11
Ventas,VentaID=5823 ProductoID=7,Producto fuera de alcance (categoría no moda) o inexistente,2026-08-11
Ventas,VentaID=5829 ProductoID=6,Producto fuera de alcance (categoría no moda) o inexistente,2026-08-11
Ventas,VentaID=5830 ProductoID=7,Producto fuera de alcance (categoría no moda) o inexistente,2026-08-11
Ventas,VentaID=5836 ProductoID=6,Producto fuera de alcance (categoría no moda) o inexistente,2026-08-11
Ventas,VentaID=5837 ProductoID=7,Producto fuera de alcance (categoría no moda) o inexistente,2026-08-11
Ventas,VentaID=5843 ProductoID=6,Producto fuera de alcance (categoría no moda) o inexistente,2026-08-11
Ventas,VentaID=5844 ProductoID=7,Producto fuera de alcance (categoría no moda) o inexistente,2026-08-11
Ventas,VentaID=5850 ProductoID=6,Producto fuera de alcance (categoría no moda) o inexistente,2026-08-11
Ventas,VentaID=5851 ProductoID=7,Producto fuera de alcance (categoría no moda) o inexistente,2026-08-11
Ventas,VentaID=5857 ProductoID=6,Producto fuera de alcance (categoría no moda) o inexistente,2026-08-11
Ventas,VentaID=5858 ProductoID=7,Producto fuera de alcance (categoría no moda) o inexistente,2026-08-11
Ventas,VentaID=5864 ProductoID=6,Producto fuera de alcance (categoría no moda) o inexistente,2026-08-11
Ventas,VentaID=5865 ProductoID=7,Producto fuera de alcance (categoría no moda) o inexistente,2026-08-11
Ventas,VentaID=5871 ProductoID=6,Producto fuera de alcance (categoría no moda) o inexistente,2026-08-11
Ventas,VentaID=5872 ProductoID=7,Producto fuera de alcance (categoría no moda) o inexistente,2026-08-11
Ventas,VentaID=5878 ProductoID=6,Producto fuera de alcance (categoría no moda) o inexistente,2026-08-11
Ventas,VentaID=5879 ProductoID=7,Producto fuera de alcance (categoría no moda) o inexistente,2026-08-11
Ventas,VentaID=5885 ProductoID=6,Producto fuera de alcance (categoría no moda) o inexistente,2026-08-11
Ventas,VentaID=5886 ProductoID=7,Producto fuera de alcance (categoría no moda) o inexistente,2026-08-11
Ventas,VentaID=5892 ProductoID=6,Producto fuera de alcance (categoría no moda) o inexistente,2026-08-11
Ventas,VentaID=5893 ProductoID=7,Producto fuera de alcance (categoría no moda) o inexistente,2026-08-11
Ventas,VentaID=5899 ProductoID=6,Producto fuera de alcance (categoría no moda) o inexistente,2026-08-11
Ventas,VentaID=5900 ProductoID=7,Producto fuera de alcance (categoría no moda) o inexistente,2026-08-11
Ventas,VentaID=5906 ProductoID=6,Producto fuera de alcance (categoría no moda) o inexistente,2026-08-11
Ventas,VentaID=5907 ProductoID=7,Producto fuera de alcance (categoría no moda) o inexistente,2026-08-11
Ventas,VentaID=5913 ProductoID=6,Producto fuera de alcance (categoría no moda) o inexistente,2026-08-11
Ventas,VentaID=5914 ProductoID=7,Producto fuera de alcance (categoría no moda) o inexistente,2026-08-11
Ventas,VentaID=5920 ProductoID=6,Producto fuera de alcance (categoría no moda) o inexistente,2026-08-11
Ventas,VentaID=5921 ProductoID=7,Producto fuera de alcance (categoría no moda) o inexistente,2026-08-11
Ventas,VentaID=5927 ProductoID=6,Producto fuera de alcance (categoría no moda) o inexistente,2026-08-11
Ventas,VentaID=5928 ProductoID=7,Producto fuera de alcance (categoría no moda) o inexistente,2026-08-11
Ventas,VentaID=5934 ProductoID=6,Producto fuera de alcance (categoría no moda) o inexistente,2026-08-11
Ventas,VentaID=5935 ProductoID=7,Producto fuera de alcance (categoría no moda) o inexistente,2026-08-11
Ventas,VentaID=5941 ProductoID=6,Producto fuera de alcance (categoría no moda) o inexistente,2026-08-11
Ventas,VentaID=5942 ProductoID=7,Producto fuera de alcance (categoría no moda) o inexistente,2026-08-11
Ventas,VentaID=5948 ProductoID=6,Producto fuera de alcance (categoría no moda) o inexistente,2026-08-11
Ventas,VentaID=5949 ProductoID=7,Producto fuera de alcance (categoría no moda) o inexistente,2026-08-11
Ventas,VentaID=5955 ProductoID=6,Producto fuera de alcance (categoría no moda) o inexistente,2026-08-11
Ventas,VentaID=5956 ProductoID=7,Producto fuera de alcance (categoría no moda) o inexistente,2026-08-11
Ventas,VentaID=5962 ProductoID=6,Producto fuera de alcance (categoría no moda) o inexistente,2026-08-11
Ventas,VentaID=5963 ProductoID=7,Producto fuera de alcance (categoría no moda) o inexistente,2026-08-11
Ventas,VentaID=5969 ProductoID=6,Producto fuera de alcance (categoría no moda) o inexistente,2026-08-11
Ventas,VentaID=5970 ProductoID=7,Producto fuera de alcance (categoría no moda) o inexistente,2026-08-11
Ventas,VentaID=5976 ProductoID=6,Producto fuera de alcance (categoría no moda) o inexistente,2026-08-11
Ventas,VentaID=5977 ProductoID=7,Producto fuera de alcance (categoría no moda) o inexistente,2026-08-11
Ventas,VentaID=5983 ProductoID=6,Producto fuera de alcance (categoría no moda) o inexistente,2026-08-11
Ventas,VentaID=5984 ProductoID=7,Producto fuera de alcance (categoría no moda) o inexistente,2026-08-11
Ventas,VentaID=5990 ProductoID=6,Producto fuera de alcance (categoría no moda) o inexistente,2026-08-11
Ventas,VentaID=5991 ProductoID=7,Producto fuera de alcance (categoría no moda) o inexistente,2026-08-11
Ventas,VentaID=5997 ProductoID=6,Producto fuera de alcance (categoría no moda) o inexistente,2026-08-11
Ventas,VentaID=5998 ProductoID=7,Producto fuera de alcance (categoría no moda) o inexistente,2026-08-11
Ventas,VentaID=6004 ProductoID=6,Producto fuera de alcance (categoría no moda) o inexistente,2026-08-11
Ventas,VentaID=6005 ProductoID=7,Producto fuera de alcance (categoría no moda) o inexistente,2026-08-11
Ventas,VentaID=6011 ProductoID=6,Producto fuera de alcance (categoría no moda) o inexistente,2026-08-11
Ventas,VentaID=6012 ProductoID=7,Producto fuera de alcance (categoría no moda) o inexistente,2026-08-11
Ventas,VentaID=6018 ProductoID=6,Producto fuera de alcance (categoría no moda) o inexistente,2026-08-11
Ventas,VentaID=6019 ProductoID=7,Producto fuera de alcance (categoría no moda) o inexistente,2026-08-11
Ventas,VentaID=6025 ProductoID=6,Producto fuera de alcance (categoría no moda) o inexistente,2026-08-11
Ventas,VentaID=6026 ProductoID=7,Producto fuera de alcance (categoría no moda) o inexistente,2026-08-11
Ventas,VentaID=6032 ProductoID=6,Producto fuera de alcance (categoría no moda) o inexistente,2026-08-11
Ventas,VentaID=6033 ProductoID=7,Producto fuera de alcance (categoría no moda) o inexistente,2026-08-11
Ventas,VentaID=6039 ProductoID=6,Producto fuera de alcance (categoría no moda) o inexistente,2026-08-11
Ventas,VentaID=6040 ProductoID=7,Producto fuera de alcance (categoría no moda) o inexistente,2026-08-11
Ventas,VentaID=6046 ProductoID=6,Producto fuera de alcance (categoría no moda) o inexistente,2026-08-11
Ventas,VentaID=6047 ProductoID=7,Producto fuera de alcance (categoría no moda) o inexistente,2026-08-11
Ventas,VentaID=6053 ProductoID=6,Producto fuera de alcance (categoría no moda) o inexistente,2026-08-11
Ventas,VentaID=6054 ProductoID=7,Producto fuera de alcance (categoría no moda) o inexistente,2026-08-11
Ventas,VentaID=6060 ProductoID=6,Producto fuera de alcance (categoría no moda) o inexistente,2026-08-11
Ventas,VentaID=6061 ProductoID=7,Producto fuera de alcance (categoría no moda) o inexistente,2026-08-11
Ventas,VentaID=6067 ProductoID=6,Producto fuera de alcance (categoría no moda) o inexistente,2026-08-11
Ventas,VentaID=6068 ProductoID=7,Producto fuera de alcance (categoría no moda) o inexistente,2026-08-11
Ventas,VentaID=6074 ProductoID=6,Producto fuera de alcance (categoría no moda) o inexistente,2026-08-11
Ventas,VentaID=6075 ProductoID=7,Producto fuera de alcance (categoría no moda) o inexistente,2026-08-11
Ventas,VentaID=6081 ProductoID=6,Producto fuera de alcance (categoría no moda) o inexistente,2026-08-11
Ventas,VentaID=6082 ProductoID=7,Producto fuera de alcance (categoría no moda) o inexistente,2026-08-11
Ventas,VentaID=6088 ProductoID=6,Producto fuera de alcance (categoría no moda) o inexistente,2026-08-11
Ventas,VentaID=6089 ProductoID=7,Producto fuera de alcance (categoría no moda) o inexistente,2026-08-11
Ventas,VentaID=6095 ProductoID=6,Producto fuera de alcance (categoría no moda) o inexistente,2026-08-11
Ventas,VentaID=6096 ProductoID=7,Producto fuera de alcance (categoría no moda) o inexistente,2026-08-11
Ventas,VentaID=6102 ProductoID=6,Producto fuera de alcance (categoría no moda) o inexistente,2026-08-11
Ventas,VentaID=6103 ProductoID=7,Producto fuera de alcance (categoría no moda) o inexistente,2026-08-11
Ventas,VentaID=6109 ProductoID=6,Producto fuera de alcance (categoría no moda) o inexistente,2026-08-11
Ventas,VentaID=6110 ProductoID=7,Producto fuera de alcance (categoría no moda) o inexistente,2026-08-11
Ventas,VentaID=6116 ProductoID=6,Producto fuera de alcance (categoría no moda) o inexistente,2026-08-11
Ventas,VentaID=6117 ProductoID=7,Producto fuera de alcance (categoría no moda) o inexistente,2026-08-11
Ventas,VentaID=6123 ProductoID=6,Producto fuera de alcance (categoría no moda) o inexistente,2026-08-11
Ventas,VentaID=6124 ProductoID=7,Producto fuera de alcance (categoría no moda) o inexistente,2026-08-11
Ventas,VentaID=6130 ProductoID=6,Producto fuera de alcance (categoría no moda) o inexistente,2026-08-11
Ventas,VentaID=6131 ProductoID=7,Producto fuera de alcance (categoría no moda) o inexistente,2026-08-11
Ventas,VentaID=6137 ProductoID=6,Producto fuera de alcance (categoría no moda) o inexistente,2026-08-11
Ventas,VentaID=6138 ProductoID=7,Producto fuera de alcance (categoría no moda) o inexistente,2026-08-11
Ventas,VentaID=6144 ProductoID=6,Producto fuera de alcance (categoría no moda) o inexistente,2026-08-11
Ventas,VentaID=6145 ProductoID=7,Producto fuera de alcance (categoría no moda) o inexistente,2026-08-11
Ventas,VentaID=6151 ProductoID=6,Producto fuera de alcance (categoría no moda) o inexistente,2026-08-11
Ventas,VentaID=6152 ProductoID=7,Producto fuera de alcance (categoría no moda) o inexistente,2026-08-11
Ventas,VentaID=6158 ProductoID=6,Producto fuera de alcance (categoría no moda) o inexistente,2026-08-11
Ventas,VentaID=6159 ProductoID=7,Producto fuera de alcance (categoría no moda) o inexistente,2026-08-11
Ventas,VentaID=6165 ProductoID=6,Producto fuera de alcance (categoría no moda) o inexistente,2026-08-11
Ventas,VentaID=6166 ProductoID=7,Producto fuera de alcance (categoría no moda) o inexistente,2026-08-11
Ventas,VentaID=6172 ProductoID=6,Producto fuera de alcance (categoría no moda) o inexistente,2026-08-11
Ventas,VentaID=6173 ProductoID=7,Producto fuera de alcance (categoría no moda) o inexistente,2026-08-11
Ventas,VentaID=6179 ProductoID=6,Producto fuera de alcance (categoría no moda) o inexistente,2026-08-11
Ventas,VentaID=6180 ProductoID=7,Producto fuera de alcance (categoría no moda) o inexistente,2026-08-11
Ventas,VentaID=6186 ProductoID=6,Producto fuera de alcance (categoría no moda) o inexistente,2026-08-11
Ventas,VentaID=6187 ProductoID=7,Producto fuera de alcance (categoría no moda) o inexistente,2026-08-11
Ventas,VentaID=6193 ProductoID=6,Producto fuera de alcance (categoría no moda) o inexistente,2026-08-11
Ventas,VentaID=6194 ProductoID=7,Producto fuera de alcance (categoría no moda) o inexistente,2026-08-11
Ventas,VentaID=6200 ProductoID=6,Producto fuera de alcance (categoría no moda) o inexistente,2026-08-11
Ventas,VentaID=6201 ProductoID=7,Producto fuera de alcance (categoría no moda) o inexistente,2026-08-11
Ventas,VentaID=6207 ProductoID=6,Producto fuera de alcance (categoría no moda) o inexistente,2026-08-11
Ventas,VentaID=6208 ProductoID=7,Producto fuera de alcance (categoría no moda) o inexistente,2026-08-11
Ventas,VentaID=6214 ProductoID=6,Producto fuera de alcance (categoría no moda) o inexistente,2026-08-11
Ventas,VentaID=6215 ProductoID=7,Producto fuera de alcance (categoría no moda) o inexistente,2026-08-11
Ventas,VentaID=6221 ProductoID=6,Producto fuera de alcance (categoría no moda) o inexistente,2026-08-11
Ventas,VentaID=6222 ProductoID=7,Producto fuera de alcance (categoría no moda) o inexistente,2026-08-11
Ventas,VentaID=6228 ProductoID=6,Producto fuera de alcance (categoría no moda) o inexistente,2026-08-11
Ventas,VentaID=6229 ProductoID=7,Producto fuera de alcance (categoría no moda) o inexistente,2026-08-11
Ventas,VentaID=6235 ProductoID=6,Producto fuera de alcance (categoría no moda) o inexistente,2026-08-11
Ventas,VentaID=6236 ProductoID=7,Producto fuera de alcance (categoría no moda) o inexistente,2026-08-11
Ventas,VentaID=6242 ProductoID=6,Producto fuera de alcance (categoría no moda) o inexistente,2026-08-11
Ventas,VentaID=6243 ProductoID=7,Producto fuera de alcance (categoría no moda) o inexistente,2026-08-11
Ventas,VentaID=6249 ProductoID=6,Producto fuera de alcance (categoría no moda) o inexistente,2026-08-11
Ventas,VentaID=6250 ProductoID=7,Producto fuera de alcance (categoría no moda) o inexistente,2026-08-11
Ventas,VentaID=6256 ProductoID=6,Producto fuera de alcance (categoría no moda) o inexistente,2026-08-11
Ventas,VentaID=6257 ProductoID=7,Producto fuera de alcance (categoría no moda) o inexistente,2026-08-11
Ventas,VentaID=6263 ProductoID=6,Producto fuera de alcance (categoría no moda) o inexistente,2026-08-11
Ventas,VentaID=6264 ProductoID=7,Producto fuera de alcance (categoría no moda) o inexistente,2026-08-11
Ventas,VentaID=6270 ProductoID=6,Producto fuera de alcance (categoría no moda) o inexistente,2026-08-11
Ventas,VentaID=6271 ProductoID=7,Producto fuera de alcance (categoría no moda) o inexistente,2026-08-11
Ventas,VentaID=6277 ProductoID=6,Producto fuera de alcance (categoría no moda) o inexistente,2026-08-11
Ventas,VentaID=6278 ProductoID=7,Producto fuera de alcance (categoría no moda) o inexistente,2026-08-11
Ventas,VentaID=6284 ProductoID=6,Producto fuera de alcance (categoría no moda) o inexistente,2026-08-11
Ventas,VentaID=6285 ProductoID=7,Producto fuera de alcance (categoría no moda) o inexistente,2026-08-11
Ventas,VentaID=6291 ProductoID=6,Producto fuera de alcance (categoría no moda) o inexistente,2026-08-11
Ventas,VentaID=6292 ProductoID=7,Producto fuera de alcance (categoría no moda) o inexistente,2026-08-11
Ventas,VentaID=6298 ProductoID=6,Producto fuera de alcance (categoría no moda) o inexistente,2026-08-11
Ventas,VentaID=6299 ProductoID=7,Producto fuera de alcance (categoría no moda) o inexistente,2026-08-11
Ventas,VentaID=6305 ProductoID=6,Producto fuera de alcance (categoría no moda) o inexistente,2026-08-11
Ventas,VentaID=6306 ProductoID=7,Producto fuera de alcance (categoría no moda) o inexistente,2026-08-11
Ventas,VentaID=6312 ProductoID=6,Producto fuera de alcance (categoría no moda) o inexistente,2026-08-11
Ventas,VentaID=6313 ProductoID=7,Producto fuera de alcance (categoría no moda) o inexistente,2026-08-11
Ventas,VentaID=6319 ProductoID=6,Producto fuera de alcance (categoría no moda) o inexistente,2026-08-11
Ventas,VentaID=6320 ProductoID=7,Producto fuera de alcance (categoría no moda) o inexistente,2026-08-11
Ventas,VentaID=6326 ProductoID=6,Producto fuera de alcance (categoría no moda) o inexistente,2026-08-11
Ventas,VentaID=6327 ProductoID=7,Producto fuera de alcance (categoría no moda) o inexistente,2026-08-11
Ventas,VentaID=6333 ProductoID=6,Producto fuera de alcance (categoría no moda) o inexistente,2026-08-11
Ventas,VentaID=6334 ProductoID=7,Producto fuera de alcance (categoría no moda) o inexistente,2026-08-11
Ventas,VentaID=6340 ProductoID=6,Producto fuera de alcance (categoría no moda) o inexistente,2026-08-11
Ventas,VentaID=6341 ProductoID=7,Producto fuera de alcance (categoría no moda) o inexistente,2026-08-11
Ventas,VentaID=6347 ProductoID=6,Producto fuera de alcance (categoría no moda) o inexistente,2026-08-11
Ventas,VentaID=6348 ProductoID=7,Producto fuera de alcance (categoría no moda) o inexistente,2026-08-11
Ventas,VentaID=6354 ProductoID=6,Producto fuera de alcance (categoría no moda) o inexistente,2026-08-11
Ventas,VentaID=6355 ProductoID=7,Producto fuera de alcance (categoría no moda) o inexistente,2026-08-11
Ventas,VentaID=6361 ProductoID=6,Producto fuera de alcance (categoría no moda) o inexistente,2026-08-11
Ventas,VentaID=6362 ProductoID=7,Producto fuera de alcance (categoría no moda) o inexistente,2026-08-11
Ventas,VentaID=6368 ProductoID=6,Producto fuera de alcance (categoría no moda) o inexistente,2026-08-11
Ventas,VentaID=6369 ProductoID=7,Producto fuera de alcance (categoría no moda) o inexistente,2026-08-11
Ventas,VentaID=6375 ProductoID=6,Producto fuera de alcance (categoría no moda) o inexistente,2026-08-11
Ventas,VentaID=6376 ProductoID=7,Producto fuera de alcance (categoría no moda) o inexistente,2026-08-11
Ventas,VentaID=6382 ProductoID=6,Producto fuera de alcance (categoría no moda) o inexistente,2026-08-11
Ventas,VentaID=6383 ProductoID=7,Producto fuera de alcance (categoría no moda) o inexistente,2026-08-11
Ventas,VentaID=6389 ProductoID=6,Producto fuera de alcance (categoría no moda) o inexistente,2026-08-11
Ventas,VentaID=6390 ProductoID=7,Producto fuera de alcance (categoría no moda) o inexistente,2026-08-11
Ventas,VentaID=6396 ProductoID=6,Producto fuera de alcance (categoría no moda) o inexistente,2026-08-11
Ventas,VentaID=6397 ProductoID=7,Producto fuera de alcance (categoría no moda) o inexistente,2026-08-11
Ventas,VentaID=6403 ProductoID=6,Producto fuera de alcance (categoría no moda) o inexistente,2026-08-11
Ventas,VentaID=6404 ProductoID=7,Producto fuera de alcance (categoría no moda) o inexistente,2026-08-11
Ventas,VentaID=6410 ProductoID=6,Producto fuera de alcance (categoría no moda) o inexistente,2026-08-11
Ventas,VentaID=6411 ProductoID=7,Producto fuera de alcance (categoría no moda) o inexistente,2026-08-11
Ventas,VentaID=6417 ProductoID=6,Producto fuera de alcance (categoría no moda) o inexistente,2026-08-11
Ventas,VentaID=6418 ProductoID=7,Producto fuera de alcance (categoría no moda) o inexistente,2026-08-11
Ventas,VentaID=6424 ProductoID=6,Producto fuera de alcance (categoría no moda) o inexistente,2026-08-11
Ventas,VentaID=6425 ProductoID=7,Producto fuera de alcance (categoría no moda) o inexistente,2026-08-11
Ventas,VentaID=6431 ProductoID=6,Producto fuera de alcance (categoría no moda) o inexistente,2026-08-11
Ventas,VentaID=6432 ProductoID=7,Producto fuera de alcance (categoría no moda) o inexistente,2026-08-11
Ventas,VentaID=6438 ProductoID=6,Producto fuera de alcance (categoría no moda) o inexistente,2026-08-11
Ventas,VentaID=6439 ProductoID=7,Producto fuera de alcance (categoría no moda) o inexistente,2026-08-11
Ventas,VentaID=6445 ProductoID=6,Producto fuera de alcance (categoría no moda) o inexistente,2026-08-11
Ventas,VentaID=6446 ProductoID=7,Producto fuera de alcance (categoría no moda) o inexistente,2026-08-11
Ventas,VentaID=6452 ProductoID=6,Producto fuera de alcance (categoría no moda) o inexistente,2026-08-11
Ventas,VentaID=6453 ProductoID=7,Producto fuera de alcance (categoría no moda) o inexistente,2026-08-11
Ventas,VentaID=6459 ProductoID=6,Producto fuera de alcance (categoría no moda) o inexistente,2026-08-11
Ventas,VentaID=6460 ProductoID=7,Producto fuera de alcance (categoría no moda) o inexistente,2026-08-11
Ventas,VentaID=6466 ProductoID=6,Producto fuera de alcance (categoría no moda) o inexistente,2026-08-11
Ventas,VentaID=6467 ProductoID=7,Producto fuera de alcance (categoría no moda) o inexistente,2026-08-11
Ventas,VentaID=6473 ProductoID=6,Producto fuera de alcance (categoría no moda) o inexistente,2026-08-11
Ventas,VentaID=6474 ProductoID=7,Producto fuera de alcance (categoría no moda) o inexistente,2026-08-11
Ventas,VentaID=6480 ProductoID=6,Producto fuera de alcance (categoría no moda) o inexistente,2026-08-11
Ventas,VentaID=6481 ProductoID=7,Producto fuera de alcance (categoría no moda) o inexistente,2026-08-11
Ventas,VentaID=6487 ProductoID=6,Producto fuera de alcance (categoría no moda) o inexistente,2026-08-11
Ventas,VentaID=6488 ProductoID=7,Producto fuera de alcance (categoría no moda) o inexistente,2026-08-11
Ventas,VentaID=6494 ProductoID=6,Producto fuera de alcance (categoría no moda) o inexistente,2026-08-11
Ventas,VentaID=6495 ProductoID=7,Producto fuera de alcance (categoría no moda) o inexistente,2026-08-11
Ventas,VentaID=6501 ProductoID=6,Producto fuera de alcance (categoría no moda) o inexistente,2026-08-11
Ventas,VentaID=6502 ProductoID=7,Producto fuera de alcance (categoría no moda) o inexistente,2026-08-11
Ventas,VentaID=6508 ProductoID=6,Producto fuera de alcance (categoría no moda) o inexistente,2026-08-11
Ventas,VentaID=6509 ProductoID=7,Producto fuera de alcance (categoría no moda) o inexistente,2026-08-11
Ventas,VentaID=6515 ProductoID=6,Producto fuera de alcance (categoría no moda) o inexistente,2026-08-11
Ventas,VentaID=6516 ProductoID=7,Producto fuera de alcance (categoría no moda) o inexistente,2026-08-11
Ventas,VentaID=6522 ProductoID=6,Producto fuera de alcance (categoría no moda) o inexistente,2026-08-11
Ventas,VentaID=6523 ProductoID=7,Producto fuera de alcance (categoría no moda) o inexistente,2026-08-11
Ventas,VentaID=6529 ProductoID=6,Producto fuera de alcance (categoría no moda) o inexistente,2026-08-11
Ventas,VentaID=6530 ProductoID=7,Producto fuera de alcance (categoría no moda) o inexistente,2026-08-11
Ventas,VentaID=6536 ProductoID=6,Producto fuera de alcance (categoría no moda) o inexistente,2026-08-11
Ventas,VentaID=6537 ProductoID=7,Producto fuera de alcance (categoría no moda) o inexistente,2026-08-11
Ventas,VentaID=6543 ProductoID=6,Producto fuera de alcance (categoría no moda) o inexistente,2026-08-11
Ventas,VentaID=6544 ProductoID=7,Producto fuera de alcance (categoría no moda) o inexistente,2026-08-11
Ventas,VentaID=6550 ProductoID=6,Producto fuera de alcance (categoría no moda) o inexistente,2026-08-11
Ventas,VentaID=6551 ProductoID=7,Producto fuera de alcance (categoría no moda) o inexistente,2026-08-11
Ventas,VentaID=6557 ProductoID=6,Producto fuera de alcance (categoría no moda) o inexistente,2026-08-11
Ventas,VentaID=6558 ProductoID=7,Producto fuera de alcance (categoría no moda) o inexistente,2026-08-11
Ventas,VentaID=6564 ProductoID=6,Producto fuera de alcance (categoría no moda) o inexistente,2026-08-11
Ventas,VentaID=6565 ProductoID=7,Producto fuera de alcance (categoría no moda) o inexistente,2026-08-11
Ventas,VentaID=6571 ProductoID=6,Producto fuera de alcance (categoría no moda) o inexistente,2026-08-11
Ventas,VentaID=6572 ProductoID=7,Producto fuera de alcance (categoría no moda) o inexistente,2026-08-11
Ventas,VentaID=6578 ProductoID=6,Producto fuera de alcance (categoría no moda) o inexistente,2026-08-11
Ventas,VentaID=6579 ProductoID=7,Producto fuera de alcance (categoría no moda) o inexistente,2026-08-11
Ventas,VentaID=6585 ProductoID=6,Producto fuera de alcance (categoría no moda) o inexistente,2026-08-11
Ventas,VentaID=6586 ProductoID=7,Producto fuera de alcance (categoría no moda) o inexistente,2026-08-11
Ventas,VentaID=6592 ProductoID=6,Producto fuera de alcance (categoría no moda) o inexistente,2026-08-11
Ventas,VentaID=6593 ProductoID=7,Producto fuera de alcance (categoría no moda) o inexistente,2026-08-11
Ventas,VentaID=6599 ProductoID=6,Producto fuera de alcance (categoría no moda) o inexistente,2026-08-11
Ventas,VentaID=6600 ProductoID=7,Producto fuera de alcance (categoría no moda) o inexistente,2026-08-11
Ventas,VentaID=6606 ProductoID=6,Producto fuera de alcance (categoría no moda) o inexistente,2026-08-11
Ventas,VentaID=6607 ProductoID=7,Producto fuera de alcance (categoría no moda) o inexistente,2026-08-11
Ventas,VentaID=6613 ProductoID=6,Producto fuera de alcance (categoría no moda) o inexistente,2026-08-11
Ventas,VentaID=6614 ProductoID=7,Producto fuera de alcance (categoría no moda) o inexistente,2026-08-11
Ventas,VentaID=6620 ProductoID=6,Producto fuera de alcance (categoría no moda) o inexistente,2026-08-11
Ventas,VentaID=6621 ProductoID=7,Producto fuera de alcance (categoría no moda) o inexistente,2026-08-11
Ventas,VentaID=6627 ProductoID=6,Producto fuera de alcance (categoría no moda) o inexistente,2026-08-11
Ventas,VentaID=6628 ProductoID=7,Producto fuera de alcance (categoría no moda) o inexistente,2026-08-11
Ventas,VentaID=6634 ProductoID=6,Producto fuera de alcance (categoría no moda) o inexistente,2026-08-11
Ventas,VentaID=6635 ProductoID=7,Producto fuera de alcance (categoría no moda) o inexistente,2026-08-11
Ventas,VentaID=6641 ProductoID=6,Producto fuera de alcance (categoría no moda) o inexistente,2026-08-11
Ventas,VentaID=6642 ProductoID=7,Producto fuera de alcance (categoría no moda) o inexistente,2026-08-11
Ventas,VentaID=6648 ProductoID=6,Producto fuera de alcance (categoría no moda) o inexistente,2026-08-11
Ventas,VentaID=6649 ProductoID=7,Producto fuera de alcance (categoría no moda) o inexistente,2026-08-11
Ventas,VentaID=6655 ProductoID=6,Producto fuera de alcance (categoría no moda) o inexistente,2026-08-11
Ventas,VentaID=6656 ProductoID=7,Producto fuera de alcance (categoría no moda) o inexistente,2026-08-11
Ventas,VentaID=6662 ProductoID=6,Producto fuera de alcance (categoría no moda) o inexistente,2026-08-11
Ventas,VentaID=6663 ProductoID=7,Producto fuera de alcance (categoría no moda) o inexistente,2026-08-11
Ventas,VentaID=6669 ProductoID=6,Producto fuera de alcance (categoría no moda) o inexistente,2026-08-11
Ventas,VentaID=6670 ProductoID=7,Producto fuera de alcance (categoría no moda) o inexistente,2026-08-11
Ventas,VentaID=6676 ProductoID=6,Producto fuera de alcance (categoría no moda) o inexistente,2026-08-11
Ventas,VentaID=6677 ProductoID=7,Producto fuera de alcance (categoría no moda) o inexistente,2026-08-11
Ventas,VentaID=6683 ProductoID=6,Producto fuera de alcance (categoría no moda) o inexistente,2026-08-11
Ventas,VentaID=6684 ProductoID=7,Producto fuera de alcance (categoría no moda) o inexistente,2026-08-11
Ventas,VentaID=6690 ProductoID=6,Producto fuera de alcance (categoría no moda) o inexistente,2026-08-11
Ventas,VentaID=6691 ProductoID=7,Producto fuera de alcance (categoría no moda) o inexistente,2026-08-11
Ventas,VentaID=6697 ProductoID=6,Producto fuera de alcance (categoría no moda) o inexistente,2026-08-11
Ventas,VentaID=6698 ProductoID=7,Producto fuera de alcance (categoría no moda) o inexistente,2026-08-11
Ventas,VentaID=6704 ProductoID=6,Producto fuera de alcance (categoría no moda) o inexistente,2026-08-11
Ventas,VentaID=6705 ProductoID=7,Producto fuera de alcance (categoría no moda) o inexistente,2026-08-11
Ventas,VentaID=6711 ProductoID=6,Producto fuera de alcance (categoría no moda) o inexistente,2026-08-11
Ventas,VentaID=6712 ProductoID=7,Producto fuera de alcance (categoría no moda) o inexistente,2026-08-11
Ventas,VentaID=6718 ProductoID=6,Producto fuera de alcance (categoría no moda) o inexistente,2026-08-11
Ventas,VentaID=6719 ProductoID=7,Producto fuera de alcance (categoría no moda) o inexistente,2026-08-11
Ventas,VentaID=6725 ProductoID=6,Producto fuera de alcance (categoría no moda) o inexistente,2026-08-11
Ventas,VentaID=6726 ProductoID=7,Producto fuera de alcance (categoría no moda) o inexistente,2026-08-11
Ventas,VentaID=6732 ProductoID=6,Producto fuera de alcance (categoría no moda) o inexistente,2026-08-11
Ventas,VentaID=6733 ProductoID=7,Producto fuera de alcance (categoría no moda) o inexistente,2026-08-11
Ventas,VentaID=6739 ProductoID=6,Producto fuera de alcance (categoría no moda) o inexistente,2026-08-11
Ventas,VentaID=6740 ProductoID=7,Producto fuera de alcance (categoría no moda) o inexistente,2026-08-11
Ventas,VentaID=6746 ProductoID=6,Producto fuera de alcance (categoría no moda) o inexistente,2026-08-11
Ventas,VentaID=6747 ProductoID=7,Producto fuera de alcance (categoría no moda) o inexistente,2026-08-11
Ventas,VentaID=6753 ProductoID=6,Producto fuera de alcance (categoría no moda) o inexistente,2026-08-11
Ventas,VentaID=6754 ProductoID=7,Producto fuera de alcance (categoría no moda) o inexistente,2026-08-11
Ventas,VentaID=6760 ProductoID=6,Producto fuera de alcance (categoría no moda) o inexistente,2026-08-11
Ventas,VentaID=6761 ProductoID=7,Producto fuera de alcance (categoría no moda) o inexistente,2026-08-11
Ventas,VentaID=6767 ProductoID=6,Producto fuera de alcance (categoría no moda) o inexistente,2026-08-11
Ventas,VentaID=6768 ProductoID=7,Producto fuera de alcance (categoría no moda) o inexistente,2026-08-11
Ventas,VentaID=6774 ProductoID=6,Producto fuera de alcance (categoría no moda) o inexistente,2026-08-11
Ventas,VentaID=6775 ProductoID=7,Producto fuera de alcance (categoría no moda) o inexistente,2026-08-11
Ventas,VentaID=6781 ProductoID=6,Producto fuera de alcance (categoría no moda) o inexistente,2026-08-11
Ventas,VentaID=6782 ProductoID=7,Producto fuera de alcance (categoría no moda) o inexistente,2026-08-11
Ventas,VentaID=6788 ProductoID=6,Producto fuera de alcance (categoría no moda) o inexistente,2026-08-11
Ventas,VentaID=6789 ProductoID=7,Producto fuera de alcance (categoría no moda) o inexistente,2026-08-11
Ventas,VentaID=6795 ProductoID=6,Producto fuera de alcance (categoría no moda) o inexistente,2026-08-11
Ventas,VentaID=6796 ProductoID=7,Producto fuera de alcance (categoría no moda) o inexistente,2026-08-11
Ventas,VentaID=6802 ProductoID=6,Producto fuera de alcance (categoría no moda) o inexistente,2026-08-11
Ventas,VentaID=6803 ProductoID=7,Producto fuera de alcance (categoría no moda) o inexistente,2026-08-11
Ventas,VentaID=6809 ProductoID=6,Producto fuera de alcance (categoría no moda) o inexistente,2026-08-11
Ventas,VentaID=6810 ProductoID=7,Producto fuera de alcance (categoría no moda) o inexistente,2026-08-11
Ventas,VentaID=6816 ProductoID=6,Producto fuera de alcance (categoría no moda) o inexistente,2026-08-11
Ventas,VentaID=6817 ProductoID=7,Producto fuera de alcance (categoría no moda) o inexistente,2026-08-11
Ventas,VentaID=6823 ProductoID=6,Producto fuera de alcance (categoría no moda) o inexistente,2026-08-11
Ventas,VentaID=6824 ProductoID=7,Producto fuera de alcance (categoría no moda) o inexistente,2026-08-11
Ventas,VentaID=6830 ProductoID=6,Producto fuera de alcance (categoría no moda) o inexistente,2026-08-11
Ventas,VentaID=6831 ProductoID=7,Producto fuera de alcance (categoría no moda) o inexistente,2026-08-11
Ventas,VentaID=6837 ProductoID=6,Producto fuera de alcance (categoría no moda) o inexistente,2026-08-11
Ventas,VentaID=6838 ProductoID=7,Producto fuera de alcance (categoría no moda) o inexistente,2026-08-11
Ventas,VentaID=6844 ProductoID=6,Producto fuera de alcance (categoría no moda) o inexistente,2026-08-11
Ventas,VentaID=6845 ProductoID=7,Producto fuera de alcance (categoría no moda) o inexistente,2026-08-11
Ventas,VentaID=6851 ProductoID=6,Producto fuera de alcance (categoría no moda) o inexistente,2026-08-11
Ventas,VentaID=6852 ProductoID=7,Producto fuera de alcance (categoría no moda) o inexistente,2026-08-11
Ventas,VentaID=6858 ProductoID=6,Producto fuera de alcance (categoría no moda) o inexistente,2026-08-11
Ventas,VentaID=6859 ProductoID=7,Producto fuera de alcance (categoría no moda) o inexistente,2026-08-11
Ventas,VentaID=6865 ProductoID=6,Producto fuera de alcance (categoría no moda) o inexistente,2026-08-11
Ventas,VentaID=6866 ProductoID=7,Producto fuera de alcance (categoría no moda) o inexistente,2026-08-11
Ventas,VentaID=6872 ProductoID=6,Producto fuera de alcance (categoría no moda) o inexistente,2026-08-11
Ventas,VentaID=6873 ProductoID=7,Producto fuera de alcance (categoría no moda) o inexistente,2026-08-11
Ventas,VentaID=6879 ProductoID=6,Producto fuera de alcance (categoría no moda) o inexistente,2026-08-11
Ventas,VentaID=6880 ProductoID=7,Producto fuera de alcance (categoría no moda) o inexistente,2026-08-11
Ventas,VentaID=6886 ProductoID=6,Producto fuera de alcance (categoría no moda) o inexistente,2026-08-11
Ventas,VentaID=6887 ProductoID=7,Producto fuera de alcance (categoría no moda) o inexistente,2026-08-11
Ventas,VentaID=6893 ProductoID=6,Producto fuera de alcance (categoría no moda) o inexistente,2026-08-11
Ventas,VentaID=6894 ProductoID=7,Producto fuera de alcance (categoría no moda) o inexistente,2026-08-11
Ventas,VentaID=6900 ProductoID=6,Producto fuera de alcance (categoría no moda) o inexistente,2026-08-11
Ventas,VentaID=6901 ProductoID=7,Producto fuera de alcance (categoría no moda) o inexistente,2026-08-11
Ventas,VentaID=6907 ProductoID=6,Producto fuera de alcance (categoría no moda) o inexistente,2026-08-11
Ventas,VentaID=6908 ProductoID=7,Producto fuera de alcance (categoría no moda) o inexistente,2026-08-11
Ventas,VentaID=6914 ProductoID=6,Producto fuera de alcance (categoría no moda) o inexistente,2026-08-11
Ventas,VentaID=6915 ProductoID=7,Producto fuera de alcance (categoría no moda) o inexistente,2026-08-11
Ventas,VentaID=6921 ProductoID=6,Producto fuera de alcance (categoría no moda) o inexistente,2026-08-11
Ventas,VentaID=6922 ProductoID=7,Producto fuera de alcance (categoría no moda) o inexistente,2026-08-11
Ventas,VentaID=6928 ProductoID=6,Producto fuera de alcance (categoría no moda) o inexistente,2026-08-11
Ventas,VentaID=6929 ProductoID=7,Producto fuera de alcance (categoría no moda) o inexistente,2026-08-11
Ventas,VentaID=6935 ProductoID=6,Producto fuera de alcance (categoría no moda) o inexistente,2026-08-11
Ventas,VentaID=6936 ProductoID=7,Producto fuera de alcance (categoría no moda) o inexistente,2026-08-11
Ventas,VentaID=6942 ProductoID=6,Producto fuera de alcance (categoría no moda) o inexistente,2026-08-11
Ventas,VentaID=6943 ProductoID=7,Producto fuera de alcance (categoría no moda) o inexistente,2026-08-11
Ventas,VentaID=6949 ProductoID=6,Producto fuera de alcance (categoría no moda) o inexistente,2026-08-11
Ventas,VentaID=6950 ProductoID=7,Producto fuera de alcance (categoría no moda) o inexistente,2026-08-11
Ventas,VentaID=6956 ProductoID=6,Producto fuera de alcance (categoría no moda) o inexistente,2026-08-11
Ventas,VentaID=6957 ProductoID=7,Producto fuera de alcance (categoría no moda) o inexistente,2026-08-11
Ventas,VentaID=6963 ProductoID=6,Producto fuera de alcance (categoría no moda) o inexistente,2026-08-11
Ventas,VentaID=6964 ProductoID=7,Producto fuera de alcance (categoría no moda) o inexistente,2026-08-11
Ventas,VentaID=6970 ProductoID=6,Producto fuera de alcance (categoría no moda) o inexistente,2026-08-11
Ventas,VentaID=6971 ProductoID=7,Producto fuera de alcance (categoría no moda) o inexistente,2026-08-11
Ventas,VentaID=6977 ProductoID=6,Producto fuera de alcance (categoría no moda) o inexistente,2026-08-11
Ventas,VentaID=6978 ProductoID=7,Producto fuera de alcance (categoría no moda) o inexistente,2026-08-11
Ventas,VentaID=6984 ProductoID=6,Producto fuera de alcance (categoría no moda) o inexistente,2026-08-11
Ventas,VentaID=6985 ProductoID=7,Producto fuera de alcance (categoría no moda) o inexistente,2026-08-11
Ventas,VentaID=6991 ProductoID=6,Producto fuera de alcance (categoría no moda) o inexistente,2026-08-11
Ventas,VentaID=6992 ProductoID=7,Producto fuera de alcance (categoría no moda) o inexistente,2026-08-11
Ventas,VentaID=6998 ProductoID=6,Producto fuera de alcance (categoría no moda) o inexistente,2026-08-11
Ventas,VentaID=6999 ProductoID=7,Producto fuera de alcance (categoría no moda) o inexistente,2026-08-11
Ventas,VentaID=7005 ProductoID=6,Producto fuera de alcance (categoría no moda) o inexistente,2026-08-11
Ventas,VentaID=7006 ProductoID=7,Producto fuera de alcance (categoría no moda) o inexistente,2026-08-11
Ventas,VentaID=7012 ProductoID=6,Producto fuera de alcance (categoría no moda) o inexistente,2026-08-11
Ventas,VentaID=7013 ProductoID=7,Producto fuera de alcance (categoría no moda) o inexistente,2026-08-11
Ventas,VentaID=7019 ProductoID=6,Producto fuera de alcance (categoría no moda) o inexistente,2026-08-11
Ventas,VentaID=7020 ProductoID=7,Producto fuera de alcance (categoría no moda) o inexistente,2026-08-11
Ventas,VentaID=7026 ProductoID=6,Producto fuera de alcance (categoría no moda) o inexistente,2026-08-11
Ventas,VentaID=7027 ProductoID=7,Producto fuera de alcance (categoría no moda) o inexistente,2026-08-11
Ventas,VentaID=7033 ProductoID=6,Producto fuera de alcance (categoría no moda) o inexistente,2026-08-11
Ventas,VentaID=7034 ProductoID=7,Producto fuera de alcance (categoría no moda) o inexistente,2026-08-11
Ventas,VentaID=7040 ProductoID=6,Producto fuera de alcance (categoría no moda) o inexistente,2026-08-11
Ventas,VentaID=7041 ProductoID=7,Producto fuera de alcance (categoría no moda) o inexistente,2026-08-11
Ventas,VentaID=7047 ProductoID=6,Producto fuera de alcance (categoría no moda) o inexistente,2026-08-11
Ventas,VentaID=7048 ProductoID=7,Producto fuera de alcance (categoría no moda) o inexistente,2026-08-11
Ventas,VentaID=7054 ProductoID=6,Producto fuera de alcance (categoría no moda) o inexistente,2026-08-11
Ventas,VentaID=7055 ProductoID=7,Producto fuera de alcance (categoría no moda) o inexistente,2026-08-11
Ventas,VentaID=7061 ProductoID=6,Producto fuera de alcance (categoría no moda) o inexistente,2026-08-11
Ventas,VentaID=7062 ProductoID=7,Producto fuera de alcance (categoría no moda) o inexistente,2026-08-11
Ventas,VentaID=7068 ProductoID=6,Producto fuera de alcance (categoría no moda) o inexistente,2026-08-11
Ventas,VentaID=7069 ProductoID=7,Producto fuera de alcance (categoría no moda) o inexistente,2026-08-11
Ventas,VentaID=7075 ProductoID=6,Producto fuera de alcance (categoría no moda) o inexistente,2026-08-11
Ventas,VentaID=7076 ProductoID=7,Producto fuera de alcance (categoría no moda) o inexistente,2026-08-11
Ventas,VentaID=7082 ProductoID=6,Producto fuera de alcance (categoría no moda) o inexistente,2026-08-11
Ventas,VentaID=7083 ProductoID=7,Producto fuera de alcance (categoría no moda) o inexistente,2026-08-11
Ventas,VentaID=7089 ProductoID=6,Producto fuera de alcance (categoría no moda) o inexistente,2026-08-11
Ventas,VentaID=7090 ProductoID=7,Producto fuera de alcance (categoría no moda) o inexistente,2026-08-11
Ventas,VentaID=7096 ProductoID=6,Producto fuera de alcance (categoría no moda) o inexistente,2026-08-11
Ventas,VentaID=7097 ProductoID=7,Producto fuera de alcance (categoría no moda) o inexistente,2026-08-11
Ventas,VentaID=7103 ProductoID=6,Producto fuera de alcance (categoría no moda) o inexistente,2026-08-11
Ventas,VentaID=7104 ProductoID=7,Producto fuera de alcance (categoría no moda) o inexistente,2026-08-11
Ventas,VentaID=7110 ProductoID=6,Producto fuera de alcance (categoría no moda) o inexistente,2026-08-11
Ventas,VentaID=7111 ProductoID=7,Producto fuera de alcance (categoría no moda) o inexistente,2026-08-11
Ventas,VentaID=7117 ProductoID=6,Producto fuera de alcance (categoría no moda) o inexistente,2026-08-11
Ventas,VentaID=7118 ProductoID=7,Producto fuera de alcance (categoría no moda) o inexistente,2026-08-11
Ventas,VentaID=7124 ProductoID=6,Producto fuera de alcance (categoría no moda) o inexistente,2026-08-11
Ventas,VentaID=7125 ProductoID=7,Producto fuera de alcance (categoría no moda) o inexistente,2026-08-11
Ventas,VentaID=7131 ProductoID=6,Producto fuera de alcance (categoría no moda) o inexistente,2026-08-11
Ventas,VentaID=7132 ProductoID=7,Producto fuera de alcance (categoría no moda) o inexistente,2026-08-11
Ventas,VentaID=7138 ProductoID=6,Producto fuera de alcance (categoría no moda) o inexistente,2026-08-11
Ventas,VentaID=7139 ProductoID=7,Producto fuera de alcance (categoría no moda) o inexistente,2026-08-11
Ventas,VentaID=7145 ProductoID=6,Producto fuera de alcance (categoría no moda) o inexistente,2026-08-11
Ventas,VentaID=7146 ProductoID=7,Producto fuera de alcance (categoría no moda) o inexistente,2026-08-11
Ventas,VentaID=7152 ProductoID=6,Producto fuera de alcance (categoría no moda) o inexistente,2026-08-11
Ventas,VentaID=7153 ProductoID=7,Producto fuera de alcance (categoría no moda) o inexistente,2026-08-11
Ventas,VentaID=7159 ProductoID=6,Producto fuera de alcance (categoría no moda) o inexistente,2026-08-11
Ventas,VentaID=7160 ProductoID=7,Producto fuera de alcance (categoría no moda) o inexistente,2026-08-11
Ventas,VentaID=7166 ProductoID=6,Producto fuera de alcance (categoría no moda) o inexistente,2026-08-11
Ventas,VentaID=7167 ProductoID=7,Producto fuera de alcance (categoría no moda) o inexistente,2026-08-11
Ventas,VentaID=7173 ProductoID=6,Producto fuera de alcance (categoría no moda) o inexistente,2026-08-11
Ventas,VentaID=7174 ProductoID=7,Producto fuera de alcance (categoría no moda) o inexistente,2026-08-11
Ventas,VentaID=7180 ProductoID=6,Producto fuera de alcance (categoría no moda) o inexistente,2026-08-11
Ventas,VentaID=7181 ProductoID=7,Producto fuera de alcance (categoría no moda) o inexistente,2026-08-11
Ventas,VentaID=7187 ProductoID=6,Producto fuera de alcance (categoría no moda) o inexistente,2026-08-11
Ventas,VentaID=7188 ProductoID=7,Producto fuera de alcance (categoría no moda) o inexistente,2026-08-11
Ventas,VentaID=7194 ProductoID=6,Producto fuera de alcance (categoría no moda) o inexistente,2026-08-11
Ventas,VentaID=7195 ProductoID=7,Producto fuera de alcance (categoría no moda) o inexistente,2026-08-11
Ventas,VentaID=7201 ProductoID=6,Producto fuera de alcance (categoría no moda) o inexistente,2026-08-11
Ventas,VentaID=7202 ProductoID=7,Producto fuera de alcance (categoría no moda) o inexistente,2026-08-11
Ventas,VentaID=7208 ProductoID=6,Producto fuera de alcance (categoría no moda) o inexistente,2026-08-11
Ventas,VentaID=7209 ProductoID=7,Producto fuera de alcance (categoría no moda) o inexistente,2026-08-11
Ventas,VentaID=7215 ProductoID=6,Producto fuera de alcance (categoría no moda) o inexistente,2026-08-11
Ventas,VentaID=7216 ProductoID=7,Producto fuera de alcance (categoría no moda) o inexistente,2026-08-11
Ventas,VentaID=7222 ProductoID=6,Producto fuera de alcance (categoría no moda) o inexistente,2026-08-11
Ventas,VentaID=7223 ProductoID=7,Producto fuera de alcance (categoría no moda) o inexistente,2026-08-11
Ventas,VentaID=7229 ProductoID=6,Producto fuera de alcance (categoría no moda) o inexistente,2026-08-11
Ventas,VentaID=7230 ProductoID=7,Producto fuera de alcance (categoría no moda) o inexistente,2026-08-11
Ventas,VentaID=7236 ProductoID=6,Producto fuera de alcance (categoría no moda) o inexistente,2026-08-11
Ventas,VentaID=7237 ProductoID=7,Producto fuera de alcance (categoría no moda) o inexistente,2026-08-11
Ventas,VentaID=7243 ProductoID=6,Producto fuera de alcance (categoría no moda) o inexistente,2026-08-11
Ventas,VentaID=7244 ProductoID=7,Producto fuera de alcance (categoría no moda) o inexistente,2026-08-11
Ventas,VentaID=7250 ProductoID=6,Producto fuera de alcance (categoría no moda) o inexistente,2026-08-11
Ventas,VentaID=7251 ProductoID=7,Producto fuera de alcance (categoría no moda) o inexistente,2026-08-11
Ventas,VentaID=7257 ProductoID=6,Producto fuera de alcance (categoría no moda) o inexistente,2026-08-11
Ventas,VentaID=7258 ProductoID=7,Producto fuera de alcance (categoría no moda) o inexistente,2026-08-11
Ventas,VentaID=7264 ProductoID=6,Producto fuera de alcance (categoría no moda) o inexistente,2026-08-11
Ventas,VentaID=7265 ProductoID=7,Producto fuera de alcance (categoría no moda) o inexistente,2026-08-11
Ventas,VentaID=7271 ProductoID=6,Producto fuera de alcance (categoría no moda) o inexistente,2026-08-11
Ventas,VentaID=7272 ProductoID=7,Producto fuera de alcance (categoría no moda) o inexistente,2026-08-11
Ventas,VentaID=7278 ProductoID=6,Producto fuera de alcance (categoría no moda) o inexistente,2026-08-11
Ventas,VentaID=7279 ProductoID=7,Producto fuera de alcance (categoría no moda) o inexistente,2026-08-11
Ventas,VentaID=7285 ProductoID=6,Producto fuera de alcance (categoría no moda) o inexistente,2026-08-11
Ventas,VentaID=7286 ProductoID=7,Producto fuera de alcance (categoría no moda) o inexistente,2026-08-11
Ventas,VentaID=7292 ProductoID=6,Producto fuera de alcance (categoría no moda) o inexistente,2026-08-11
Ventas,VentaID=7293 ProductoID=7,Producto fuera de alcance (categoría no moda) o inexistente,2026-08-11
Ventas,VentaID=7299 ProductoID=6,Producto fuera de alcance (categoría no moda) o inexistente,2026-08-11
Ventas,VentaID=7300 ProductoID=7,Producto fuera de alcance (categoría no moda) o inexistente,2026-08-11
Ventas,VentaID=7306 ProductoID=6,Producto fuera de alcance (categoría no moda) o inexistente,2026-08-11
Ventas,VentaID=7307 ProductoID=7,Producto fuera de alcance (categoría no moda) o inexistente,2026-08-11
Ventas,VentaID=7313 ProductoID=6,Producto fuera de alcance (categoría no moda) o inexistente,2026-08-11
Ventas,VentaID=7314 ProductoID=7,Producto fuera de alcance (categoría no moda) o inexistente,2026-08-11
Ventas,VentaID=7320 ProductoID=6,Producto fuera de alcance (categoría no moda) o inexistente,2026-08-11
Ventas,VentaID=7321 ProductoID=7,Producto fuera de alcance (categoría no moda) o inexistente,2026-08-11
Ventas,VentaID=7327 ProductoID=6,Producto fuera de alcance (categoría no moda) o inexistente,2026-08-11
Ventas,VentaID=7328 ProductoID=7,Producto fuera de alcance (categoría no moda) o inexistente,2026-08-11
Ventas,VentaID=7334 ProductoID=6,Producto fuera de alcance (categoría no moda) o inexistente,2026-08-11
Ventas,VentaID=7335 ProductoID=7,Producto fuera de alcance (categoría no moda) o inexistente,2026-08-11
Ventas,VentaID=7341 ProductoID=6,Producto fuera de alcance (categoría no moda) o inexistente,2026-08-11
Ventas,VentaID=7342 ProductoID=7,Producto fuera de alcance (categoría no moda) o inexistente,2026-08-11
Ventas,VentaID=7348 ProductoID=6,Producto fuera de alcance (categoría no moda) o inexistente,2026-08-11
Ventas,VentaID=7349 ProductoID=7,Producto fuera de alcance (categoría no moda) o inexistente,2026-08-11
Ventas,VentaID=7355 ProductoID=6,Producto fuera de alcance (categoría no moda) o inexistente,2026-08-11
Ventas,VentaID=7356 ProductoID=7,Producto fuera de alcance (categoría no moda) o inexistente,2026-08-11
Ventas,VentaID=7362 ProductoID=6,Producto fuera de alcance (categoría no moda) o inexistente,2026-08-11
Ventas,VentaID=7363 ProductoID=7,Producto fuera de alcance (categoría no moda) o inexistente,2026-08-11
Ventas,VentaID=7369 ProductoID=6,Producto fuera de alcance (categoría no moda) o inexistente,2026-08-11
Ventas,VentaID=7370 ProductoID=7,Producto fuera de alcance (categoría no moda) o inexistente,2026-08-11
Ventas,VentaID=7376 ProductoID=6,Producto fuera de alcance (categoría no moda) o inexistente,2026-08-11
Ventas,VentaID=7377 ProductoID=7,Producto fuera de alcance (categoría no moda) o inexistente,2026-08-11
Ventas,VentaID=7383 ProductoID=6,Producto fuera de alcance (categoría no moda) o inexistente,2026-08-11
Ventas,VentaID=7384 ProductoID=7,Producto fuera de alcance (categoría no moda) o inexistente,2026-08-11
Ventas,VentaID=7390 ProductoID=6,Producto fuera de alcance (categoría no moda) o inexistente,2026-08-11
Ventas,VentaID=7391 ProductoID=7,Producto fuera de alcance (categoría no moda) o inexistente,2026-08-11
Ventas,VentaID=7397 ProductoID=6,Producto fuera de alcance (categoría no moda) o inexistente,2026-08-11
Ventas,VentaID=7398 ProductoID=7,Producto fuera de alcance (categoría no moda) o inexistente,2026-08-11
Ventas,VentaID=7404 ProductoID=6,Producto fuera de alcance (categoría no moda) o inexistente,2026-08-11
Ventas,VentaID=7405 ProductoID=7,Producto fuera de alcance (categoría no moda) o inexistente,2026-08-11
Ventas,VentaID=7411 ProductoID=6,Producto fuera de alcance (categoría no moda) o inexistente,2026-08-11
Ventas,VentaID=7412 ProductoID=7,Producto fuera de alcance (categoría no moda) o inexistente,2026-08-11
Ventas,VentaID=7418 ProductoID=6,Producto fuera de alcance (categoría no moda) o inexistente,2026-08-11
Ventas,VentaID=7419 ProductoID=7,Producto fuera de alcance (categoría no moda) o inexistente,2026-08-11
Ventas,VentaID=7425 ProductoID=6,Producto fuera de alcance (categoría no moda) o inexistente,2026-08-11
Ventas,VentaID=7426 ProductoID=7,Producto fuera de alcance (categoría no moda) o inexistente,2026-08-11
Ventas,VentaID=7432 ProductoID=6,Producto fuera de alcance (categoría no moda) o inexistente,2026-08-11
Ventas,VentaID=7433 ProductoID=7,Producto fuera de alcance (categoría no moda) o inexistente,2026-08-11
Ventas,VentaID=7439 ProductoID=6,Producto fuera de alcance (categoría no moda) o inexistente,2026-08-11
Ventas,VentaID=7440 ProductoID=7,Producto fuera de alcance (categoría no moda) o inexistente,2026-08-11
Ventas,VentaID=7446 ProductoID=6,Producto fuera de alcance (categoría no moda) o inexistente,2026-08-11
Ventas,VentaID=7447 ProductoID=7,Producto fuera de alcance (categoría no moda) o inexistente,2026-08-11
Ventas,VentaID=7453 ProductoID=6,Producto fuera de alcance (categoría no moda) o inexistente,2026-08-11
Ventas,VentaID=7454 ProductoID=7,Producto fuera de alcance (categoría no moda) o inexistente,2026-08-11
Ventas,VentaID=7460 ProductoID=6,Producto fuera de alcance (categoría no moda) o inexistente,2026-08-11
Ventas,VentaID=7461 ProductoID=7,Producto fuera de alcance (categoría no moda) o inexistente,2026-08-11
Ventas,VentaID=7467 ProductoID=6,Producto fuera de alcance (categoría no moda) o inexistente,2026-08-11
Ventas,VentaID=7468 ProductoID=7,Producto fuera de alcance (categoría no moda) o inexistente,2026-08-11
Ventas,VentaID=7474 ProductoID=6,Producto fuera de alcance (categoría no moda) o inexistente,2026-08-11
Ventas,VentaID=7475 ProductoID=7,Producto fuera de alcance (categoría no moda) o inexistente,2026-08-11
Ventas,VentaID=7481 ProductoID=6,Producto fuera de alcance (categoría no moda) o inexistente,2026-08-11
Ventas,VentaID=7482 ProductoID=7,Producto fuera de alcance (categoría no moda) o inexistente,2026-08-11
Ventas,VentaID=7488 ProductoID=6,Producto fuera de alcance (categoría no moda) o inexistente,2026-08-11
Ventas,VentaID=7489 ProductoID=7,Producto fuera de alcance (categoría no moda) o inexistente,2026-08-11
Ventas,VentaID=7495 ProductoID=6,Producto fuera de alcance (categoría no moda) o inexistente,2026-08-11
Ventas,VentaID=7496 ProductoID=7,Producto fuera de alcance (categoría no moda) o inexistente,2026-08-11
Ventas,VentaID=7502 ProductoID=6,Producto fuera de alcance (categoría no moda) o inexistente,2026-08-11
Ventas,VentaID=7503 ProductoID=7,Producto fuera de alcance (categoría no moda) o inexistente,2026-08-11
Ventas,VentaID=7509 ProductoID=6,Producto fuera de alcance (categoría no moda) o inexistente,2026-08-11
Ventas,VentaID=7510 ProductoID=7,Producto fuera de alcance (categoría no moda) o inexistente,2026-08-11
Ventas,VentaID=7516 ProductoID=6,Producto fuera de alcance (categoría no moda) o inexistente,2026-08-11
Ventas,VentaID=7517 ProductoID=7,Producto fuera de alcance (categoría no moda) o inexistente,2026-08-11
Ventas,VentaID=7523 ProductoID=6,Producto fuera de alcance (categoría no moda) o inexistente,2026-08-11
Ventas,VentaID=7524 ProductoID=7,Producto fuera de alcance (categoría no moda) o inexistente,2026-08-11
Ventas,VentaID=7530 ProductoID=6,Producto fuera de alcance (categoría no moda) o inexistente,2026-08-11
Ventas,VentaID=7531 ProductoID=7,Producto fuera de alcance (categoría no moda) o inexistente,2026-08-11
Ventas,VentaID=7537 ProductoID=6,Producto fuera de alcance (categoría no moda) o inexistente,2026-08-11
Ventas,VentaID=7538 ProductoID=7,Producto fuera de alcance (categoría no moda) o inexistente,2026-08-11
Ventas,VentaID=7544 ProductoID=6,Producto fuera de alcance (categoría no moda) o inexistente,2026-08-11
Ventas,VentaID=7545 ProductoID=7,Producto fuera de alcance (categoría no moda) o inexistente,2026-08-11
Ventas,VentaID=7551 ProductoID=6,Producto fuera de alcance (categoría no moda) o inexistente,2026-08-11
Ventas,VentaID=7552 ProductoID=7,Producto fuera de alcance (categoría no moda) o inexistente,2026-08-11
Ventas,VentaID=7558 ProductoID=6,Producto fuera de alcance (categoría no moda) o inexistente,2026-08-11
Ventas,VentaID=7559 ProductoID=7,Producto fuera de alcance (categoría no moda) o inexistente,2026-08-11
Ventas,VentaID=7565 ProductoID=6,Producto fuera de alcance (categoría no moda) o inexistente,2026-08-11
Ventas,VentaID=7566 ProductoID=7,Producto fuera de alcance (categoría no moda) o inexistente,2026-08-11
Ventas,VentaID=7572 ProductoID=6,Producto fuera de alcance (categoría no moda) o inexistente,2026-08-11
Ventas,VentaID=7573 ProductoID=7,Producto fuera de alcance (categoría no moda) o inexistente,2026-08-11
Ventas,VentaID=7579 ProductoID=6,Producto fuera de alcance (categoría no moda) o inexistente,2026-08-11
Ventas,VentaID=7580 ProductoID=7,Producto fuera de alcance (categoría no moda) o inexistente,2026-08-11
Ventas,VentaID=7586 ProductoID=6,Producto fuera de alcance (categoría no moda) o inexistente,2026-08-11
Ventas,VentaID=7587 ProductoID=7,Producto fuera de alcance (categoría no moda) o inexistente,2026-08-11
Ventas,VentaID=7593 ProductoID=6,Producto fuera de alcance (categoría no moda) o inexistente,2026-08-11
Ventas,VentaID=7594 ProductoID=7,Producto fuera de alcance (categoría no moda) o inexistente,2026-08-11
Ventas,VentaID=7600 ProductoID=6,Producto fuera de alcance (categoría no moda) o inexistente,2026-08-11
Ventas,VentaID=7601 ProductoID=7,Producto fuera de alcance (categoría no moda) o inexistente,2026-08-11
Ventas,VentaID=7607 ProductoID=6,Producto fuera de alcance (categoría no moda) o inexistente,2026-08-11
Ventas,VentaID=7608 ProductoID=7,Producto fuera de alcance (categoría no moda) o inexistente,2026-08-11
Ventas,VentaID=7614 ProductoID=6,Producto fuera de alcance (categoría no moda) o inexistente,2026-08-11
Ventas,VentaID=7615 ProductoID=7,Producto fuera de alcance (categoría no moda) o inexistente,2026-08-11
Ventas,VentaID=7621 ProductoID=6,Producto fuera de alcance (categoría no moda) o inexistente,2026-08-11
Ventas,VentaID=7622 ProductoID=7,Producto fuera de alcance (categoría no moda) o inexistente,2026-08-11
Ventas,VentaID=7628 ProductoID=6,Producto fuera de alcance (categoría no moda) o inexistente,2026-08-11
Ventas,VentaID=7629 ProductoID=7,Producto fuera de alcance (categoría no moda) o inexistente,2026-08-11
Ventas,VentaID=7635 ProductoID=6,Producto fuera de alcance (categoría no moda) o inexistente,2026-08-11
Ventas,VentaID=7636 ProductoID=7,Producto fuera de alcance (categoría no moda) o inexistente,2026-08-11
Ventas,VentaID=7642 ProductoID=6,Producto fuera de alcance (categoría no moda) o inexistente,2026-08-11
Ventas,VentaID=7643 ProductoID=7,Producto fuera de alcance (categoría no moda) o inexistente,2026-08-11
Ventas,VentaID=7649 ProductoID=6,Producto fuera de alcance (categoría no moda) o inexistente,2026-08-11
Ventas,VentaID=7650 ProductoID=7,Producto fuera de alcance (categoría no moda) o inexistente,2026-08-11
Ventas,VentaID=7656 ProductoID=6,Producto fuera de alcance (categoría no moda) o inexistente,2026-08-11
Ventas,VentaID=7657 ProductoID=7,Producto fuera de alcance (categoría no moda) o inexistente,2026-08-11
Ventas,VentaID=7663 ProductoID=6,Producto fuera de alcance (categoría no moda) o inexistente,2026-08-11
Ventas,VentaID=7664 ProductoID=7,Producto fuera de alcance (categoría no moda) o inexistente,2026-08-11
Ventas,VentaID=7670 ProductoID=6,Producto fuera de alcance (categoría no moda) o inexistente,2026-08-11
Ventas,VentaID=7671 ProductoID=7,Producto fuera de alcance (categoría no moda) o inexistente,2026-08-11
Ventas,VentaID=7677 ProductoID=6,Producto fuera de alcance (categoría no moda) o inexistente,2026-08-11
Ventas,VentaID=7678 ProductoID=7,Producto fuera de alcance (categoría no moda) o inexistente,2026-08-11
Ventas,VentaID=7684 ProductoID=6,Producto fuera de alcance (categoría no moda) o inexistente,2026-08-11
Ventas,VentaID=7685 ProductoID=7,Producto fuera de alcance (categoría no moda) o inexistente,2026-08-11
Ventas,VentaID=7691 ProductoID=6,Producto fuera de alcance (categoría no moda) o inexistente,2026-08-11
Ventas,VentaID=7692 ProductoID=7,Producto fuera de alcance (categoría no moda) o inexistente,2026-08-11
Ventas,VentaID=7698 ProductoID=6,Producto fuera de alcance (categoría no moda) o inexistente,2026-08-11
Ventas,VentaID=7699 ProductoID=7,Producto fuera de alcance (categoría no moda) o inexistente,2026-08-11
Ventas,VentaID=7705 ProductoID=6,Producto fuera de alcance (categoría no moda) o inexistente,2026-08-11
Ventas,VentaID=7706 ProductoID=7,Producto fuera de alcance (categoría no moda) o inexistente,2026-08-11
Ventas,VentaID=7712 ProductoID=6,Producto fuera de alcance (categoría no moda) o inexistente,2026-08-11
Ventas,VentaID=7713 ProductoID=7,Producto fuera de alcance (categoría no moda) o inexistente,2026-08-11
Ventas,VentaID=7719 ProductoID=6,Producto fuera de alcance (categoría no moda) o inexistente,2026-08-11
Ventas,VentaID=7720 ProductoID=7,Producto fuera de alcance (categoría no moda) o inexistente,2026-08-11
Ventas,VentaID=7726 ProductoID=6,Producto fuera de alcance (categoría no moda) o inexistente,2026-08-11
Ventas,VentaID=7727 ProductoID=7,Producto fuera de alcance (categoría no moda) o inexistente,2026-08-11
Ventas,VentaID=7733 ProductoID=6,Producto fuera de alcance (categoría no moda) o inexistente,2026-08-11
Ventas,VentaID=7734 ProductoID=7,Producto fuera de alcance (categoría no moda) o inexistente,2026-08-11
Ventas,VentaID=7740 ProductoID=6,Producto fuera de alcance (categoría no moda) o inexistente,2026-08-11
Ventas,VentaID=7741 ProductoID=7,Producto fuera de alcance (categoría no moda) o inexistente,2026-08-11
Ventas,VentaID=7747 ProductoID=6,Producto fuera de alcance (categoría no moda) o inexistente,2026-08-11
Ventas,VentaID=7748 ProductoID=7,Producto fuera de alcance (categoría no moda) o inexistente,2026-08-11
Ventas,VentaID=7754 ProductoID=6,Producto fuera de alcance (categoría no moda) o inexistente,2026-08-11
Ventas,VentaID=7755 ProductoID=7,Producto fuera de alcance (categoría no moda) o inexistente,2026-08-11
Ventas,VentaID=7761 ProductoID=6,Producto fuera de alcance (categoría no moda) o inexistente,2026-08-11
Ventas,VentaID=7762 ProductoID=7,Producto fuera de alcance (categoría no moda) o inexistente,2026-08-11
Ventas,VentaID=7768 ProductoID=6,Producto fuera de alcance (categoría no moda) o inexistente,2026-08-11
Ventas,VentaID=7769 ProductoID=7,Producto fuera de alcance (categoría no moda) o inexistente,2026-08-11
Ventas,VentaID=7775 ProductoID=6,Producto fuera de alcance (categoría no moda) o inexistente,2026-08-11
Ventas,VentaID=7776 ProductoID=7,Producto fuera de alcance (categoría no moda) o inexistente,2026-08-11
Ventas,VentaID=7782 ProductoID=6,Producto fuera de alcance (categoría no moda) o inexistente,2026-08-11
Ventas,VentaID=7783 ProductoID=7,Producto fuera de alcance (categoría no moda) o inexistente,2026-08-11
Ventas,VentaID=7789 ProductoID=6,Producto fuera de alcance (categoría no moda) o inexistente,2026-08-11
Ventas,VentaID=7790 ProductoID=7,Producto fuera de alcance (categoría no moda) o inexistente,2026-08-11
Ventas,VentaID=7796 ProductoID=6,Producto fuera de alcance (categoría no moda) o inexistente,2026-08-11
Ventas,VentaID=7797 ProductoID=7,Producto fuera de alcance (categoría no moda) o inexistente,2026-08-11
Ventas,VentaID=7803 ProductoID=6,Producto fuera de alcance (categoría no moda) o inexistente,2026-08-11
Ventas,VentaID=7804 ProductoID=7,Producto fuera de alcance (categoría no moda) o inexistente,2026-08-11
Ventas,VentaID=7810 ProductoID=6,Producto fuera de alcance (categoría no moda) o inexistente,2026-08-11
Ventas,VentaID=7811 ProductoID=7,Producto fuera de alcance (categoría no moda) o inexistente,2026-08-11
Ventas,VentaID=7817 ProductoID=6,Producto fuera de alcance (categoría no moda) o inexistente,2026-08-11
Ventas,VentaID=7818 ProductoID=7,Producto fuera de alcance (categoría no moda) o inexistente,2026-08-11
Ventas,VentaID=7824 ProductoID=6,Producto fuera de alcance (categoría no moda) o inexistente,2026-08-11
Ventas,VentaID=7825 ProductoID=7,Producto fuera de alcance (categoría no moda) o inexistente,2026-08-11
Ventas,VentaID=7831 ProductoID=6,Producto fuera de alcance (categoría no moda) o inexistente,2026-08-11
Ventas,VentaID=7832 ProductoID=7,Producto fuera de alcance (categoría no moda) o inexistente,2026-08-11
Ventas,VentaID=7838 ProductoID=6,Producto fuera de alcance (categoría no moda) o inexistente,2026-08-11
Ventas,VentaID=7839 ProductoID=7,Producto fuera de alcance (categoría no moda) o inexistente,2026-08-11
Ventas,VentaID=7845 ProductoID=6,Producto fuera de alcance (categoría no moda) o inexistente,2026-08-11
Ventas,VentaID=7846 ProductoID=7,Producto fuera de alcance (categoría no moda) o inexistente,2026-08-11
Ventas,VentaID=7852 ProductoID=6,Producto fuera de alcance (categoría no moda) o inexistente,2026-08-11
Ventas,VentaID=7853 ProductoID=7,Producto fuera de alcance (categoría no moda) o inexistente,2026-08-11
Ventas,VentaID=7859 ProductoID=6,Producto fuera de alcance (categoría no moda) o inexistente,2026-08-11
Ventas,VentaID=7860 ProductoID=7,Producto fuera de alcance (categoría no moda) o inexistente,2026-08-11
Ventas,VentaID=7866 ProductoID=6,Producto fuera de alcance (categoría no moda) o inexistente,2026-08-11
Ventas,VentaID=7867 ProductoID=7,Producto fuera de alcance (categoría no moda) o inexistente,2026-08-11
Ventas,VentaID=7873 ProductoID=6,Producto fuera de alcance (categoría no moda) o inexistente,2026-08-11
Ventas,VentaID=7874 ProductoID=7,Producto fuera de alcance (categoría no moda) o inexistente,2026-08-11
Ventas,VentaID=7880 ProductoID=6,Producto fuera de alcance (categoría no moda) o inexistente,2026-08-11
Ventas,VentaID=7881 ProductoID=7,Producto fuera de alcance (categoría no moda) o inexistente,2026-08-11
Ventas,VentaID=7887 ProductoID=6,Producto fuera de alcance (categoría no moda) o inexistente,2026-08-11
Ventas,VentaID=7888 ProductoID=7,Producto fuera de alcance (categoría no moda) o inexistente,2026-08-11
Ventas,VentaID=7894 ProductoID=6,Producto fuera de alcance (categoría no moda) o inexistente,2026-08-11
Ventas,VentaID=7895 ProductoID=7,Producto fuera de alcance (categoría no moda) o inexistente,2026-08-11
Ventas,VentaID=7901 ProductoID=6,Producto fuera de alcance (categoría no moda) o inexistente,2026-08-11
Ventas,VentaID=7902 ProductoID=7,Producto fuera de alcance (categoría no moda) o inexistente,2026-08-11
Ventas,VentaID=7908 ProductoID=6,Producto fuera de alcance (categoría no moda) o inexistente,2026-08-11
Ventas,VentaID=7909 ProductoID=7,Producto fuera de alcance (categoría no moda) o inexistente,2026-08-11
Ventas,VentaID=7915 ProductoID=6,Producto fuera de alcance (categoría no moda) o inexistente,2026-08-11
Ventas,VentaID=7916 ProductoID=7,Producto fuera de alcance (categoría no moda) o inexistente,2026-08-11
Ventas,VentaID=7922 ProductoID=6,Producto fuera de alcance (categoría no moda) o inexistente,2026-08-11
Ventas,VentaID=7923 ProductoID=7,Producto fuera de alcance (categoría no moda) o inexistente,2026-08-11
Ventas,VentaID=7929 ProductoID=6,Producto fuera de alcance (categoría no moda) o inexistente,2026-08-11
Ventas,VentaID=7930 ProductoID=7,Producto fuera de alcance (categoría no moda) o inexistente,2026-08-11
Ventas,VentaID=7936 ProductoID=6,Producto fuera de alcance (categoría no moda) o inexistente,2026-08-11
Ventas,VentaID=7937 ProductoID=7,Producto fuera de alcance (categoría no moda) o inexistente,2026-08-11
Ventas,VentaID=7943 ProductoID=6,Producto fuera de alcance (categoría no moda) o inexistente,2026-08-11
Ventas,VentaID=7944 ProductoID=7,Producto fuera de alcance (categoría no moda) o inexistente,2026-08-11
Ventas,VentaID=7950 ProductoID=6,Producto fuera de alcance (categoría no moda) o inexistente,2026-08-11
Ventas,VentaID=7951 ProductoID=7,Producto fuera de alcance (categoría no moda) o inexistente,2026-08-11
Ventas,VentaID=7957 ProductoID=6,Producto fuera de alcance (categoría no moda) o inexistente,2026-08-11
Ventas,VentaID=7958 ProductoID=7,Producto fuera de alcance (categoría no moda) o inexistente,2026-08-11
Ventas,VentaID=7964 ProductoID=6,Producto fuera de alcance (categoría no moda) o inexistente,2026-08-11
Ventas,VentaID=7965 ProductoID=7,Producto fuera de alcance (categoría no moda) o inexistente,2026-08-11
Ventas,VentaID=7971 ProductoID=6,Producto fuera de alcance (categoría no moda) o inexistente,2026-08-11
Ventas,VentaID=7972 ProductoID=7,Producto fuera de alcance (categoría no moda) o inexistente,2026-08-11
Ventas,VentaID=7978 ProductoID=6,Producto fuera de alcance (categoría no moda) o inexistente,2026-08-11
Ventas,VentaID=7979 ProductoID=7,Producto fuera de alcance (categoría no moda) o inexistente,2026-08-11
Ventas,VentaID=7985 ProductoID=6,Producto fuera de alcance (categoría no moda) o inexistente,2026-08-11
Ventas,VentaID=7986 ProductoID=7,Producto fuera de alcance (categoría no moda) o inexistente,2026-08-11
Ventas,VentaID=7992 ProductoID=6,Producto fuera de alcance (categoría no moda) o inexistente,2026-08-11
Ventas,VentaID=7993 ProductoID=7,Producto fuera de alcance (categoría no moda) o inexistente,2026-08-11
Ventas,VentaID=7999 ProductoID=6,Producto fuera de alcance (categoría no moda) o inexistente,2026-08-11
Ventas,VentaID=8000 ProductoID=7,Producto fuera de alcance (categoría no moda) o inexistente,2026-08-11
Ventas,VentaID=8006 ProductoID=6,Producto fuera de alcance (categoría no moda) o inexistente,2026-08-11
Ventas,VentaID=8007 ProductoID=7,Producto fuera de alcance (categoría no moda) o inexistente,2026-08-11
Ventas,VentaID=8013 ProductoID=6,Producto fuera de alcance (categoría no moda) o inexistente,2026-08-11
Ventas,VentaID=8014 ProductoID=7,Producto fuera de alcance (categoría no moda) o inexistente,2026-08-11
Ventas,VentaID=8020 ProductoID=6,Producto fuera de alcance (categoría no moda) o inexistente,2026-08-11
Ventas,VentaID=8021 ProductoID=7,Producto fuera de alcance (categoría no moda) o inexistente,2026-08-11
Ventas,VentaID=8027 ProductoID=6,Producto fuera de alcance (categoría no moda) o inexistente,2026-08-11
Ventas,VentaID=8028 ProductoID=7,Producto fuera de alcance (categoría no moda) o inexistente,2026-08-11
Ventas,VentaID=8034 ProductoID=6,Producto fuera de alcance (categoría no moda) o inexistente,2026-08-11
Ventas,VentaID=8035 ProductoID=7,Producto fuera de alcance (categoría no moda) o inexistente,2026-08-11
Ventas,VentaID=8041 ProductoID=6,Producto fuera de alcance (categoría no moda) o inexistente,2026-08-11
Ventas,VentaID=8042 ProductoID=7,Producto fuera de alcance (categoría no moda) o inexistente,2026-08-11
Ventas,VentaID=8048 ProductoID=6,Producto fuera de alcance (categoría no moda) o inexistente,2026-08-11
Ventas,VentaID=8049 ProductoID=7,Producto fuera de alcance (categoría no moda) o inexistente,2026-08-11
Ventas,VentaID=8055 ProductoID=6,Producto fuera de alcance (categoría no moda) o inexistente,2026-08-11
Ventas,VentaID=8056 ProductoID=7,Producto fuera de alcance (categoría no moda) o inexistente,2026-08-11
Ventas,VentaID=8062 ProductoID=6,Producto fuera de alcance (categoría no moda) o inexistente,2026-08-11
Ventas,VentaID=8063 ProductoID=7,Producto fuera de alcance (categoría no moda) o inexistente,2026-08-11
Ventas,VentaID=8069 ProductoID=6,Producto fuera de alcance (categoría no moda) o inexistente,2026-08-11
Ventas,VentaID=8070 ProductoID=7,Producto fuera de alcance (categoría no moda) o inexistente,2026-08-11
Ventas,VentaID=8076 ProductoID=6,Producto fuera de alcance (categoría no moda) o inexistente,2026-08-11
Ventas,VentaID=8077 ProductoID=7,Producto fuera de alcance (categoría no moda) o inexistente,2026-08-11
Ventas,VentaID=8083 ProductoID=6,Producto fuera de alcance (categoría no moda) o inexistente,2026-08-11
Ventas,VentaID=8084 ProductoID=7,Producto fuera de alcance (categoría no moda) o inexistente,2026-08-11
Ventas,VentaID=8090 ProductoID=6,Producto fuera de alcance (categoría no moda) o inexistente,2026-08-11
Ventas,VentaID=8091 ProductoID=7,Producto fuera de alcance (categoría no moda) o inexistente,2026-08-11
Ventas,VentaID=8097 ProductoID=6,Producto fuera de alcance (categoría no moda) o inexistente,2026-08-11
Ventas,VentaID=8098 ProductoID=7,Producto fuera de alcance (categoría no moda) o inexistente,2026-08-11
Ventas,VentaID=8104 ProductoID=6,Producto fuera de alcance (categoría no moda) o inexistente,2026-08-11
Ventas,VentaID=8105 ProductoID=7,Producto fuera de alcance (categoría no moda) o inexistente,2026-08-11
Ventas,VentaID=8111 ProductoID=6,Producto fuera de alcance (categoría no moda) o inexistente,2026-08-11
Ventas,VentaID=8112 ProductoID=7,Producto fuera de alcance (categoría no moda) o inexistente,2026-08-11
Ventas,VentaID=8118 ProductoID=6,Producto fuera de alcance (categoría no moda) o inexistente,2026-08-11
Ventas,VentaID=8119 ProductoID=7,Producto fuera de alcance (categoría no moda) o inexistente,2026-08-11
Ventas,VentaID=8125 ProductoID=6,Producto fuera de alcance (categoría no moda) o inexistente,2026-08-11
Ventas,VentaID=8126 ProductoID=7,Producto fuera de alcance (categoría no moda) o inexistente,2026-08-11
Ventas,VentaID=8132 ProductoID=6,Producto fuera de alcance (categoría no moda) o inexistente,2026-08-11
Ventas,VentaID=8133 ProductoID=7,Producto fuera de alcance (categoría no moda) o inexistente,2026-08-11
Ventas,VentaID=8139 ProductoID=6,Producto fuera de alcance (categoría no moda) o inexistente,2026-08-11
Ventas,VentaID=8140 ProductoID=7,Producto fuera de alcance (categoría no moda) o inexistente,2026-08-11
Ventas,VentaID=8146 ProductoID=6,Producto fuera de alcance (categoría no moda) o inexistente,2026-08-11
Ventas,VentaID=8147 ProductoID=7,Producto fuera de alcance (categoría no moda) o inexistente,2026-08-11
Ventas,VentaID=8153 ProductoID=6,Producto fuera de alcance (categoría no moda) o inexistente,2026-08-11
Ventas,VentaID=8154 ProductoID=7,Producto fuera de alcance (categoría no moda) o inexistente,2026-08-11
Ventas,VentaID=8160 ProductoID=6,Producto fuera de alcance (categoría no moda) o inexistente,2026-08-11
Ventas,VentaID=8161 ProductoID=7,Producto fuera de alcance (categoría no moda) o inexistente,2026-08-11
Ventas,VentaID=8167 ProductoID=6,Producto fuera de alcance (categoría no moda) o inexistente,2026-08-11
Ventas,VentaID=8168 ProductoID=7,Producto fuera de alcance (categoría no moda) o inexistente,2026-08-11
Ventas,VentaID=8174 ProductoID=6,Producto fuera de alcance (categoría no moda) o inexistente,2026-08-11
Ventas,VentaID=8175 ProductoID=7,Producto fuera de alcance (categoría no moda) o inexistente,2026-08-11
Ventas,VentaID=8181 ProductoID=6,Producto fuera de alcance (categoría no moda) o inexistente,2026-08-11
Ventas,VentaID=8182 ProductoID=7,Producto fuera de alcance (categoría no moda) o inexistente,2026-08-11
Ventas,VentaID=8188 ProductoID=6,Producto fuera de alcance (categoría no moda) o inexistente,2026-08-11
Ventas,VentaID=8189 ProductoID=7,Producto fuera de alcance (categoría no moda) o inexistente,2026-08-11
Ventas,VentaID=8195 ProductoID=6,Producto fuera de alcance (categoría no moda) o inexistente,2026-08-11
Ventas,VentaID=8196 ProductoID=7,Producto fuera de alcance (categoría no moda) o inexistente,2026-08-11
Ventas,VentaID=8202 ProductoID=6,Producto fuera de alcance (categoría no moda) o inexistente,2026-08-11
Ventas,VentaID=8203 ProductoID=7,Producto fuera de alcance (categoría no moda) o inexistente,2026-08-11
Ventas,VentaID=8209 ProductoID=6,Producto fuera de alcance (categoría no moda) o inexistente,2026-08-11
Ventas,VentaID=8210 ProductoID=7,Producto fuera de alcance (categoría no moda) o inexistente,2026-08-11
Ventas,VentaID=8216 ProductoID=6,Producto fuera de alcance (categoría no moda) o inexistente,2026-08-11
Ventas,VentaID=8217 ProductoID=7,Producto fuera de alcance (categoría no moda) o inexistente,2026-08-11
Ventas,VentaID=8223 ProductoID=6,Producto fuera de alcance (categoría no moda) o inexistente,2026-08-11
Ventas,VentaID=8224 ProductoID=7,Producto fuera de alcance (categoría no moda) o inexistente,2026-08-11
Ventas,VentaID=8230 ProductoID=6,Producto fuera de alcance (categoría no moda) o inexistente,2026-08-11
Ventas,VentaID=8231 ProductoID=7,Producto fuera de alcance (categoría no moda) o inexistente,2026-08-11
Ventas,VentaID=8237 ProductoID=6,Producto fuera de alcance (categoría no moda) o inexistente,2026-08-11
Ventas,VentaID=8238 ProductoID=7,Producto fuera de alcance (categoría no moda) o inexistente,2026-08-11
Ventas,VentaID=8244 ProductoID=6,Producto fuera de alcance (categoría no moda) o inexistente,2026-08-11
Ventas,VentaID=8245 ProductoID=7,Producto fuera de alcance (categoría no moda) o inexistente,2026-08-11
Ventas,VentaID=8251 ProductoID=6,Producto fuera de alcance (categoría no moda) o inexistente,2026-08-11
Ventas,VentaID=8252 ProductoID=7,Producto fuera de alcance (categoría no moda) o inexistente,2026-08-11
Ventas,VentaID=8258 ProductoID=6,Producto fuera de alcance (categoría no moda) o inexistente,2026-08-11
Ventas,VentaID=8259 ProductoID=7,Producto fuera de alcance (categoría no moda) o inexistente,2026-08-11
Ventas,VentaID=8265 ProductoID=6,Producto fuera de alcance (categoría no moda) o inexistente,2026-08-11
Ventas,VentaID=8266 ProductoID=7,Producto fuera de alcance (categoría no moda) o inexistente,2026-08-11
Ventas,VentaID=8272 ProductoID=6,Producto fuera de alcance (categoría no moda) o inexistente,2026-08-11
Ventas,VentaID=8273 ProductoID=7,Producto fuera de alcance (categoría no moda) o inexistente,2026-08-11
Ventas,VentaID=8279 ProductoID=6,Producto fuera de alcance (categoría no moda) o inexistente,2026-08-11
Ventas,VentaID=8280 ProductoID=7,Producto fuera de alcance (categoría no moda) o inexistente,2026-08-11
Ventas,VentaID=8286 ProductoID=6,Producto fuera de alcance (categoría no moda) o inexistente,2026-08-11
Ventas,VentaID=8287 ProductoID=7,Producto fuera de alcance (categoría no moda) o inexistente,2026-08-11
Ventas,VentaID=8293 ProductoID=6,Producto fuera de alcance (categoría no moda) o inexistente,2026-08-11
Ventas,VentaID=8294 ProductoID=7,Producto fuera de alcance (categoría no moda) o inexistente,2026-08-11
Ventas,VentaID=8300 ProductoID=6,Producto fuera de alcance (categoría no moda) o inexistente,2026-08-11
Ventas,VentaID=8301 ProductoID=7,Producto fuera de alcance (categoría no moda) o inexistente,2026-08-11
Ventas,VentaID=8307 ProductoID=6,Producto fuera de alcance (categoría no moda) o inexistente,2026-08-11
Ventas,VentaID=8308 ProductoID=7,Producto fuera de alcance (categoría no moda) o inexistente,2026-08-11
Ventas,VentaID=8314 ProductoID=6,Producto fuera de alcance (categoría no moda) o inexistente,2026-08-11
Ventas,VentaID=8315 ProductoID=7,Producto fuera de alcance (categoría no moda) o inexistente,2026-08-11
Ventas,VentaID=8321 ProductoID=6,Producto fuera de alcance (categoría no moda) o inexistente,2026-08-11
Ventas,VentaID=8322 ProductoID=7,Producto fuera de alcance (categoría no moda) o inexistente,2026-08-11
Ventas,VentaID=8328 ProductoID=6,Producto fuera de alcance (categoría no moda) o inexistente,2026-08-11
Ventas,VentaID=8329 ProductoID=7,Producto fuera de alcance (categoría no moda) o inexistente,2026-08-11
Ventas,VentaID=8335 ProductoID=6,Producto fuera de alcance (categoría no moda) o inexistente,2026-08-11
Ventas,VentaID=8336 ProductoID=7,Producto fuera de alcance (categoría no moda) o inexistente,2026-08-11
Ventas,VentaID=8342 ProductoID=6,Producto fuera de alcance (categoría no moda) o inexistente,2026-08-11
Ventas,VentaID=8343 ProductoID=7,Producto fuera de alcance (categoría no moda) o inexistente,2026-08-11
Ventas,VentaID=8349 ProductoID=6,Producto fuera de alcance (categoría no moda) o inexistente,2026-08-11
Ventas,VentaID=8350 ProductoID=7,Producto fuera de alcance (categoría no moda) o inexistente,2026-08-11
Ventas,VentaID=8356 ProductoID=6,Producto fuera de alcance (categoría no moda) o inexistente,2026-08-11
Ventas,VentaID=8357 ProductoID=7,Producto fuera de alcance (categoría no moda) o inexistente,2026-08-11
Ventas,VentaID=8363 ProductoID=6,Producto fuera de alcance (categoría no moda) o inexistente,2026-08-11
Ventas,VentaID=8364 ProductoID=7,Producto fuera de alcance (categoría no moda) o inexistente,2026-08-11
Ventas,VentaID=8370 ProductoID=6,Producto fuera de alcance (categoría no moda) o inexistente,2026-08-11
Ventas,VentaID=8371 ProductoID=7,Producto fuera de alcance (categoría no moda) o inexistente,2026-08-11
Ventas,VentaID=8377 ProductoID=6,Producto fuera de alcance (categoría no moda) o inexistente,2026-08-11
Ventas,VentaID=8378 ProductoID=7,Producto fuera de alcance (categoría no moda) o inexistente,2026-08-11
Ventas,VentaID=8384 ProductoID=6,Producto fuera de alcance (categoría no moda) o inexistente,2026-08-11
Ventas,VentaID=8385 ProductoID=7,Producto fuera de alcance (categoría no moda) o inexistente,2026-08-11
Ventas,VentaID=8391 ProductoID=6,Producto fuera de alcance (categoría no moda) o inexistente,2026-08-11
Ventas,VentaID=8392 ProductoID=7,Producto fuera de alcance (categoría no moda) o inexistente,2026-08-11
Ventas,VentaID=8398 ProductoID=6,Producto fuera de alcance (categoría no moda) o inexistente,2026-08-11
Ventas,VentaID=8399 ProductoID=7,Producto fuera de alcance (categoría no moda) o inexistente,2026-08-11
Ventas,VentaID=8405 ProductoID=6,Producto fuera de alcance (categoría no moda) o inexistente,2026-08-11
Ventas,VentaID=8406 ProductoID=7,Producto fuera de alcance (categoría no moda) o inexistente,2026-08-11
Ventas,VentaID=8412 ProductoID=6,Producto fuera de alcance (categoría no moda) o inexistente,2026-08-11
Ventas,VentaID=8413 ProductoID=7,Producto fuera de alcance (categoría no moda) o inexistente,2026-08-11
Ventas,VentaID=8419 ProductoID=6,Producto fuera de alcance (categoría no moda) o inexistente,2026-08-11
Ventas,VentaID=8420 ProductoID=7,Producto fuera de alcance (categoría no moda) o inexistente,2026-08-11
Ventas,VentaID=8426 ProductoID=6,Producto fuera de alcance (categoría no moda) o inexistente,2026-08-11
Ventas,VentaID=8427 ProductoID=7,Producto fuera de alcance (categoría no moda) o inexistente,2026-08-11
Ventas,VentaID=8433 ProductoID=6,Producto fuera de alcance (categoría no moda) o inexistente,2026-08-11
Ventas,VentaID=8434 ProductoID=7,Producto fuera de alcance (categoría no moda) o inexistente,2026-08-11
Ventas,VentaID=8440 ProductoID=6,Producto fuera de alcance (categoría no moda) o inexistente,2026-08-11
Ventas,VentaID=8441 ProductoID=7,Producto fuera de alcance (categoría no moda) o inexistente,2026-08-11
Ventas,VentaID=8447 ProductoID=6,Producto fuera de alcance (categoría no moda) o inexistente,2026-08-11
Ventas,VentaID=8448 ProductoID=7,Producto fuera de alcance (categoría no moda) o inexistente,2026-08-11
Ventas,VentaID=8454 ProductoID=6,Producto fuera de alcance (categoría no moda) o inexistente,2026-08-11
Ventas,VentaID=8455 ProductoID=7,Producto fuera de alcance (categoría no moda) o inexistente,2026-08-11
Ventas,VentaID=8461 ProductoID=6,Producto fuera de alcance (categoría no moda) o inexistente,2026-08-11
Ventas,VentaID=8462 ProductoID=7,Producto fuera de alcance (categoría no moda) o inexistente,2026-08-11
Ventas,VentaID=8468 ProductoID=6,Producto fuera de alcance (categoría no moda) o inexistente,2026-08-11
Ventas,VentaID=8469 ProductoID=7,Producto fuera de alcance (categoría no moda) o inexistente,2026-08-11
Ventas,VentaID=8475 ProductoID=6,Producto fuera de alcance (categoría no moda) o inexistente,2026-08-11
Ventas,VentaID=8476 ProductoID=7,Producto fuera de alcance (categoría no moda) o inexistente,2026-08-11
Ventas,VentaID=8482 ProductoID=6,Producto fuera de alcance (categoría no moda) o inexistente,2026-08-11
Ventas,VentaID=8483 ProductoID=7,Producto fuera de alcance (categoría no moda) o inexistente,2026-08-11
Ventas,VentaID=8489 ProductoID=6,Producto fuera de alcance (categoría no moda) o inexistente,2026-08-11
Ventas,VentaID=8490 ProductoID=7,Producto fuera de alcance (categoría no moda) o inexistente,2026-08-11
Ventas,VentaID=8496 ProductoID=6,Producto fuera de alcance (categoría no moda) o inexistente,2026-08-11
Ventas,VentaID=8497 ProductoID=7,Producto fuera de alcance (categoría no moda) o inexistente,2026-08-11
Ventas,VentaID=8503 ProductoID=6,Producto fuera de alcance (categoría no moda) o inexistente,2026-08-11
Ventas,VentaID=8504 ProductoID=7,Producto fuera de alcance (categoría no moda) o inexistente,2026-08-11
Ventas,VentaID=8510 ProductoID=6,Producto fuera de alcance (categoría no moda) o inexistente,2026-08-11
Ventas,VentaID=8511 ProductoID=7,Producto fuera de alcance (categoría no moda) o inexistente,2026-08-11
Ventas,VentaID=8517 ProductoID=6,Producto fuera de alcance (categoría no moda) o inexistente,2026-08-11
Ventas,VentaID=8518 ProductoID=7,Producto fuera de alcance (categoría no moda) o inexistente,2026-08-11
Ventas,VentaID=8524 ProductoID=6,Producto fuera de alcance (categoría no moda) o inexistente,2026-08-11
Ventas,VentaID=8525 ProductoID=7,Producto fuera de alcance (categoría no moda) o inexistente,2026-08-11
Ventas,VentaID=8531 ProductoID=6,Producto fuera de alcance (categoría no moda) o inexistente,2026-08-11
Ventas,VentaID=8532 ProductoID=7,Producto fuera de alcance (categoría no moda) o inexistente,2026-08-11
Ventas,VentaID=8538 ProductoID=6,Producto fuera de alcance (categoría no moda) o inexistente,2026-08-11
Ventas,VentaID=8539 ProductoID=7,Producto fuera de alcance (categoría no moda) o inexistente,2026-08-11
Ventas,VentaID=8545 ProductoID=6,Producto fuera de alcance (categoría no moda) o inexistente,2026-08-11
Ventas,VentaID=8546 ProductoID=7,Producto fuera de alcance (categoría no moda) o inexistente,2026-08-11
Ventas,VentaID=8552 ProductoID=6,Producto fuera de alcance (categoría no moda) o inexistente,2026-08-11
Ventas,VentaID=8553 ProductoID=7,Producto fuera de alcance (categoría no moda) o inexistente,2026-08-11
Ventas,VentaID=8559 ProductoID=6,Producto fuera de alcance (categoría no moda) o inexistente,2026-08-11
Ventas,VentaID=8560 ProductoID=7,Producto fuera de alcance (categoría no moda) o inexistente,2026-08-11
Ventas,VentaID=8566 ProductoID=6,Producto fuera de alcance (categoría no moda) o inexistente,2026-08-11
Ventas,VentaID=8567 ProductoID=7,Producto fuera de alcance (categoría no moda) o inexistente,2026-08-11
Ventas,VentaID=8573 ProductoID=6,Producto fuera de alcance (categoría no moda) o inexistente,2026-08-11
Ventas,VentaID=8574 ProductoID=7,Producto fuera de alcance (categoría no moda) o inexistente,2026-08-11
Ventas,VentaID=8580 ProductoID=6,Producto fuera de alcance (categoría no moda) o inexistente,2026-08-11
Ventas,VentaID=8581 ProductoID=7,Producto fuera de alcance (categoría no moda) o inexistente,2026-08-11
Ventas,VentaID=8587 ProductoID=6,Producto fuera de alcance (categoría no moda) o inexistente,2026-08-11
Ventas,VentaID=8588 ProductoID=7,Producto fuera de alcance (categoría no moda) o inexistente,2026-08-11
Ventas,VentaID=8594 ProductoID=6,Producto fuera de alcance (categoría no moda) o inexistente,2026-08-11
Ventas,VentaID=8595 ProductoID=7,Producto fuera de alcance (categoría no moda) o inexistente,2026-08-11
Ventas,VentaID=8601 ProductoID=6,Producto fuera de alcance (categoría no moda) o inexistente,2026-08-11
Ventas,VentaID=8602 ProductoID=7,Producto fuera de alcance (categoría no moda) o inexistente,2026-08-11
Ventas,VentaID=8608 ProductoID=6,Producto fuera de alcance (categoría no moda) o inexistente,2026-08-11
Ventas,VentaID=8609 ProductoID=7,Producto fuera de alcance (categoría no moda) o inexistente,2026-08-11
Ventas,VentaID=8615 ProductoID=6,Producto fuera de alcance (categoría no moda) o inexistente,2026-08-11
Ventas,VentaID=8616 ProductoID=7,Producto fuera de alcance (categoría no moda) o inexistente,2026-08-11
Ventas,VentaID=8622 ProductoID=6,Producto fuera de alcance (categoría no moda) o inexistente,2026-08-11
Ventas,VentaID=8623 ProductoID=7,Producto fuera de alcance (categoría no moda) o inexistente,2026-08-11
Ventas,VentaID=8629 ProductoID=6,Producto fuera de alcance (categoría no moda) o inexistente,2026-08-11
Ventas,VentaID=8630 ProductoID=7,Producto fuera de alcance (categoría no moda) o inexistente,2026-08-11
Ventas,VentaID=8636 ProductoID=6,Producto fuera de alcance (categoría no moda) o inexistente,2026-08-11
Ventas,VentaID=8637 ProductoID=7,Producto fuera de alcance (categoría no moda) o inexistente,2026-08-11
Ventas,VentaID=8643 ProductoID=6,Producto fuera de alcance (categoría no moda) o inexistente,2026-08-11
Ventas,VentaID=8644 ProductoID=7,Producto fuera de alcance (categoría no moda) o inexistente,2026-08-11
Ventas,VentaID=8650 ProductoID=6,Producto fuera de alcance (categoría no moda) o inexistente,2026-08-11
Ventas,VentaID=8651 ProductoID=7,Producto fuera de alcance (categoría no moda) o inexistente,2026-08-11
Ventas,VentaID=8657 ProductoID=6,Producto fuera de alcance (categoría no moda) o inexistente,2026-08-11
Ventas,VentaID=8658 ProductoID=7,Producto fuera de alcance (categoría no moda) o inexistente,2026-08-11
Ventas,VentaID=8664 ProductoID=6,Producto fuera de alcance (categoría no moda) o inexistente,2026-08-11
Ventas,VentaID=8665 ProductoID=7,Producto fuera de alcance (categoría no moda) o inexistente,2026-08-11
Ventas,VentaID=8671 ProductoID=6,Producto fuera de alcance (categoría no moda) o inexistente,2026-08-11
Ventas,VentaID=8672 ProductoID=7,Producto fuera de alcance (categoría no moda) o inexistente,2026-08-11
Ventas,VentaID=8678 ProductoID=6,Producto fuera de alcance (categoría no moda) o inexistente,2026-08-11
Ventas,VentaID=8679 ProductoID=7,Producto fuera de alcance (categoría no moda) o inexistente,2026-08-11
Ventas,VentaID=8685 ProductoID=6,Producto fuera de alcance (categoría no moda) o inexistente,2026-08-11
Ventas,VentaID=8686 ProductoID=7,Producto fuera de alcance (categoría no moda) o inexistente,2026-08-11
Ventas,VentaID=8692 ProductoID=6,Producto fuera de alcance (categoría no moda) o inexistente,2026-08-11
Ventas,VentaID=8693 ProductoID=7,Producto fuera de alcance (categoría no moda) o inexistente,2026-08-11
Ventas,VentaID=8699 ProductoID=6,Producto fuera de alcance (categoría no moda) o inexistente,2026-08-11
Ventas,VentaID=8700 ProductoID=7,Producto fuera de alcance (categoría no moda) o inexistente,2026-08-11
Ventas,VentaID=8706 ProductoID=6,Producto fuera de alcance (categoría no moda) o inexistente,2026-08-11
Ventas,VentaID=8707 ProductoID=7,Producto fuera de alcance (categoría no moda) o inexistente,2026-08-11
Ventas,VentaID=8713 ProductoID=6,Producto fuera de alcance (categoría no moda) o inexistente,2026-08-11
Ventas,VentaID=8714 ProductoID=7,Producto fuera de alcance (categoría no moda) o inexistente,2026-08-11
Ventas,VentaID=8720 ProductoID=6,Producto fuera de alcance (categoría no moda) o inexistente,2026-08-11
Ventas,VentaID=8721 ProductoID=7,Producto fuera de alcance (categoría no moda) o inexistente,2026-08-11
Ventas,VentaID=8727 ProductoID=6,Producto fuera de alcance (categoría no moda) o inexistente,2026-08-11
Ventas,VentaID=8728 ProductoID=7,Producto fuera de alcance (categoría no moda) o inexistente,2026-08-11
Ventas,VentaID=8734 ProductoID=6,Producto fuera de alcance (categoría no moda) o inexistente,2026-08-11
Ventas,VentaID=8735 ProductoID=7,Producto fuera de alcance (categoría no moda) o inexistente,2026-08-11
Ventas,VentaID=8741 ProductoID=6,Producto fuera de alcance (categoría no moda) o inexistente,2026-08-11
Ventas,VentaID=8742 ProductoID=7,Producto fuera de alcance (categoría no moda) o inexistente,2026-08-11
Ventas,VentaID=8748 ProductoID=6,Producto fuera de alcance (categoría no moda) o inexistente,2026-08-11
Ventas,VentaID=8749 ProductoID=7,Producto fuera de alcance (categoría no moda) o inexistente,2026-08-11
Ventas,VentaID=8755 ProductoID=6,Producto fuera de alcance (categoría no moda) o inexistente,2026-08-11
Ventas,VentaID=8756 ProductoID=7,Producto fuera de alcance (categoría no moda) o inexistente,2026-08-11
Ventas,VentaID=8762 ProductoID=6,Producto fuera de alcance (categoría no moda) o inexistente,2026-08-11
Ventas,VentaID=8763 ProductoID=7,Producto fuera de alcance (categoría no moda) o inexistente,2026-08-11
Ventas,VentaID=8769 ProductoID=6,Producto fuera de alcance (categoría no moda) o inexistente,2026-08-11
Ventas,VentaID=8770 ProductoID=7,Producto fuera de alcance (categoría no moda) o inexistente,2026-08-11
Ventas,VentaID=8776 ProductoID=6,Producto fuera de alcance (categoría no moda) o inexistente,2026-08-11
Ventas,VentaID=8777 ProductoID=7,Producto fuera de alcance (categoría no moda) o inexistente,2026-08-11
Ventas,VentaID=8783 ProductoID=6,Producto fuera de alcance (categoría no moda) o inexistente,2026-08-11
Ventas,VentaID=8784 ProductoID=7,Producto fuera de alcance (categoría no moda) o inexistente,2026-08-11
Ventas,VentaID=8790 ProductoID=6,Producto fuera de alcance (categoría no moda) o inexistente,2026-08-11
Ventas,VentaID=8791 ProductoID=7,Producto fuera de alcance (categoría no moda) o inexistente,2026-08-11
Ventas,VentaID=8797 ProductoID=6,Producto fuera de alcance (categoría no moda) o inexistente,2026-08-11
Ventas,VentaID=8798 ProductoID=7,Producto fuera de alcance (categoría no moda) o inexistente,2026-08-11
Ventas,VentaID=8804 ProductoID=6,Producto fuera de alcance (categoría no moda) o inexistente,2026-08-11
Ventas,VentaID=8805 ProductoID=7,Producto fuera de alcance (categoría no moda) o inexistente,2026-08-11
Ventas,VentaID=8811 ProductoID=6,Producto fuera de alcance (categoría no moda) o inexistente,2026-08-11
Ventas,VentaID=8812 ProductoID=7,Producto fuera de alcance (categoría no moda) o inexistente,2026-08-11
Ventas,VentaID=8818 ProductoID=6,Producto fuera de alcance (categoría no moda) o inexistente,2026-08-11
Ventas,VentaID=8819 ProductoID=7,Producto fuera de alcance (categoría no moda) o inexistente,2026-08-11
Ventas,VentaID=8825 ProductoID=6,Producto fuera de alcance (categoría no moda) o inexistente,2026-08-11
Ventas,VentaID=8826 ProductoID=7,Producto fuera de alcance (categoría no moda) o inexistente,2026-08-11
Ventas,VentaID=8832 ProductoID=6,Producto fuera de alcance (categoría no moda) o inexistente,2026-08-11
Ventas,VentaID=8833 ProductoID=7,Producto fuera de alcance (categoría no moda) o inexistente,2026-08-11
Ventas,VentaID=8839 ProductoID=6,Producto fuera de alcance (categoría no moda) o inexistente,2026-08-11
Ventas,VentaID=8840 ProductoID=7,Producto fuera de alcance (categoría no moda) o inexistente,2026-08-11
Ventas,VentaID=8846 ProductoID=6,Producto fuera de alcance (categoría no moda) o inexistente,2026-08-11
Ventas,VentaID=8847 ProductoID=7,Producto fuera de alcance (categoría no moda) o inexistente,2026-08-11
Ventas,VentaID=8853 ProductoID=6,Producto fuera de alcance (categoría no moda) o inexistente,2026-08-11
Ventas,VentaID=8854 ProductoID=7,Producto fuera de alcance (categoría no moda) o inexistente,2026-08-11
Ventas,VentaID=8860 ProductoID=6,Producto fuera de alcance (categoría no moda) o inexistente,2026-08-11
Ventas,VentaID=8861 ProductoID=7,Producto fuera de alcance (categoría no moda) o inexistente,2026-08-11
Ventas,VentaID=8867 ProductoID=6,Producto fuera de alcance (categoría no moda) o inexistente,2026-08-11
Ventas,VentaID=8868 ProductoID=7,Producto fuera de alcance (categoría no moda) o inexistente,2026-08-11
Ventas,VentaID=8874 ProductoID=6,Producto fuera de alcance (categoría no moda) o inexistente,2026-08-11
Ventas,VentaID=8875 ProductoID=7,Producto fuera de alcance (categoría no moda) o inexistente,2026-08-11
Ventas,VentaID=8881 ProductoID=6,Producto fuera de alcance (categoría no moda) o inexistente,2026-08-11
Ventas,VentaID=8882 ProductoID=7,Producto fuera de alcance (categoría no moda) o inexistente,2026-08-11
Ventas,VentaID=8888 ProductoID=6,Producto fuera de alcance (categoría no moda) o inexistente,2026-08-11
Ventas,VentaID=8889 ProductoID=7,Producto fuera de alcance (categoría no moda) o inexistente,2026-08-11
Ventas,VentaID=8895 ProductoID=6,Producto fuera de alcance (categoría no moda) o inexistente,2026-08-11
Ventas,VentaID=8896 ProductoID=7,Producto fuera de alcance (categoría no moda) o inexistente,2026-08-11
Ventas,VentaID=8902 ProductoID=6,Producto fuera de alcance (categoría no moda) o inexistente,2026-08-11
Ventas,VentaID=8903 ProductoID=7,Producto fuera de alcance (categoría no moda) o inexistente,2026-08-11
Ventas,VentaID=8909 ProductoID=6,Producto fuera de alcance (categoría no moda) o inexistente,2026-08-11
Ventas,VentaID=8910 ProductoID=7,Producto fuera de alcance (categoría no moda) o inexistente,2026-08-11
Ventas,VentaID=8916 ProductoID=6,Producto fuera de alcance (categoría no moda) o inexistente,2026-08-11
Ventas,VentaID=8917 ProductoID=7,Producto fuera de alcance (categoría no moda) o inexistente,2026-08-11
Ventas,VentaID=8923 ProductoID=6,Producto fuera de alcance (categoría no moda) o inexistente,2026-08-11
Ventas,VentaID=8924 ProductoID=7,Producto fuera de alcance (categoría no moda) o inexistente,2026-08-11
Ventas,VentaID=8930 ProductoID=6,Producto fuera de alcance (categoría no moda) o inexistente,2026-08-11
Ventas,VentaID=8931 ProductoID=7,Producto fuera de alcance (categoría no moda) o inexistente,2026-08-11
Ventas,VentaID=8937 ProductoID=6,Producto fuera de alcance (categoría no moda) o inexistente,2026-08-11
Ventas,VentaID=8938 ProductoID=7,Producto fuera de alcance (categoría no moda) o inexistente,2026-08-11
Ventas,VentaID=8944 ProductoID=6,Producto fuera de alcance (categoría no moda) o inexistente,2026-08-11
Ventas,VentaID=8945 ProductoID=7,Producto fuera de alcance (categoría no moda) o inexistente,2026-08-11
Ventas,VentaID=8951 ProductoID=6,Producto fuera de alcance (categoría no moda) o inexistente,2026-08-11
Ventas,VentaID=8952 ProductoID=7,Producto fuera de alcance (categoría no moda) o inexistente,2026-08-11
Ventas,VentaID=8958 ProductoID=6,Producto fuera de alcance (categoría no moda) o inexistente,2026-08-11
Ventas,VentaID=8959 ProductoID=7,Producto fuera de alcance (categoría no moda) o inexistente,2026-08-11
Ventas,VentaID=8965 ProductoID=6,Producto fuera de alcance (categoría no moda) o inexistente,2026-08-11
Ventas,VentaID=8966 ProductoID=7,Producto fuera de alcance (categoría no moda) o inexistente,2026-08-11
Ventas,VentaID=8972 ProductoID=6,Producto fuera de alcance (categoría no moda) o inexistente,2026-08-11
Ventas,VentaID=8973 ProductoID=7,Producto fuera de alcance (categoría no moda) o inexistente,2026-08-11
Ventas,VentaID=8979 ProductoID=6,Producto fuera de alcance (categoría no moda) o inexistente,2026-08-11
Ventas,VentaID=8980 ProductoID=7,Producto fuera de alcance (categoría no moda) o inexistente,2026-08-11
Ventas,VentaID=8986 ProductoID=6,Producto fuera de alcance (categoría no moda) o inexistente,2026-08-11
Ventas,VentaID=8987 ProductoID=7,Producto fuera de alcance (categoría no moda) o inexistente,2026-08-11
Ventas,VentaID=8993 ProductoID=6,Producto fuera de alcance (categoría no moda) o inexistente,2026-08-11
Ventas,VentaID=8994 ProductoID=7,Producto fuera de alcance (categoría no moda) o inexistente,2026-08-11
Ventas,VentaID=9000 ProductoID=6,Producto fuera de alcance (categoría no moda) o inexistente,2026-08-11
Ventas,VentaID=9001 ProductoID=7,Producto fuera de alcance (categoría no moda) o inexistente,2026-08-11
Ventas,VentaID=9007 ProductoID=6,Producto fuera de alcance (categoría no moda) o inexistente,2026-08-11
Ventas,VentaID=9008 ProductoID=7,Producto fuera de alcance (categoría no moda) o inexistente,2026-08-11
Ventas,VentaID=9014 ProductoID=6,Producto fuera de alcance (categoría no moda) o inexistente,2026-08-11
Ventas,VentaID=9015 ProductoID=7,Producto fuera de alcance (categoría no moda) o inexistente,2026-08-11
Ventas,VentaID=9021 ProductoID=6,Producto fuera de alcance (categoría no moda) o inexistente,2026-08-11
Ventas,VentaID=9022 ProductoID=7,Producto fuera de alcance (categoría no moda) o inexistente,2026-08-11
Ventas,VentaID=9028 ProductoID=6,Producto fuera de alcance (categoría no moda) o inexistente,2026-08-11
Ventas,VentaID=9029 ProductoID=7,Producto fuera de alcance (categoría no moda) o inexistente,2026-08-11
Ventas,VentaID=9035 ProductoID=6,Producto fuera de alcance (categoría no moda) o inexistente,2026-08-11
Ventas,VentaID=9036 ProductoID=7,Producto fuera de alcance (categoría no moda) o inexistente,2026-08-11
Ventas,VentaID=9042 ProductoID=6,Producto fuera de alcance (categoría no moda) o inexistente,2026-08-11
Ventas,VentaID=9043 ProductoID=7,Producto fuera de alcance (categoría no moda) o inexistente,2026-08-11
Ventas,VentaID=9049 ProductoID=6,Producto fuera de alcance (categoría no moda) o inexistente,2026-08-11
Ventas,VentaID=9050 ProductoID=7,Producto fuera de alcance (categoría no moda) o inexistente,2026-08-11
Ventas,VentaID=9056 ProductoID=6,Producto fuera de alcance (categoría no moda) o inexistente,2026-08-11
Ventas,VentaID=9057 ProductoID=7,Producto fuera de alcance (categoría no moda) o inexistente,2026-08-11
Ventas,VentaID=9063 ProductoID=6,Producto fuera de alcance (categoría no moda) o inexistente,2026-08-11
Ventas,VentaID=9064 ProductoID=7,Producto fuera de alcance (categoría no moda) o inexistente,2026-08-11
Ventas,VentaID=9070 ProductoID=6,Producto fuera de alcance (categoría no moda) o inexistente,2026-08-11
Ventas,VentaID=9071 ProductoID=7,Producto fuera de alcance (categoría no moda) o inexistente,2026-08-11
Ventas,VentaID=9077 ProductoID=6,Producto fuera de alcance (categoría no moda) o inexistente,2026-08-11
Ventas,VentaID=9078 ProductoID=7,Producto fuera de alcance (categoría no moda) o inexistente,2026-08-11
Ventas,VentaID=9084 ProductoID=6,Producto fuera de alcance (categoría no moda) o inexistente,2026-08-11
Ventas,VentaID=9085 ProductoID=7,Producto fuera de alcance (categoría no moda) o inexistente,2026-08-11
Ventas,VentaID=9091 ProductoID=6,Producto fuera de alcance (categoría no moda) o inexistente,2026-08-11
Ventas,VentaID=9092 ProductoID=7,Producto fuera de alcance (categoría no moda) o inexistente,2026-08-11
Ventas,VentaID=9098 ProductoID=6,Producto fuera de alcance (categoría no moda) o inexistente,2026-08-11
Ventas,VentaID=9099 ProductoID=7,Producto fuera de alcance (categoría no moda) o inexistente,2026-08-11
Ventas,VentaID=9105 ProductoID=6,Producto fuera de alcance (categoría no moda) o inexistente,2026-08-11
Ventas,VentaID=9106 ProductoID=7,Producto fuera de alcance (categoría no moda) o inexistente,2026-08-11
Ventas,VentaID=9112 ProductoID=6,Producto fuera de alcance (categoría no moda) o inexistente,2026-08-11
Ventas,VentaID=9113 ProductoID=7,Producto fuera de alcance (categoría no moda) o inexistente,2026-08-11
Ventas,VentaID=9119 ProductoID=6,Producto fuera de alcance (categoría no moda) o inexistente,2026-08-11
Ventas,VentaID=9120 ProductoID=7,Producto fuera de alcance (categoría no moda) o inexistente,2026-08-11
Ventas,VentaID=9126 ProductoID=6,Producto fuera de alcance (categoría no moda) o inexistente,2026-08-11
Ventas,VentaID=9127 ProductoID=7,Producto fuera de alcance (categoría no moda) o inexistente,2026-08-11
Ventas,VentaID=9133 ProductoID=6,Producto fuera de alcance (categoría no moda) o inexistente,2026-08-11
Ventas,VentaID=9134 ProductoID=7,Producto fuera de alcance (categoría no moda) o inexistente,2026-08-11
Ventas,VentaID=9140 ProductoID=6,Producto fuera de alcance (categoría no moda) o inexistente,2026-08-11
Ventas,VentaID=9141 ProductoID=7,Producto fuera de alcance (categoría no moda) o inexistente,2026-08-11
Ventas,VentaID=9147 ProductoID=6,Producto fuera de alcance (categoría no moda) o inexistente,2026-08-11
Ventas,VentaID=9148 ProductoID=7,Producto fuera de alcance (categoría no moda) o inexistente,2026-08-11
Ventas,VentaID=9154 ProductoID=6,Producto fuera de alcance (categoría no moda) o inexistente,2026-08-11
Ventas,VentaID=9155 ProductoID=7,Producto fuera de alcance (categoría no moda) o inexistente,2026-08-11
Ventas,VentaID=9161 ProductoID=6,Producto fuera de alcance (categoría no moda) o inexistente,2026-08-11
Ventas,VentaID=9162 ProductoID=7,Producto fuera de alcance (categoría no moda) o inexistente,2026-08-11
Ventas,VentaID=9168 ProductoID=6,Producto fuera de alcance (categoría no moda) o inexistente,2026-08-11
Ventas,VentaID=9169 ProductoID=7,Producto fuera de alcance (categoría no moda) o inexistente,2026-08-11
Ventas,VentaID=9175 ProductoID=6,Producto fuera de alcance (categoría no moda) o inexistente,2026-08-11
Ventas,VentaID=9176 ProductoID=7,Producto fuera de alcance (categoría no moda) o inexistente,2026-08-11
Ventas,VentaID=9182 ProductoID=6,Producto fuera de alcance (categoría no moda) o inexistente,2026-08-11
Ventas,VentaID=9183 ProductoID=7,Producto fuera de alcance (categoría no moda) o inexistente,2026-08-11
Ventas,VentaID=9189 ProductoID=6,Producto fuera de alcance (categoría no moda) o inexistente,2026-08-11
Ventas,VentaID=9190 ProductoID=7,Producto fuera de alcance (categoría no moda) o inexistente,2026-08-11
Ventas,VentaID=9196 ProductoID=6,Producto fuera de alcance (categoría no moda) o inexistente,2026-08-11
Ventas,VentaID=9197 ProductoID=7,Producto fuera de alcance (categoría no moda) o inexistente,2026-08-11
Ventas,VentaID=9203 ProductoID=6,Producto fuera de alcance (categoría no moda) o inexistente,2026-08-11
Ventas,VentaID=9204 ProductoID=7,Producto fuera de alcance (categoría no moda) o inexistente,2026-08-11
Ventas,VentaID=9210 ProductoID=6,Producto fuera de alcance (categoría no moda) o inexistente,2026-08-11
Ventas,VentaID=9211 ProductoID=7,Producto fuera de alcance (categoría no moda) o inexistente,2026-08-11
Ventas,VentaID=9217 ProductoID=6,Producto fuera de alcance (categoría no moda) o inexistente,2026-08-11
Ventas,VentaID=9218 ProductoID=7,Producto fuera de alcance (categoría no moda) o inexistente,2026-08-11
Ventas,VentaID=9224 ProductoID=6,Producto fuera de alcance (categoría no moda) o inexistente,2026-08-11
Ventas,VentaID=9225 ProductoID=7,Producto fuera de alcance (categoría no moda) o inexistente,2026-08-11
Ventas,VentaID=9231 ProductoID=6,Producto fuera de alcance (categoría no moda) o inexistente,2026-08-11
Ventas,VentaID=9232 ProductoID=7,Producto fuera de alcance (categoría no moda) o inexistente,2026-08-11
Ventas,VentaID=9238 ProductoID=6,Producto fuera de alcance (categoría no moda) o inexistente,2026-08-11
Ventas,VentaID=9239 ProductoID=7,Producto fuera de alcance (categoría no moda) o inexistente,2026-08-11
Ventas,VentaID=9245 ProductoID=6,Producto fuera de alcance (categoría no moda) o inexistente,2026-08-11
Ventas,VentaID=9246 ProductoID=7,Producto fuera de alcance (categoría no moda) o inexistente,2026-08-11
Ventas,VentaID=9252 ProductoID=6,Producto fuera de alcance (categoría no moda) o inexistente,2026-08-11
Ventas,VentaID=9253 ProductoID=7,Producto fuera de alcance (categoría no moda) o inexistente,2026-08-11
Ventas,VentaID=9259 ProductoID=6,Producto fuera de alcance (categoría no moda) o inexistente,2026-08-11
Ventas,VentaID=9260 ProductoID=7,Producto fuera de alcance (categoría no moda) o inexistente,2026-08-11
Ventas,VentaID=9266 ProductoID=6,Producto fuera de alcance (categoría no moda) o inexistente,2026-08-11
Ventas,VentaID=9267 ProductoID=7,Producto fuera de alcance (categoría no moda) o inexistente,2026-08-11
Ventas,VentaID=9273 ProductoID=6,Producto fuera de alcance (categoría no moda) o inexistente,2026-08-11
Ventas,VentaID=9274 ProductoID=7,Producto fuera de alcance (categoría no moda) o inexistente,2026-08-11
Ventas,VentaID=9280 ProductoID=6,Producto fuera de alcance (categoría no moda) o inexistente,2026-08-11
Ventas,VentaID=9281 ProductoID=7,Producto fuera de alcance (categoría no moda) o inexistente,2026-08-11
Ventas,VentaID=9287 ProductoID=6,Producto fuera de alcance (categoría no moda) o inexistente,2026-08-11
Ventas,VentaID=9288 ProductoID=7,Producto fuera de alcance (categoría no moda) o inexistente,2026-08-11
Ventas,VentaID=9294 ProductoID=6,Producto fuera de alcance (categoría no moda) o inexistente,2026-08-11
Ventas,VentaID=9295 ProductoID=7,Producto fuera de alcance (categoría no moda) o inexistente,2026-08-11
Ventas,VentaID=9301 ProductoID=6,Producto fuera de alcance (categoría no moda) o inexistente,2026-08-11
Ventas,VentaID=9302 ProductoID=7,Producto fuera de alcance (categoría no moda) o inexistente,2026-08-11
Ventas,VentaID=9308 ProductoID=6,Producto fuera de alcance (categoría no moda) o inexistente,2026-08-11
Ventas,VentaID=9309 ProductoID=7,Producto fuera de alcance (categoría no moda) o inexistente,2026-08-11
Ventas,VentaID=9315 ProductoID=6,Producto fuera de alcance (categoría no moda) o inexistente,2026-08-11
Ventas,VentaID=9316 ProductoID=7,Producto fuera de alcance (categoría no moda) o inexistente,2026-08-11
Ventas,VentaID=9322 ProductoID=6,Producto fuera de alcance (categoría no moda) o inexistente,2026-08-11
Ventas,VentaID=9323 ProductoID=7,Producto fuera de alcance (categoría no moda) o inexistente,2026-08-11
Ventas,VentaID=9329 ProductoID=6,Producto fuera de alcance (categoría no moda) o inexistente,2026-08-11
Ventas,VentaID=9330 ProductoID=7,Producto fuera de alcance (categoría no moda) o inexistente,2026-08-11
Ventas,VentaID=9336 ProductoID=6,Producto fuera de alcance (categoría no moda) o inexistente,2026-08-11
Ventas,VentaID=9337 ProductoID=7,Producto fuera de alcance (categoría no moda) o inexistente,2026-08-11
Ventas,VentaID=9343 ProductoID=6,Producto fuera de alcance (categoría no moda) o inexistente,2026-08-11
Ventas,VentaID=9344 ProductoID=7,Producto fuera de alcance (categoría no moda) o inexistente,2026-08-11
Ventas,VentaID=9350 ProductoID=6,Producto fuera de alcance (categoría no moda) o inexistente,2026-08-11
Ventas,VentaID=9351 ProductoID=7,Producto fuera de alcance (categoría no moda) o inexistente,2026-08-11
Ventas,VentaID=9357 ProductoID=6,Producto fuera de alcance (categoría no moda) o inexistente,2026-08-11
Ventas,VentaID=9358 ProductoID=7,Producto fuera de alcance (categoría no moda) o inexistente,2026-08-11
Ventas,VentaID=9364 ProductoID=6,Producto fuera de alcance (categoría no moda) o inexistente,2026-08-11
Ventas,VentaID=9365 ProductoID=7,Producto fuera de alcance (categoría no moda) o inexistente,2026-08-11
Ventas,VentaID=9371 ProductoID=6,Producto fuera de alcance (categoría no moda) o inexistente,2026-08-11
Ventas,VentaID=9372 ProductoID=7,Producto fuera de alcance (categoría no moda) o inexistente,2026-08-11
Ventas,VentaID=9378 ProductoID=6,Producto fuera de alcance (categoría no moda) o inexistente,2026-08-11
Ventas,VentaID=9379 ProductoID=7,Producto fuera de alcance (categoría no moda) o inexistente,2026-08-11
Ventas,VentaID=9385 ProductoID=6,Producto fuera de alcance (categoría no moda) o inexistente,2026-08-11
Ventas,VentaID=9386 ProductoID=7,Producto fuera de alcance (categoría no moda) o inexistente,2026-08-11
Ventas,VentaID=9392 ProductoID=6,Producto fuera de alcance (categoría no moda) o inexistente,2026-08-11
Ventas,VentaID=9393 ProductoID=7,Producto fuera de alcance (categoría no moda) o inexistente,2026-08-11
Ventas,VentaID=9399 ProductoID=6,Producto fuera de alcance (categoría no moda) o inexistente,2026-08-11
Ventas,VentaID=9400 ProductoID=7,Producto fuera de alcance (categoría no moda) o inexistente,2026-08-11
Ventas,VentaID=9406 ProductoID=6,Producto fuera de alcance (categoría no moda) o inexistente,2026-08-11
Ventas,VentaID=9407 ProductoID=7,Producto fuera de alcance (categoría no moda) o inexistente,2026-08-11
Ventas,VentaID=9413 ProductoID=6,Producto fuera de alcance (categoría no moda) o inexistente,2026-08-11
Ventas,VentaID=9414 ProductoID=7,Producto fuera de alcance (categoría no moda) o inexistente,2026-08-11
Ventas,VentaID=9420 ProductoID=6,Producto fuera de alcance (categoría no moda) o inexistente,2026-08-11
Ventas,VentaID=9421 ProductoID=7,Producto fuera de alcance (categoría no moda) o inexistente,2026-08-11
Ventas,VentaID=9427 ProductoID=6,Producto fuera de alcance (categoría no moda) o inexistente,2026-08-11
Ventas,VentaID=9428 ProductoID=7,Producto fuera de alcance (categoría no moda) o inexistente,2026-08-11
Ventas,VentaID=9434 ProductoID=6,Producto fuera de alcance (categoría no moda) o inexistente,2026-08-11
Ventas,VentaID=9435 ProductoID=7,Producto fuera de alcance (categoría no moda) o inexistente,2026-08-11
Ventas,VentaID=9441 ProductoID=6,Producto fuera de alcance (categoría no moda) o inexistente,2026-08-11
Ventas,VentaID=9442 ProductoID=7,Producto fuera de alcance (categoría no moda) o inexistente,2026-08-11
Ventas,VentaID=9448 ProductoID=6,Producto fuera de alcance (categoría no moda) o inexistente,2026-08-11
Ventas,VentaID=9449 ProductoID=7,Producto fuera de alcance (categoría no moda) o inexistente,2026-08-11
Ventas,VentaID=9455 ProductoID=6,Producto fuera de alcance (categoría no moda) o inexistente,2026-08-11
Ventas,VentaID=9456 ProductoID=7,Producto fuera de alcance (categoría no moda) o inexistente,2026-08-11
Ventas,VentaID=9462 ProductoID=6,Producto fuera de alcance (categoría no moda) o inexistente,2026-08-11
Ventas,VentaID=9463 ProductoID=7,Producto fuera de alcance (categoría no moda) o inexistente,2026-08-11
Ventas,VentaID=9469 ProductoID=6,Producto fuera de alcance (categoría no moda) o inexistente,2026-08-11
Ventas,VentaID=9470 ProductoID=7,Producto fuera de alcance (categoría no moda) o inexistente,2026-08-11
Ventas,VentaID=9476 ProductoID=6,Producto fuera de alcance (categoría no moda) o inexistente,2026-08-11
Ventas,VentaID=9477 ProductoID=7,Producto fuera de alcance (categoría no moda) o inexistente,2026-08-11
Ventas,VentaID=9483 ProductoID=6,Producto fuera de alcance (categoría no moda) o inexistente,2026-08-11
Ventas,VentaID=9484 ProductoID=7,Producto fuera de alcance (categoría no moda) o inexistente,2026-08-11
Ventas,VentaID=9490 ProductoID=6,Producto fuera de alcance (categoría no moda) o inexistente,2026-08-11
Ventas,VentaID=9491 ProductoID=7,Producto fuera de alcance (categoría no moda) o inexistente,2026-08-11
Ventas,VentaID=9497 ProductoID=6,Producto fuera de alcance (categoría no moda) o inexistente,2026-08-11
Ventas,VentaID=9498 ProductoID=7,Producto fuera de alcance (categoría no moda) o inexistente,2026-08-11
Ventas,VentaID=9504 ProductoID=6,Producto fuera de alcance (categoría no moda) o inexistente,2026-08-11
Ventas,VentaID=9505 ProductoID=7,Producto fuera de alcance (categoría no moda) o inexistente,2026-08-11
Ventas,VentaID=9511 ProductoID=6,Producto fuera de alcance (categoría no moda) o inexistente,2026-08-11
Ventas,VentaID=9512 ProductoID=7,Producto fuera de alcance (categoría no moda) o inexistente,2026-08-11
Ventas,VentaID=9518 ProductoID=6,Producto fuera de alcance (categoría no moda) o inexistente,2026-08-11
Ventas,VentaID=9519 ProductoID=7,Producto fuera de alcance (categoría no moda) o inexistente,2026-08-11
Ventas,VentaID=9525 ProductoID=6,Producto fuera de alcance (categoría no moda) o inexistente,2026-08-11
Ventas,VentaID=9526 ProductoID=7,Producto fuera de alcance (categoría no moda) o inexistente,2026-08-11
Ventas,VentaID=9532 ProductoID=6,Producto fuera de alcance (categoría no moda) o inexistente,2026-08-11
Ventas,VentaID=9533 ProductoID=7,Producto fuera de alcance (categoría no moda) o inexistente,2026-08-11
Ventas,VentaID=9539 ProductoID=6,Producto fuera de alcance (categoría no moda) o inexistente,2026-08-11
Ventas,VentaID=9540 ProductoID=7,Producto fuera de alcance (categoría no moda) o inexistente,2026-08-11
Ventas,VentaID=9546 ProductoID=6,Producto fuera de alcance (categoría no moda) o inexistente,2026-08-11
Ventas,VentaID=9547 ProductoID=7,Producto fuera de alcance (categoría no moda) o inexistente,2026-08-11
Ventas,VentaID=9553 ProductoID=6,Producto fuera de alcance (categoría no moda) o inexistente,2026-08-11
Ventas,VentaID=9554 ProductoID=7,Producto fuera de alcance (categoría no moda) o inexistente,2026-08-11
Ventas,VentaID=9560 ProductoID=6,Producto fuera de alcance (categoría no moda) o inexistente,2026-08-11
Ventas,VentaID=9561 ProductoID=7,Producto fuera de alcance (categoría no moda) o inexistente,2026-08-11
Ventas,VentaID=9567 ProductoID=6,Producto fuera de alcance (categoría no moda) o inexistente,2026-08-11
Ventas,VentaID=9568 ProductoID=7,Producto fuera de alcance (categoría no moda) o inexistente,2026-08-11
Ventas,VentaID=9574 ProductoID=6,Producto fuera de alcance (categoría no moda) o inexistente,2026-08-11
Ventas,VentaID=9575 ProductoID=7,Producto fuera de alcance (categoría no moda) o inexistente,2026-08-11
Ventas,VentaID=9581 ProductoID=6,Producto fuera de alcance (categoría no moda) o inexistente,2026-08-11
Ventas,VentaID=9582 ProductoID=7,Producto fuera de alcance (categoría no moda) o inexistente,2026-08-11
Ventas,VentaID=9588 ProductoID=6,Producto fuera de alcance (categoría no moda) o inexistente,2026-08-11
Ventas,VentaID=9589 ProductoID=7,Producto fuera de alcance (categoría no moda) o inexistente,2026-08-11
Ventas,VentaID=9595 ProductoID=6,Producto fuera de alcance (categoría no moda) o inexistente,2026-08-11
Ventas,VentaID=9596 ProductoID=7,Producto fuera de alcance (categoría no moda) o inexistente,2026-08-11
Ventas,VentaID=9602 ProductoID=6,Producto fuera de alcance (categoría no moda) o inexistente,2026-08-11
Ventas,VentaID=9603 ProductoID=7,Producto fuera de alcance (categoría no moda) o inexistente,2026-08-11
Ventas,VentaID=9609 ProductoID=6,Producto fuera de alcance (categoría no moda) o inexistente,2026-08-11
Ventas,VentaID=9610 ProductoID=7,Producto fuera de alcance (categoría no moda) o inexistente,2026-08-11
Ventas,VentaID=9616 ProductoID=6,Producto fuera de alcance (categoría no moda) o inexistente,2026-08-11
Ventas,VentaID=9617 ProductoID=7,Producto fuera de alcance (categoría no moda) o inexistente,2026-08-11
Ventas,VentaID=9623 ProductoID=6,Producto fuera de alcance (categoría no moda) o inexistente,2026-08-11
Ventas,VentaID=9624 ProductoID=7,Producto fuera de alcance (categoría no moda) o inexistente,2026-08-11
Ventas,VentaID=9630 ProductoID=6,Producto fuera de alcance (categoría no moda) o inexistente,2026-08-11
Ventas,VentaID=9631 ProductoID=7,Producto fuera de alcance (categoría no moda) o inexistente,2026-08-11
Ventas,VentaID=9637 ProductoID=6,Producto fuera de alcance (categoría no moda) o inexistente,2026-08-11
Ventas,VentaID=9638 ProductoID=7,Producto fuera de alcance (categoría no moda) o inexistente,2026-08-11
Ventas,VentaID=9644 ProductoID=6,Producto fuera de alcance (categoría no moda) o inexistente,2026-08-11
Ventas,VentaID=9645 ProductoID=7,Producto fuera de alcance (categoría no moda) o inexistente,2026-08-11
Ventas,VentaID=9651 ProductoID=6,Producto fuera de alcance (categoría no moda) o inexistente,2026-08-11
Ventas,VentaID=9652 ProductoID=7,Producto fuera de alcance (categoría no moda) o inexistente,2026-08-11
Ventas,VentaID=9658 ProductoID=6,Producto fuera de alcance (categoría no moda) o inexistente,2026-08-11
Ventas,VentaID=9659 ProductoID=7,Producto fuera de alcance (categoría no moda) o inexistente,2026-08-11
Ventas,VentaID=9665 ProductoID=6,Producto fuera de alcance (categoría no moda) o inexistente,2026-08-11
Ventas,VentaID=9666 ProductoID=7,Producto fuera de alcance (categoría no moda) o inexistente,2026-08-11
Ventas,VentaID=9672 ProductoID=6,Producto fuera de alcance (categoría no moda) o inexistente,2026-08-11
Ventas,VentaID=9673 ProductoID=7,Producto fuera de alcance (categoría no moda) o inexistente,2026-08-11
Ventas,VentaID=9679 ProductoID=6,Producto fuera de alcance (categoría no moda) o inexistente,2026-08-11
Ventas,VentaID=9680 ProductoID=7,Producto fuera de alcance (categoría no moda) o inexistente,2026-08-11
Ventas,VentaID=9686 ProductoID=6,Producto fuera de alcance (categoría no moda) o inexistente,2026-08-11
Ventas,VentaID=9687 ProductoID=7,Producto fuera de alcance (categoría no moda) o inexistente,2026-08-11
Ventas,VentaID=9693 ProductoID=6,Producto fuera de alcance (categoría no moda) o inexistente,2026-08-11
Ventas,VentaID=9694 ProductoID=7,Producto fuera de alcance (categoría no moda) o inexistente,2026-08-11
Ventas,VentaID=9700 ProductoID=6,Producto fuera de alcance (categoría no moda) o inexistente,2026-08-11
Ventas,VentaID=9701 ProductoID=7,Producto fuera de alcance (categoría no moda) o inexistente,2026-08-11
Ventas,VentaID=9707 ProductoID=6,Producto fuera de alcance (categoría no moda) o inexistente,2026-08-11
Ventas,VentaID=9708 ProductoID=7,Producto fuera de alcance (categoría no moda) o inexistente,2026-08-11
Ventas,VentaID=9714 ProductoID=6,Producto fuera de alcance (categoría no moda) o inexistente,2026-08-11
Ventas,VentaID=9715 ProductoID=7,Producto fuera de alcance (categoría no moda) o inexistente,2026-08-11
Ventas,VentaID=9721 ProductoID=6,Producto fuera de alcance (categoría no moda) o inexistente,2026-08-11
Ventas,VentaID=9722 ProductoID=7,Producto fuera de alcance (categoría no moda) o inexistente,2026-08-11
Ventas,VentaID=9728 ProductoID=6,Producto fuera de alcance (categoría no moda) o inexistente,2026-08-11
Ventas,VentaID=9729 ProductoID=7,Producto fuera de alcance (categoría no moda) o inexistente,2026-08-11
Ventas,VentaID=9735 ProductoID=6,Producto fuera de alcance (categoría no moda) o inexistente,2026-08-11
Ventas,VentaID=9736 ProductoID=7,Producto fuera de alcance (categoría no moda) o inexistente,2026-08-11
Ventas,VentaID=9742 ProductoID=6,Producto fuera de alcance (categoría no moda) o inexistente,2026-08-11
Ventas,VentaID=9743 ProductoID=7,Producto fuera de alcance (categoría no moda) o inexistente,2026-08-11
Ventas,VentaID=9749 ProductoID=6,Producto fuera de alcance (categoría no moda) o inexistente,2026-08-11
Ventas,VentaID=9750 ProductoID=7,Producto fuera de alcance (categoría no moda) o inexistente,2026-08-11
Ventas,VentaID=9756 ProductoID=6,Producto fuera de alcance (categoría no moda) o inexistente,2026-08-11
Ventas,VentaID=9757 ProductoID=7,Producto fuera de alcance (categoría no moda) o inexistente,2026-08-11
Ventas,VentaID=9763 ProductoID=6,Producto fuera de alcance (categoría no moda) o inexistente,2026-08-11
Ventas,VentaID=9764 ProductoID=7,Producto fuera de alcance (categoría no moda) o inexistente,2026-08-11
Ventas,VentaID=9770 ProductoID=6,Producto fuera de alcance (categoría no moda) o inexistente,2026-08-11
Ventas,VentaID=9771 ProductoID=7,Producto fuera de alcance (categoría no moda) o inexistente,2026-08-11
Ventas,VentaID=9777 ProductoID=6,Producto fuera de alcance (categoría no moda) o inexistente,2026-08-11
Ventas,VentaID=9778 ProductoID=7,Producto fuera de alcance (categoría no moda) o inexistente,2026-08-11
Ventas,VentaID=9784 ProductoID=6,Producto fuera de alcance (categoría no moda) o inexistente,2026-08-11
Ventas,VentaID=9785 ProductoID=7,Producto fuera de alcance (categoría no moda) o inexistente,2026-08-11
Ventas,VentaID=9791 ProductoID=6,Producto fuera de alcance (categoría no moda) o inexistente,2026-08-11
Ventas,VentaID=9792 ProductoID=7,Producto fuera de alcance (categoría no moda) o inexistente,2026-08-11
Ventas,VentaID=9798 ProductoID=6,Producto fuera de alcance (categoría no moda) o inexistente,2026-08-11
Ventas,VentaID=9799 ProductoID=7,Producto fuera de alcance (categoría no moda) o inexistente,2026-08-11
Ventas,VentaID=9805 ProductoID=6,Producto fuera de alcance (categoría no moda) o inexistente,2026-08-11
Ventas,VentaID=9806 ProductoID=7,Producto fuera de alcance (categoría no moda) o inexistente,2026-08-11
Ventas,VentaID=9812 ProductoID=6,Producto fuera de alcance (categoría no moda) o inexistente,2026-08-11
Ventas,VentaID=9813 ProductoID=7,Producto fuera de alcance (categoría no moda) o inexistente,2026-08-11
Ventas,VentaID=9819 ProductoID=6,Producto fuera de alcance (categoría no moda) o inexistente,2026-08-11
Ventas,VentaID=9820 ProductoID=7,Producto fuera de alcance (categoría no moda) o inexistente,2026-08-11
Ventas,VentaID=9826 ProductoID=6,Producto fuera de alcance (categoría no moda) o inexistente,2026-08-11
Ventas,VentaID=9827 ProductoID=7,Producto fuera de alcance (categoría no moda) o inexistente,2026-08-11
Ventas,VentaID=9833 ProductoID=6,Producto fuera de alcance (categoría no moda) o inexistente,2026-08-11
Ventas,VentaID=9834 ProductoID=7,Producto fuera de alcance (categoría no moda) o inexistente,2026-08-11
Ventas,VentaID=9840 ProductoID=6,Producto fuera de alcance (categoría no moda) o inexistente,2026-08-11
Ventas,VentaID=9841 ProductoID=7,Producto fuera de alcance (categoría no moda) o inexistente,2026-08-11
Ventas,VentaID=9847 ProductoID=6,Producto fuera de alcance (categoría no moda) o inexistente,2026-08-11
Ventas,VentaID=9848 ProductoID=7,Producto fuera de alcance (categoría no moda) o inexistente,2026-08-11
Ventas,VentaID=9854 ProductoID=6,Producto fuera de alcance (categoría no moda) o inexistente,2026-08-11
Ventas,VentaID=9855 ProductoID=7,Producto fuera de alcance (categoría no moda) o inexistente,2026-08-11
Ventas,VentaID=9861 ProductoID=6,Producto fuera de alcance (categoría no moda) o inexistente,2026-08-11
Ventas,VentaID=9862 ProductoID=7,Producto fuera de alcance (categoría no moda) o inexistente,2026-08-11
Ventas,VentaID=9868 ProductoID=6,Producto fuera de alcance (categoría no moda) o inexistente,2026-08-11
Ventas,VentaID=9869 ProductoID=7,Producto fuera de alcance (categoría no moda) o inexistente,2026-08-11
Ventas,VentaID=9875 ProductoID=6,Producto fuera de alcance (categoría no moda) o inexistente,2026-08-11
Ventas,VentaID=9876 ProductoID=7,Producto fuera de alcance (categoría no moda) o inexistente,2026-08-11
Ventas,VentaID=9882 ProductoID=6,Producto fuera de alcance (categoría no moda) o inexistente,2026-08-11
Ventas,VentaID=9883 ProductoID=7,Producto fuera de alcance (categoría no moda) o inexistente,2026-08-11
Ventas,VentaID=9889 ProductoID=6,Producto fuera de alcance (categoría no moda) o inexistente,2026-08-11
Ventas,VentaID=9890 ProductoID=7,Producto fuera de alcance (categoría no moda) o inexistente,2026-08-11
Ventas,VentaID=9896 ProductoID=6,Producto fuera de alcance (categoría no moda) o inexistente,2026-08-11
Ventas,VentaID=9897 ProductoID=7,Producto fuera de alcance (categoría no moda) o inexistente,2026-08-11
Ventas,VentaID=9903 ProductoID=6,Producto fuera de alcance (categoría no moda) o inexistente,2026-08-11
Ventas,VentaID=9904 ProductoID=7,Producto fuera de alcance (categoría no moda) o inexistente,2026-08-11
Ventas,VentaID=9910 ProductoID=6,Producto fuera de alcance (categoría no moda) o inexistente,2026-08-11
Ventas,VentaID=9911 ProductoID=7,Producto fuera de alcance (categoría no moda) o inexistente,2026-08-11
Ventas,VentaID=9917 ProductoID=6,Producto fuera de alcance (categoría no moda) o inexistente,2026-08-11
Ventas,VentaID=9918 ProductoID=7,Producto fuera de alcance (categoría no moda) o inexistente,2026-08-11
Ventas,VentaID=9924 ProductoID=6,Producto fuera de alcance (categoría no moda) o inexistente,2026-08-11
Ventas,VentaID=9925 ProductoID=7,Producto fuera de alcance (categoría no moda) o inexistente,2026-08-11
Ventas,VentaID=9931 ProductoID=6,Producto fuera de alcance (categoría no moda) o inexistente,2026-08-11
Ventas,VentaID=9932 ProductoID=7,Producto fuera de alcance (categoría no moda) o inexistente,2026-08-11
Ventas,VentaID=9938 ProductoID=6,Producto fuera de alcance (categoría no moda) o inexistente,2026-08-11
Ventas,VentaID=9939 ProductoID=7,Producto fuera de alcance (categoría no moda) o inexistente,2026-08-11
Ventas,VentaID=9945 ProductoID=6,Producto fuera de alcance (categoría no moda) o inexistente,2026-08-11
Ventas,VentaID=9946 ProductoID=7,Producto fuera de alcance (categoría no moda) o inexistente,2026-08-11
Ventas,VentaID=9952 ProductoID=6,Producto fuera de alcance (categoría no moda) o inexistente,2026-08-11
Ventas,VentaID=9953 ProductoID=7,Producto fuera de alcance (categoría no moda) o inexistente,2026-08-11
Ventas,VentaID=9959 ProductoID=6,Producto fuera de alcance (categoría no moda) o inexistente,2026-08-11
Ventas,VentaID=9960 ProductoID=7,Producto fuera de alcance (categoría no moda) o inexistente,2026-08-11
Ventas,VentaID=9966 ProductoID=6,Producto fuera de alcance (categoría no moda) o inexistente,2026-08-11
Ventas,VentaID=9967 ProductoID=7,Producto fuera de alcance (categoría no moda) o inexistente,2026-08-11
Ventas,VentaID=9973 ProductoID=6,Producto fuera de alcance (categoría no moda) o inexistente,2026-08-11
Ventas,VentaID=9974 ProductoID=7,Producto fuera de alcance (categoría no moda) o inexistente,2026-08-11
Ventas,VentaID=9980 ProductoID=6,Producto fuera de alcance (categoría no moda) o inexistente,2026-08-11
Ventas,VentaID=9981 ProductoID=7,Producto fuera de alcance (categoría no moda) o inexistente,2026-08-11
Ventas,VentaID=9987 ProductoID=6,Producto fuera de alcance (categoría no moda) o inexistente,2026-08-11
Ventas,VentaID=9988 ProductoID=7,Producto fuera de alcance (categoría no moda) o inexistente,2026-08-11
Ventas,VentaID=9994 ProductoID=6,Producto fuera de alcance (categoría no moda) o inexistente,2026-08-11
Ventas,VentaID=9995 ProductoID=7,Producto fuera de alcance (categoría no moda) o inexistente,2026-08-11
Ventas,VentaID=2 ClienteID=3,Cliente en cuarentena (RF-01) o inexistente,2026-08-11
Ventas,VentaID=3 ClienteID=4,Cliente en cuarentena (RF-01) o inexistente,2026-08-11
Ventas,VentaID=6 ClienteID=7,Cliente en cuarentena (RF-01) o inexistente,2026-08-11
Ventas,VentaID=9 ClienteID=3,Cliente en cuarentena (RF-01) o inexistente,2026-08-11
Ventas,VentaID=10 ClienteID=4,Cliente en cuarentena (RF-01) o inexistente,2026-08-11
Ventas,VentaID=13 ClienteID=7,Cliente en cuarentena (RF-01) o inexistente,2026-08-11
Ventas,VentaID=16 ClienteID=3,Cliente en cuarentena (RF-01) o inexistente,2026-08-11
Ventas,VentaID=17 ClienteID=4,Cliente en cuarentena (RF-01) o inexistente,2026-08-11
Ventas,VentaID=20 ClienteID=7,Cliente en cuarentena (RF-01) o inexistente,2026-08-11
Ventas,VentaID=23 ClienteID=3,Cliente en cuarentena (RF-01) o inexistente,2026-08-11
Ventas,VentaID=24 ClienteID=4,Cliente en cuarentena (RF-01) o inexistente,2026-08-11
Ventas,VentaID=27 ClienteID=7,Cliente en cuarentena (RF-01) o inexistente,2026-08-11
Ventas,VentaID=30 ClienteID=3,Cliente en cuarentena (RF-01) o inexistente,2026-08-11
Ventas,VentaID=31 ClienteID=4,Cliente en cuarentena (RF-01) o inexistente,2026-08-11
Ventas,VentaID=34 ClienteID=7,Cliente en cuarentena (RF-01) o inexistente,2026-08-11
Ventas,VentaID=37 ClienteID=3,Cliente en cuarentena (RF-01) o inexistente,2026-08-11
Ventas,VentaID=38 ClienteID=4,Cliente en cuarentena (RF-01) o inexistente,2026-08-11
Ventas,VentaID=41 ClienteID=7,Cliente en cuarentena (RF-01) o inexistente,2026-08-11
Ventas,VentaID=44 ClienteID=3,Cliente en cuarentena (RF-01) o inexistente,2026-08-11
Ventas,VentaID=45 ClienteID=4,Cliente en cuarentena (RF-01) o inexistente,2026-08-11
Ventas,VentaID=48 ClienteID=7,Cliente en cuarentena (RF-01) o inexistente,2026-08-11
Ventas,VentaID=51 ClienteID=3,Cliente en cuarentena (RF-01) o inexistente,2026-08-11
Ventas,VentaID=52 ClienteID=4,Cliente en cuarentena (RF-01) o inexistente,2026-08-11
Ventas,VentaID=55 ClienteID=7,Cliente en cuarentena (RF-01) o inexistente,2026-08-11
Ventas,VentaID=58 ClienteID=3,Cliente en cuarentena (RF-01) o inexistente,2026-08-11
Ventas,VentaID=59 ClienteID=4,Cliente en cuarentena (RF-01) o inexistente,2026-08-11
Ventas,VentaID=62 ClienteID=7,Cliente en cuarentena (RF-01) o inexistente,2026-08-11
Ventas,VentaID=65 ClienteID=3,Cliente en cuarentena (RF-01) o inexistente,2026-08-11
Ventas,VentaID=66 ClienteID=4,Cliente en cuarentena (RF-01) o inexistente,2026-08-11
Ventas,VentaID=69 ClienteID=7,Cliente en cuarentena (RF-01) o inexistente,2026-08-11
Ventas,VentaID=72 ClienteID=3,Cliente en cuarentena (RF-01) o inexistente,2026-08-11
Ventas,VentaID=73 ClienteID=4,Cliente en cuarentena (RF-01) o inexistente,2026-08-11
Ventas,VentaID=76 ClienteID=7,Cliente en cuarentena (RF-01) o inexistente,2026-08-11
Ventas,VentaID=79 ClienteID=3,Cliente en cuarentena (RF-01) o inexistente,2026-08-11
Ventas,VentaID=80 ClienteID=4,Cliente en cuarentena (RF-01) o inexistente,2026-08-11
Ventas,VentaID=83 ClienteID=7,Cliente en cuarentena (RF-01) o inexistente,2026-08-11
Ventas,VentaID=86 ClienteID=3,Cliente en cuarentena (RF-01) o inexistente,2026-08-11
Ventas,VentaID=87 ClienteID=4,Cliente en cuarentena (RF-01) o inexistente,2026-08-11
Ventas,VentaID=90 ClienteID=7,Cliente en cuarentena (RF-01) o inexistente,2026-08-11
Ventas,VentaID=93 ClienteID=3,Cliente en cuarentena (RF-01) o inexistente,2026-08-11
Ventas,VentaID=94 ClienteID=4,Cliente en cuarentena (RF-01) o inexistente,2026-08-11
Ventas,VentaID=97 ClienteID=7,Cliente en cuarentena (RF-01) o inexistente,2026-08-11
Ventas,VentaID=100 ClienteID=3,Cliente en cuarentena (RF-01) o inexistente,2026-08-11
Ventas,VentaID=101 ClienteID=4,Cliente en cuarentena (RF-01) o inexistente,2026-08-11
Ventas,VentaID=104 ClienteID=7,Cliente en cuarentena (RF-01) o inexistente,2026-08-11
Ventas,VentaID=107 ClienteID=3,Cliente en cuarentena (RF-01) o inexistente,2026-08-11
Ventas,VentaID=108 ClienteID=4,Cliente en cuarentena (RF-01) o inexistente,2026-08-11
Ventas,VentaID=111 ClienteID=7,Cliente en cuarentena (RF-01) o inexistente,2026-08-11
Ventas,VentaID=114 ClienteID=3,Cliente en cuarentena (RF-01) o inexistente,2026-08-11
Ventas,VentaID=115 ClienteID=4,Cliente en cuarentena (RF-01) o inexistente,2026-08-11
Ventas,VentaID=118 ClienteID=7,Cliente en cuarentena (RF-01) o inexistente,2026-08-11
Ventas,VentaID=121 ClienteID=3,Cliente en cuarentena (RF-01) o inexistente,2026-08-11
Ventas,VentaID=122 ClienteID=4,Cliente en cuarentena (RF-01) o inexistente,2026-08-11
Ventas,VentaID=125 ClienteID=7,Cliente en cuarentena (RF-01) o inexistente,2026-08-11
Ventas,VentaID=128 ClienteID=3,Cliente en cuarentena (RF-01) o inexistente,2026-08-11
Ventas,VentaID=129 ClienteID=4,Cliente en cuarentena (RF-01) o inexistente,2026-08-11
Ventas,VentaID=132 ClienteID=7,Cliente en cuarentena (RF-01) o inexistente,2026-08-11
Ventas,VentaID=135 ClienteID=3,Cliente en cuarentena (RF-01) o inexistente,2026-08-11
Ventas,VentaID=136 ClienteID=4,Cliente en cuarentena (RF-01) o inexistente,2026-08-11
Ventas,VentaID=139 ClienteID=7,Cliente en cuarentena (RF-01) o inexistente,2026-08-11
Ventas,VentaID=142 ClienteID=3,Cliente en cuarentena (RF-01) o inexistente,2026-08-11
Ventas,VentaID=143 ClienteID=4,Cliente en cuarentena (RF-01) o inexistente,2026-08-11
Ventas,VentaID=146 ClienteID=7,Cliente en cuarentena (RF-01) o inexistente,2026-08-11
Ventas,VentaID=149 ClienteID=3,Cliente en cuarentena (RF-01) o inexistente,2026-08-11
Ventas,VentaID=150 ClienteID=4,Cliente en cuarentena (RF-01) o inexistente,2026-08-11
Ventas,VentaID=153 ClienteID=7,Cliente en cuarentena (RF-01) o inexistente,2026-08-11
Ventas,VentaID=156 ClienteID=3,Cliente en cuarentena (RF-01) o inexistente,2026-08-11
Ventas,VentaID=157 ClienteID=4,Cliente en cuarentena (RF-01) o inexistente,2026-08-11
Ventas,VentaID=160 ClienteID=7,Cliente en cuarentena (RF-01) o inexistente,2026-08-11
Ventas,VentaID=163 ClienteID=3,Cliente en cuarentena (RF-01) o inexistente,2026-08-11
Ventas,VentaID=164 ClienteID=4,Cliente en cuarentena (RF-01) o inexistente,2026-08-11
Ventas,VentaID=167 ClienteID=7,Cliente en cuarentena (RF-01) o inexistente,2026-08-11
Ventas,VentaID=170 ClienteID=3,Cliente en cuarentena (RF-01) o inexistente,2026-08-11
Ventas,VentaID=171 ClienteID=4,Cliente en cuarentena (RF-01) o inexistente,2026-08-11
Ventas,VentaID=174 ClienteID=7,Cliente en cuarentena (RF-01) o inexistente,2026-08-11
Ventas,VentaID=177 ClienteID=3,Cliente en cuarentena (RF-01) o inexistente,2026-08-11
Ventas,VentaID=178 ClienteID=4,Cliente en cuarentena (RF-01) o inexistente,2026-08-11
Ventas,VentaID=181 ClienteID=7,Cliente en cuarentena (RF-01) o inexistente,2026-08-11
Ventas,VentaID=184 ClienteID=3,Cliente en cuarentena (RF-01) o inexistente,2026-08-11
Ventas,VentaID=185 ClienteID=4,Cliente en cuarentena (RF-01) o inexistente,2026-08-11
Ventas,VentaID=188 ClienteID=7,Cliente en cuarentena (RF-01) o inexistente,2026-08-11
Ventas,VentaID=191 ClienteID=3,Cliente en cuarentena (RF-01) o inexistente,2026-08-11
Ventas,VentaID=192 ClienteID=4,Cliente en cuarentena (RF-01) o inexistente,2026-08-11
Ventas,VentaID=195 ClienteID=7,Cliente en cuarentena (RF-01) o inexistente,2026-08-11
Ventas,VentaID=198 ClienteID=3,Cliente en cuarentena (RF-01) o inexistente,2026-08-11
Ventas,VentaID=199 ClienteID=4,Cliente en cuarentena (RF-01) o inexistente,2026-08-11
Ventas,VentaID=202 ClienteID=7,Cliente en cuarentena (RF-01) o inexistente,2026-08-11
Ventas,VentaID=205 ClienteID=3,Cliente en cuarentena (RF-01) o inexistente,2026-08-11
Ventas,VentaID=206 ClienteID=4,Cliente en cuarentena (RF-01) o inexistente,2026-08-11
Ventas,VentaID=209 ClienteID=7,Cliente en cuarentena (RF-01) o inexistente,2026-08-11
Ventas,VentaID=212 ClienteID=3,Cliente en cuarentena (RF-01) o inexistente,2026-08-11
Ventas,VentaID=213 ClienteID=4,Cliente en cuarentena (RF-01) o inexistente,2026-08-11
Ventas,VentaID=216 ClienteID=7,Cliente en cuarentena (RF-01) o inexistente,2026-08-11
Ventas,VentaID=219 ClienteID=3,Cliente en cuarentena (RF-01) o inexistente,2026-08-11
Ventas,VentaID=220 ClienteID=4,Cliente en cuarentena (RF-01) o inexistente,2026-08-11
Ventas,VentaID=223 ClienteID=7,Cliente en cuarentena (RF-01) o inexistente,2026-08-11
Ventas,VentaID=226 ClienteID=3,Cliente en cuarentena (RF-01) o inexistente,2026-08-11
Ventas,VentaID=227 ClienteID=4,Cliente en cuarentena (RF-01) o inexistente,2026-08-11
Ventas,VentaID=230 ClienteID=7,Cliente en cuarentena (RF-01) o inexistente,2026-08-11
Ventas,VentaID=233 ClienteID=3,Cliente en cuarentena (RF-01) o inexistente,2026-08-11
Ventas,VentaID=234 ClienteID=4,Cliente en cuarentena (RF-01) o inexistente,2026-08-11
Ventas,VentaID=237 ClienteID=7,Cliente en cuarentena (RF-01) o inexistente,2026-08-11
Ventas,VentaID=240 ClienteID=3,Cliente en cuarentena (RF-01) o inexistente,2026-08-11
Ventas,VentaID=241 ClienteID=4,Cliente en cuarentena (RF-01) o inexistente,2026-08-11
Ventas,VentaID=244 ClienteID=7,Cliente en cuarentena (RF-01) o inexistente,2026-08-11
Ventas,VentaID=247 ClienteID=3,Cliente en cuarentena (RF-01) o inexistente,2026-08-11
Ventas,VentaID=248 ClienteID=4,Cliente en cuarentena (RF-01) o inexistente,2026-08-11
Ventas,VentaID=251 ClienteID=7,Cliente en cuarentena (RF-01) o inexistente,2026-08-11
Ventas,VentaID=254 ClienteID=3,Cliente en cuarentena (RF-01) o inexistente,2026-08-11
Ventas,VentaID=255 ClienteID=4,Cliente en cuarentena (RF-01) o inexistente,2026-08-11
Ventas,VentaID=258 ClienteID=7,Cliente en cuarentena (RF-01) o inexistente,2026-08-11
Ventas,VentaID=261 ClienteID=3,Cliente en cuarentena (RF-01) o inexistente,2026-08-11
Ventas,VentaID=262 ClienteID=4,Cliente en cuarentena (RF-01) o inexistente,2026-08-11
Ventas,VentaID=265 ClienteID=7,Cliente en cuarentena (RF-01) o inexistente,2026-08-11
Ventas,VentaID=268 ClienteID=3,Cliente en cuarentena (RF-01) o inexistente,2026-08-11
Ventas,VentaID=269 ClienteID=4,Cliente en cuarentena (RF-01) o inexistente,2026-08-11
Ventas,VentaID=272 ClienteID=7,Cliente en cuarentena (RF-01) o inexistente,2026-08-11
Ventas,VentaID=275 ClienteID=3,Cliente en cuarentena (RF-01) o inexistente,2026-08-11
Ventas,VentaID=276 ClienteID=4,Cliente en cuarentena (RF-01) o inexistente,2026-08-11
Ventas,VentaID=279 ClienteID=7,Cliente en cuarentena (RF-01) o inexistente,2026-08-11
Ventas,VentaID=282 ClienteID=3,Cliente en cuarentena (RF-01) o inexistente,2026-08-11
Ventas,VentaID=283 ClienteID=4,Cliente en cuarentena (RF-01) o inexistente,2026-08-11
Ventas,VentaID=286 ClienteID=7,Cliente en cuarentena (RF-01) o inexistente,2026-08-11
Ventas,VentaID=289 ClienteID=3,Cliente en cuarentena (RF-01) o inexistente,2026-08-11
Ventas,VentaID=290 ClienteID=4,Cliente en cuarentena (RF-01) o inexistente,2026-08-11
Ventas,VentaID=293 ClienteID=7,Cliente en cuarentena (RF-01) o inexistente,2026-08-11
Ventas,VentaID=296 ClienteID=3,Cliente en cuarentena (RF-01) o inexistente,2026-08-11
Ventas,VentaID=297 ClienteID=4,Cliente en cuarentena (RF-01) o inexistente,2026-08-11
Ventas,VentaID=300 ClienteID=7,Cliente en cuarentena (RF-01) o inexistente,2026-08-11
Ventas,VentaID=303 ClienteID=3,Cliente en cuarentena (RF-01) o inexistente,2026-08-11
Ventas,VentaID=304 ClienteID=4,Cliente en cuarentena (RF-01) o inexistente,2026-08-11
Ventas,VentaID=307 ClienteID=7,Cliente en cuarentena (RF-01) o inexistente,2026-08-11
Ventas,VentaID=310 ClienteID=3,Cliente en cuarentena (RF-01) o inexistente,2026-08-11
Ventas,VentaID=311 ClienteID=4,Cliente en cuarentena (RF-01) o inexistente,2026-08-11
Ventas,VentaID=314 ClienteID=7,Cliente en cuarentena (RF-01) o inexistente,2026-08-11
Ventas,VentaID=317 ClienteID=3,Cliente en cuarentena (RF-01) o inexistente,2026-08-11
Ventas,VentaID=318 ClienteID=4,Cliente en cuarentena (RF-01) o inexistente,2026-08-11
Ventas,VentaID=321 ClienteID=7,Cliente en cuarentena (RF-01) o inexistente,2026-08-11
Ventas,VentaID=324 ClienteID=3,Cliente en cuarentena (RF-01) o inexistente,2026-08-11
Ventas,VentaID=325 ClienteID=4,Cliente en cuarentena (RF-01) o inexistente,2026-08-11
Ventas,VentaID=328 ClienteID=7,Cliente en cuarentena (RF-01) o inexistente,2026-08-11
Ventas,VentaID=331 ClienteID=3,Cliente en cuarentena (RF-01) o inexistente,2026-08-11
Ventas,VentaID=332 ClienteID=4,Cliente en cuarentena (RF-01) o inexistente,2026-08-11
Ventas,VentaID=335 ClienteID=7,Cliente en cuarentena (RF-01) o inexistente,2026-08-11
Ventas,VentaID=338 ClienteID=3,Cliente en cuarentena (RF-01) o inexistente,2026-08-11
Ventas,VentaID=339 ClienteID=4,Cliente en cuarentena (RF-01) o inexistente,2026-08-11
Ventas,VentaID=342 ClienteID=7,Cliente en cuarentena (RF-01) o inexistente,2026-08-11
Ventas,VentaID=345 ClienteID=3,Cliente en cuarentena (RF-01) o inexistente,2026-08-11
Ventas,VentaID=346 ClienteID=4,Cliente en cuarentena (RF-01) o inexistente,2026-08-11
Ventas,VentaID=349 ClienteID=7,Cliente en cuarentena (RF-01) o inexistente,2026-08-11
Ventas,VentaID=352 ClienteID=3,Cliente en cuarentena (RF-01) o inexistente,2026-08-11
Ventas,VentaID=353 ClienteID=4,Cliente en cuarentena (RF-01) o inexistente,2026-08-11
Ventas,VentaID=356 ClienteID=7,Cliente en cuarentena (RF-01) o inexistente,2026-08-11
Ventas,VentaID=359 ClienteID=3,Cliente en cuarentena (RF-01) o inexistente,2026-08-11
Ventas,VentaID=360 ClienteID=4,Cliente en cuarentena (RF-01) o inexistente,2026-08-11
Ventas,VentaID=363 ClienteID=7,Cliente en cuarentena (RF-01) o inexistente,2026-08-11
Ventas,VentaID=366 ClienteID=3,Cliente en cuarentena (RF-01) o inexistente,2026-08-11
Ventas,VentaID=367 ClienteID=4,Cliente en cuarentena (RF-01) o inexistente,2026-08-11
Ventas,VentaID=370 ClienteID=7,Cliente en cuarentena (RF-01) o inexistente,2026-08-11
Ventas,VentaID=373 ClienteID=3,Cliente en cuarentena (RF-01) o inexistente,2026-08-11
Ventas,VentaID=374 ClienteID=4,Cliente en cuarentena (RF-01) o inexistente,2026-08-11
Ventas,VentaID=377 ClienteID=7,Cliente en cuarentena (RF-01) o inexistente,2026-08-11
Ventas,VentaID=380 ClienteID=3,Cliente en cuarentena (RF-01) o inexistente,2026-08-11
Ventas,VentaID=381 ClienteID=4,Cliente en cuarentena (RF-01) o inexistente,2026-08-11
Ventas,VentaID=384 ClienteID=7,Cliente en cuarentena (RF-01) o inexistente,2026-08-11
Ventas,VentaID=387 ClienteID=3,Cliente en cuarentena (RF-01) o inexistente,2026-08-11
Ventas,VentaID=388 ClienteID=4,Cliente en cuarentena (RF-01) o inexistente,2026-08-11
Ventas,VentaID=391 ClienteID=7,Cliente en cuarentena (RF-01) o inexistente,2026-08-11
Ventas,VentaID=394 ClienteID=3,Cliente en cuarentena (RF-01) o inexistente,2026-08-11
Ventas,VentaID=395 ClienteID=4,Cliente en cuarentena (RF-01) o inexistente,2026-08-11
Ventas,VentaID=398 ClienteID=7,Cliente en cuarentena (RF-01) o inexistente,2026-08-11
Ventas,VentaID=401 ClienteID=3,Cliente en cuarentena (RF-01) o inexistente,2026-08-11
Ventas,VentaID=402 ClienteID=4,Cliente en cuarentena (RF-01) o inexistente,2026-08-11
Ventas,VentaID=405 ClienteID=7,Cliente en cuarentena (RF-01) o inexistente,2026-08-11
Ventas,VentaID=408 ClienteID=3,Cliente en cuarentena (RF-01) o inexistente,2026-08-11
Ventas,VentaID=409 ClienteID=4,Cliente en cuarentena (RF-01) o inexistente,2026-08-11
Ventas,VentaID=412 ClienteID=7,Cliente en cuarentena (RF-01) o inexistente,2026-08-11
Ventas,VentaID=415 ClienteID=3,Cliente en cuarentena (RF-01) o inexistente,2026-08-11
Ventas,VentaID=416 ClienteID=4,Cliente en cuarentena (RF-01) o inexistente,2026-08-11
Ventas,VentaID=419 ClienteID=7,Cliente en cuarentena (RF-01) o inexistente,2026-08-11
Ventas,VentaID=422 ClienteID=3,Cliente en cuarentena (RF-01) o inexistente,2026-08-11
Ventas,VentaID=423 ClienteID=4,Cliente en cuarentena (RF-01) o inexistente,2026-08-11
Ventas,VentaID=426 ClienteID=7,Cliente en cuarentena (RF-01) o inexistente,2026-08-11
Ventas,VentaID=429 ClienteID=3,Cliente en cuarentena (RF-01) o inexistente,2026-08-11
Ventas,VentaID=430 ClienteID=4,Cliente en cuarentena (RF-01) o inexistente,2026-08-11
Ventas,VentaID=433 ClienteID=7,Cliente en cuarentena (RF-01) o inexistente,2026-08-11
Ventas,VentaID=436 ClienteID=3,Cliente en cuarentena (RF-01) o inexistente,2026-08-11
Ventas,VentaID=437 ClienteID=4,Cliente en cuarentena (RF-01) o inexistente,2026-08-11
Ventas,VentaID=440 ClienteID=7,Cliente en cuarentena (RF-01) o inexistente,2026-08-11
Ventas,VentaID=443 ClienteID=3,Cliente en cuarentena (RF-01) o inexistente,2026-08-11
Ventas,VentaID=444 ClienteID=4,Cliente en cuarentena (RF-01) o inexistente,2026-08-11
Ventas,VentaID=447 ClienteID=7,Cliente en cuarentena (RF-01) o inexistente,2026-08-11
Ventas,VentaID=450 ClienteID=3,Cliente en cuarentena (RF-01) o inexistente,2026-08-11
Ventas,VentaID=451 ClienteID=4,Cliente en cuarentena (RF-01) o inexistente,2026-08-11
Ventas,VentaID=454 ClienteID=7,Cliente en cuarentena (RF-01) o inexistente,2026-08-11
Ventas,VentaID=457 ClienteID=3,Cliente en cuarentena (RF-01) o inexistente,2026-08-11
Ventas,VentaID=458 ClienteID=4,Cliente en cuarentena (RF-01) o inexistente,2026-08-11
Ventas,VentaID=461 ClienteID=7,Cliente en cuarentena (RF-01) o inexistente,2026-08-11
Ventas,VentaID=464 ClienteID=3,Cliente en cuarentena (RF-01) o inexistente,2026-08-11
Ventas,VentaID=465 ClienteID=4,Cliente en cuarentena (RF-01) o inexistente,2026-08-11
Ventas,VentaID=468 ClienteID=7,Cliente en cuarentena (RF-01) o inexistente,2026-08-11
Ventas,VentaID=471 ClienteID=3,Cliente en cuarentena (RF-01) o inexistente,2026-08-11
Ventas,VentaID=472 ClienteID=4,Cliente en cuarentena (RF-01) o inexistente,2026-08-11
Ventas,VentaID=475 ClienteID=7,Cliente en cuarentena (RF-01) o inexistente,2026-08-11
Ventas,VentaID=478 ClienteID=3,Cliente en cuarentena (RF-01) o inexistente,2026-08-11
Ventas,VentaID=479 ClienteID=4,Cliente en cuarentena (RF-01) o inexistente,2026-08-11
Ventas,VentaID=482 ClienteID=7,Cliente en cuarentena (RF-01) o inexistente,2026-08-11
Ventas,VentaID=485 ClienteID=3,Cliente en cuarentena (RF-01) o inexistente,2026-08-11
Ventas,VentaID=486 ClienteID=4,Cliente en cuarentena (RF-01) o inexistente,2026-08-11
Ventas,VentaID=489 ClienteID=7,Cliente en cuarentena (RF-01) o inexistente,2026-08-11
Ventas,VentaID=492 ClienteID=3,Cliente en cuarentena (RF-01) o inexistente,2026-08-11
Ventas,VentaID=493 ClienteID=4,Cliente en cuarentena (RF-01) o inexistente,2026-08-11
Ventas,VentaID=496 ClienteID=7,Cliente en cuarentena (RF-01) o inexistente,2026-08-11
Ventas,VentaID=499 ClienteID=3,Cliente en cuarentena (RF-01) o inexistente,2026-08-11
Ventas,VentaID=500 ClienteID=4,Cliente en cuarentena (RF-01) o inexistente,2026-08-11
Ventas,VentaID=503 ClienteID=7,Cliente en cuarentena (RF-01) o inexistente,2026-08-11
Ventas,VentaID=506 ClienteID=3,Cliente en cuarentena (RF-01) o inexistente,2026-08-11
Ventas,VentaID=507 ClienteID=4,Cliente en cuarentena (RF-01) o inexistente,2026-08-11
Ventas,VentaID=510 ClienteID=7,Cliente en cuarentena (RF-01) o inexistente,2026-08-11
Ventas,VentaID=513 ClienteID=3,Cliente en cuarentena (RF-01) o inexistente,2026-08-11
Ventas,VentaID=514 ClienteID=4,Cliente en cuarentena (RF-01) o inexistente,2026-08-11
Ventas,VentaID=517 ClienteID=7,Cliente en cuarentena (RF-01) o inexistente,2026-08-11
Ventas,VentaID=520 ClienteID=3,Cliente en cuarentena (RF-01) o inexistente,2026-08-11
Ventas,VentaID=521 ClienteID=4,Cliente en cuarentena (RF-01) o inexistente,2026-08-11
Ventas,VentaID=524 ClienteID=7,Cliente en cuarentena (RF-01) o inexistente,2026-08-11
Ventas,VentaID=527 ClienteID=3,Cliente en cuarentena (RF-01) o inexistente,2026-08-11
Ventas,VentaID=528 ClienteID=4,Cliente en cuarentena (RF-01) o inexistente,2026-08-11
Ventas,VentaID=531 ClienteID=7,Cliente en cuarentena (RF-01) o inexistente,2026-08-11
Ventas,VentaID=534 ClienteID=3,Cliente en cuarentena (RF-01) o inexistente,2026-08-11
Ventas,VentaID=535 ClienteID=4,Cliente en cuarentena (RF-01) o inexistente,2026-08-11
Ventas,VentaID=538 ClienteID=7,Cliente en cuarentena (RF-01) o inexistente,2026-08-11
Ventas,VentaID=541 ClienteID=3,Cliente en cuarentena (RF-01) o inexistente,2026-08-11
Ventas,VentaID=542 ClienteID=4,Cliente en cuarentena (RF-01) o inexistente,2026-08-11
Ventas,VentaID=545 ClienteID=7,Cliente en cuarentena (RF-01) o inexistente,2026-08-11
Ventas,VentaID=548 ClienteID=3,Cliente en cuarentena (RF-01) o inexistente,2026-08-11
Ventas,VentaID=549 ClienteID=4,Cliente en cuarentena (RF-01) o inexistente,2026-08-11
Ventas,VentaID=552 ClienteID=7,Cliente en cuarentena (RF-01) o inexistente,2026-08-11
Ventas,VentaID=555 ClienteID=3,Cliente en cuarentena (RF-01) o inexistente,2026-08-11
Ventas,VentaID=556 ClienteID=4,Cliente en cuarentena (RF-01) o inexistente,2026-08-11
Ventas,VentaID=559 ClienteID=7,Cliente en cuarentena (RF-01) o inexistente,2026-08-11
Ventas,VentaID=562 ClienteID=3,Cliente en cuarentena (RF-01) o inexistente,2026-08-11
Ventas,VentaID=563 ClienteID=4,Cliente en cuarentena (RF-01) o inexistente,2026-08-11
Ventas,VentaID=566 ClienteID=7,Cliente en cuarentena (RF-01) o inexistente,2026-08-11
Ventas,VentaID=569 ClienteID=3,Cliente en cuarentena (RF-01) o inexistente,2026-08-11
Ventas,VentaID=570 ClienteID=4,Cliente en cuarentena (RF-01) o inexistente,2026-08-11
Ventas,VentaID=573 ClienteID=7,Cliente en cuarentena (RF-01) o inexistente,2026-08-11
Ventas,VentaID=576 ClienteID=3,Cliente en cuarentena (RF-01) o inexistente,2026-08-11
Ventas,VentaID=577 ClienteID=4,Cliente en cuarentena (RF-01) o inexistente,2026-08-11
Ventas,VentaID=580 ClienteID=7,Cliente en cuarentena (RF-01) o inexistente,2026-08-11
Ventas,VentaID=583 ClienteID=3,Cliente en cuarentena (RF-01) o inexistente,2026-08-11
Ventas,VentaID=584 ClienteID=4,Cliente en cuarentena (RF-01) o inexistente,2026-08-11
Ventas,VentaID=587 ClienteID=7,Cliente en cuarentena (RF-01) o inexistente,2026-08-11
Ventas,VentaID=590 ClienteID=3,Cliente en cuarentena (RF-01) o inexistente,2026-08-11
Ventas,VentaID=591 ClienteID=4,Cliente en cuarentena (RF-01) o inexistente,2026-08-11
Ventas,VentaID=594 ClienteID=7,Cliente en cuarentena (RF-01) o inexistente,2026-08-11
Ventas,VentaID=597 ClienteID=3,Cliente en cuarentena (RF-01) o inexistente,2026-08-11
Ventas,VentaID=598 ClienteID=4,Cliente en cuarentena (RF-01) o inexistente,2026-08-11
Ventas,VentaID=601 ClienteID=7,Cliente en cuarentena (RF-01) o inexistente,2026-08-11
Ventas,VentaID=604 ClienteID=3,Cliente en cuarentena (RF-01) o inexistente,2026-08-11
Ventas,VentaID=605 ClienteID=4,Cliente en cuarentena (RF-01) o inexistente,2026-08-11
Ventas,VentaID=608 ClienteID=7,Cliente en cuarentena (RF-01) o inexistente,2026-08-11
Ventas,VentaID=611 ClienteID=3,Cliente en cuarentena (RF-01) o inexistente,2026-08-11
Ventas,VentaID=612 ClienteID=4,Cliente en cuarentena (RF-01) o inexistente,2026-08-11
Ventas,VentaID=615 ClienteID=7,Cliente en cuarentena (RF-01) o inexistente,2026-08-11
Ventas,VentaID=618 ClienteID=3,Cliente en cuarentena (RF-01) o inexistente,2026-08-11
Ventas,VentaID=619 ClienteID=4,Cliente en cuarentena (RF-01) o inexistente,2026-08-11
Ventas,VentaID=622 ClienteID=7,Cliente en cuarentena (RF-01) o inexistente,2026-08-11
Ventas,VentaID=625 ClienteID=3,Cliente en cuarentena (RF-01) o inexistente,2026-08-11
Ventas,VentaID=626 ClienteID=4,Cliente en cuarentena (RF-01) o inexistente,2026-08-11
Ventas,VentaID=629 ClienteID=7,Cliente en cuarentena (RF-01) o inexistente,2026-08-11
Ventas,VentaID=632 ClienteID=3,Cliente en cuarentena (RF-01) o inexistente,2026-08-11
Ventas,VentaID=633 ClienteID=4,Cliente en cuarentena (RF-01) o inexistente,2026-08-11
Ventas,VentaID=636 ClienteID=7,Cliente en cuarentena (RF-01) o inexistente,2026-08-11
Ventas,VentaID=639 ClienteID=3,Cliente en cuarentena (RF-01) o inexistente,2026-08-11
Ventas,VentaID=640 ClienteID=4,Cliente en cuarentena (RF-01) o inexistente,2026-08-11
Ventas,VentaID=643 ClienteID=7,Cliente en cuarentena (RF-01) o inexistente,2026-08-11
Ventas,VentaID=646 ClienteID=3,Cliente en cuarentena (RF-01) o inexistente,2026-08-11
Ventas,VentaID=647 ClienteID=4,Cliente en cuarentena (RF-01) o inexistente,2026-08-11
Ventas,VentaID=650 ClienteID=7,Cliente en cuarentena (RF-01) o inexistente,2026-08-11
Ventas,VentaID=653 ClienteID=3,Cliente en cuarentena (RF-01) o inexistente,2026-08-11
Ventas,VentaID=654 ClienteID=4,Cliente en cuarentena (RF-01) o inexistente,2026-08-11
Ventas,VentaID=657 ClienteID=7,Cliente en cuarentena (RF-01) o inexistente,2026-08-11
Ventas,VentaID=660 ClienteID=3,Cliente en cuarentena (RF-01) o inexistente,2026-08-11
Ventas,VentaID=661 ClienteID=4,Cliente en cuarentena (RF-01) o inexistente,2026-08-11
Ventas,VentaID=664 ClienteID=7,Cliente en cuarentena (RF-01) o inexistente,2026-08-11
Ventas,VentaID=667 ClienteID=3,Cliente en cuarentena (RF-01) o inexistente,2026-08-11
Ventas,VentaID=668 ClienteID=4,Cliente en cuarentena (RF-01) o inexistente,2026-08-11
Ventas,VentaID=671 ClienteID=7,Cliente en cuarentena (RF-01) o inexistente,2026-08-11
Ventas,VentaID=674 ClienteID=3,Cliente en cuarentena (RF-01) o inexistente,2026-08-11
Ventas,VentaID=675 ClienteID=4,Cliente en cuarentena (RF-01) o inexistente,2026-08-11
Ventas,VentaID=678 ClienteID=7,Cliente en cuarentena (RF-01) o inexistente,2026-08-11
Ventas,VentaID=681 ClienteID=3,Cliente en cuarentena (RF-01) o inexistente,2026-08-11
Ventas,VentaID=682 ClienteID=4,Cliente en cuarentena (RF-01) o inexistente,2026-08-11
Ventas,VentaID=685 ClienteID=7,Cliente en cuarentena (RF-01) o inexistente,2026-08-11
Ventas,VentaID=688 ClienteID=3,Cliente en cuarentena (RF-01) o inexistente,2026-08-11
Ventas,VentaID=689 ClienteID=4,Cliente en cuarentena (RF-01) o inexistente,2026-08-11
Ventas,VentaID=692 ClienteID=7,Cliente en cuarentena (RF-01) o inexistente,2026-08-11
Ventas,VentaID=695 ClienteID=3,Cliente en cuarentena (RF-01) o inexistente,2026-08-11
Ventas,VentaID=696 ClienteID=4,Cliente en cuarentena (RF-01) o inexistente,2026-08-11
Ventas,VentaID=699 ClienteID=7,Cliente en cuarentena (RF-01) o inexistente,2026-08-11
Ventas,VentaID=702 ClienteID=3,Cliente en cuarentena (RF-01) o inexistente,2026-08-11
Ventas,VentaID=703 ClienteID=4,Cliente en cuarentena (RF-01) o inexistente,2026-08-11
Ventas,VentaID=706 ClienteID=7,Cliente en cuarentena (RF-01) o inexistente,2026-08-11
Ventas,VentaID=709 ClienteID=3,Cliente en cuarentena (RF-01) o inexistente,2026-08-11
Ventas,VentaID=710 ClienteID=4,Cliente en cuarentena (RF-01) o inexistente,2026-08-11
Ventas,VentaID=713 ClienteID=7,Cliente en cuarentena (RF-01) o inexistente,2026-08-11
Ventas,VentaID=716 ClienteID=3,Cliente en cuarentena (RF-01) o inexistente,2026-08-11
Ventas,VentaID=717 ClienteID=4,Cliente en cuarentena (RF-01) o inexistente,2026-08-11
Ventas,VentaID=720 ClienteID=7,Cliente en cuarentena (RF-01) o inexistente,2026-08-11
Ventas,VentaID=723 ClienteID=3,Cliente en cuarentena (RF-01) o inexistente,2026-08-11
Ventas,VentaID=724 ClienteID=4,Cliente en cuarentena (RF-01) o inexistente,2026-08-11
Ventas,VentaID=727 ClienteID=7,Cliente en cuarentena (RF-01) o inexistente,2026-08-11
Ventas,VentaID=730 ClienteID=3,Cliente en cuarentena (RF-01) o inexistente,2026-08-11
Ventas,VentaID=731 ClienteID=4,Cliente en cuarentena (RF-01) o inexistente,2026-08-11
Ventas,VentaID=734 ClienteID=7,Cliente en cuarentena (RF-01) o inexistente,2026-08-11
Ventas,VentaID=737 ClienteID=3,Cliente en cuarentena (RF-01) o inexistente,2026-08-11
Ventas,VentaID=738 ClienteID=4,Cliente en cuarentena (RF-01) o inexistente,2026-08-11
Ventas,VentaID=741 ClienteID=7,Cliente en cuarentena (RF-01) o inexistente,2026-08-11
Ventas,VentaID=744 ClienteID=3,Cliente en cuarentena (RF-01) o inexistente,2026-08-11
Ventas,VentaID=745 ClienteID=4,Cliente en cuarentena (RF-01) o inexistente,2026-08-11
Ventas,VentaID=748 ClienteID=7,Cliente en cuarentena (RF-01) o inexistente,2026-08-11
Ventas,VentaID=751 ClienteID=3,Cliente en cuarentena (RF-01) o inexistente,2026-08-11
Ventas,VentaID=752 ClienteID=4,Cliente en cuarentena (RF-01) o inexistente,2026-08-11
Ventas,VentaID=755 ClienteID=7,Cliente en cuarentena (RF-01) o inexistente,2026-08-11
Ventas,VentaID=758 ClienteID=3,Cliente en cuarentena (RF-01) o inexistente,2026-08-11
Ventas,VentaID=759 ClienteID=4,Cliente en cuarentena (RF-01) o inexistente,2026-08-11
Ventas,VentaID=762 ClienteID=7,Cliente en cuarentena (RF-01) o inexistente,2026-08-11
Ventas,VentaID=765 ClienteID=3,Cliente en cuarentena (RF-01) o inexistente,2026-08-11
Ventas,VentaID=766 ClienteID=4,Cliente en cuarentena (RF-01) o inexistente,2026-08-11
Ventas,VentaID=769 ClienteID=7,Cliente en cuarentena (RF-01) o inexistente,2026-08-11
Ventas,VentaID=772 ClienteID=3,Cliente en cuarentena (RF-01) o inexistente,2026-08-11
Ventas,VentaID=773 ClienteID=4,Cliente en cuarentena (RF-01) o inexistente,2026-08-11
Ventas,VentaID=776 ClienteID=7,Cliente en cuarentena (RF-01) o inexistente,2026-08-11
Ventas,VentaID=779 ClienteID=3,Cliente en cuarentena (RF-01) o inexistente,2026-08-11
Ventas,VentaID=780 ClienteID=4,Cliente en cuarentena (RF-01) o inexistente,2026-08-11
Ventas,VentaID=783 ClienteID=7,Cliente en cuarentena (RF-01) o inexistente,2026-08-11
Ventas,VentaID=786 ClienteID=3,Cliente en cuarentena (RF-01) o inexistente,2026-08-11
Ventas,VentaID=787 ClienteID=4,Cliente en cuarentena (RF-01) o inexistente,2026-08-11
Ventas,VentaID=790 ClienteID=7,Cliente en cuarentena (RF-01) o inexistente,2026-08-11
Ventas,VentaID=793 ClienteID=3,Cliente en cuarentena (RF-01) o inexistente,2026-08-11
Ventas,VentaID=794 ClienteID=4,Cliente en cuarentena (RF-01) o inexistente,2026-08-11
Ventas,VentaID=797 ClienteID=7,Cliente en cuarentena (RF-01) o inexistente,2026-08-11
Ventas,VentaID=800 ClienteID=3,Cliente en cuarentena (RF-01) o inexistente,2026-08-11
Ventas,VentaID=801 ClienteID=4,Cliente en cuarentena (RF-01) o inexistente,2026-08-11
Ventas,VentaID=804 ClienteID=7,Cliente en cuarentena (RF-01) o inexistente,2026-08-11
Ventas,VentaID=807 ClienteID=3,Cliente en cuarentena (RF-01) o inexistente,2026-08-11
Ventas,VentaID=808 ClienteID=4,Cliente en cuarentena (RF-01) o inexistente,2026-08-11
Ventas,VentaID=811 ClienteID=7,Cliente en cuarentena (RF-01) o inexistente,2026-08-11
Ventas,VentaID=814 ClienteID=3,Cliente en cuarentena (RF-01) o inexistente,2026-08-11
Ventas,VentaID=815 ClienteID=4,Cliente en cuarentena (RF-01) o inexistente,2026-08-11
Ventas,VentaID=818 ClienteID=7,Cliente en cuarentena (RF-01) o inexistente,2026-08-11
Ventas,VentaID=821 ClienteID=3,Cliente en cuarentena (RF-01) o inexistente,2026-08-11
Ventas,VentaID=822 ClienteID=4,Cliente en cuarentena (RF-01) o inexistente,2026-08-11
Ventas,VentaID=825 ClienteID=7,Cliente en cuarentena (RF-01) o inexistente,2026-08-11
Ventas,VentaID=828 ClienteID=3,Cliente en cuarentena (RF-01) o inexistente,2026-08-11
Ventas,VentaID=829 ClienteID=4,Cliente en cuarentena (RF-01) o inexistente,2026-08-11
Ventas,VentaID=832 ClienteID=7,Cliente en cuarentena (RF-01) o inexistente,2026-08-11
Ventas,VentaID=835 ClienteID=3,Cliente en cuarentena (RF-01) o inexistente,2026-08-11
Ventas,VentaID=836 ClienteID=4,Cliente en cuarentena (RF-01) o inexistente,2026-08-11
Ventas,VentaID=839 ClienteID=7,Cliente en cuarentena (RF-01) o inexistente,2026-08-11
Ventas,VentaID=842 ClienteID=3,Cliente en cuarentena (RF-01) o inexistente,2026-08-11
Ventas,VentaID=843 ClienteID=4,Cliente en cuarentena (RF-01) o inexistente,2026-08-11
Ventas,VentaID=846 ClienteID=7,Cliente en cuarentena (RF-01) o inexistente,2026-08-11
Ventas,VentaID=849 ClienteID=3,Cliente en cuarentena (RF-01) o inexistente,2026-08-11
Ventas,VentaID=850 ClienteID=4,Cliente en cuarentena (RF-01) o inexistente,2026-08-11
Ventas,VentaID=853 ClienteID=7,Cliente en cuarentena (RF-01) o inexistente,2026-08-11
Ventas,VentaID=856 ClienteID=3,Cliente en cuarentena (RF-01) o inexistente,2026-08-11
Ventas,VentaID=857 ClienteID=4,Cliente en cuarentena (RF-01) o inexistente,2026-08-11
Ventas,VentaID=860 ClienteID=7,Cliente en cuarentena (RF-01) o inexistente,2026-08-11
Ventas,VentaID=863 ClienteID=3,Cliente en cuarentena (RF-01) o inexistente,2026-08-11
Ventas,VentaID=864 ClienteID=4,Cliente en cuarentena (RF-01) o inexistente,2026-08-11
Ventas,VentaID=867 ClienteID=7,Cliente en cuarentena (RF-01) o inexistente,2026-08-11
Ventas,VentaID=870 ClienteID=3,Cliente en cuarentena (RF-01) o inexistente,2026-08-11
Ventas,VentaID=871 ClienteID=4,Cliente en cuarentena (RF-01) o inexistente,2026-08-11
Ventas,VentaID=874 ClienteID=7,Cliente en cuarentena (RF-01) o inexistente,2026-08-11
Ventas,VentaID=877 ClienteID=3,Cliente en cuarentena (RF-01) o inexistente,2026-08-11
Ventas,VentaID=878 ClienteID=4,Cliente en cuarentena (RF-01) o inexistente,2026-08-11
Ventas,VentaID=881 ClienteID=7,Cliente en cuarentena (RF-01) o inexistente,2026-08-11
Ventas,VentaID=884 ClienteID=3,Cliente en cuarentena (RF-01) o inexistente,2026-08-11
Ventas,VentaID=885 ClienteID=4,Cliente en cuarentena (RF-01) o inexistente,2026-08-11
Ventas,VentaID=888 ClienteID=7,Cliente en cuarentena (RF-01) o inexistente,2026-08-11
Ventas,VentaID=891 ClienteID=3,Cliente en cuarentena (RF-01) o inexistente,2026-08-11
Ventas,VentaID=892 ClienteID=4,Cliente en cuarentena (RF-01) o inexistente,2026-08-11
Ventas,VentaID=895 ClienteID=7,Cliente en cuarentena (RF-01) o inexistente,2026-08-11
Ventas,VentaID=898 ClienteID=3,Cliente en cuarentena (RF-01) o inexistente,2026-08-11
Ventas,VentaID=899 ClienteID=4,Cliente en cuarentena (RF-01) o inexistente,2026-08-11
Ventas,VentaID=902 ClienteID=7,Cliente en cuarentena (RF-01) o inexistente,2026-08-11
Ventas,VentaID=905 ClienteID=3,Cliente en cuarentena (RF-01) o inexistente,2026-08-11
Ventas,VentaID=906 ClienteID=4,Cliente en cuarentena (RF-01) o inexistente,2026-08-11
Ventas,VentaID=909 ClienteID=7,Cliente en cuarentena (RF-01) o inexistente,2026-08-11
Ventas,VentaID=912 ClienteID=3,Cliente en cuarentena (RF-01) o inexistente,2026-08-11
Ventas,VentaID=913 ClienteID=4,Cliente en cuarentena (RF-01) o inexistente,2026-08-11
Ventas,VentaID=916 ClienteID=7,Cliente en cuarentena (RF-01) o inexistente,2026-08-11
Ventas,VentaID=919 ClienteID=3,Cliente en cuarentena (RF-01) o inexistente,2026-08-11
Ventas,VentaID=920 ClienteID=4,Cliente en cuarentena (RF-01) o inexistente,2026-08-11
Ventas,VentaID=923 ClienteID=7,Cliente en cuarentena (RF-01) o inexistente,2026-08-11
Ventas,VentaID=926 ClienteID=3,Cliente en cuarentena (RF-01) o inexistente,2026-08-11
Ventas,VentaID=927 ClienteID=4,Cliente en cuarentena (RF-01) o inexistente,2026-08-11
Ventas,VentaID=930 ClienteID=7,Cliente en cuarentena (RF-01) o inexistente,2026-08-11
Ventas,VentaID=933 ClienteID=3,Cliente en cuarentena (RF-01) o inexistente,2026-08-11
Ventas,VentaID=934 ClienteID=4,Cliente en cuarentena (RF-01) o inexistente,2026-08-11
Ventas,VentaID=937 ClienteID=7,Cliente en cuarentena (RF-01) o inexistente,2026-08-11
Ventas,VentaID=940 ClienteID=3,Cliente en cuarentena (RF-01) o inexistente,2026-08-11
Ventas,VentaID=941 ClienteID=4,Cliente en cuarentena (RF-01) o inexistente,2026-08-11
Ventas,VentaID=944 ClienteID=7,Cliente en cuarentena (RF-01) o inexistente,2026-08-11
Ventas,VentaID=947 ClienteID=3,Cliente en cuarentena (RF-01) o inexistente,2026-08-11
Ventas,VentaID=948 ClienteID=4,Cliente en cuarentena (RF-01) o inexistente,2026-08-11
Ventas,VentaID=951 ClienteID=7,Cliente en cuarentena (RF-01) o inexistente,2026-08-11
Ventas,VentaID=954 ClienteID=3,Cliente en cuarentena (RF-01) o inexistente,2026-08-11
Ventas,VentaID=955 ClienteID=4,Cliente en cuarentena (RF-01) o inexistente,2026-08-11
Ventas,VentaID=958 ClienteID=7,Cliente en cuarentena (RF-01) o inexistente,2026-08-11
Ventas,VentaID=961 ClienteID=3,Cliente en cuarentena (RF-01) o inexistente,2026-08-11
Ventas,VentaID=962 ClienteID=4,Cliente en cuarentena (RF-01) o inexistente,2026-08-11
Ventas,VentaID=965 ClienteID=7,Cliente en cuarentena (RF-01) o inexistente,2026-08-11
Ventas,VentaID=968 ClienteID=3,Cliente en cuarentena (RF-01) o inexistente,2026-08-11
Ventas,VentaID=969 ClienteID=4,Cliente en cuarentena (RF-01) o inexistente,2026-08-11
Ventas,VentaID=972 ClienteID=7,Cliente en cuarentena (RF-01) o inexistente,2026-08-11
Ventas,VentaID=975 ClienteID=3,Cliente en cuarentena (RF-01) o inexistente,2026-08-11
Ventas,VentaID=976 ClienteID=4,Cliente en cuarentena (RF-01) o inexistente,2026-08-11
Ventas,VentaID=979 ClienteID=7,Cliente en cuarentena (RF-01) o inexistente,2026-08-11
Ventas,VentaID=982 ClienteID=3,Cliente en cuarentena (RF-01) o inexistente,2026-08-11
Ventas,VentaID=983 ClienteID=4,Cliente en cuarentena (RF-01) o inexistente,2026-08-11
Ventas,VentaID=986 ClienteID=7,Cliente en cuarentena (RF-01) o inexistente,2026-08-11
Ventas,VentaID=989 ClienteID=3,Cliente en cuarentena (RF-01) o inexistente,2026-08-11
Ventas,VentaID=990 ClienteID=4,Cliente en cuarentena (RF-01) o inexistente,2026-08-11
Ventas,VentaID=993 ClienteID=7,Cliente en cuarentena (RF-01) o inexistente,2026-08-11
Ventas,VentaID=996 ClienteID=3,Cliente en cuarentena (RF-01) o inexistente,2026-08-11
Ventas,VentaID=997 ClienteID=4,Cliente en cuarentena (RF-01) o inexistente,2026-08-11
Ventas,VentaID=1000 ClienteID=7,Cliente en cuarentena (RF-01) o inexistente,2026-08-11
Ventas,VentaID=1003 ClienteID=3,Cliente en cuarentena (RF-01) o inexistente,2026-08-11
Ventas,VentaID=1004 ClienteID=4,Cliente en cuarentena (RF-01) o inexistente,2026-08-11
Ventas,VentaID=1007 ClienteID=7,Cliente en cuarentena (RF-01) o inexistente,2026-08-11
Ventas,VentaID=1010 ClienteID=3,Cliente en cuarentena (RF-01) o inexistente,2026-08-11
Ventas,VentaID=1011 ClienteID=4,Cliente en cuarentena (RF-01) o inexistente,2026-08-11
Ventas,VentaID=1014 ClienteID=7,Cliente en cuarentena (RF-01) o inexistente,2026-08-11
Ventas,VentaID=1017 ClienteID=3,Cliente en cuarentena (RF-01) o inexistente,2026-08-11
Ventas,VentaID=1018 ClienteID=4,Cliente en cuarentena (RF-01) o inexistente,2026-08-11
Ventas,VentaID=1021 ClienteID=7,Cliente en cuarentena (RF-01) o inexistente,2026-08-11
Ventas,VentaID=1024 ClienteID=3,Cliente en cuarentena (RF-01) o inexistente,2026-08-11
Ventas,VentaID=1025 ClienteID=4,Cliente en cuarentena (RF-01) o inexistente,2026-08-11
Ventas,VentaID=1028 ClienteID=7,Cliente en cuarentena (RF-01) o inexistente,2026-08-11
Ventas,VentaID=1031 ClienteID=3,Cliente en cuarentena (RF-01) o inexistente,2026-08-11
Ventas,VentaID=1032 ClienteID=4,Cliente en cuarentena (RF-01) o inexistente,2026-08-11
Ventas,VentaID=1035 ClienteID=7,Cliente en cuarentena (RF-01) o inexistente,2026-08-11
Ventas,VentaID=1038 ClienteID=3,Cliente en cuarentena (RF-01) o inexistente,2026-08-11
Ventas,VentaID=1039 ClienteID=4,Cliente en cuarentena (RF-01) o inexistente,2026-08-11
Ventas,VentaID=1042 ClienteID=7,Cliente en cuarentena (RF-01) o inexistente,2026-08-11
Ventas,VentaID=1045 ClienteID=3,Cliente en cuarentena (RF-01) o inexistente,2026-08-11
Ventas,VentaID=1046 ClienteID=4,Cliente en cuarentena (RF-01) o inexistente,2026-08-11
Ventas,VentaID=1049 ClienteID=7,Cliente en cuarentena (RF-01) o inexistente,2026-08-11
Ventas,VentaID=1052 ClienteID=3,Cliente en cuarentena (RF-01) o inexistente,2026-08-11
Ventas,VentaID=1053 ClienteID=4,Cliente en cuarentena (RF-01) o inexistente,2026-08-11
Ventas,VentaID=1056 ClienteID=7,Cliente en cuarentena (RF-01) o inexistente,2026-08-11
Ventas,VentaID=1059 ClienteID=3,Cliente en cuarentena (RF-01) o inexistente,2026-08-11
Ventas,VentaID=1060 ClienteID=4,Cliente en cuarentena (RF-01) o inexistente,2026-08-11
Ventas,VentaID=1063 ClienteID=7,Cliente en cuarentena (RF-01) o inexistente,2026-08-11
Ventas,VentaID=1066 ClienteID=3,Cliente en cuarentena (RF-01) o inexistente,2026-08-11
Ventas,VentaID=1067 ClienteID=4,Cliente en cuarentena (RF-01) o inexistente,2026-08-11
Ventas,VentaID=1070 ClienteID=7,Cliente en cuarentena (RF-01) o inexistente,2026-08-11
Ventas,VentaID=1073 ClienteID=3,Cliente en cuarentena (RF-01) o inexistente,2026-08-11
Ventas,VentaID=1074 ClienteID=4,Cliente en cuarentena (RF-01) o inexistente,2026-08-11
Ventas,VentaID=1077 ClienteID=7,Cliente en cuarentena (RF-01) o inexistente,2026-08-11
Ventas,VentaID=1080 ClienteID=3,Cliente en cuarentena (RF-01) o inexistente,2026-08-11
Ventas,VentaID=1081 ClienteID=4,Cliente en cuarentena (RF-01) o inexistente,2026-08-11
Ventas,VentaID=1084 ClienteID=7,Cliente en cuarentena (RF-01) o inexistente,2026-08-11
Ventas,VentaID=1087 ClienteID=3,Cliente en cuarentena (RF-01) o inexistente,2026-08-11
Ventas,VentaID=1088 ClienteID=4,Cliente en cuarentena (RF-01) o inexistente,2026-08-11
Ventas,VentaID=1091 ClienteID=7,Cliente en cuarentena (RF-01) o inexistente,2026-08-11
Ventas,VentaID=1094 ClienteID=3,Cliente en cuarentena (RF-01) o inexistente,2026-08-11
Ventas,VentaID=1095 ClienteID=4,Cliente en cuarentena (RF-01) o inexistente,2026-08-11
Ventas,VentaID=1098 ClienteID=7,Cliente en cuarentena (RF-01) o inexistente,2026-08-11
Ventas,VentaID=1101 ClienteID=3,Cliente en cuarentena (RF-01) o inexistente,2026-08-11
Ventas,VentaID=1102 ClienteID=4,Cliente en cuarentena (RF-01) o inexistente,2026-08-11
Ventas,VentaID=1105 ClienteID=7,Cliente en cuarentena (RF-01) o inexistente,2026-08-11
Ventas,VentaID=1108 ClienteID=3,Cliente en cuarentena (RF-01) o inexistente,2026-08-11
Ventas,VentaID=1109 ClienteID=4,Cliente en cuarentena (RF-01) o inexistente,2026-08-11
Ventas,VentaID=1112 ClienteID=7,Cliente en cuarentena (RF-01) o inexistente,2026-08-11
Ventas,VentaID=1115 ClienteID=3,Cliente en cuarentena (RF-01) o inexistente,2026-08-11
Ventas,VentaID=1116 ClienteID=4,Cliente en cuarentena (RF-01) o inexistente,2026-08-11
Ventas,VentaID=1119 ClienteID=7,Cliente en cuarentena (RF-01) o inexistente,2026-08-11
Ventas,VentaID=1122 ClienteID=3,Cliente en cuarentena (RF-01) o inexistente,2026-08-11
Ventas,VentaID=1123 ClienteID=4,Cliente en cuarentena (RF-01) o inexistente,2026-08-11
Ventas,VentaID=1126 ClienteID=7,Cliente en cuarentena (RF-01) o inexistente,2026-08-11
Ventas,VentaID=1129 ClienteID=3,Cliente en cuarentena (RF-01) o inexistente,2026-08-11
Ventas,VentaID=1130 ClienteID=4,Cliente en cuarentena (RF-01) o inexistente,2026-08-11
Ventas,VentaID=1133 ClienteID=7,Cliente en cuarentena (RF-01) o inexistente,2026-08-11
Ventas,VentaID=1136 ClienteID=3,Cliente en cuarentena (RF-01) o inexistente,2026-08-11
Ventas,VentaID=1137 ClienteID=4,Cliente en cuarentena (RF-01) o inexistente,2026-08-11
Ventas,VentaID=1140 ClienteID=7,Cliente en cuarentena (RF-01) o inexistente,2026-08-11
Ventas,VentaID=1143 ClienteID=3,Cliente en cuarentena (RF-01) o inexistente,2026-08-11
Ventas,VentaID=1144 ClienteID=4,Cliente en cuarentena (RF-01) o inexistente,2026-08-11
Ventas,VentaID=1147 ClienteID=7,Cliente en cuarentena (RF-01) o inexistente,2026-08-11
Ventas,VentaID=1150 ClienteID=3,Cliente en cuarentena (RF-01) o inexistente,2026-08-11
Ventas,VentaID=1151 ClienteID=4,Cliente en cuarentena (RF-01) o inexistente,2026-08-11
Ventas,VentaID=1154 ClienteID=7,Cliente en cuarentena (RF-01) o inexistente,2026-08-11
Ventas,VentaID=1157 ClienteID=3,Cliente en cuarentena (RF-01) o inexistente,2026-08-11
Ventas,VentaID=1158 ClienteID=4,Cliente en cuarentena (RF-01) o inexistente,2026-08-11
Ventas,VentaID=1161 ClienteID=7,Cliente en cuarentena (RF-01) o inexistente,2026-08-11
Ventas,VentaID=1164 ClienteID=3,Cliente en cuarentena (RF-01) o inexistente,2026-08-11
Ventas,VentaID=1165 ClienteID=4,Cliente en cuarentena (RF-01) o inexistente,2026-08-11
Ventas,VentaID=1168 ClienteID=7,Cliente en cuarentena (RF-01) o inexistente,2026-08-11
Ventas,VentaID=1171 ClienteID=3,Cliente en cuarentena (RF-01) o inexistente,2026-08-11
Ventas,VentaID=1172 ClienteID=4,Cliente en cuarentena (RF-01) o inexistente,2026-08-11
Ventas,VentaID=1175 ClienteID=7,Cliente en cuarentena (RF-01) o inexistente,2026-08-11
Ventas,VentaID=1178 ClienteID=3,Cliente en cuarentena (RF-01) o inexistente,2026-08-11
Ventas,VentaID=1179 ClienteID=4,Cliente en cuarentena (RF-01) o inexistente,2026-08-11
Ventas,VentaID=1182 ClienteID=7,Cliente en cuarentena (RF-01) o inexistente,2026-08-11
Ventas,VentaID=1185 ClienteID=3,Cliente en cuarentena (RF-01) o inexistente,2026-08-11
Ventas,VentaID=1186 ClienteID=4,Cliente en cuarentena (RF-01) o inexistente,2026-08-11
Ventas,VentaID=1189 ClienteID=7,Cliente en cuarentena (RF-01) o inexistente,2026-08-11
Ventas,VentaID=1192 ClienteID=3,Cliente en cuarentena (RF-01) o inexistente,2026-08-11
Ventas,VentaID=1193 ClienteID=4,Cliente en cuarentena (RF-01) o inexistente,2026-08-11
Ventas,VentaID=1196 ClienteID=7,Cliente en cuarentena (RF-01) o inexistente,2026-08-11
Ventas,VentaID=1199 ClienteID=3,Cliente en cuarentena (RF-01) o inexistente,2026-08-11
Ventas,VentaID=1200 ClienteID=4,Cliente en cuarentena (RF-01) o inexistente,2026-08-11
Ventas,VentaID=1203 ClienteID=7,Cliente en cuarentena (RF-01) o inexistente,2026-08-11
Ventas,VentaID=1206 ClienteID=3,Cliente en cuarentena (RF-01) o inexistente,2026-08-11
Ventas,VentaID=1207 ClienteID=4,Cliente en cuarentena (RF-01) o inexistente,2026-08-11
Ventas,VentaID=1210 ClienteID=7,Cliente en cuarentena (RF-01) o inexistente,2026-08-11
Ventas,VentaID=1213 ClienteID=3,Cliente en cuarentena (RF-01) o inexistente,2026-08-11
Ventas,VentaID=1214 ClienteID=4,Cliente en cuarentena (RF-01) o inexistente,2026-08-11
Ventas,VentaID=1217 ClienteID=7,Cliente en cuarentena (RF-01) o inexistente,2026-08-11
Ventas,VentaID=1220 ClienteID=3,Cliente en cuarentena (RF-01) o inexistente,2026-08-11
Ventas,VentaID=1221 ClienteID=4,Cliente en cuarentena (RF-01) o inexistente,2026-08-11
Ventas,VentaID=1224 ClienteID=7,Cliente en cuarentena (RF-01) o inexistente,2026-08-11
Ventas,VentaID=1227 ClienteID=3,Cliente en cuarentena (RF-01) o inexistente,2026-08-11
Ventas,VentaID=1228 ClienteID=4,Cliente en cuarentena (RF-01) o inexistente,2026-08-11
Ventas,VentaID=1231 ClienteID=7,Cliente en cuarentena (RF-01) o inexistente,2026-08-11
Ventas,VentaID=1234 ClienteID=3,Cliente en cuarentena (RF-01) o inexistente,2026-08-11
Ventas,VentaID=1235 ClienteID=4,Cliente en cuarentena (RF-01) o inexistente,2026-08-11
Ventas,VentaID=1238 ClienteID=7,Cliente en cuarentena (RF-01) o inexistente,2026-08-11
Ventas,VentaID=1241 ClienteID=3,Cliente en cuarentena (RF-01) o inexistente,2026-08-11
Ventas,VentaID=1242 ClienteID=4,Cliente en cuarentena (RF-01) o inexistente,2026-08-11
Ventas,VentaID=1245 ClienteID=7,Cliente en cuarentena (RF-01) o inexistente,2026-08-11
Ventas,VentaID=1248 ClienteID=3,Cliente en cuarentena (RF-01) o inexistente,2026-08-11
Ventas,VentaID=1249 ClienteID=4,Cliente en cuarentena (RF-01) o inexistente,2026-08-11
Ventas,VentaID=1252 ClienteID=7,Cliente en cuarentena (RF-01) o inexistente,2026-08-11
Ventas,VentaID=1255 ClienteID=3,Cliente en cuarentena (RF-01) o inexistente,2026-08-11
Ventas,VentaID=1256 ClienteID=4,Cliente en cuarentena (RF-01) o inexistente,2026-08-11
Ventas,VentaID=1259 ClienteID=7,Cliente en cuarentena (RF-01) o inexistente,2026-08-11
Ventas,VentaID=1262 ClienteID=3,Cliente en cuarentena (RF-01) o inexistente,2026-08-11
Ventas,VentaID=1263 ClienteID=4,Cliente en cuarentena (RF-01) o inexistente,2026-08-11
Ventas,VentaID=1266 ClienteID=7,Cliente en cuarentena (RF-01) o inexistente,2026-08-11
Ventas,VentaID=1269 ClienteID=3,Cliente en cuarentena (RF-01) o inexistente,2026-08-11
Ventas,VentaID=1270 ClienteID=4,Cliente en cuarentena (RF-01) o inexistente,2026-08-11
Ventas,VentaID=1273 ClienteID=7,Cliente en cuarentena (RF-01) o inexistente,2026-08-11
Ventas,VentaID=1276 ClienteID=3,Cliente en cuarentena (RF-01) o inexistente,2026-08-11
Ventas,VentaID=1277 ClienteID=4,Cliente en cuarentena (RF-01) o inexistente,2026-08-11
Ventas,VentaID=1280 ClienteID=7,Cliente en cuarentena (RF-01) o inexistente,2026-08-11
Ventas,VentaID=1283 ClienteID=3,Cliente en cuarentena (RF-01) o inexistente,2026-08-11
Ventas,VentaID=1284 ClienteID=4,Cliente en cuarentena (RF-01) o inexistente,2026-08-11
Ventas,VentaID=1287 ClienteID=7,Cliente en cuarentena (RF-01) o inexistente,2026-08-11
Ventas,VentaID=1290 ClienteID=3,Cliente en cuarentena (RF-01) o inexistente,2026-08-11
Ventas,VentaID=1291 ClienteID=4,Cliente en cuarentena (RF-01) o inexistente,2026-08-11
Ventas,VentaID=1294 ClienteID=7,Cliente en cuarentena (RF-01) o inexistente,2026-08-11
Ventas,VentaID=1297 ClienteID=3,Cliente en cuarentena (RF-01) o inexistente,2026-08-11
Ventas,VentaID=1298 ClienteID=4,Cliente en cuarentena (RF-01) o inexistente,2026-08-11
Ventas,VentaID=1301 ClienteID=7,Cliente en cuarentena (RF-01) o inexistente,2026-08-11
Ventas,VentaID=1304 ClienteID=3,Cliente en cuarentena (RF-01) o inexistente,2026-08-11
Ventas,VentaID=1305 ClienteID=4,Cliente en cuarentena (RF-01) o inexistente,2026-08-11
Ventas,VentaID=1308 ClienteID=7,Cliente en cuarentena (RF-01) o inexistente,2026-08-11
Ventas,VentaID=1311 ClienteID=3,Cliente en cuarentena (RF-01) o inexistente,2026-08-11
Ventas,VentaID=1312 ClienteID=4,Cliente en cuarentena (RF-01) o inexistente,2026-08-11
Ventas,VentaID=1315 ClienteID=7,Cliente en cuarentena (RF-01) o inexistente,2026-08-11
Ventas,VentaID=1318 ClienteID=3,Cliente en cuarentena (RF-01) o inexistente,2026-08-11
Ventas,VentaID=1319 ClienteID=4,Cliente en cuarentena (RF-01) o inexistente,2026-08-11
Ventas,VentaID=1322 ClienteID=7,Cliente en cuarentena (RF-01) o inexistente,2026-08-11
Ventas,VentaID=1325 ClienteID=3,Cliente en cuarentena (RF-01) o inexistente,2026-08-11
Ventas,VentaID=1326 ClienteID=4,Cliente en cuarentena (RF-01) o inexistente,2026-08-11
Ventas,VentaID=1329 ClienteID=7,Cliente en cuarentena (RF-01) o inexistente,2026-08-11
Ventas,VentaID=1332 ClienteID=3,Cliente en cuarentena (RF-01) o inexistente,2026-08-11
Ventas,VentaID=1333 ClienteID=4,Cliente en cuarentena (RF-01) o inexistente,2026-08-11
Ventas,VentaID=1336 ClienteID=7,Cliente en cuarentena (RF-01) o inexistente,2026-08-11
Ventas,VentaID=1339 ClienteID=3,Cliente en cuarentena (RF-01) o inexistente,2026-08-11
Ventas,VentaID=1340 ClienteID=4,Cliente en cuarentena (RF-01) o inexistente,2026-08-11
Ventas,VentaID=1343 ClienteID=7,Cliente en cuarentena (RF-01) o inexistente,2026-08-11
Ventas,VentaID=1346 ClienteID=3,Cliente en cuarentena (RF-01) o inexistente,2026-08-11
Ventas,VentaID=1347 ClienteID=4,Cliente en cuarentena (RF-01) o inexistente,2026-08-11
Ventas,VentaID=1350 ClienteID=7,Cliente en cuarentena (RF-01) o inexistente,2026-08-11
Ventas,VentaID=1353 ClienteID=3,Cliente en cuarentena (RF-01) o inexistente,2026-08-11
Ventas,VentaID=1354 ClienteID=4,Cliente en cuarentena (RF-01) o inexistente,2026-08-11
Ventas,VentaID=1357 ClienteID=7,Cliente en cuarentena (RF-01) o inexistente,2026-08-11
Ventas,VentaID=1360 ClienteID=3,Cliente en cuarentena (RF-01) o inexistente,2026-08-11
Ventas,VentaID=1361 ClienteID=4,Cliente en cuarentena (RF-01) o inexistente,2026-08-11
Ventas,VentaID=1364 ClienteID=7,Cliente en cuarentena (RF-01) o inexistente,2026-08-11
Ventas,VentaID=1367 ClienteID=3,Cliente en cuarentena (RF-01) o inexistente,2026-08-11
Ventas,VentaID=1368 ClienteID=4,Cliente en cuarentena (RF-01) o inexistente,2026-08-11
Ventas,VentaID=1371 ClienteID=7,Cliente en cuarentena (RF-01) o inexistente,2026-08-11
Ventas,VentaID=1374 ClienteID=3,Cliente en cuarentena (RF-01) o inexistente,2026-08-11
Ventas,VentaID=1375 ClienteID=4,Cliente en cuarentena (RF-01) o inexistente,2026-08-11
Ventas,VentaID=1378 ClienteID=7,Cliente en cuarentena (RF-01) o inexistente,2026-08-11
Ventas,VentaID=1381 ClienteID=3,Cliente en cuarentena (RF-01) o inexistente,2026-08-11
Ventas,VentaID=1382 ClienteID=4,Cliente en cuarentena (RF-01) o inexistente,2026-08-11
Ventas,VentaID=1385 ClienteID=7,Cliente en cuarentena (RF-01) o inexistente,2026-08-11
Ventas,VentaID=1388 ClienteID=3,Cliente en cuarentena (RF-01) o inexistente,2026-08-11
Ventas,VentaID=1389 ClienteID=4,Cliente en cuarentena (RF-01) o inexistente,2026-08-11
Ventas,VentaID=1392 ClienteID=7,Cliente en cuarentena (RF-01) o inexistente,2026-08-11
Ventas,VentaID=1395 ClienteID=3,Cliente en cuarentena (RF-01) o inexistente,2026-08-11
Ventas,VentaID=1396 ClienteID=4,Cliente en cuarentena (RF-01) o inexistente,2026-08-11
Ventas,VentaID=1399 ClienteID=7,Cliente en cuarentena (RF-01) o inexistente,2026-08-11
Ventas,VentaID=1402 ClienteID=3,Cliente en cuarentena (RF-01) o inexistente,2026-08-11
Ventas,VentaID=1403 ClienteID=4,Cliente en cuarentena (RF-01) o inexistente,2026-08-11
Ventas,VentaID=1406 ClienteID=7,Cliente en cuarentena (RF-01) o inexistente,2026-08-11
Ventas,VentaID=1409 ClienteID=3,Cliente en cuarentena (RF-01) o inexistente,2026-08-11
Ventas,VentaID=1410 ClienteID=4,Cliente en cuarentena (RF-01) o inexistente,2026-08-11
Ventas,VentaID=1413 ClienteID=7,Cliente en cuarentena (RF-01) o inexistente,2026-08-11
Ventas,VentaID=1416 ClienteID=3,Cliente en cuarentena (RF-01) o inexistente,2026-08-11
Ventas,VentaID=1417 ClienteID=4,Cliente en cuarentena (RF-01) o inexistente,2026-08-11
Ventas,VentaID=1420 ClienteID=7,Cliente en cuarentena (RF-01) o inexistente,2026-08-11
Ventas,VentaID=1423 ClienteID=3,Cliente en cuarentena (RF-01) o inexistente,2026-08-11
Ventas,VentaID=1424 ClienteID=4,Cliente en cuarentena (RF-01) o inexistente,2026-08-11
Ventas,VentaID=1427 ClienteID=7,Cliente en cuarentena (RF-01) o inexistente,2026-08-11
Ventas,VentaID=1430 ClienteID=3,Cliente en cuarentena (RF-01) o inexistente,2026-08-11
Ventas,VentaID=1431 ClienteID=4,Cliente en cuarentena (RF-01) o inexistente,2026-08-11
Ventas,VentaID=1434 ClienteID=7,Cliente en cuarentena (RF-01) o inexistente,2026-08-11
Ventas,VentaID=1437 ClienteID=3,Cliente en cuarentena (RF-01) o inexistente,2026-08-11
Ventas,VentaID=1438 ClienteID=4,Cliente en cuarentena (RF-01) o inexistente,2026-08-11
Ventas,VentaID=1441 ClienteID=7,Cliente en cuarentena (RF-01) o inexistente,2026-08-11
Ventas,VentaID=1444 ClienteID=3,Cliente en cuarentena (RF-01) o inexistente,2026-08-11
Ventas,VentaID=1445 ClienteID=4,Cliente en cuarentena (RF-01) o inexistente,2026-08-11
Ventas,VentaID=1448 ClienteID=7,Cliente en cuarentena (RF-01) o inexistente,2026-08-11
Ventas,VentaID=1451 ClienteID=3,Cliente en cuarentena (RF-01) o inexistente,2026-08-11
Ventas,VentaID=1452 ClienteID=4,Cliente en cuarentena (RF-01) o inexistente,2026-08-11
Ventas,VentaID=1455 ClienteID=7,Cliente en cuarentena (RF-01) o inexistente,2026-08-11
Ventas,VentaID=1458 ClienteID=3,Cliente en cuarentena (RF-01) o inexistente,2026-08-11
Ventas,VentaID=1459 ClienteID=4,Cliente en cuarentena (RF-01) o inexistente,2026-08-11
Ventas,VentaID=1462 ClienteID=7,Cliente en cuarentena (RF-01) o inexistente,2026-08-11
Ventas,VentaID=1465 ClienteID=3,Cliente en cuarentena (RF-01) o inexistente,2026-08-11
Ventas,VentaID=1466 ClienteID=4,Cliente en cuarentena (RF-01) o inexistente,2026-08-11
Ventas,VentaID=1469 ClienteID=7,Cliente en cuarentena (RF-01) o inexistente,2026-08-11
Ventas,VentaID=1472 ClienteID=3,Cliente en cuarentena (RF-01) o inexistente,2026-08-11
Ventas,VentaID=1473 ClienteID=4,Cliente en cuarentena (RF-01) o inexistente,2026-08-11
Ventas,VentaID=1476 ClienteID=7,Cliente en cuarentena (RF-01) o inexistente,2026-08-11
Ventas,VentaID=1479 ClienteID=3,Cliente en cuarentena (RF-01) o inexistente,2026-08-11
Ventas,VentaID=1480 ClienteID=4,Cliente en cuarentena (RF-01) o inexistente,2026-08-11
Ventas,VentaID=1483 ClienteID=7,Cliente en cuarentena (RF-01) o inexistente,2026-08-11
Ventas,VentaID=1486 ClienteID=3,Cliente en cuarentena (RF-01) o inexistente,2026-08-11
Ventas,VentaID=1487 ClienteID=4,Cliente en cuarentena (RF-01) o inexistente,2026-08-11
Ventas,VentaID=1490 ClienteID=7,Cliente en cuarentena (RF-01) o inexistente,2026-08-11
Ventas,VentaID=1493 ClienteID=3,Cliente en cuarentena (RF-01) o inexistente,2026-08-11
Ventas,VentaID=1494 ClienteID=4,Cliente en cuarentena (RF-01) o inexistente,2026-08-11
Ventas,VentaID=1497 ClienteID=7,Cliente en cuarentena (RF-01) o inexistente,2026-08-11
Ventas,VentaID=1500 ClienteID=3,Cliente en cuarentena (RF-01) o inexistente,2026-08-11
Ventas,VentaID=1501 ClienteID=4,Cliente en cuarentena (RF-01) o inexistente,2026-08-11
Ventas,VentaID=1504 ClienteID=7,Cliente en cuarentena (RF-01) o inexistente,2026-08-11
Ventas,VentaID=1507 ClienteID=3,Cliente en cuarentena (RF-01) o inexistente,2026-08-11
Ventas,VentaID=1508 ClienteID=4,Cliente en cuarentena (RF-01) o inexistente,2026-08-11
Ventas,VentaID=1511 ClienteID=7,Cliente en cuarentena (RF-01) o inexistente,2026-08-11
Ventas,VentaID=1514 ClienteID=3,Cliente en cuarentena (RF-01) o inexistente,2026-08-11
Ventas,VentaID=1515 ClienteID=4,Cliente en cuarentena (RF-01) o inexistente,2026-08-11
Ventas,VentaID=1518 ClienteID=7,Cliente en cuarentena (RF-01) o inexistente,2026-08-11
Ventas,VentaID=1521 ClienteID=3,Cliente en cuarentena (RF-01) o inexistente,2026-08-11
Ventas,VentaID=1522 ClienteID=4,Cliente en cuarentena (RF-01) o inexistente,2026-08-11
Ventas,VentaID=1525 ClienteID=7,Cliente en cuarentena (RF-01) o inexistente,2026-08-11
Ventas,VentaID=1528 ClienteID=3,Cliente en cuarentena (RF-01) o inexistente,2026-08-11
Ventas,VentaID=1529 ClienteID=4,Cliente en cuarentena (RF-01) o inexistente,2026-08-11
Ventas,VentaID=1532 ClienteID=7,Cliente en cuarentena (RF-01) o inexistente,2026-08-11
Ventas,VentaID=1535 ClienteID=3,Cliente en cuarentena (RF-01) o inexistente,2026-08-11
Ventas,VentaID=1536 ClienteID=4,Cliente en cuarentena (RF-01) o inexistente,2026-08-11
Ventas,VentaID=1539 ClienteID=7,Cliente en cuarentena (RF-01) o inexistente,2026-08-11
Ventas,VentaID=1542 ClienteID=3,Cliente en cuarentena (RF-01) o inexistente,2026-08-11
Ventas,VentaID=1543 ClienteID=4,Cliente en cuarentena (RF-01) o inexistente,2026-08-11
Ventas,VentaID=1546 ClienteID=7,Cliente en cuarentena (RF-01) o inexistente,2026-08-11
Ventas,VentaID=1549 ClienteID=3,Cliente en cuarentena (RF-01) o inexistente,2026-08-11
Ventas,VentaID=1550 ClienteID=4,Cliente en cuarentena (RF-01) o inexistente,2026-08-11
Ventas,VentaID=1553 ClienteID=7,Cliente en cuarentena (RF-01) o inexistente,2026-08-11
Ventas,VentaID=1556 ClienteID=3,Cliente en cuarentena (RF-01) o inexistente,2026-08-11
Ventas,VentaID=1557 ClienteID=4,Cliente en cuarentena (RF-01) o inexistente,2026-08-11
Ventas,VentaID=1560 ClienteID=7,Cliente en cuarentena (RF-01) o inexistente,2026-08-11
Ventas,VentaID=1563 ClienteID=3,Cliente en cuarentena (RF-01) o inexistente,2026-08-11
Ventas,VentaID=1564 ClienteID=4,Cliente en cuarentena (RF-01) o inexistente,2026-08-11
Ventas,VentaID=1567 ClienteID=7,Cliente en cuarentena (RF-01) o inexistente,2026-08-11
Ventas,VentaID=1570 ClienteID=3,Cliente en cuarentena (RF-01) o inexistente,2026-08-11
Ventas,VentaID=1571 ClienteID=4,Cliente en cuarentena (RF-01) o inexistente,2026-08-11
Ventas,VentaID=1574 ClienteID=7,Cliente en cuarentena (RF-01) o inexistente,2026-08-11
Ventas,VentaID=1577 ClienteID=3,Cliente en cuarentena (RF-01) o inexistente,2026-08-11
Ventas,VentaID=1578 ClienteID=4,Cliente en cuarentena (RF-01) o inexistente,2026-08-11
Ventas,VentaID=1581 ClienteID=7,Cliente en cuarentena (RF-01) o inexistente,2026-08-11
Ventas,VentaID=1584 ClienteID=3,Cliente en cuarentena (RF-01) o inexistente,2026-08-11
Ventas,VentaID=1585 ClienteID=4,Cliente en cuarentena (RF-01) o inexistente,2026-08-11
Ventas,VentaID=1588 ClienteID=7,Cliente en cuarentena (RF-01) o inexistente,2026-08-11
Ventas,VentaID=1591 ClienteID=3,Cliente en cuarentena (RF-01) o inexistente,2026-08-11
Ventas,VentaID=1592 ClienteID=4,Cliente en cuarentena (RF-01) o inexistente,2026-08-11
Ventas,VentaID=1595 ClienteID=7,Cliente en cuarentena (RF-01) o inexistente,2026-08-11
Ventas,VentaID=1598 ClienteID=3,Cliente en cuarentena (RF-01) o inexistente,2026-08-11
Ventas,VentaID=1599 ClienteID=4,Cliente en cuarentena (RF-01) o inexistente,2026-08-11
Ventas,VentaID=1602 ClienteID=7,Cliente en cuarentena (RF-01) o inexistente,2026-08-11
Ventas,VentaID=1605 ClienteID=3,Cliente en cuarentena (RF-01) o inexistente,2026-08-11
Ventas,VentaID=1606 ClienteID=4,Cliente en cuarentena (RF-01) o inexistente,2026-08-11
Ventas,VentaID=1609 ClienteID=7,Cliente en cuarentena (RF-01) o inexistente,2026-08-11
Ventas,VentaID=1612 ClienteID=3,Cliente en cuarentena (RF-01) o inexistente,2026-08-11
Ventas,VentaID=1613 ClienteID=4,Cliente en cuarentena (RF-01) o inexistente,2026-08-11
Ventas,VentaID=1616 ClienteID=7,Cliente en cuarentena (RF-01) o inexistente,2026-08-11
Ventas,VentaID=1619 ClienteID=3,Cliente en cuarentena (RF-01) o inexistente,2026-08-11
Ventas,VentaID=1620 ClienteID=4,Cliente en cuarentena (RF-01) o inexistente,2026-08-11
Ventas,VentaID=1623 ClienteID=7,Cliente en cuarentena (RF-01) o inexistente,2026-08-11
Ventas,VentaID=1626 ClienteID=3,Cliente en cuarentena (RF-01) o inexistente,2026-08-11
Ventas,VentaID=1627 ClienteID=4,Cliente en cuarentena (RF-01) o inexistente,2026-08-11
Ventas,VentaID=1630 ClienteID=7,Cliente en cuarentena (RF-01) o inexistente,2026-08-11
Ventas,VentaID=1633 ClienteID=3,Cliente en cuarentena (RF-01) o inexistente,2026-08-11
Ventas,VentaID=1634 ClienteID=4,Cliente en cuarentena (RF-01) o inexistente,2026-08-11
Ventas,VentaID=1637 ClienteID=7,Cliente en cuarentena (RF-01) o inexistente,2026-08-11
Ventas,VentaID=1640 ClienteID=3,Cliente en cuarentena (RF-01) o inexistente,2026-08-11
Ventas,VentaID=1641 ClienteID=4,Cliente en cuarentena (RF-01) o inexistente,2026-08-11
Ventas,VentaID=1644 ClienteID=7,Cliente en cuarentena (RF-01) o inexistente,2026-08-11
Ventas,VentaID=1647 ClienteID=3,Cliente en cuarentena (RF-01) o inexistente,2026-08-11
Ventas,VentaID=1648 ClienteID=4,Cliente en cuarentena (RF-01) o inexistente,2026-08-11
Ventas,VentaID=1651 ClienteID=7,Cliente en cuarentena (RF-01) o inexistente,2026-08-11
Ventas,VentaID=1654 ClienteID=3,Cliente en cuarentena (RF-01) o inexistente,2026-08-11
Ventas,VentaID=1655 ClienteID=4,Cliente en cuarentena (RF-01) o inexistente,2026-08-11
Ventas,VentaID=1658 ClienteID=7,Cliente en cuarentena (RF-01) o inexistente,2026-08-11
Ventas,VentaID=1661 ClienteID=3,Cliente en cuarentena (RF-01) o inexistente,2026-08-11
Ventas,VentaID=1662 ClienteID=4,Cliente en cuarentena (RF-01) o inexistente,2026-08-11
Ventas,VentaID=1665 ClienteID=7,Cliente en cuarentena (RF-01) o inexistente,2026-08-11
Ventas,VentaID=1668 ClienteID=3,Cliente en cuarentena (RF-01) o inexistente,2026-08-11
Ventas,VentaID=1669 ClienteID=4,Cliente en cuarentena (RF-01) o inexistente,2026-08-11
Ventas,VentaID=1672 ClienteID=7,Cliente en cuarentena (RF-01) o inexistente,2026-08-11
Ventas,VentaID=1675 ClienteID=3,Cliente en cuarentena (RF-01) o inexistente,2026-08-11
Ventas,VentaID=1676 ClienteID=4,Cliente en cuarentena (RF-01) o inexistente,2026-08-11
Ventas,VentaID=1679 ClienteID=7,Cliente en cuarentena (RF-01) o inexistente,2026-08-11
Ventas,VentaID=1682 ClienteID=3,Cliente en cuarentena (RF-01) o inexistente,2026-08-11
Ventas,VentaID=1683 ClienteID=4,Cliente en cuarentena (RF-01) o inexistente,2026-08-11
Ventas,VentaID=1686 ClienteID=7,Cliente en cuarentena (RF-01) o inexistente,2026-08-11
Ventas,VentaID=1689 ClienteID=3,Cliente en cuarentena (RF-01) o inexistente,2026-08-11
Ventas,VentaID=1690 ClienteID=4,Cliente en cuarentena (RF-01) o inexistente,2026-08-11
Ventas,VentaID=1693 ClienteID=7,Cliente en cuarentena (RF-01) o inexistente,2026-08-11
Ventas,VentaID=1696 ClienteID=3,Cliente en cuarentena (RF-01) o inexistente,2026-08-11
Ventas,VentaID=1697 ClienteID=4,Cliente en cuarentena (RF-01) o inexistente,2026-08-11
Ventas,VentaID=1700 ClienteID=7,Cliente en cuarentena (RF-01) o inexistente,2026-08-11
Ventas,VentaID=1703 ClienteID=3,Cliente en cuarentena (RF-01) o inexistente,2026-08-11
Ventas,VentaID=1704 ClienteID=4,Cliente en cuarentena (RF-01) o inexistente,2026-08-11
Ventas,VentaID=1707 ClienteID=7,Cliente en cuarentena (RF-01) o inexistente,2026-08-11
Ventas,VentaID=1710 ClienteID=3,Cliente en cuarentena (RF-01) o inexistente,2026-08-11
Ventas,VentaID=1711 ClienteID=4,Cliente en cuarentena (RF-01) o inexistente,2026-08-11
Ventas,VentaID=1714 ClienteID=7,Cliente en cuarentena (RF-01) o inexistente,2026-08-11
Ventas,VentaID=1717 ClienteID=3,Cliente en cuarentena (RF-01) o inexistente,2026-08-11
Ventas,VentaID=1718 ClienteID=4,Cliente en cuarentena (RF-01) o inexistente,2026-08-11
Ventas,VentaID=1721 ClienteID=7,Cliente en cuarentena (RF-01) o inexistente,2026-08-11
Ventas,VentaID=1724 ClienteID=3,Cliente en cuarentena (RF-01) o inexistente,2026-08-11
Ventas,VentaID=1725 ClienteID=4,Cliente en cuarentena (RF-01) o inexistente,2026-08-11
Ventas,VentaID=1728 ClienteID=7,Cliente en cuarentena (RF-01) o inexistente,2026-08-11
Ventas,VentaID=1731 ClienteID=3,Cliente en cuarentena (RF-01) o inexistente,2026-08-11
Ventas,VentaID=1732 ClienteID=4,Cliente en cuarentena (RF-01) o inexistente,2026-08-11
Ventas,VentaID=1735 ClienteID=7,Cliente en cuarentena (RF-01) o inexistente,2026-08-11
Ventas,VentaID=1738 ClienteID=3,Cliente en cuarentena (RF-01) o inexistente,2026-08-11
Ventas,VentaID=1739 ClienteID=4,Cliente en cuarentena (RF-01) o inexistente,2026-08-11
Ventas,VentaID=1742 ClienteID=7,Cliente en cuarentena (RF-01) o inexistente,2026-08-11
Ventas,VentaID=1745 ClienteID=3,Cliente en cuarentena (RF-01) o inexistente,2026-08-11
Ventas,VentaID=1746 ClienteID=4,Cliente en cuarentena (RF-01) o inexistente,2026-08-11
Ventas,VentaID=1749 ClienteID=7,Cliente en cuarentena (RF-01) o inexistente,2026-08-11
Ventas,VentaID=1752 ClienteID=3,Cliente en cuarentena (RF-01) o inexistente,2026-08-11
Ventas,VentaID=1753 ClienteID=4,Cliente en cuarentena (RF-01) o inexistente,2026-08-11
Ventas,VentaID=1756 ClienteID=7,Cliente en cuarentena (RF-01) o inexistente,2026-08-11
Ventas,VentaID=1759 ClienteID=3,Cliente en cuarentena (RF-01) o inexistente,2026-08-11
Ventas,VentaID=1760 ClienteID=4,Cliente en cuarentena (RF-01) o inexistente,2026-08-11
Ventas,VentaID=1763 ClienteID=7,Cliente en cuarentena (RF-01) o inexistente,2026-08-11
Ventas,VentaID=1766 ClienteID=3,Cliente en cuarentena (RF-01) o inexistente,2026-08-11
Ventas,VentaID=1767 ClienteID=4,Cliente en cuarentena (RF-01) o inexistente,2026-08-11
Ventas,VentaID=1770 ClienteID=7,Cliente en cuarentena (RF-01) o inexistente,2026-08-11
Ventas,VentaID=1773 ClienteID=3,Cliente en cuarentena (RF-01) o inexistente,2026-08-11
Ventas,VentaID=1774 ClienteID=4,Cliente en cuarentena (RF-01) o inexistente,2026-08-11
Ventas,VentaID=1777 ClienteID=7,Cliente en cuarentena (RF-01) o inexistente,2026-08-11
Ventas,VentaID=1780 ClienteID=3,Cliente en cuarentena (RF-01) o inexistente,2026-08-11
Ventas,VentaID=1781 ClienteID=4,Cliente en cuarentena (RF-01) o inexistente,2026-08-11
Ventas,VentaID=1784 ClienteID=7,Cliente en cuarentena (RF-01) o inexistente,2026-08-11
Ventas,VentaID=1787 ClienteID=3,Cliente en cuarentena (RF-01) o inexistente,2026-08-11
Ventas,VentaID=1788 ClienteID=4,Cliente en cuarentena (RF-01) o inexistente,2026-08-11
Ventas,VentaID=1791 ClienteID=7,Cliente en cuarentena (RF-01) o inexistente,2026-08-11
Ventas,VentaID=1794 ClienteID=3,Cliente en cuarentena (RF-01) o inexistente,2026-08-11
Ventas,VentaID=1795 ClienteID=4,Cliente en cuarentena (RF-01) o inexistente,2026-08-11
Ventas,VentaID=1798 ClienteID=7,Cliente en cuarentena (RF-01) o inexistente,2026-08-11
Ventas,VentaID=1801 ClienteID=3,Cliente en cuarentena (RF-01) o inexistente,2026-08-11
Ventas,VentaID=1802 ClienteID=4,Cliente en cuarentena (RF-01) o inexistente,2026-08-11
Ventas,VentaID=1805 ClienteID=7,Cliente en cuarentena (RF-01) o inexistente,2026-08-11
Ventas,VentaID=1808 ClienteID=3,Cliente en cuarentena (RF-01) o inexistente,2026-08-11
Ventas,VentaID=1809 ClienteID=4,Cliente en cuarentena (RF-01) o inexistente,2026-08-11
Ventas,VentaID=1812 ClienteID=7,Cliente en cuarentena (RF-01) o inexistente,2026-08-11
Ventas,VentaID=1815 ClienteID=3,Cliente en cuarentena (RF-01) o inexistente,2026-08-11
Ventas,VentaID=1816 ClienteID=4,Cliente en cuarentena (RF-01) o inexistente,2026-08-11
Ventas,VentaID=1819 ClienteID=7,Cliente en cuarentena (RF-01) o inexistente,2026-08-11
Ventas,VentaID=1822 ClienteID=3,Cliente en cuarentena (RF-01) o inexistente,2026-08-11
Ventas,VentaID=1823 ClienteID=4,Cliente en cuarentena (RF-01) o inexistente,2026-08-11
Ventas,VentaID=1826 ClienteID=7,Cliente en cuarentena (RF-01) o inexistente,2026-08-11
Ventas,VentaID=1829 ClienteID=3,Cliente en cuarentena (RF-01) o inexistente,2026-08-11
Ventas,VentaID=1830 ClienteID=4,Cliente en cuarentena (RF-01) o inexistente,2026-08-11
Ventas,VentaID=1833 ClienteID=7,Cliente en cuarentena (RF-01) o inexistente,2026-08-11
Ventas,VentaID=1836 ClienteID=3,Cliente en cuarentena (RF-01) o inexistente,2026-08-11
Ventas,VentaID=1837 ClienteID=4,Cliente en cuarentena (RF-01) o inexistente,2026-08-11
Ventas,VentaID=1840 ClienteID=7,Cliente en cuarentena (RF-01) o inexistente,2026-08-11
Ventas,VentaID=1843 ClienteID=3,Cliente en cuarentena (RF-01) o inexistente,2026-08-11
Ventas,VentaID=1844 ClienteID=4,Cliente en cuarentena (RF-01) o inexistente,2026-08-11
Ventas,VentaID=1847 ClienteID=7,Cliente en cuarentena (RF-01) o inexistente,2026-08-11
Ventas,VentaID=1850 ClienteID=3,Cliente en cuarentena (RF-01) o inexistente,2026-08-11
Ventas,VentaID=1851 ClienteID=4,Cliente en cuarentena (RF-01) o inexistente,2026-08-11
Ventas,VentaID=1854 ClienteID=7,Cliente en cuarentena (RF-01) o inexistente,2026-08-11
Ventas,VentaID=1857 ClienteID=3,Cliente en cuarentena (RF-01) o inexistente,2026-08-11
Ventas,VentaID=1858 ClienteID=4,Cliente en cuarentena (RF-01) o inexistente,2026-08-11
Ventas,VentaID=1861 ClienteID=7,Cliente en cuarentena (RF-01) o inexistente,2026-08-11
Ventas,VentaID=1864 ClienteID=3,Cliente en cuarentena (RF-01) o inexistente,2026-08-11
Ventas,VentaID=1865 ClienteID=4,Cliente en cuarentena (RF-01) o inexistente,2026-08-11
Ventas,VentaID=1868 ClienteID=7,Cliente en cuarentena (RF-01) o inexistente,2026-08-11
Ventas,VentaID=1871 ClienteID=3,Cliente en cuarentena (RF-01) o inexistente,2026-08-11
Ventas,VentaID=1872 ClienteID=4,Cliente en cuarentena (RF-01) o inexistente,2026-08-11
Ventas,VentaID=1875 ClienteID=7,Cliente en cuarentena (RF-01) o inexistente,2026-08-11
Ventas,VentaID=1878 ClienteID=3,Cliente en cuarentena (RF-01) o inexistente,2026-08-11
Ventas,VentaID=1879 ClienteID=4,Cliente en cuarentena (RF-01) o inexistente,2026-08-11
Ventas,VentaID=1882 ClienteID=7,Cliente en cuarentena (RF-01) o inexistente,2026-08-11
Ventas,VentaID=1885 ClienteID=3,Cliente en cuarentena (RF-01) o inexistente,2026-08-11
Ventas,VentaID=1886 ClienteID=4,Cliente en cuarentena (RF-01) o inexistente,2026-08-11
Ventas,VentaID=1889 ClienteID=7,Cliente en cuarentena (RF-01) o inexistente,2026-08-11
Ventas,VentaID=1892 ClienteID=3,Cliente en cuarentena (RF-01) o inexistente,2026-08-11
Ventas,VentaID=1893 ClienteID=4,Cliente en cuarentena (RF-01) o inexistente,2026-08-11
Ventas,VentaID=1896 ClienteID=7,Cliente en cuarentena (RF-01) o inexistente,2026-08-11
Ventas,VentaID=1899 ClienteID=3,Cliente en cuarentena (RF-01) o inexistente,2026-08-11
Ventas,VentaID=1900 ClienteID=4,Cliente en cuarentena (RF-01) o inexistente,2026-08-11
Ventas,VentaID=1903 ClienteID=7,Cliente en cuarentena (RF-01) o inexistente,2026-08-11
Ventas,VentaID=1906 ClienteID=3,Cliente en cuarentena (RF-01) o inexistente,2026-08-11
Ventas,VentaID=1907 ClienteID=4,Cliente en cuarentena (RF-01) o inexistente,2026-08-11
Ventas,VentaID=1910 ClienteID=7,Cliente en cuarentena (RF-01) o inexistente,2026-08-11
Ventas,VentaID=1913 ClienteID=3,Cliente en cuarentena (RF-01) o inexistente,2026-08-11
Ventas,VentaID=1914 ClienteID=4,Cliente en cuarentena (RF-01) o inexistente,2026-08-11
Ventas,VentaID=1917 ClienteID=7,Cliente en cuarentena (RF-01) o inexistente,2026-08-11
Ventas,VentaID=1920 ClienteID=3,Cliente en cuarentena (RF-01) o inexistente,2026-08-11
Ventas,VentaID=1921 ClienteID=4,Cliente en cuarentena (RF-01) o inexistente,2026-08-11
Ventas,VentaID=1924 ClienteID=7,Cliente en cuarentena (RF-01) o inexistente,2026-08-11
Ventas,VentaID=1927 ClienteID=3,Cliente en cuarentena (RF-01) o inexistente,2026-08-11
Ventas,VentaID=1928 ClienteID=4,Cliente en cuarentena (RF-01) o inexistente,2026-08-11
Ventas,VentaID=1931 ClienteID=7,Cliente en cuarentena (RF-01) o inexistente,2026-08-11
Ventas,VentaID=1934 ClienteID=3,Cliente en cuarentena (RF-01) o inexistente,2026-08-11
Ventas,VentaID=1935 ClienteID=4,Cliente en cuarentena (RF-01) o inexistente,2026-08-11
Ventas,VentaID=1938 ClienteID=7,Cliente en cuarentena (RF-01) o inexistente,2026-08-11
Ventas,VentaID=1941 ClienteID=3,Cliente en cuarentena (RF-01) o inexistente,2026-08-11
Ventas,VentaID=1942 ClienteID=4,Cliente en cuarentena (RF-01) o inexistente,2026-08-11
Ventas,VentaID=1945 ClienteID=7,Cliente en cuarentena (RF-01) o inexistente,2026-08-11
Ventas,VentaID=1948 ClienteID=3,Cliente en cuarentena (RF-01) o inexistente,2026-08-11
Ventas,VentaID=1949 ClienteID=4,Cliente en cuarentena (RF-01) o inexistente,2026-08-11
Ventas,VentaID=1952 ClienteID=7,Cliente en cuarentena (RF-01) o inexistente,2026-08-11
Ventas,VentaID=1955 ClienteID=3,Cliente en cuarentena (RF-01) o inexistente,2026-08-11
Ventas,VentaID=1956 ClienteID=4,Cliente en cuarentena (RF-01) o inexistente,2026-08-11
Ventas,VentaID=1959 ClienteID=7,Cliente en cuarentena (RF-01) o inexistente,2026-08-11
Ventas,VentaID=1962 ClienteID=3,Cliente en cuarentena (RF-01) o inexistente,2026-08-11
Ventas,VentaID=1963 ClienteID=4,Cliente en cuarentena (RF-01) o inexistente,2026-08-11
Ventas,VentaID=1966 ClienteID=7,Cliente en cuarentena (RF-01) o inexistente,2026-08-11
Ventas,VentaID=1969 ClienteID=3,Cliente en cuarentena (RF-01) o inexistente,2026-08-11
Ventas,VentaID=1970 ClienteID=4,Cliente en cuarentena (RF-01) o inexistente,2026-08-11
Ventas,VentaID=1973 ClienteID=7,Cliente en cuarentena (RF-01) o inexistente,2026-08-11
Ventas,VentaID=1976 ClienteID=3,Cliente en cuarentena (RF-01) o inexistente,2026-08-11
Ventas,VentaID=1977 ClienteID=4,Cliente en cuarentena (RF-01) o inexistente,2026-08-11
Ventas,VentaID=1980 ClienteID=7,Cliente en cuarentena (RF-01) o inexistente,2026-08-11
Ventas,VentaID=1983 ClienteID=3,Cliente en cuarentena (RF-01) o inexistente,2026-08-11
Ventas,VentaID=1984 ClienteID=4,Cliente en cuarentena (RF-01) o inexistente,2026-08-11
Ventas,VentaID=1987 ClienteID=7,Cliente en cuarentena (RF-01) o inexistente,2026-08-11
Ventas,VentaID=1990 ClienteID=3,Cliente en cuarentena (RF-01) o inexistente,2026-08-11
Ventas,VentaID=1991 ClienteID=4,Cliente en cuarentena (RF-01) o inexistente,2026-08-11
Ventas,VentaID=1994 ClienteID=7,Cliente en cuarentena (RF-01) o inexistente,2026-08-11
Ventas,VentaID=1997 ClienteID=3,Cliente en cuarentena (RF-01) o inexistente,2026-08-11
Ventas,VentaID=1998 ClienteID=4,Cliente en cuarentena (RF-01) o inexistente,2026-08-11
Ventas,VentaID=2001 ClienteID=7,Cliente en cuarentena (RF-01) o inexistente,2026-08-11
Ventas,VentaID=2004 ClienteID=3,Cliente en cuarentena (RF-01) o inexistente,2026-08-11
Ventas,VentaID=2005 ClienteID=4,Cliente en cuarentena (RF-01) o inexistente,2026-08-11
Ventas,VentaID=2008 ClienteID=7,Cliente en cuarentena (RF-01) o inexistente,2026-08-11
Ventas,VentaID=2011 ClienteID=3,Cliente en cuarentena (RF-01) o inexistente,2026-08-11
Ventas,VentaID=2012 ClienteID=4,Cliente en cuarentena (RF-01) o inexistente,2026-08-11
Ventas,VentaID=2015 ClienteID=7,Cliente en cuarentena (RF-01) o inexistente,2026-08-11
Ventas,VentaID=2018 ClienteID=3,Cliente en cuarentena (RF-01) o inexistente,2026-08-11
Ventas,VentaID=2019 ClienteID=4,Cliente en cuarentena (RF-01) o inexistente,2026-08-11
Ventas,VentaID=2022 ClienteID=7,Cliente en cuarentena (RF-01) o inexistente,2026-08-11
Ventas,VentaID=2025 ClienteID=3,Cliente en cuarentena (RF-01) o inexistente,2026-08-11
Ventas,VentaID=2026 ClienteID=4,Cliente en cuarentena (RF-01) o inexistente,2026-08-11
Ventas,VentaID=2029 ClienteID=7,Cliente en cuarentena (RF-01) o inexistente,2026-08-11
Ventas,VentaID=2032 ClienteID=3,Cliente en cuarentena (RF-01) o inexistente,2026-08-11
Ventas,VentaID=2033 ClienteID=4,Cliente en cuarentena (RF-01) o inexistente,2026-08-11
Ventas,VentaID=2036 ClienteID=7,Cliente en cuarentena (RF-01) o inexistente,2026-08-11
Ventas,VentaID=2039 ClienteID=3,Cliente en cuarentena (RF-01) o inexistente,2026-08-11
Ventas,VentaID=2040 ClienteID=4,Cliente en cuarentena (RF-01) o inexistente,2026-08-11
Ventas,VentaID=2043 ClienteID=7,Cliente en cuarentena (RF-01) o inexistente,2026-08-11
Ventas,VentaID=2046 ClienteID=3,Cliente en cuarentena (RF-01) o inexistente,2026-08-11
Ventas,VentaID=2047 ClienteID=4,Cliente en cuarentena (RF-01) o inexistente,2026-08-11
Ventas,VentaID=2050 ClienteID=7,Cliente en cuarentena (RF-01) o inexistente,2026-08-11
Ventas,VentaID=2053 ClienteID=3,Cliente en cuarentena (RF-01) o inexistente,2026-08-11
Ventas,VentaID=2054 ClienteID=4,Cliente en cuarentena (RF-01) o inexistente,2026-08-11
Ventas,VentaID=2057 ClienteID=7,Cliente en cuarentena (RF-01) o inexistente,2026-08-11
Ventas,VentaID=2060 ClienteID=3,Cliente en cuarentena (RF-01) o inexistente,2026-08-11
Ventas,VentaID=2061 ClienteID=4,Cliente en cuarentena (RF-01) o inexistente,2026-08-11
Ventas,VentaID=2064 ClienteID=7,Cliente en cuarentena (RF-01) o inexistente,2026-08-11
Ventas,VentaID=2067 ClienteID=3,Cliente en cuarentena (RF-01) o inexistente,2026-08-11
Ventas,VentaID=2068 ClienteID=4,Cliente en cuarentena (RF-01) o inexistente,2026-08-11
Ventas,VentaID=2071 ClienteID=7,Cliente en cuarentena (RF-01) o inexistente,2026-08-11
Ventas,VentaID=2074 ClienteID=3,Cliente en cuarentena (RF-01) o inexistente,2026-08-11
Ventas,VentaID=2075 ClienteID=4,Cliente en cuarentena (RF-01) o inexistente,2026-08-11
Ventas,VentaID=2078 ClienteID=7,Cliente en cuarentena (RF-01) o inexistente,2026-08-11
Ventas,VentaID=2081 ClienteID=3,Cliente en cuarentena (RF-01) o inexistente,2026-08-11
Ventas,VentaID=2082 ClienteID=4,Cliente en cuarentena (RF-01) o inexistente,2026-08-11
Ventas,VentaID=2085 ClienteID=7,Cliente en cuarentena (RF-01) o inexistente,2026-08-11
Ventas,VentaID=2088 ClienteID=3,Cliente en cuarentena (RF-01) o inexistente,2026-08-11
Ventas,VentaID=2089 ClienteID=4,Cliente en cuarentena (RF-01) o inexistente,2026-08-11
Ventas,VentaID=2092 ClienteID=7,Cliente en cuarentena (RF-01) o inexistente,2026-08-11
Ventas,VentaID=2095 ClienteID=3,Cliente en cuarentena (RF-01) o inexistente,2026-08-11
Ventas,VentaID=2096 ClienteID=4,Cliente en cuarentena (RF-01) o inexistente,2026-08-11
Ventas,VentaID=2099 ClienteID=7,Cliente en cuarentena (RF-01) o inexistente,2026-08-11
Ventas,VentaID=2102 ClienteID=3,Cliente en cuarentena (RF-01) o inexistente,2026-08-11
Ventas,VentaID=2103 ClienteID=4,Cliente en cuarentena (RF-01) o inexistente,2026-08-11
Ventas,VentaID=2106 ClienteID=7,Cliente en cuarentena (RF-01) o inexistente,2026-08-11
Ventas,VentaID=2109 ClienteID=3,Cliente en cuarentena (RF-01) o inexistente,2026-08-11
Ventas,VentaID=2110 ClienteID=4,Cliente en cuarentena (RF-01) o inexistente,2026-08-11
Ventas,VentaID=2113 ClienteID=7,Cliente en cuarentena (RF-01) o inexistente,2026-08-11
Ventas,VentaID=2116 ClienteID=3,Cliente en cuarentena (RF-01) o inexistente,2026-08-11
Ventas,VentaID=2117 ClienteID=4,Cliente en cuarentena (RF-01) o inexistente,2026-08-11
Ventas,VentaID=2120 ClienteID=7,Cliente en cuarentena (RF-01) o inexistente,2026-08-11
Ventas,VentaID=2123 ClienteID=3,Cliente en cuarentena (RF-01) o inexistente,2026-08-11
Ventas,VentaID=2124 ClienteID=4,Cliente en cuarentena (RF-01) o inexistente,2026-08-11
Ventas,VentaID=2127 ClienteID=7,Cliente en cuarentena (RF-01) o inexistente,2026-08-11
Ventas,VentaID=2130 ClienteID=3,Cliente en cuarentena (RF-01) o inexistente,2026-08-11
Ventas,VentaID=2131 ClienteID=4,Cliente en cuarentena (RF-01) o inexistente,2026-08-11
Ventas,VentaID=2134 ClienteID=7,Cliente en cuarentena (RF-01) o inexistente,2026-08-11
Ventas,VentaID=2137 ClienteID=3,Cliente en cuarentena (RF-01) o inexistente,2026-08-11
Ventas,VentaID=2138 ClienteID=4,Cliente en cuarentena (RF-01) o inexistente,2026-08-11
Ventas,VentaID=2141 ClienteID=7,Cliente en cuarentena (RF-01) o inexistente,2026-08-11
Ventas,VentaID=2144 ClienteID=3,Cliente en cuarentena (RF-01) o inexistente,2026-08-11
Ventas,VentaID=2145 ClienteID=4,Cliente en cuarentena (RF-01) o inexistente,2026-08-11
Ventas,VentaID=2148 ClienteID=7,Cliente en cuarentena (RF-01) o inexistente,2026-08-11
Ventas,VentaID=2151 ClienteID=3,Cliente en cuarentena (RF-01) o inexistente,2026-08-11
Ventas,VentaID=2152 ClienteID=4,Cliente en cuarentena (RF-01) o inexistente,2026-08-11
Ventas,VentaID=2155 ClienteID=7,Cliente en cuarentena (RF-01) o inexistente,2026-08-11
Ventas,VentaID=2158 ClienteID=3,Cliente en cuarentena (RF-01) o inexistente,2026-08-11
Ventas,VentaID=2159 ClienteID=4,Cliente en cuarentena (RF-01) o inexistente,2026-08-11
Ventas,VentaID=2162 ClienteID=7,Cliente en cuarentena (RF-01) o inexistente,2026-08-11
Ventas,VentaID=2165 ClienteID=3,Cliente en cuarentena (RF-01) o inexistente,2026-08-11
Ventas,VentaID=2166 ClienteID=4,Cliente en cuarentena (RF-01) o inexistente,2026-08-11
Ventas,VentaID=2169 ClienteID=7,Cliente en cuarentena (RF-01) o inexistente,2026-08-11
Ventas,VentaID=2172 ClienteID=3,Cliente en cuarentena (RF-01) o inexistente,2026-08-11
Ventas,VentaID=2173 ClienteID=4,Cliente en cuarentena (RF-01) o inexistente,2026-08-11
Ventas,VentaID=2176 ClienteID=7,Cliente en cuarentena (RF-01) o inexistente,2026-08-11
Ventas,VentaID=2179 ClienteID=3,Cliente en cuarentena (RF-01) o inexistente,2026-08-11
Ventas,VentaID=2180 ClienteID=4,Cliente en cuarentena (RF-01) o inexistente,2026-08-11
Ventas,VentaID=2183 ClienteID=7,Cliente en cuarentena (RF-01) o inexistente,2026-08-11
Ventas,VentaID=2186 ClienteID=3,Cliente en cuarentena (RF-01) o inexistente,2026-08-11
Ventas,VentaID=2187 ClienteID=4,Cliente en cuarentena (RF-01) o inexistente,2026-08-11
Ventas,VentaID=2190 ClienteID=7,Cliente en cuarentena (RF-01) o inexistente,2026-08-11
Ventas,VentaID=2193 ClienteID=3,Cliente en cuarentena (RF-01) o inexistente,2026-08-11
Ventas,VentaID=2194 ClienteID=4,Cliente en cuarentena (RF-01) o inexistente,2026-08-11
Ventas,VentaID=2197 ClienteID=7,Cliente en cuarentena (RF-01) o inexistente,2026-08-11
Ventas,VentaID=2200 ClienteID=3,Cliente en cuarentena (RF-01) o inexistente,2026-08-11
Ventas,VentaID=2201 ClienteID=4,Cliente en cuarentena (RF-01) o inexistente,2026-08-11
Ventas,VentaID=2204 ClienteID=7,Cliente en cuarentena (RF-01) o inexistente,2026-08-11
Ventas,VentaID=2207 ClienteID=3,Cliente en cuarentena (RF-01) o inexistente,2026-08-11
Ventas,VentaID=2208 ClienteID=4,Cliente en cuarentena (RF-01) o inexistente,2026-08-11
Ventas,VentaID=2211 ClienteID=7,Cliente en cuarentena (RF-01) o inexistente,2026-08-11
Ventas,VentaID=2214 ClienteID=3,Cliente en cuarentena (RF-01) o inexistente,2026-08-11
Ventas,VentaID=2215 ClienteID=4,Cliente en cuarentena (RF-01) o inexistente,2026-08-11
Ventas,VentaID=2218 ClienteID=7,Cliente en cuarentena (RF-01) o inexistente,2026-08-11
Ventas,VentaID=2221 ClienteID=3,Cliente en cuarentena (RF-01) o inexistente,2026-08-11
Ventas,VentaID=2222 ClienteID=4,Cliente en cuarentena (RF-01) o inexistente,2026-08-11
Ventas,VentaID=2225 ClienteID=7,Cliente en cuarentena (RF-01) o inexistente,2026-08-11
Ventas,VentaID=2228 ClienteID=3,Cliente en cuarentena (RF-01) o inexistente,2026-08-11
Ventas,VentaID=2229 ClienteID=4,Cliente en cuarentena (RF-01) o inexistente,2026-08-11
Ventas,VentaID=2232 ClienteID=7,Cliente en cuarentena (RF-01) o inexistente,2026-08-11
Ventas,VentaID=2235 ClienteID=3,Cliente en cuarentena (RF-01) o inexistente,2026-08-11
Ventas,VentaID=2236 ClienteID=4,Cliente en cuarentena (RF-01) o inexistente,2026-08-11
Ventas,VentaID=2239 ClienteID=7,Cliente en cuarentena (RF-01) o inexistente,2026-08-11
Ventas,VentaID=2242 ClienteID=3,Cliente en cuarentena (RF-01) o inexistente,2026-08-11
Ventas,VentaID=2243 ClienteID=4,Cliente en cuarentena (RF-01) o inexistente,2026-08-11
Ventas,VentaID=2246 ClienteID=7,Cliente en cuarentena (RF-01) o inexistente,2026-08-11
Ventas,VentaID=2249 ClienteID=3,Cliente en cuarentena (RF-01) o inexistente,2026-08-11
Ventas,VentaID=2250 ClienteID=4,Cliente en cuarentena (RF-01) o inexistente,2026-08-11
Ventas,VentaID=2253 ClienteID=7,Cliente en cuarentena (RF-01) o inexistente,2026-08-11
Ventas,VentaID=2256 ClienteID=3,Cliente en cuarentena (RF-01) o inexistente,2026-08-11
Ventas,VentaID=2257 ClienteID=4,Cliente en cuarentena (RF-01) o inexistente,2026-08-11
Ventas,VentaID=2260 ClienteID=7,Cliente en cuarentena (RF-01) o inexistente,2026-08-11
Ventas,VentaID=2263 ClienteID=3,Cliente en cuarentena (RF-01) o inexistente,2026-08-11
Ventas,VentaID=2264 ClienteID=4,Cliente en cuarentena (RF-01) o inexistente,2026-08-11
Ventas,VentaID=2267 ClienteID=7,Cliente en cuarentena (RF-01) o inexistente,2026-08-11
Ventas,VentaID=2270 ClienteID=3,Cliente en cuarentena (RF-01) o inexistente,2026-08-11
Ventas,VentaID=2271 ClienteID=4,Cliente en cuarentena (RF-01) o inexistente,2026-08-11
Ventas,VentaID=2274 ClienteID=7,Cliente en cuarentena (RF-01) o inexistente,2026-08-11
Ventas,VentaID=2277 ClienteID=3,Cliente en cuarentena (RF-01) o inexistente,2026-08-11
Ventas,VentaID=2278 ClienteID=4,Cliente en cuarentena (RF-01) o inexistente,2026-08-11
Ventas,VentaID=2281 ClienteID=7,Cliente en cuarentena (RF-01) o inexistente,2026-08-11
Ventas,VentaID=2284 ClienteID=3,Cliente en cuarentena (RF-01) o inexistente,2026-08-11
Ventas,VentaID=2285 ClienteID=4,Cliente en cuarentena (RF-01) o inexistente,2026-08-11
Ventas,VentaID=2288 ClienteID=7,Cliente en cuarentena (RF-01) o inexistente,2026-08-11
Ventas,VentaID=2291 ClienteID=3,Cliente en cuarentena (RF-01) o inexistente,2026-08-11
Ventas,VentaID=2292 ClienteID=4,Cliente en cuarentena (RF-01) o inexistente,2026-08-11
Ventas,VentaID=2295 ClienteID=7,Cliente en cuarentena (RF-01) o inexistente,2026-08-11
Ventas,VentaID=2298 ClienteID=3,Cliente en cuarentena (RF-01) o inexistente,2026-08-11
Ventas,VentaID=2299 ClienteID=4,Cliente en cuarentena (RF-01) o inexistente,2026-08-11
Ventas,VentaID=2302 ClienteID=7,Cliente en cuarentena (RF-01) o inexistente,2026-08-11
Ventas,VentaID=2305 ClienteID=3,Cliente en cuarentena (RF-01) o inexistente,2026-08-11
Ventas,VentaID=2306 ClienteID=4,Cliente en cuarentena (RF-01) o inexistente,2026-08-11
Ventas,VentaID=2309 ClienteID=7,Cliente en cuarentena (RF-01) o inexistente,2026-08-11
Ventas,VentaID=2312 ClienteID=3,Cliente en cuarentena (RF-01) o inexistente,2026-08-11
Ventas,VentaID=2313 ClienteID=4,Cliente en cuarentena (RF-01) o inexistente,2026-08-11
Ventas,VentaID=2316 ClienteID=7,Cliente en cuarentena (RF-01) o inexistente,2026-08-11
Ventas,VentaID=2319 ClienteID=3,Cliente en cuarentena (RF-01) o inexistente,2026-08-11
Ventas,VentaID=2320 ClienteID=4,Cliente en cuarentena (RF-01) o inexistente,2026-08-11
Ventas,VentaID=2323 ClienteID=7,Cliente en cuarentena (RF-01) o inexistente,2026-08-11
Ventas,VentaID=2326 ClienteID=3,Cliente en cuarentena (RF-01) o inexistente,2026-08-11
Ventas,VentaID=2327 ClienteID=4,Cliente en cuarentena (RF-01) o inexistente,2026-08-11
Ventas,VentaID=2330 ClienteID=7,Cliente en cuarentena (RF-01) o inexistente,2026-08-11
Ventas,VentaID=2333 ClienteID=3,Cliente en cuarentena (RF-01) o inexistente,2026-08-11
Ventas,VentaID=2334 ClienteID=4,Cliente en cuarentena (RF-01) o inexistente,2026-08-11
Ventas,VentaID=2337 ClienteID=7,Cliente en cuarentena (RF-01) o inexistente,2026-08-11
Ventas,VentaID=2340 ClienteID=3,Cliente en cuarentena (RF-01) o inexistente,2026-08-11
Ventas,VentaID=2341 ClienteID=4,Cliente en cuarentena (RF-01) o inexistente,2026-08-11
Ventas,VentaID=2344 ClienteID=7,Cliente en cuarentena (RF-01) o inexistente,2026-08-11
Ventas,VentaID=2347 ClienteID=3,Cliente en cuarentena (RF-01) o inexistente,2026-08-11
Ventas,VentaID=2348 ClienteID=4,Cliente en cuarentena (RF-01) o inexistente,2026-08-11
Ventas,VentaID=2351 ClienteID=7,Cliente en cuarentena (RF-01) o inexistente,2026-08-11
Ventas,VentaID=2354 ClienteID=3,Cliente en cuarentena (RF-01) o inexistente,2026-08-11
Ventas,VentaID=2355 ClienteID=4,Cliente en cuarentena (RF-01) o inexistente,2026-08-11
Ventas,VentaID=2358 ClienteID=7,Cliente en cuarentena (RF-01) o inexistente,2026-08-11
Ventas,VentaID=2361 ClienteID=3,Cliente en cuarentena (RF-01) o inexistente,2026-08-11
Ventas,VentaID=2362 ClienteID=4,Cliente en cuarentena (RF-01) o inexistente,2026-08-11
Ventas,VentaID=2365 ClienteID=7,Cliente en cuarentena (RF-01) o inexistente,2026-08-11
Ventas,VentaID=2368 ClienteID=3,Cliente en cuarentena (RF-01) o inexistente,2026-08-11
Ventas,VentaID=2369 ClienteID=4,Cliente en cuarentena (RF-01) o inexistente,2026-08-11
Ventas,VentaID=2372 ClienteID=7,Cliente en cuarentena (RF-01) o inexistente,2026-08-11
Ventas,VentaID=2375 ClienteID=3,Cliente en cuarentena (RF-01) o inexistente,2026-08-11
Ventas,VentaID=2376 ClienteID=4,Cliente en cuarentena (RF-01) o inexistente,2026-08-11
Ventas,VentaID=2379 ClienteID=7,Cliente en cuarentena (RF-01) o inexistente,2026-08-11
Ventas,VentaID=2382 ClienteID=3,Cliente en cuarentena (RF-01) o inexistente,2026-08-11
Ventas,VentaID=2383 ClienteID=4,Cliente en cuarentena (RF-01) o inexistente,2026-08-11
Ventas,VentaID=2386 ClienteID=7,Cliente en cuarentena (RF-01) o inexistente,2026-08-11
Ventas,VentaID=2389 ClienteID=3,Cliente en cuarentena (RF-01) o inexistente,2026-08-11
Ventas,VentaID=2390 ClienteID=4,Cliente en cuarentena (RF-01) o inexistente,2026-08-11
Ventas,VentaID=2393 ClienteID=7,Cliente en cuarentena (RF-01) o inexistente,2026-08-11
Ventas,VentaID=2396 ClienteID=3,Cliente en cuarentena (RF-01) o inexistente,2026-08-11
Ventas,VentaID=2397 ClienteID=4,Cliente en cuarentena (RF-01) o inexistente,2026-08-11
Ventas,VentaID=2400 ClienteID=7,Cliente en cuarentena (RF-01) o inexistente,2026-08-11
Ventas,VentaID=2403 ClienteID=3,Cliente en cuarentena (RF-01) o inexistente,2026-08-11
Ventas,VentaID=2404 ClienteID=4,Cliente en cuarentena (RF-01) o inexistente,2026-08-11
Ventas,VentaID=2407 ClienteID=7,Cliente en cuarentena (RF-01) o inexistente,2026-08-11
Ventas,VentaID=2410 ClienteID=3,Cliente en cuarentena (RF-01) o inexistente,2026-08-11
Ventas,VentaID=2411 ClienteID=4,Cliente en cuarentena (RF-01) o inexistente,2026-08-11
Ventas,VentaID=2414 ClienteID=7,Cliente en cuarentena (RF-01) o inexistente,2026-08-11
Ventas,VentaID=2417 ClienteID=3,Cliente en cuarentena (RF-01) o inexistente,2026-08-11
Ventas,VentaID=2418 ClienteID=4,Cliente en cuarentena (RF-01) o inexistente,2026-08-11
Ventas,VentaID=2421 ClienteID=7,Cliente en cuarentena (RF-01) o inexistente,2026-08-11
Ventas,VentaID=2424 ClienteID=3,Cliente en cuarentena (RF-01) o inexistente,2026-08-11
Ventas,VentaID=2425 ClienteID=4,Cliente en cuarentena (RF-01) o inexistente,2026-08-11
Ventas,VentaID=2428 ClienteID=7,Cliente en cuarentena (RF-01) o inexistente,2026-08-11
Ventas,VentaID=2431 ClienteID=3,Cliente en cuarentena (RF-01) o inexistente,2026-08-11
Ventas,VentaID=2432 ClienteID=4,Cliente en cuarentena (RF-01) o inexistente,2026-08-11
Ventas,VentaID=2435 ClienteID=7,Cliente en cuarentena (RF-01) o inexistente,2026-08-11
Ventas,VentaID=2438 ClienteID=3,Cliente en cuarentena (RF-01) o inexistente,2026-08-11
Ventas,VentaID=2439 ClienteID=4,Cliente en cuarentena (RF-01) o inexistente,2026-08-11
Ventas,VentaID=2442 ClienteID=7,Cliente en cuarentena (RF-01) o inexistente,2026-08-11
Ventas,VentaID=2445 ClienteID=3,Cliente en cuarentena (RF-01) o inexistente,2026-08-11
Ventas,VentaID=2446 ClienteID=4,Cliente en cuarentena (RF-01) o inexistente,2026-08-11
Ventas,VentaID=2449 ClienteID=7,Cliente en cuarentena (RF-01) o inexistente,2026-08-11
Ventas,VentaID=2452 ClienteID=3,Cliente en cuarentena (RF-01) o inexistente,2026-08-11
Ventas,VentaID=2453 ClienteID=4,Cliente en cuarentena (RF-01) o inexistente,2026-08-11
Ventas,VentaID=2456 ClienteID=7,Cliente en cuarentena (RF-01) o inexistente,2026-08-11
Ventas,VentaID=2459 ClienteID=3,Cliente en cuarentena (RF-01) o inexistente,2026-08-11
Ventas,VentaID=2460 ClienteID=4,Cliente en cuarentena (RF-01) o inexistente,2026-08-11
Ventas,VentaID=2463 ClienteID=7,Cliente en cuarentena (RF-01) o inexistente,2026-08-11
Ventas,VentaID=2466 ClienteID=3,Cliente en cuarentena (RF-01) o inexistente,2026-08-11
Ventas,VentaID=2467 ClienteID=4,Cliente en cuarentena (RF-01) o inexistente,2026-08-11
Ventas,VentaID=2470 ClienteID=7,Cliente en cuarentena (RF-01) o inexistente,2026-08-11
Ventas,VentaID=2473 ClienteID=3,Cliente en cuarentena (RF-01) o inexistente,2026-08-11
Ventas,VentaID=2474 ClienteID=4,Cliente en cuarentena (RF-01) o inexistente,2026-08-11
Ventas,VentaID=2477 ClienteID=7,Cliente en cuarentena (RF-01) o inexistente,2026-08-11
Ventas,VentaID=2480 ClienteID=3,Cliente en cuarentena (RF-01) o inexistente,2026-08-11
Ventas,VentaID=2481 ClienteID=4,Cliente en cuarentena (RF-01) o inexistente,2026-08-11
Ventas,VentaID=2484 ClienteID=7,Cliente en cuarentena (RF-01) o inexistente,2026-08-11
Ventas,VentaID=2487 ClienteID=3,Cliente en cuarentena (RF-01) o inexistente,2026-08-11
Ventas,VentaID=2488 ClienteID=4,Cliente en cuarentena (RF-01) o inexistente,2026-08-11
Ventas,VentaID=2491 ClienteID=7,Cliente en cuarentena (RF-01) o inexistente,2026-08-11
Ventas,VentaID=2494 ClienteID=3,Cliente en cuarentena (RF-01) o inexistente,2026-08-11
Ventas,VentaID=2495 ClienteID=4,Cliente en cuarentena (RF-01) o inexistente,2026-08-11
Ventas,VentaID=2498 ClienteID=7,Cliente en cuarentena (RF-01) o inexistente,2026-08-11
Ventas,VentaID=2501 ClienteID=3,Cliente en cuarentena (RF-01) o inexistente,2026-08-11
Ventas,VentaID=2502 ClienteID=4,Cliente en cuarentena (RF-01) o inexistente,2026-08-11
Ventas,VentaID=2505 ClienteID=7,Cliente en cuarentena (RF-01) o inexistente,2026-08-11
Ventas,VentaID=2508 ClienteID=3,Cliente en cuarentena (RF-01) o inexistente,2026-08-11
Ventas,VentaID=2509 ClienteID=4,Cliente en cuarentena (RF-01) o inexistente,2026-08-11
Ventas,VentaID=2512 ClienteID=7,Cliente en cuarentena (RF-01) o inexistente,2026-08-11
Ventas,VentaID=2515 ClienteID=3,Cliente en cuarentena (RF-01) o inexistente,2026-08-11
Ventas,VentaID=2516 ClienteID=4,Cliente en cuarentena (RF-01) o inexistente,2026-08-11
Ventas,VentaID=2519 ClienteID=7,Cliente en cuarentena (RF-01) o inexistente,2026-08-11
Ventas,VentaID=2522 ClienteID=3,Cliente en cuarentena (RF-01) o inexistente,2026-08-11
Ventas,VentaID=2523 ClienteID=4,Cliente en cuarentena (RF-01) o inexistente,2026-08-11
Ventas,VentaID=2526 ClienteID=7,Cliente en cuarentena (RF-01) o inexistente,2026-08-11
Ventas,VentaID=2529 ClienteID=3,Cliente en cuarentena (RF-01) o inexistente,2026-08-11
Ventas,VentaID=2530 ClienteID=4,Cliente en cuarentena (RF-01) o inexistente,2026-08-11
Ventas,VentaID=2533 ClienteID=7,Cliente en cuarentena (RF-01) o inexistente,2026-08-11
Ventas,VentaID=2536 ClienteID=3,Cliente en cuarentena (RF-01) o inexistente,2026-08-11
Ventas,VentaID=2537 ClienteID=4,Cliente en cuarentena (RF-01) o inexistente,2026-08-11
Ventas,VentaID=2540 ClienteID=7,Cliente en cuarentena (RF-01) o inexistente,2026-08-11
Ventas,VentaID=2543 ClienteID=3,Cliente en cuarentena (RF-01) o inexistente,2026-08-11
Ventas,VentaID=2544 ClienteID=4,Cliente en cuarentena (RF-01) o inexistente,2026-08-11
Ventas,VentaID=2547 ClienteID=7,Cliente en cuarentena (RF-01) o inexistente,2026-08-11
Ventas,VentaID=2550 ClienteID=3,Cliente en cuarentena (RF-01) o inexistente,2026-08-11
Ventas,VentaID=2551 ClienteID=4,Cliente en cuarentena (RF-01) o inexistente,2026-08-11
Ventas,VentaID=2554 ClienteID=7,Cliente en cuarentena (RF-01) o inexistente,2026-08-11
Ventas,VentaID=2557 ClienteID=3,Cliente en cuarentena (RF-01) o inexistente,2026-08-11
Ventas,VentaID=2558 ClienteID=4,Cliente en cuarentena (RF-01) o inexistente,2026-08-11
Ventas,VentaID=2561 ClienteID=7,Cliente en cuarentena (RF-01) o inexistente,2026-08-11
Ventas,VentaID=2564 ClienteID=3,Cliente en cuarentena (RF-01) o inexistente,2026-08-11
Ventas,VentaID=2565 ClienteID=4,Cliente en cuarentena (RF-01) o inexistente,2026-08-11
Ventas,VentaID=2568 ClienteID=7,Cliente en cuarentena (RF-01) o inexistente,2026-08-11
Ventas,VentaID=2571 ClienteID=3,Cliente en cuarentena (RF-01) o inexistente,2026-08-11
Ventas,VentaID=2572 ClienteID=4,Cliente en cuarentena (RF-01) o inexistente,2026-08-11
Ventas,VentaID=2575 ClienteID=7,Cliente en cuarentena (RF-01) o inexistente,2026-08-11
Ventas,VentaID=2578 ClienteID=3,Cliente en cuarentena (RF-01) o inexistente,2026-08-11
Ventas,VentaID=2579 ClienteID=4,Cliente en cuarentena (RF-01) o inexistente,2026-08-11
Ventas,VentaID=2582 ClienteID=7,Cliente en cuarentena (RF-01) o inexistente,2026-08-11
Ventas,VentaID=2585 ClienteID=3,Cliente en cuarentena (RF-01) o inexistente,2026-08-11
Ventas,VentaID=2586 ClienteID=4,Cliente en cuarentena (RF-01) o inexistente,2026-08-11
Ventas,VentaID=2589 ClienteID=7,Cliente en cuarentena (RF-01) o inexistente,2026-08-11
Ventas,VentaID=2592 ClienteID=3,Cliente en cuarentena (RF-01) o inexistente,2026-08-11
Ventas,VentaID=2593 ClienteID=4,Cliente en cuarentena (RF-01) o inexistente,2026-08-11
Ventas,VentaID=2596 ClienteID=7,Cliente en cuarentena (RF-01) o inexistente,2026-08-11
Ventas,VentaID=2599 ClienteID=3,Cliente en cuarentena (RF-01) o inexistente,2026-08-11
Ventas,VentaID=2600 ClienteID=4,Cliente en cuarentena (RF-01) o inexistente,2026-08-11
Ventas,VentaID=2603 ClienteID=7,Cliente en cuarentena (RF-01) o inexistente,2026-08-11
Ventas,VentaID=2606 ClienteID=3,Cliente en cuarentena (RF-01) o inexistente,2026-08-11
Ventas,VentaID=2607 ClienteID=4,Cliente en cuarentena (RF-01) o inexistente,2026-08-11
Ventas,VentaID=2610 ClienteID=7,Cliente en cuarentena (RF-01) o inexistente,2026-08-11
Ventas,VentaID=2613 ClienteID=3,Cliente en cuarentena (RF-01) o inexistente,2026-08-11
Ventas,VentaID=2614 ClienteID=4,Cliente en cuarentena (RF-01) o inexistente,2026-08-11
Ventas,VentaID=2617 ClienteID=7,Cliente en cuarentena (RF-01) o inexistente,2026-08-11
Ventas,VentaID=2620 ClienteID=3,Cliente en cuarentena (RF-01) o inexistente,2026-08-11
Ventas,VentaID=2621 ClienteID=4,Cliente en cuarentena (RF-01) o inexistente,2026-08-11
Ventas,VentaID=2624 ClienteID=7,Cliente en cuarentena (RF-01) o inexistente,2026-08-11
Ventas,VentaID=2627 ClienteID=3,Cliente en cuarentena (RF-01) o inexistente,2026-08-11
Ventas,VentaID=2628 ClienteID=4,Cliente en cuarentena (RF-01) o inexistente,2026-08-11
Ventas,VentaID=2631 ClienteID=7,Cliente en cuarentena (RF-01) o inexistente,2026-08-11
Ventas,VentaID=2634 ClienteID=3,Cliente en cuarentena (RF-01) o inexistente,2026-08-11
Ventas,VentaID=2635 ClienteID=4,Cliente en cuarentena (RF-01) o inexistente,2026-08-11
Ventas,VentaID=2638 ClienteID=7,Cliente en cuarentena (RF-01) o inexistente,2026-08-11
Ventas,VentaID=2641 ClienteID=3,Cliente en cuarentena (RF-01) o inexistente,2026-08-11
Ventas,VentaID=2642 ClienteID=4,Cliente en cuarentena (RF-01) o inexistente,2026-08-11
Ventas,VentaID=2645 ClienteID=7,Cliente en cuarentena (RF-01) o inexistente,2026-08-11
Ventas,VentaID=2648 ClienteID=3,Cliente en cuarentena (RF-01) o inexistente,2026-08-11
Ventas,VentaID=2649 ClienteID=4,Cliente en cuarentena (RF-01) o inexistente,2026-08-11
Ventas,VentaID=2652 ClienteID=7,Cliente en cuarentena (RF-01) o inexistente,2026-08-11
Ventas,VentaID=2655 ClienteID=3,Cliente en cuarentena (RF-01) o inexistente,2026-08-11
Ventas,VentaID=2656 ClienteID=4,Cliente en cuarentena (RF-01) o inexistente,2026-08-11
Ventas,VentaID=2659 ClienteID=7,Cliente en cuarentena (RF-01) o inexistente,2026-08-11
Ventas,VentaID=2662 ClienteID=3,Cliente en cuarentena (RF-01) o inexistente,2026-08-11
Ventas,VentaID=2663 ClienteID=4,Cliente en cuarentena (RF-01) o inexistente,2026-08-11
Ventas,VentaID=2666 ClienteID=7,Cliente en cuarentena (RF-01) o inexistente,2026-08-11
Ventas,VentaID=2669 ClienteID=3,Cliente en cuarentena (RF-01) o inexistente,2026-08-11
Ventas,VentaID=2670 ClienteID=4,Cliente en cuarentena (RF-01) o inexistente,2026-08-11
Ventas,VentaID=2673 ClienteID=7,Cliente en cuarentena (RF-01) o inexistente,2026-08-11
Ventas,VentaID=2676 ClienteID=3,Cliente en cuarentena (RF-01) o inexistente,2026-08-11
Ventas,VentaID=2677 ClienteID=4,Cliente en cuarentena (RF-01) o inexistente,2026-08-11
Ventas,VentaID=2680 ClienteID=7,Cliente en cuarentena (RF-01) o inexistente,2026-08-11
Ventas,VentaID=2683 ClienteID=3,Cliente en cuarentena (RF-01) o inexistente,2026-08-11
Ventas,VentaID=2684 ClienteID=4,Cliente en cuarentena (RF-01) o inexistente,2026-08-11
Ventas,VentaID=2687 ClienteID=7,Cliente en cuarentena (RF-01) o inexistente,2026-08-11
Ventas,VentaID=2690 ClienteID=3,Cliente en cuarentena (RF-01) o inexistente,2026-08-11
Ventas,VentaID=2691 ClienteID=4,Cliente en cuarentena (RF-01) o inexistente,2026-08-11
Ventas,VentaID=2694 ClienteID=7,Cliente en cuarentena (RF-01) o inexistente,2026-08-11
Ventas,VentaID=2697 ClienteID=3,Cliente en cuarentena (RF-01) o inexistente,2026-08-11
Ventas,VentaID=2698 ClienteID=4,Cliente en cuarentena (RF-01) o inexistente,2026-08-11
Ventas,VentaID=2701 ClienteID=7,Cliente en cuarentena (RF-01) o inexistente,2026-08-11
Ventas,VentaID=2704 ClienteID=3,Cliente en cuarentena (RF-01) o inexistente,2026-08-11
Ventas,VentaID=2705 ClienteID=4,Cliente en cuarentena (RF-01) o inexistente,2026-08-11
Ventas,VentaID=2708 ClienteID=7,Cliente en cuarentena (RF-01) o inexistente,2026-08-11
Ventas,VentaID=2711 ClienteID=3,Cliente en cuarentena (RF-01) o inexistente,2026-08-11
Ventas,VentaID=2712 ClienteID=4,Cliente en cuarentena (RF-01) o inexistente,2026-08-11
Ventas,VentaID=2715 ClienteID=7,Cliente en cuarentena (RF-01) o inexistente,2026-08-11
Ventas,VentaID=2718 ClienteID=3,Cliente en cuarentena (RF-01) o inexistente,2026-08-11
Ventas,VentaID=2719 ClienteID=4,Cliente en cuarentena (RF-01) o inexistente,2026-08-11
Ventas,VentaID=2722 ClienteID=7,Cliente en cuarentena (RF-01) o inexistente,2026-08-11
Ventas,VentaID=2725 ClienteID=3,Cliente en cuarentena (RF-01) o inexistente,2026-08-11
Ventas,VentaID=2726 ClienteID=4,Cliente en cuarentena (RF-01) o inexistente,2026-08-11
Ventas,VentaID=2729 ClienteID=7,Cliente en cuarentena (RF-01) o inexistente,2026-08-11
Ventas,VentaID=2732 ClienteID=3,Cliente en cuarentena (RF-01) o inexistente,2026-08-11
Ventas,VentaID=2733 ClienteID=4,Cliente en cuarentena (RF-01) o inexistente,2026-08-11
Ventas,VentaID=2736 ClienteID=7,Cliente en cuarentena (RF-01) o inexistente,2026-08-11
Ventas,VentaID=2739 ClienteID=3,Cliente en cuarentena (RF-01) o inexistente,2026-08-11
Ventas,VentaID=2740 ClienteID=4,Cliente en cuarentena (RF-01) o inexistente,2026-08-11
Ventas,VentaID=2743 ClienteID=7,Cliente en cuarentena (RF-01) o inexistente,2026-08-11
Ventas,VentaID=2746 ClienteID=3,Cliente en cuarentena (RF-01) o inexistente,2026-08-11
Ventas,VentaID=2747 ClienteID=4,Cliente en cuarentena (RF-01) o inexistente,2026-08-11
Ventas,VentaID=2750 ClienteID=7,Cliente en cuarentena (RF-01) o inexistente,2026-08-11
Ventas,VentaID=2753 ClienteID=3,Cliente en cuarentena (RF-01) o inexistente,2026-08-11
Ventas,VentaID=2754 ClienteID=4,Cliente en cuarentena (RF-01) o inexistente,2026-08-11
Ventas,VentaID=2757 ClienteID=7,Cliente en cuarentena (RF-01) o inexistente,2026-08-11
Ventas,VentaID=2760 ClienteID=3,Cliente en cuarentena (RF-01) o inexistente,2026-08-11
Ventas,VentaID=2761 ClienteID=4,Cliente en cuarentena (RF-01) o inexistente,2026-08-11
Ventas,VentaID=2764 ClienteID=7,Cliente en cuarentena (RF-01) o inexistente,2026-08-11
Ventas,VentaID=2767 ClienteID=3,Cliente en cuarentena (RF-01) o inexistente,2026-08-11
Ventas,VentaID=2768 ClienteID=4,Cliente en cuarentena (RF-01) o inexistente,2026-08-11
Ventas,VentaID=2771 ClienteID=7,Cliente en cuarentena (RF-01) o inexistente,2026-08-11
Ventas,VentaID=2774 ClienteID=3,Cliente en cuarentena (RF-01) o inexistente,2026-08-11
Ventas,VentaID=2775 ClienteID=4,Cliente en cuarentena (RF-01) o inexistente,2026-08-11
Ventas,VentaID=2778 ClienteID=7,Cliente en cuarentena (RF-01) o inexistente,2026-08-11
Ventas,VentaID=2781 ClienteID=3,Cliente en cuarentena (RF-01) o inexistente,2026-08-11
Ventas,VentaID=2782 ClienteID=4,Cliente en cuarentena (RF-01) o inexistente,2026-08-11
Ventas,VentaID=2785 ClienteID=7,Cliente en cuarentena (RF-01) o inexistente,2026-08-11
Ventas,VentaID=2788 ClienteID=3,Cliente en cuarentena (RF-01) o inexistente,2026-08-11
Ventas,VentaID=2789 ClienteID=4,Cliente en cuarentena (RF-01) o inexistente,2026-08-11
Ventas,VentaID=2792 ClienteID=7,Cliente en cuarentena (RF-01) o inexistente,2026-08-11
Ventas,VentaID=2795 ClienteID=3,Cliente en cuarentena (RF-01) o inexistente,2026-08-11
Ventas,VentaID=2796 ClienteID=4,Cliente en cuarentena (RF-01) o inexistente,2026-08-11
Ventas,VentaID=2799 ClienteID=7,Cliente en cuarentena (RF-01) o inexistente,2026-08-11
Ventas,VentaID=2802 ClienteID=3,Cliente en cuarentena (RF-01) o inexistente,2026-08-11
Ventas,VentaID=2803 ClienteID=4,Cliente en cuarentena (RF-01) o inexistente,2026-08-11
Ventas,VentaID=2806 ClienteID=7,Cliente en cuarentena (RF-01) o inexistente,2026-08-11
Ventas,VentaID=2809 ClienteID=3,Cliente en cuarentena (RF-01) o inexistente,2026-08-11
Ventas,VentaID=2810 ClienteID=4,Cliente en cuarentena (RF-01) o inexistente,2026-08-11
Ventas,VentaID=2813 ClienteID=7,Cliente en cuarentena (RF-01) o inexistente,2026-08-11
Ventas,VentaID=2816 ClienteID=3,Cliente en cuarentena (RF-01) o inexistente,2026-08-11
Ventas,VentaID=2817 ClienteID=4,Cliente en cuarentena (RF-01) o inexistente,2026-08-11
Ventas,VentaID=2820 ClienteID=7,Cliente en cuarentena (RF-01) o inexistente,2026-08-11
Ventas,VentaID=2823 ClienteID=3,Cliente en cuarentena (RF-01) o inexistente,2026-08-11
Ventas,VentaID=2824 ClienteID=4,Cliente en cuarentena (RF-01) o inexistente,2026-08-11
Ventas,VentaID=2827 ClienteID=7,Cliente en cuarentena (RF-01) o inexistente,2026-08-11
Ventas,VentaID=2830 ClienteID=3,Cliente en cuarentena (RF-01) o inexistente,2026-08-11
Ventas,VentaID=2831 ClienteID=4,Cliente en cuarentena (RF-01) o inexistente,2026-08-11
Ventas,VentaID=2834 ClienteID=7,Cliente en cuarentena (RF-01) o inexistente,2026-08-11
Ventas,VentaID=2837 ClienteID=3,Cliente en cuarentena (RF-01) o inexistente,2026-08-11
Ventas,VentaID=2838 ClienteID=4,Cliente en cuarentena (RF-01) o inexistente,2026-08-11
Ventas,VentaID=2841 ClienteID=7,Cliente en cuarentena (RF-01) o inexistente,2026-08-11
Ventas,VentaID=2844 ClienteID=3,Cliente en cuarentena (RF-01) o inexistente,2026-08-11
Ventas,VentaID=2845 ClienteID=4,Cliente en cuarentena (RF-01) o inexistente,2026-08-11
Ventas,VentaID=2848 ClienteID=7,Cliente en cuarentena (RF-01) o inexistente,2026-08-11
Ventas,VentaID=2851 ClienteID=3,Cliente en cuarentena (RF-01) o inexistente,2026-08-11
Ventas,VentaID=2852 ClienteID=4,Cliente en cuarentena (RF-01) o inexistente,2026-08-11
Ventas,VentaID=2855 ClienteID=7,Cliente en cuarentena (RF-01) o inexistente,2026-08-11
Ventas,VentaID=2858 ClienteID=3,Cliente en cuarentena (RF-01) o inexistente,2026-08-11
Ventas,VentaID=2859 ClienteID=4,Cliente en cuarentena (RF-01) o inexistente,2026-08-11
Ventas,VentaID=2862 ClienteID=7,Cliente en cuarentena (RF-01) o inexistente,2026-08-11
Ventas,VentaID=2865 ClienteID=3,Cliente en cuarentena (RF-01) o inexistente,2026-08-11
Ventas,VentaID=2866 ClienteID=4,Cliente en cuarentena (RF-01) o inexistente,2026-08-11
Ventas,VentaID=2869 ClienteID=7,Cliente en cuarentena (RF-01) o inexistente,2026-08-11
Ventas,VentaID=2872 ClienteID=3,Cliente en cuarentena (RF-01) o inexistente,2026-08-11
Ventas,VentaID=2873 ClienteID=4,Cliente en cuarentena (RF-01) o inexistente,2026-08-11
Ventas,VentaID=2876 ClienteID=7,Cliente en cuarentena (RF-01) o inexistente,2026-08-11
Ventas,VentaID=2879 ClienteID=3,Cliente en cuarentena (RF-01) o inexistente,2026-08-11
Ventas,VentaID=2880 ClienteID=4,Cliente en cuarentena (RF-01) o inexistente,2026-08-11
Ventas,VentaID=2883 ClienteID=7,Cliente en cuarentena (RF-01) o inexistente,2026-08-11
Ventas,VentaID=2886 ClienteID=3,Cliente en cuarentena (RF-01) o inexistente,2026-08-11
Ventas,VentaID=2887 ClienteID=4,Cliente en cuarentena (RF-01) o inexistente,2026-08-11
Ventas,VentaID=2890 ClienteID=7,Cliente en cuarentena (RF-01) o inexistente,2026-08-11
Ventas,VentaID=2893 ClienteID=3,Cliente en cuarentena (RF-01) o inexistente,2026-08-11
Ventas,VentaID=2894 ClienteID=4,Cliente en cuarentena (RF-01) o inexistente,2026-08-11
Ventas,VentaID=2897 ClienteID=7,Cliente en cuarentena (RF-01) o inexistente,2026-08-11
Ventas,VentaID=2900 ClienteID=3,Cliente en cuarentena (RF-01) o inexistente,2026-08-11
Ventas,VentaID=2901 ClienteID=4,Cliente en cuarentena (RF-01) o inexistente,2026-08-11
Ventas,VentaID=2904 ClienteID=7,Cliente en cuarentena (RF-01) o inexistente,2026-08-11
Ventas,VentaID=2907 ClienteID=3,Cliente en cuarentena (RF-01) o inexistente,2026-08-11
Ventas,VentaID=2908 ClienteID=4,Cliente en cuarentena (RF-01) o inexistente,2026-08-11
Ventas,VentaID=2911 ClienteID=7,Cliente en cuarentena (RF-01) o inexistente,2026-08-11
Ventas,VentaID=2914 ClienteID=3,Cliente en cuarentena (RF-01) o inexistente,2026-08-11
Ventas,VentaID=2915 ClienteID=4,Cliente en cuarentena (RF-01) o inexistente,2026-08-11
Ventas,VentaID=2918 ClienteID=7,Cliente en cuarentena (RF-01) o inexistente,2026-08-11
Ventas,VentaID=2921 ClienteID=3,Cliente en cuarentena (RF-01) o inexistente,2026-08-11
Ventas,VentaID=2922 ClienteID=4,Cliente en cuarentena (RF-01) o inexistente,2026-08-11
Ventas,VentaID=2925 ClienteID=7,Cliente en cuarentena (RF-01) o inexistente,2026-08-11
Ventas,VentaID=2928 ClienteID=3,Cliente en cuarentena (RF-01) o inexistente,2026-08-11
Ventas,VentaID=2929 ClienteID=4,Cliente en cuarentena (RF-01) o inexistente,2026-08-11
Ventas,VentaID=2932 ClienteID=7,Cliente en cuarentena (RF-01) o inexistente,2026-08-11
Ventas,VentaID=2935 ClienteID=3,Cliente en cuarentena (RF-01) o inexistente,2026-08-11
Ventas,VentaID=2936 ClienteID=4,Cliente en cuarentena (RF-01) o inexistente,2026-08-11
Ventas,VentaID=2939 ClienteID=7,Cliente en cuarentena (RF-01) o inexistente,2026-08-11
Ventas,VentaID=2942 ClienteID=3,Cliente en cuarentena (RF-01) o inexistente,2026-08-11
Ventas,VentaID=2943 ClienteID=4,Cliente en cuarentena (RF-01) o inexistente,2026-08-11
Ventas,VentaID=2946 ClienteID=7,Cliente en cuarentena (RF-01) o inexistente,2026-08-11
Ventas,VentaID=2949 ClienteID=3,Cliente en cuarentena (RF-01) o inexistente,2026-08-11
Ventas,VentaID=2950 ClienteID=4,Cliente en cuarentena (RF-01) o inexistente,2026-08-11
Ventas,VentaID=2953 ClienteID=7,Cliente en cuarentena (RF-01) o inexistente,2026-08-11
Ventas,VentaID=2956 ClienteID=3,Cliente en cuarentena (RF-01) o inexistente,2026-08-11
Ventas,VentaID=2957 ClienteID=4,Cliente en cuarentena (RF-01) o inexistente,2026-08-11
Ventas,VentaID=2960 ClienteID=7,Cliente en cuarentena (RF-01) o inexistente,2026-08-11
Ventas,VentaID=2963 ClienteID=3,Cliente en cuarentena (RF-01) o inexistente,2026-08-11
Ventas,VentaID=2964 ClienteID=4,Cliente en cuarentena (RF-01) o inexistente,2026-08-11
Ventas,VentaID=2967 ClienteID=7,Cliente en cuarentena (RF-01) o inexistente,2026-08-11
Ventas,VentaID=2970 ClienteID=3,Cliente en cuarentena (RF-01) o inexistente,2026-08-11
Ventas,VentaID=2971 ClienteID=4,Cliente en cuarentena (RF-01) o inexistente,2026-08-11
Ventas,VentaID=2974 ClienteID=7,Cliente en cuarentena (RF-01) o inexistente,2026-08-11
Ventas,VentaID=2977 ClienteID=3,Cliente en cuarentena (RF-01) o inexistente,2026-08-11
Ventas,VentaID=2978 ClienteID=4,Cliente en cuarentena (RF-01) o inexistente,2026-08-11
Ventas,VentaID=2981 ClienteID=7,Cliente en cuarentena (RF-01) o inexistente,2026-08-11
Ventas,VentaID=2984 ClienteID=3,Cliente en cuarentena (RF-01) o inexistente,2026-08-11
Ventas,VentaID=2985 ClienteID=4,Cliente en cuarentena (RF-01) o inexistente,2026-08-11
Ventas,VentaID=2988 ClienteID=7,Cliente en cuarentena (RF-01) o inexistente,2026-08-11
Ventas,VentaID=2991 ClienteID=3,Cliente en cuarentena (RF-01) o inexistente,2026-08-11
Ventas,VentaID=2992 ClienteID=4,Cliente en cuarentena (RF-01) o inexistente,2026-08-11
Ventas,VentaID=2995 ClienteID=7,Cliente en cuarentena (RF-01) o inexistente,2026-08-11
Ventas,VentaID=2998 ClienteID=3,Cliente en cuarentena (RF-01) o inexistente,2026-08-11
Ventas,VentaID=2999 ClienteID=4,Cliente en cuarentena (RF-01) o inexistente,2026-08-11
Ventas,VentaID=3002 ClienteID=7,Cliente en cuarentena (RF-01) o inexistente,2026-08-11
Ventas,VentaID=3005 ClienteID=3,Cliente en cuarentena (RF-01) o inexistente,2026-08-11
Ventas,VentaID=3006 ClienteID=4,Cliente en cuarentena (RF-01) o inexistente,2026-08-11
Ventas,VentaID=3009 ClienteID=7,Cliente en cuarentena (RF-01) o inexistente,2026-08-11
Ventas,VentaID=3012 ClienteID=3,Cliente en cuarentena (RF-01) o inexistente,2026-08-11
Ventas,VentaID=3013 ClienteID=4,Cliente en cuarentena (RF-01) o inexistente,2026-08-11
Ventas,VentaID=3016 ClienteID=7,Cliente en cuarentena (RF-01) o inexistente,2026-08-11
Ventas,VentaID=3019 ClienteID=3,Cliente en cuarentena (RF-01) o inexistente,2026-08-11
Ventas,VentaID=3020 ClienteID=4,Cliente en cuarentena (RF-01) o inexistente,2026-08-11
Ventas,VentaID=3023 ClienteID=7,Cliente en cuarentena (RF-01) o inexistente,2026-08-11
Ventas,VentaID=3026 ClienteID=3,Cliente en cuarentena (RF-01) o inexistente,2026-08-11
Ventas,VentaID=3027 ClienteID=4,Cliente en cuarentena (RF-01) o inexistente,2026-08-11
Ventas,VentaID=3030 ClienteID=7,Cliente en cuarentena (RF-01) o inexistente,2026-08-11
Ventas,VentaID=3033 ClienteID=3,Cliente en cuarentena (RF-01) o inexistente,2026-08-11
Ventas,VentaID=3034 ClienteID=4,Cliente en cuarentena (RF-01) o inexistente,2026-08-11
Ventas,VentaID=3037 ClienteID=7,Cliente en cuarentena (RF-01) o inexistente,2026-08-11
Ventas,VentaID=3040 ClienteID=3,Cliente en cuarentena (RF-01) o inexistente,2026-08-11
Ventas,VentaID=3041 ClienteID=4,Cliente en cuarentena (RF-01) o inexistente,2026-08-11
Ventas,VentaID=3044 ClienteID=7,Cliente en cuarentena (RF-01) o inexistente,2026-08-11
Ventas,VentaID=3047 ClienteID=3,Cliente en cuarentena (RF-01) o inexistente,2026-08-11
Ventas,VentaID=3048 ClienteID=4,Cliente en cuarentena (RF-01) o inexistente,2026-08-11
Ventas,VentaID=3051 ClienteID=7,Cliente en cuarentena (RF-01) o inexistente,2026-08-11
Ventas,VentaID=3054 ClienteID=3,Cliente en cuarentena (RF-01) o inexistente,2026-08-11
Ventas,VentaID=3055 ClienteID=4,Cliente en cuarentena (RF-01) o inexistente,2026-08-11
Ventas,VentaID=3058 ClienteID=7,Cliente en cuarentena (RF-01) o inexistente,2026-08-11
Ventas,VentaID=3061 ClienteID=3,Cliente en cuarentena (RF-01) o inexistente,2026-08-11
Ventas,VentaID=3062 ClienteID=4,Cliente en cuarentena (RF-01) o inexistente,2026-08-11
Ventas,VentaID=3065 ClienteID=7,Cliente en cuarentena (RF-01) o inexistente,2026-08-11
Ventas,VentaID=3068 ClienteID=3,Cliente en cuarentena (RF-01) o inexistente,2026-08-11
Ventas,VentaID=3069 ClienteID=4,Cliente en cuarentena (RF-01) o inexistente,2026-08-11
Ventas,VentaID=3072 ClienteID=7,Cliente en cuarentena (RF-01) o inexistente,2026-08-11
Ventas,VentaID=3075 ClienteID=3,Cliente en cuarentena (RF-01) o inexistente,2026-08-11
Ventas,VentaID=3076 ClienteID=4,Cliente en cuarentena (RF-01) o inexistente,2026-08-11
Ventas,VentaID=3079 ClienteID=7,Cliente en cuarentena (RF-01) o inexistente,2026-08-11
Ventas,VentaID=3082 ClienteID=3,Cliente en cuarentena (RF-01) o inexistente,2026-08-11
Ventas,VentaID=3083 ClienteID=4,Cliente en cuarentena (RF-01) o inexistente,2026-08-11
Ventas,VentaID=3086 ClienteID=7,Cliente en cuarentena (RF-01) o inexistente,2026-08-11
Ventas,VentaID=3089 ClienteID=3,Cliente en cuarentena (RF-01) o inexistente,2026-08-11
Ventas,VentaID=3090 ClienteID=4,Cliente en cuarentena (RF-01) o inexistente,2026-08-11
Ventas,VentaID=3093 ClienteID=7,Cliente en cuarentena (RF-01) o inexistente,2026-08-11
Ventas,VentaID=3096 ClienteID=3,Cliente en cuarentena (RF-01) o inexistente,2026-08-11
Ventas,VentaID=3097 ClienteID=4,Cliente en cuarentena (RF-01) o inexistente,2026-08-11
Ventas,VentaID=3100 ClienteID=7,Cliente en cuarentena (RF-01) o inexistente,2026-08-11
Ventas,VentaID=3103 ClienteID=3,Cliente en cuarentena (RF-01) o inexistente,2026-08-11
Ventas,VentaID=3104 ClienteID=4,Cliente en cuarentena (RF-01) o inexistente,2026-08-11
Ventas,VentaID=3107 ClienteID=7,Cliente en cuarentena (RF-01) o inexistente,2026-08-11
Ventas,VentaID=3110 ClienteID=3,Cliente en cuarentena (RF-01) o inexistente,2026-08-11
Ventas,VentaID=3111 ClienteID=4,Cliente en cuarentena (RF-01) o inexistente,2026-08-11
Ventas,VentaID=3114 ClienteID=7,Cliente en cuarentena (RF-01) o inexistente,2026-08-11
Ventas,VentaID=3117 ClienteID=3,Cliente en cuarentena (RF-01) o inexistente,2026-08-11
Ventas,VentaID=3118 ClienteID=4,Cliente en cuarentena (RF-01) o inexistente,2026-08-11
Ventas,VentaID=3121 ClienteID=7,Cliente en cuarentena (RF-01) o inexistente,2026-08-11
Ventas,VentaID=3124 ClienteID=3,Cliente en cuarentena (RF-01) o inexistente,2026-08-11
Ventas,VentaID=3125 ClienteID=4,Cliente en cuarentena (RF-01) o inexistente,2026-08-11
Ventas,VentaID=3128 ClienteID=7,Cliente en cuarentena (RF-01) o inexistente,2026-08-11
Ventas,VentaID=3131 ClienteID=3,Cliente en cuarentena (RF-01) o inexistente,2026-08-11
Ventas,VentaID=3132 ClienteID=4,Cliente en cuarentena (RF-01) o inexistente,2026-08-11
Ventas,VentaID=3135 ClienteID=7,Cliente en cuarentena (RF-01) o inexistente,2026-08-11
Ventas,VentaID=3138 ClienteID=3,Cliente en cuarentena (RF-01) o inexistente,2026-08-11
Ventas,VentaID=3139 ClienteID=4,Cliente en cuarentena (RF-01) o inexistente,2026-08-11
Ventas,VentaID=3142 ClienteID=7,Cliente en cuarentena (RF-01) o inexistente,2026-08-11
Ventas,VentaID=3145 ClienteID=3,Cliente en cuarentena (RF-01) o inexistente,2026-08-11
Ventas,VentaID=3146 ClienteID=4,Cliente en cuarentena (RF-01) o inexistente,2026-08-11
Ventas,VentaID=3149 ClienteID=7,Cliente en cuarentena (RF-01) o inexistente,2026-08-11
Ventas,VentaID=3152 ClienteID=3,Cliente en cuarentena (RF-01) o inexistente,2026-08-11
Ventas,VentaID=3153 ClienteID=4,Cliente en cuarentena (RF-01) o inexistente,2026-08-11
Ventas,VentaID=3156 ClienteID=7,Cliente en cuarentena (RF-01) o inexistente,2026-08-11
Ventas,VentaID=3159 ClienteID=3,Cliente en cuarentena (RF-01) o inexistente,2026-08-11
Ventas,VentaID=3160 ClienteID=4,Cliente en cuarentena (RF-01) o inexistente,2026-08-11
Ventas,VentaID=3163 ClienteID=7,Cliente en cuarentena (RF-01) o inexistente,2026-08-11
Ventas,VentaID=3166 ClienteID=3,Cliente en cuarentena (RF-01) o inexistente,2026-08-11
Ventas,VentaID=3167 ClienteID=4,Cliente en cuarentena (RF-01) o inexistente,2026-08-11
Ventas,VentaID=3170 ClienteID=7,Cliente en cuarentena (RF-01) o inexistente,2026-08-11
Ventas,VentaID=3173 ClienteID=3,Cliente en cuarentena (RF-01) o inexistente,2026-08-11
Ventas,VentaID=3174 ClienteID=4,Cliente en cuarentena (RF-01) o inexistente,2026-08-11
Ventas,VentaID=3177 ClienteID=7,Cliente en cuarentena (RF-01) o inexistente,2026-08-11
Ventas,VentaID=3180 ClienteID=3,Cliente en cuarentena (RF-01) o inexistente,2026-08-11
Ventas,VentaID=3181 ClienteID=4,Cliente en cuarentena (RF-01) o inexistente,2026-08-11
Ventas,VentaID=3184 ClienteID=7,Cliente en cuarentena (RF-01) o inexistente,2026-08-11
Ventas,VentaID=3187 ClienteID=3,Cliente en cuarentena (RF-01) o inexistente,2026-08-11
Ventas,VentaID=3188 ClienteID=4,Cliente en cuarentena (RF-01) o inexistente,2026-08-11
Ventas,VentaID=3191 ClienteID=7,Cliente en cuarentena (RF-01) o inexistente,2026-08-11
Ventas,VentaID=3194 ClienteID=3,Cliente en cuarentena (RF-01) o inexistente,2026-08-11
Ventas,VentaID=3195 ClienteID=4,Cliente en cuarentena (RF-01) o inexistente,2026-08-11
Ventas,VentaID=3198 ClienteID=7,Cliente en cuarentena (RF-01) o inexistente,2026-08-11
Ventas,VentaID=3201 ClienteID=3,Cliente en cuarentena (RF-01) o inexistente,2026-08-11
Ventas,VentaID=3202 ClienteID=4,Cliente en cuarentena (RF-01) o inexistente,2026-08-11
Ventas,VentaID=3205 ClienteID=7,Cliente en cuarentena (RF-01) o inexistente,2026-08-11
Ventas,VentaID=3208 ClienteID=3,Cliente en cuarentena (RF-01) o inexistente,2026-08-11
Ventas,VentaID=3209 ClienteID=4,Cliente en cuarentena (RF-01) o inexistente,2026-08-11
Ventas,VentaID=3212 ClienteID=7,Cliente en cuarentena (RF-01) o inexistente,2026-08-11
Ventas,VentaID=3215 ClienteID=3,Cliente en cuarentena (RF-01) o inexistente,2026-08-11
Ventas,VentaID=3216 ClienteID=4,Cliente en cuarentena (RF-01) o inexistente,2026-08-11
Ventas,VentaID=3219 ClienteID=7,Cliente en cuarentena (RF-01) o inexistente,2026-08-11
Ventas,VentaID=3222 ClienteID=3,Cliente en cuarentena (RF-01) o inexistente,2026-08-11
Ventas,VentaID=3223 ClienteID=4,Cliente en cuarentena (RF-01) o inexistente,2026-08-11
Ventas,VentaID=3226 ClienteID=7,Cliente en cuarentena (RF-01) o inexistente,2026-08-11
Ventas,VentaID=3229 ClienteID=3,Cliente en cuarentena (RF-01) o inexistente,2026-08-11
Ventas,VentaID=3230 ClienteID=4,Cliente en cuarentena (RF-01) o inexistente,2026-08-11
Ventas,VentaID=3233 ClienteID=7,Cliente en cuarentena (RF-01) o inexistente,2026-08-11
Ventas,VentaID=3236 ClienteID=3,Cliente en cuarentena (RF-01) o inexistente,2026-08-11
Ventas,VentaID=3237 ClienteID=4,Cliente en cuarentena (RF-01) o inexistente,2026-08-11
Ventas,VentaID=3240 ClienteID=7,Cliente en cuarentena (RF-01) o inexistente,2026-08-11
Ventas,VentaID=3243 ClienteID=3,Cliente en cuarentena (RF-01) o inexistente,2026-08-11
Ventas,VentaID=3244 ClienteID=4,Cliente en cuarentena (RF-01) o inexistente,2026-08-11
Ventas,VentaID=3247 ClienteID=7,Cliente en cuarentena (RF-01) o inexistente,2026-08-11
Ventas,VentaID=3250 ClienteID=3,Cliente en cuarentena (RF-01) o inexistente,2026-08-11
Ventas,VentaID=3251 ClienteID=4,Cliente en cuarentena (RF-01) o inexistente,2026-08-11
Ventas,VentaID=3254 ClienteID=7,Cliente en cuarentena (RF-01) o inexistente,2026-08-11
Ventas,VentaID=3257 ClienteID=3,Cliente en cuarentena (RF-01) o inexistente,2026-08-11
Ventas,VentaID=3258 ClienteID=4,Cliente en cuarentena (RF-01) o inexistente,2026-08-11
Ventas,VentaID=3261 ClienteID=7,Cliente en cuarentena (RF-01) o inexistente,2026-08-11
Ventas,VentaID=3264 ClienteID=3,Cliente en cuarentena (RF-01) o inexistente,2026-08-11
Ventas,VentaID=3265 ClienteID=4,Cliente en cuarentena (RF-01) o inexistente,2026-08-11
Ventas,VentaID=3268 ClienteID=7,Cliente en cuarentena (RF-01) o inexistente,2026-08-11
Ventas,VentaID=3271 ClienteID=3,Cliente en cuarentena (RF-01) o inexistente,2026-08-11
Ventas,VentaID=3272 ClienteID=4,Cliente en cuarentena (RF-01) o inexistente,2026-08-11
Ventas,VentaID=3275 ClienteID=7,Cliente en cuarentena (RF-01) o inexistente,2026-08-11
Ventas,VentaID=3278 ClienteID=3,Cliente en cuarentena (RF-01) o inexistente,2026-08-11
Ventas,VentaID=3279 ClienteID=4,Cliente en cuarentena (RF-01) o inexistente,2026-08-11
Ventas,VentaID=3282 ClienteID=7,Cliente en cuarentena (RF-01) o inexistente,2026-08-11
Ventas,VentaID=3285 ClienteID=3,Cliente en cuarentena (RF-01) o inexistente,2026-08-11
Ventas,VentaID=3286 ClienteID=4,Cliente en cuarentena (RF-01) o inexistente,2026-08-11
Ventas,VentaID=3289 ClienteID=7,Cliente en cuarentena (RF-01) o inexistente,2026-08-11
Ventas,VentaID=3292 ClienteID=3,Cliente en cuarentena (RF-01) o inexistente,2026-08-11
Ventas,VentaID=3293 ClienteID=4,Cliente en cuarentena (RF-01) o inexistente,2026-08-11
Ventas,VentaID=3296 ClienteID=7,Cliente en cuarentena (RF-01) o inexistente,2026-08-11
Ventas,VentaID=3299 ClienteID=3,Cliente en cuarentena (RF-01) o inexistente,2026-08-11
Ventas,VentaID=3300 ClienteID=4,Cliente en cuarentena (RF-01) o inexistente,2026-08-11
Ventas,VentaID=3303 ClienteID=7,Cliente en cuarentena (RF-01) o inexistente,2026-08-11
Ventas,VentaID=3306 ClienteID=3,Cliente en cuarentena (RF-01) o inexistente,2026-08-11
Ventas,VentaID=3307 ClienteID=4,Cliente en cuarentena (RF-01) o inexistente,2026-08-11
Ventas,VentaID=3310 ClienteID=7,Cliente en cuarentena (RF-01) o inexistente,2026-08-11
Ventas,VentaID=3313 ClienteID=3,Cliente en cuarentena (RF-01) o inexistente,2026-08-11
Ventas,VentaID=3314 ClienteID=4,Cliente en cuarentena (RF-01) o inexistente,2026-08-11
Ventas,VentaID=3317 ClienteID=7,Cliente en cuarentena (RF-01) o inexistente,2026-08-11
Ventas,VentaID=3320 ClienteID=3,Cliente en cuarentena (RF-01) o inexistente,2026-08-11
Ventas,VentaID=3321 ClienteID=4,Cliente en cuarentena (RF-01) o inexistente,2026-08-11
Ventas,VentaID=3324 ClienteID=7,Cliente en cuarentena (RF-01) o inexistente,2026-08-11
Ventas,VentaID=3327 ClienteID=3,Cliente en cuarentena (RF-01) o inexistente,2026-08-11
Ventas,VentaID=3328 ClienteID=4,Cliente en cuarentena (RF-01) o inexistente,2026-08-11
Ventas,VentaID=3331 ClienteID=7,Cliente en cuarentena (RF-01) o inexistente,2026-08-11
Ventas,VentaID=3334 ClienteID=3,Cliente en cuarentena (RF-01) o inexistente,2026-08-11
Ventas,VentaID=3335 ClienteID=4,Cliente en cuarentena (RF-01) o inexistente,2026-08-11
Ventas,VentaID=3338 ClienteID=7,Cliente en cuarentena (RF-01) o inexistente,2026-08-11
Ventas,VentaID=3341 ClienteID=3,Cliente en cuarentena (RF-01) o inexistente,2026-08-11
Ventas,VentaID=3342 ClienteID=4,Cliente en cuarentena (RF-01) o inexistente,2026-08-11
Ventas,VentaID=3345 ClienteID=7,Cliente en cuarentena (RF-01) o inexistente,2026-08-11
Ventas,VentaID=3348 ClienteID=3,Cliente en cuarentena (RF-01) o inexistente,2026-08-11
Ventas,VentaID=3349 ClienteID=4,Cliente en cuarentena (RF-01) o inexistente,2026-08-11
Ventas,VentaID=3352 ClienteID=7,Cliente en cuarentena (RF-01) o inexistente,2026-08-11
Ventas,VentaID=3355 ClienteID=3,Cliente en cuarentena (RF-01) o inexistente,2026-08-11
Ventas,VentaID=3356 ClienteID=4,Cliente en cuarentena (RF-01) o inexistente,2026-08-11
Ventas,VentaID=3359 ClienteID=7,Cliente en cuarentena (RF-01) o inexistente,2026-08-11
Ventas,VentaID=3362 ClienteID=3,Cliente en cuarentena (RF-01) o inexistente,2026-08-11
Ventas,VentaID=3363 ClienteID=4,Cliente en cuarentena (RF-01) o inexistente,2026-08-11
Ventas,VentaID=3366 ClienteID=7,Cliente en cuarentena (RF-01) o inexistente,2026-08-11
Ventas,VentaID=3369 ClienteID=3,Cliente en cuarentena (RF-01) o inexistente,2026-08-11
Ventas,VentaID=3370 ClienteID=4,Cliente en cuarentena (RF-01) o inexistente,2026-08-11
Ventas,VentaID=3373 ClienteID=7,Cliente en cuarentena (RF-01) o inexistente,2026-08-11
Ventas,VentaID=3376 ClienteID=3,Cliente en cuarentena (RF-01) o inexistente,2026-08-11
Ventas,VentaID=3377 ClienteID=4,Cliente en cuarentena (RF-01) o inexistente,2026-08-11
Ventas,VentaID=3380 ClienteID=7,Cliente en cuarentena (RF-01) o inexistente,2026-08-11
Ventas,VentaID=3383 ClienteID=3,Cliente en cuarentena (RF-01) o inexistente,2026-08-11
Ventas,VentaID=3384 ClienteID=4,Cliente en cuarentena (RF-01) o inexistente,2026-08-11
Ventas,VentaID=3387 ClienteID=7,Cliente en cuarentena (RF-01) o inexistente,2026-08-11
Ventas,VentaID=3390 ClienteID=3,Cliente en cuarentena (RF-01) o inexistente,2026-08-11
Ventas,VentaID=3391 ClienteID=4,Cliente en cuarentena (RF-01) o inexistente,2026-08-11
Ventas,VentaID=3394 ClienteID=7,Cliente en cuarentena (RF-01) o inexistente,2026-08-11
Ventas,VentaID=3397 ClienteID=3,Cliente en cuarentena (RF-01) o inexistente,2026-08-11
Ventas,VentaID=3398 ClienteID=4,Cliente en cuarentena (RF-01) o inexistente,2026-08-11
Ventas,VentaID=3401 ClienteID=7,Cliente en cuarentena (RF-01) o inexistente,2026-08-11
Ventas,VentaID=3404 ClienteID=3,Cliente en cuarentena (RF-01) o inexistente,2026-08-11
Ventas,VentaID=3405 ClienteID=4,Cliente en cuarentena (RF-01) o inexistente,2026-08-11
Ventas,VentaID=3408 ClienteID=7,Cliente en cuarentena (RF-01) o inexistente,2026-08-11
Ventas,VentaID=3411 ClienteID=3,Cliente en cuarentena (RF-01) o inexistente,2026-08-11
Ventas,VentaID=3412 ClienteID=4,Cliente en cuarentena (RF-01) o inexistente,2026-08-11
Ventas,VentaID=3415 ClienteID=7,Cliente en cuarentena (RF-01) o inexistente,2026-08-11
Ventas,VentaID=3418 ClienteID=3,Cliente en cuarentena (RF-01) o inexistente,2026-08-11
Ventas,VentaID=3419 ClienteID=4,Cliente en cuarentena (RF-01) o inexistente,2026-08-11
Ventas,VentaID=3422 ClienteID=7,Cliente en cuarentena (RF-01) o inexistente,2026-08-11
Ventas,VentaID=3425 ClienteID=3,Cliente en cuarentena (RF-01) o inexistente,2026-08-11
Ventas,VentaID=3426 ClienteID=4,Cliente en cuarentena (RF-01) o inexistente,2026-08-11
Ventas,VentaID=3429 ClienteID=7,Cliente en cuarentena (RF-01) o inexistente,2026-08-11
Ventas,VentaID=3432 ClienteID=3,Cliente en cuarentena (RF-01) o inexistente,2026-08-11
Ventas,VentaID=3433 ClienteID=4,Cliente en cuarentena (RF-01) o inexistente,2026-08-11
Ventas,VentaID=3436 ClienteID=7,Cliente en cuarentena (RF-01) o inexistente,2026-08-11
Ventas,VentaID=3439 ClienteID=3,Cliente en cuarentena (RF-01) o inexistente,2026-08-11
Ventas,VentaID=3440 ClienteID=4,Cliente en cuarentena (RF-01) o inexistente,2026-08-11
Ventas,VentaID=3443 ClienteID=7,Cliente en cuarentena (RF-01) o inexistente,2026-08-11
Ventas,VentaID=3446 ClienteID=3,Cliente en cuarentena (RF-01) o inexistente,2026-08-11
Ventas,VentaID=3447 ClienteID=4,Cliente en cuarentena (RF-01) o inexistente,2026-08-11
Ventas,VentaID=3450 ClienteID=7,Cliente en cuarentena (RF-01) o inexistente,2026-08-11
Ventas,VentaID=3453 ClienteID=3,Cliente en cuarentena (RF-01) o inexistente,2026-08-11
Ventas,VentaID=3454 ClienteID=4,Cliente en cuarentena (RF-01) o inexistente,2026-08-11
Ventas,VentaID=3457 ClienteID=7,Cliente en cuarentena (RF-01) o inexistente,2026-08-11
Ventas,VentaID=3460 ClienteID=3,Cliente en cuarentena (RF-01) o inexistente,2026-08-11
Ventas,VentaID=3461 ClienteID=4,Cliente en cuarentena (RF-01) o inexistente,2026-08-11
Ventas,VentaID=3464 ClienteID=7,Cliente en cuarentena (RF-01) o inexistente,2026-08-11
Ventas,VentaID=3467 ClienteID=3,Cliente en cuarentena (RF-01) o inexistente,2026-08-11
Ventas,VentaID=3468 ClienteID=4,Cliente en cuarentena (RF-01) o inexistente,2026-08-11
Ventas,VentaID=3471 ClienteID=7,Cliente en cuarentena (RF-01) o inexistente,2026-08-11
Ventas,VentaID=3474 ClienteID=3,Cliente en cuarentena (RF-01) o inexistente,2026-08-11
Ventas,VentaID=3475 ClienteID=4,Cliente en cuarentena (RF-01) o inexistente,2026-08-11
Ventas,VentaID=3478 ClienteID=7,Cliente en cuarentena (RF-01) o inexistente,2026-08-11
Ventas,VentaID=3481 ClienteID=3,Cliente en cuarentena (RF-01) o inexistente,2026-08-11
Ventas,VentaID=3482 ClienteID=4,Cliente en cuarentena (RF-01) o inexistente,2026-08-11
Ventas,VentaID=3485 ClienteID=7,Cliente en cuarentena (RF-01) o inexistente,2026-08-11
Ventas,VentaID=3488 ClienteID=3,Cliente en cuarentena (RF-01) o inexistente,2026-08-11
Ventas,VentaID=3489 ClienteID=4,Cliente en cuarentena (RF-01) o inexistente,2026-08-11
Ventas,VentaID=3492 ClienteID=7,Cliente en cuarentena (RF-01) o inexistente,2026-08-11
Ventas,VentaID=3495 ClienteID=3,Cliente en cuarentena (RF-01) o inexistente,2026-08-11
Ventas,VentaID=3496 ClienteID=4,Cliente en cuarentena (RF-01) o inexistente,2026-08-11
Ventas,VentaID=3499 ClienteID=7,Cliente en cuarentena (RF-01) o inexistente,2026-08-11
Ventas,VentaID=3502 ClienteID=3,Cliente en cuarentena (RF-01) o inexistente,2026-08-11
Ventas,VentaID=3503 ClienteID=4,Cliente en cuarentena (RF-01) o inexistente,2026-08-11
Ventas,VentaID=3506 ClienteID=7,Cliente en cuarentena (RF-01) o inexistente,2026-08-11
Ventas,VentaID=3509 ClienteID=3,Cliente en cuarentena (RF-01) o inexistente,2026-08-11
Ventas,VentaID=3510 ClienteID=4,Cliente en cuarentena (RF-01) o inexistente,2026-08-11
Ventas,VentaID=3513 ClienteID=7,Cliente en cuarentena (RF-01) o inexistente,2026-08-11
Ventas,VentaID=3516 ClienteID=3,Cliente en cuarentena (RF-01) o inexistente,2026-08-11
Ventas,VentaID=3517 ClienteID=4,Cliente en cuarentena (RF-01) o inexistente,2026-08-11
Ventas,VentaID=3520 ClienteID=7,Cliente en cuarentena (RF-01) o inexistente,2026-08-11
Ventas,VentaID=3523 ClienteID=3,Cliente en cuarentena (RF-01) o inexistente,2026-08-11
Ventas,VentaID=3524 ClienteID=4,Cliente en cuarentena (RF-01) o inexistente,2026-08-11
Ventas,VentaID=3527 ClienteID=7,Cliente en cuarentena (RF-01) o inexistente,2026-08-11
Ventas,VentaID=3530 ClienteID=3,Cliente en cuarentena (RF-01) o inexistente,2026-08-11
Ventas,VentaID=3531 ClienteID=4,Cliente en cuarentena (RF-01) o inexistente,2026-08-11
Ventas,VentaID=3534 ClienteID=7,Cliente en cuarentena (RF-01) o inexistente,2026-08-11
Ventas,VentaID=3537 ClienteID=3,Cliente en cuarentena (RF-01) o inexistente,2026-08-11
Ventas,VentaID=3538 ClienteID=4,Cliente en cuarentena (RF-01) o inexistente,2026-08-11
Ventas,VentaID=3541 ClienteID=7,Cliente en cuarentena (RF-01) o inexistente,2026-08-11
Ventas,VentaID=3544 ClienteID=3,Cliente en cuarentena (RF-01) o inexistente,2026-08-11
Ventas,VentaID=3545 ClienteID=4,Cliente en cuarentena (RF-01) o inexistente,2026-08-11
Ventas,VentaID=3548 ClienteID=7,Cliente en cuarentena (RF-01) o inexistente,2026-08-11
Ventas,VentaID=3551 ClienteID=3,Cliente en cuarentena (RF-01) o inexistente,2026-08-11
Ventas,VentaID=3552 ClienteID=4,Cliente en cuarentena (RF-01) o inexistente,2026-08-11
Ventas,VentaID=3555 ClienteID=7,Cliente en cuarentena (RF-01) o inexistente,2026-08-11
Ventas,VentaID=3558 ClienteID=3,Cliente en cuarentena (RF-01) o inexistente,2026-08-11
Ventas,VentaID=3559 ClienteID=4,Cliente en cuarentena (RF-01) o inexistente,2026-08-11
Ventas,VentaID=3562 ClienteID=7,Cliente en cuarentena (RF-01) o inexistente,2026-08-11
Ventas,VentaID=3565 ClienteID=3,Cliente en cuarentena (RF-01) o inexistente,2026-08-11
Ventas,VentaID=3566 ClienteID=4,Cliente en cuarentena (RF-01) o inexistente,2026-08-11
Ventas,VentaID=3569 ClienteID=7,Cliente en cuarentena (RF-01) o inexistente,2026-08-11
Ventas,VentaID=3572 ClienteID=3,Cliente en cuarentena (RF-01) o inexistente,2026-08-11
Ventas,VentaID=3573 ClienteID=4,Cliente en cuarentena (RF-01) o inexistente,2026-08-11
Ventas,VentaID=3576 ClienteID=7,Cliente en cuarentena (RF-01) o inexistente,2026-08-11
Ventas,VentaID=3579 ClienteID=3,Cliente en cuarentena (RF-01) o inexistente,2026-08-11
Ventas,VentaID=3580 ClienteID=4,Cliente en cuarentena (RF-01) o inexistente,2026-08-11
Ventas,VentaID=3583 ClienteID=7,Cliente en cuarentena (RF-01) o inexistente,2026-08-11
Ventas,VentaID=3586 ClienteID=3,Cliente en cuarentena (RF-01) o inexistente,2026-08-11
Ventas,VentaID=3587 ClienteID=4,Cliente en cuarentena (RF-01) o inexistente,2026-08-11
Ventas,VentaID=3590 ClienteID=7,Cliente en cuarentena (RF-01) o inexistente,2026-08-11
Ventas,VentaID=3593 ClienteID=3,Cliente en cuarentena (RF-01) o inexistente,2026-08-11
Ventas,VentaID=3594 ClienteID=4,Cliente en cuarentena (RF-01) o inexistente,2026-08-11
Ventas,VentaID=3597 ClienteID=7,Cliente en cuarentena (RF-01) o inexistente,2026-08-11
Ventas,VentaID=3600 ClienteID=3,Cliente en cuarentena (RF-01) o inexistente,2026-08-11
Ventas,VentaID=3601 ClienteID=4,Cliente en cuarentena (RF-01) o inexistente,2026-08-11
Ventas,VentaID=3604 ClienteID=7,Cliente en cuarentena (RF-01) o inexistente,2026-08-11
Ventas,VentaID=3607 ClienteID=3,Cliente en cuarentena (RF-01) o inexistente,2026-08-11
Ventas,VentaID=3608 ClienteID=4,Cliente en cuarentena (RF-01) o inexistente,2026-08-11
Ventas,VentaID=3611 ClienteID=7,Cliente en cuarentena (RF-01) o inexistente,2026-08-11
Ventas,VentaID=3614 ClienteID=3,Cliente en cuarentena (RF-01) o inexistente,2026-08-11
Ventas,VentaID=3615 ClienteID=4,Cliente en cuarentena (RF-01) o inexistente,2026-08-11
Ventas,VentaID=3618 ClienteID=7,Cliente en cuarentena (RF-01) o inexistente,2026-08-11
Ventas,VentaID=3621 ClienteID=3,Cliente en cuarentena (RF-01) o inexistente,2026-08-11
Ventas,VentaID=3622 ClienteID=4,Cliente en cuarentena (RF-01) o inexistente,2026-08-11
Ventas,VentaID=3625 ClienteID=7,Cliente en cuarentena (RF-01) o inexistente,2026-08-11
Ventas,VentaID=3628 ClienteID=3,Cliente en cuarentena (RF-01) o inexistente,2026-08-11
Ventas,VentaID=3629 ClienteID=4,Cliente en cuarentena (RF-01) o inexistente,2026-08-11
Ventas,VentaID=3632 ClienteID=7,Cliente en cuarentena (RF-01) o inexistente,2026-08-11
Ventas,VentaID=3635 ClienteID=3,Cliente en cuarentena (RF-01) o inexistente,2026-08-11
Ventas,VentaID=3636 ClienteID=4,Cliente en cuarentena (RF-01) o inexistente,2026-08-11
Ventas,VentaID=3639 ClienteID=7,Cliente en cuarentena (RF-01) o inexistente,2026-08-11
Ventas,VentaID=3642 ClienteID=3,Cliente en cuarentena (RF-01) o inexistente,2026-08-11
Ventas,VentaID=3643 ClienteID=4,Cliente en cuarentena (RF-01) o inexistente,2026-08-11
Ventas,VentaID=3646 ClienteID=7,Cliente en cuarentena (RF-01) o inexistente,2026-08-11
Ventas,VentaID=3649 ClienteID=3,Cliente en cuarentena (RF-01) o inexistente,2026-08-11
Ventas,VentaID=3650 ClienteID=4,Cliente en cuarentena (RF-01) o inexistente,2026-08-11
Ventas,VentaID=3653 ClienteID=7,Cliente en cuarentena (RF-01) o inexistente,2026-08-11
Ventas,VentaID=3656 ClienteID=3,Cliente en cuarentena (RF-01) o inexistente,2026-08-11
Ventas,VentaID=3657 ClienteID=4,Cliente en cuarentena (RF-01) o inexistente,2026-08-11
Ventas,VentaID=3660 ClienteID=7,Cliente en cuarentena (RF-01) o inexistente,2026-08-11
Ventas,VentaID=3663 ClienteID=3,Cliente en cuarentena (RF-01) o inexistente,2026-08-11
Ventas,VentaID=3664 ClienteID=4,Cliente en cuarentena (RF-01) o inexistente,2026-08-11
Ventas,VentaID=3667 ClienteID=7,Cliente en cuarentena (RF-01) o inexistente,2026-08-11
Ventas,VentaID=3670 ClienteID=3,Cliente en cuarentena (RF-01) o inexistente,2026-08-11
Ventas,VentaID=3671 ClienteID=4,Cliente en cuarentena (RF-01) o inexistente,2026-08-11
Ventas,VentaID=3674 ClienteID=7,Cliente en cuarentena (RF-01) o inexistente,2026-08-11
Ventas,VentaID=3677 ClienteID=3,Cliente en cuarentena (RF-01) o inexistente,2026-08-11
Ventas,VentaID=3678 ClienteID=4,Cliente en cuarentena (RF-01) o inexistente,2026-08-11
Ventas,VentaID=3681 ClienteID=7,Cliente en cuarentena (RF-01) o inexistente,2026-08-11
Ventas,VentaID=3684 ClienteID=3,Cliente en cuarentena (RF-01) o inexistente,2026-08-11
Ventas,VentaID=3685 ClienteID=4,Cliente en cuarentena (RF-01) o inexistente,2026-08-11
Ventas,VentaID=3688 ClienteID=7,Cliente en cuarentena (RF-01) o inexistente,2026-08-11
Ventas,VentaID=3691 ClienteID=3,Cliente en cuarentena (RF-01) o inexistente,2026-08-11
Ventas,VentaID=3692 ClienteID=4,Cliente en cuarentena (RF-01) o inexistente,2026-08-11
Ventas,VentaID=3695 ClienteID=7,Cliente en cuarentena (RF-01) o inexistente,2026-08-11
Ventas,VentaID=3698 ClienteID=3,Cliente en cuarentena (RF-01) o inexistente,2026-08-11
Ventas,VentaID=3699 ClienteID=4,Cliente en cuarentena (RF-01) o inexistente,2026-08-11
Ventas,VentaID=3702 ClienteID=7,Cliente en cuarentena (RF-01) o inexistente,2026-08-11
Ventas,VentaID=3705 ClienteID=3,Cliente en cuarentena (RF-01) o inexistente,2026-08-11
Ventas,VentaID=3706 ClienteID=4,Cliente en cuarentena (RF-01) o inexistente,2026-08-11
Ventas,VentaID=3709 ClienteID=7,Cliente en cuarentena (RF-01) o inexistente,2026-08-11
Ventas,VentaID=3712 ClienteID=3,Cliente en cuarentena (RF-01) o inexistente,2026-08-11
Ventas,VentaID=3713 ClienteID=4,Cliente en cuarentena (RF-01) o inexistente,2026-08-11
Ventas,VentaID=3716 ClienteID=7,Cliente en cuarentena (RF-01) o inexistente,2026-08-11
Ventas,VentaID=3719 ClienteID=3,Cliente en cuarentena (RF-01) o inexistente,2026-08-11
Ventas,VentaID=3720 ClienteID=4,Cliente en cuarentena (RF-01) o inexistente,2026-08-11
Ventas,VentaID=3723 ClienteID=7,Cliente en cuarentena (RF-01) o inexistente,2026-08-11
Ventas,VentaID=3726 ClienteID=3,Cliente en cuarentena (RF-01) o inexistente,2026-08-11
Ventas,VentaID=3727 ClienteID=4,Cliente en cuarentena (RF-01) o inexistente,2026-08-11
Ventas,VentaID=3730 ClienteID=7,Cliente en cuarentena (RF-01) o inexistente,2026-08-11
Ventas,VentaID=3733 ClienteID=3,Cliente en cuarentena (RF-01) o inexistente,2026-08-11
Ventas,VentaID=3734 ClienteID=4,Cliente en cuarentena (RF-01) o inexistente,2026-08-11
Ventas,VentaID=3737 ClienteID=7,Cliente en cuarentena (RF-01) o inexistente,2026-08-11
Ventas,VentaID=3740 ClienteID=3,Cliente en cuarentena (RF-01) o inexistente,2026-08-11
Ventas,VentaID=3741 ClienteID=4,Cliente en cuarentena (RF-01) o inexistente,2026-08-11
Ventas,VentaID=3744 ClienteID=7,Cliente en cuarentena (RF-01) o inexistente,2026-08-11
Ventas,VentaID=3747 ClienteID=3,Cliente en cuarentena (RF-01) o inexistente,2026-08-11
Ventas,VentaID=3748 ClienteID=4,Cliente en cuarentena (RF-01) o inexistente,2026-08-11
Ventas,VentaID=3751 ClienteID=7,Cliente en cuarentena (RF-01) o inexistente,2026-08-11
Ventas,VentaID=3754 ClienteID=3,Cliente en cuarentena (RF-01) o inexistente,2026-08-11
Ventas,VentaID=3755 ClienteID=4,Cliente en cuarentena (RF-01) o inexistente,2026-08-11
Ventas,VentaID=3758 ClienteID=7,Cliente en cuarentena (RF-01) o inexistente,2026-08-11
Ventas,VentaID=3761 ClienteID=3,Cliente en cuarentena (RF-01) o inexistente,2026-08-11
Ventas,VentaID=3762 ClienteID=4,Cliente en cuarentena (RF-01) o inexistente,2026-08-11
Ventas,VentaID=3765 ClienteID=7,Cliente en cuarentena (RF-01) o inexistente,2026-08-11
Ventas,VentaID=3768 ClienteID=3,Cliente en cuarentena (RF-01) o inexistente,2026-08-11
Ventas,VentaID=3769 ClienteID=4,Cliente en cuarentena (RF-01) o inexistente,2026-08-11
Ventas,VentaID=3772 ClienteID=7,Cliente en cuarentena (RF-01) o inexistente,2026-08-11
Ventas,VentaID=3775 ClienteID=3,Cliente en cuarentena (RF-01) o inexistente,2026-08-11
Ventas,VentaID=3776 ClienteID=4,Cliente en cuarentena (RF-01) o inexistente,2026-08-11
Ventas,VentaID=3779 ClienteID=7,Cliente en cuarentena (RF-01) o inexistente,2026-08-11
Ventas,VentaID=3782 ClienteID=3,Cliente en cuarentena (RF-01) o inexistente,2026-08-11
Ventas,VentaID=3783 ClienteID=4,Cliente en cuarentena (RF-01) o inexistente,2026-08-11
Ventas,VentaID=3786 ClienteID=7,Cliente en cuarentena (RF-01) o inexistente,2026-08-11
Ventas,VentaID=3789 ClienteID=3,Cliente en cuarentena (RF-01) o inexistente,2026-08-11
Ventas,VentaID=3790 ClienteID=4,Cliente en cuarentena (RF-01) o inexistente,2026-08-11
Ventas,VentaID=3793 ClienteID=7,Cliente en cuarentena (RF-01) o inexistente,2026-08-11
Ventas,VentaID=3796 ClienteID=3,Cliente en cuarentena (RF-01) o inexistente,2026-08-11
Ventas,VentaID=3797 ClienteID=4,Cliente en cuarentena (RF-01) o inexistente,2026-08-11
Ventas,VentaID=3800 ClienteID=7,Cliente en cuarentena (RF-01) o inexistente,2026-08-11
Ventas,VentaID=3803 ClienteID=3,Cliente en cuarentena (RF-01) o inexistente,2026-08-11
Ventas,VentaID=3804 ClienteID=4,Cliente en cuarentena (RF-01) o inexistente,2026-08-11
Ventas,VentaID=3807 ClienteID=7,Cliente en cuarentena (RF-01) o inexistente,2026-08-11
Ventas,VentaID=3810 ClienteID=3,Cliente en cuarentena (RF-01) o inexistente,2026-08-11
Ventas,VentaID=3811 ClienteID=4,Cliente en cuarentena (RF-01) o inexistente,2026-08-11
Ventas,VentaID=3814 ClienteID=7,Cliente en cuarentena (RF-01) o inexistente,2026-08-11
Ventas,VentaID=3817 ClienteID=3,Cliente en cuarentena (RF-01) o inexistente,2026-08-11
Ventas,VentaID=3818 ClienteID=4,Cliente en cuarentena (RF-01) o inexistente,2026-08-11
Ventas,VentaID=3821 ClienteID=7,Cliente en cuarentena (RF-01) o inexistente,2026-08-11
Ventas,VentaID=3824 ClienteID=3,Cliente en cuarentena (RF-01) o inexistente,2026-08-11
Ventas,VentaID=3825 ClienteID=4,Cliente en cuarentena (RF-01) o inexistente,2026-08-11
Ventas,VentaID=3828 ClienteID=7,Cliente en cuarentena (RF-01) o inexistente,2026-08-11
Ventas,VentaID=3831 ClienteID=3,Cliente en cuarentena (RF-01) o inexistente,2026-08-11
Ventas,VentaID=3832 ClienteID=4,Cliente en cuarentena (RF-01) o inexistente,2026-08-11
Ventas,VentaID=3835 ClienteID=7,Cliente en cuarentena (RF-01) o inexistente,2026-08-11
Ventas,VentaID=3838 ClienteID=3,Cliente en cuarentena (RF-01) o inexistente,2026-08-11
Ventas,VentaID=3839 ClienteID=4,Cliente en cuarentena (RF-01) o inexistente,2026-08-11
Ventas,VentaID=3842 ClienteID=7,Cliente en cuarentena (RF-01) o inexistente,2026-08-11
Ventas,VentaID=3845 ClienteID=3,Cliente en cuarentena (RF-01) o inexistente,2026-08-11
Ventas,VentaID=3846 ClienteID=4,Cliente en cuarentena (RF-01) o inexistente,2026-08-11
Ventas,VentaID=3849 ClienteID=7,Cliente en cuarentena (RF-01) o inexistente,2026-08-11
Ventas,VentaID=3852 ClienteID=3,Cliente en cuarentena (RF-01) o inexistente,2026-08-11
Ventas,VentaID=3853 ClienteID=4,Cliente en cuarentena (RF-01) o inexistente,2026-08-11
Ventas,VentaID=3856 ClienteID=7,Cliente en cuarentena (RF-01) o inexistente,2026-08-11
Ventas,VentaID=3859 ClienteID=3,Cliente en cuarentena (RF-01) o inexistente,2026-08-11
Ventas,VentaID=3860 ClienteID=4,Cliente en cuarentena (RF-01) o inexistente,2026-08-11
Ventas,VentaID=3863 ClienteID=7,Cliente en cuarentena (RF-01) o inexistente,2026-08-11
Ventas,VentaID=3866 ClienteID=3,Cliente en cuarentena (RF-01) o inexistente,2026-08-11
Ventas,VentaID=3867 ClienteID=4,Cliente en cuarentena (RF-01) o inexistente,2026-08-11
Ventas,VentaID=3870 ClienteID=7,Cliente en cuarentena (RF-01) o inexistente,2026-08-11
Ventas,VentaID=3873 ClienteID=3,Cliente en cuarentena (RF-01) o inexistente,2026-08-11
Ventas,VentaID=3874 ClienteID=4,Cliente en cuarentena (RF-01) o inexistente,2026-08-11
Ventas,VentaID=3877 ClienteID=7,Cliente en cuarentena (RF-01) o inexistente,2026-08-11
Ventas,VentaID=3880 ClienteID=3,Cliente en cuarentena (RF-01) o inexistente,2026-08-11
Ventas,VentaID=3881 ClienteID=4,Cliente en cuarentena (RF-01) o inexistente,2026-08-11
Ventas,VentaID=3884 ClienteID=7,Cliente en cuarentena (RF-01) o inexistente,2026-08-11
Ventas,VentaID=3887 ClienteID=3,Cliente en cuarentena (RF-01) o inexistente,2026-08-11
Ventas,VentaID=3888 ClienteID=4,Cliente en cuarentena (RF-01) o inexistente,2026-08-11
Ventas,VentaID=3891 ClienteID=7,Cliente en cuarentena (RF-01) o inexistente,2026-08-11
Ventas,VentaID=3894 ClienteID=3,Cliente en cuarentena (RF-01) o inexistente,2026-08-11
Ventas,VentaID=3895 ClienteID=4,Cliente en cuarentena (RF-01) o inexistente,2026-08-11
Ventas,VentaID=3898 ClienteID=7,Cliente en cuarentena (RF-01) o inexistente,2026-08-11
Ventas,VentaID=3901 ClienteID=3,Cliente en cuarentena (RF-01) o inexistente,2026-08-11
Ventas,VentaID=3902 ClienteID=4,Cliente en cuarentena (RF-01) o inexistente,2026-08-11
Ventas,VentaID=3905 ClienteID=7,Cliente en cuarentena (RF-01) o inexistente,2026-08-11
Ventas,VentaID=3908 ClienteID=3,Cliente en cuarentena (RF-01) o inexistente,2026-08-11
Ventas,VentaID=3909 ClienteID=4,Cliente en cuarentena (RF-01) o inexistente,2026-08-11
Ventas,VentaID=3912 ClienteID=7,Cliente en cuarentena (RF-01) o inexistente,2026-08-11
Ventas,VentaID=3915 ClienteID=3,Cliente en cuarentena (RF-01) o inexistente,2026-08-11
Ventas,VentaID=3916 ClienteID=4,Cliente en cuarentena (RF-01) o inexistente,2026-08-11
Ventas,VentaID=3919 ClienteID=7,Cliente en cuarentena (RF-01) o inexistente,2026-08-11
Ventas,VentaID=3922 ClienteID=3,Cliente en cuarentena (RF-01) o inexistente,2026-08-11
Ventas,VentaID=3923 ClienteID=4,Cliente en cuarentena (RF-01) o inexistente,2026-08-11
Ventas,VentaID=3926 ClienteID=7,Cliente en cuarentena (RF-01) o inexistente,2026-08-11
Ventas,VentaID=3929 ClienteID=3,Cliente en cuarentena (RF-01) o inexistente,2026-08-11
Ventas,VentaID=3930 ClienteID=4,Cliente en cuarentena (RF-01) o inexistente,2026-08-11
Ventas,VentaID=3933 ClienteID=7,Cliente en cuarentena (RF-01) o inexistente,2026-08-11
Ventas,VentaID=3936 ClienteID=3,Cliente en cuarentena (RF-01) o inexistente,2026-08-11
Ventas,VentaID=3937 ClienteID=4,Cliente en cuarentena (RF-01) o inexistente,2026-08-11
Ventas,VentaID=3940 ClienteID=7,Cliente en cuarentena (RF-01) o inexistente,2026-08-11
Ventas,VentaID=3943 ClienteID=3,Cliente en cuarentena (RF-01) o inexistente,2026-08-11
Ventas,VentaID=3944 ClienteID=4,Cliente en cuarentena (RF-01) o inexistente,2026-08-11
Ventas,VentaID=3947 ClienteID=7,Cliente en cuarentena (RF-01) o inexistente,2026-08-11
Ventas,VentaID=3950 ClienteID=3,Cliente en cuarentena (RF-01) o inexistente,2026-08-11
Ventas,VentaID=3951 ClienteID=4,Cliente en cuarentena (RF-01) o inexistente,2026-08-11
Ventas,VentaID=3954 ClienteID=7,Cliente en cuarentena (RF-01) o inexistente,2026-08-11
Ventas,VentaID=3957 ClienteID=3,Cliente en cuarentena (RF-01) o inexistente,2026-08-11
Ventas,VentaID=3958 ClienteID=4,Cliente en cuarentena (RF-01) o inexistente,2026-08-11
Ventas,VentaID=3961 ClienteID=7,Cliente en cuarentena (RF-01) o inexistente,2026-08-11
Ventas,VentaID=3964 ClienteID=3,Cliente en cuarentena (RF-01) o inexistente,2026-08-11
Ventas,VentaID=3965 ClienteID=4,Cliente en cuarentena (RF-01) o inexistente,2026-08-11
Ventas,VentaID=3968 ClienteID=7,Cliente en cuarentena (RF-01) o inexistente,2026-08-11
Ventas,VentaID=3971 ClienteID=3,Cliente en cuarentena (RF-01) o inexistente,2026-08-11
Ventas,VentaID=3972 ClienteID=4,Cliente en cuarentena (RF-01) o inexistente,2026-08-11
Ventas,VentaID=3975 ClienteID=7,Cliente en cuarentena (RF-01) o inexistente,2026-08-11
Ventas,VentaID=3978 ClienteID=3,Cliente en cuarentena (RF-01) o inexistente,2026-08-11
Ventas,VentaID=3979 ClienteID=4,Cliente en cuarentena (RF-01) o inexistente,2026-08-11
Ventas,VentaID=3982 ClienteID=7,Cliente en cuarentena (RF-01) o inexistente,2026-08-11
Ventas,VentaID=3985 ClienteID=3,Cliente en cuarentena (RF-01) o inexistente,2026-08-11
Ventas,VentaID=3986 ClienteID=4,Cliente en cuarentena (RF-01) o inexistente,2026-08-11
Ventas,VentaID=3989 ClienteID=7,Cliente en cuarentena (RF-01) o inexistente,2026-08-11
Ventas,VentaID=3992 ClienteID=3,Cliente en cuarentena (RF-01) o inexistente,2026-08-11
Ventas,VentaID=3993 ClienteID=4,Cliente en cuarentena (RF-01) o inexistente,2026-08-11
Ventas,VentaID=3996 ClienteID=7,Cliente en cuarentena (RF-01) o inexistente,2026-08-11
Ventas,VentaID=3999 ClienteID=3,Cliente en cuarentena (RF-01) o inexistente,2026-08-11
Ventas,VentaID=4000 ClienteID=4,Cliente en cuarentena (RF-01) o inexistente,2026-08-11
Ventas,VentaID=4003 ClienteID=7,Cliente en cuarentena (RF-01) o inexistente,2026-08-11
Ventas,VentaID=4006 ClienteID=3,Cliente en cuarentena (RF-01) o inexistente,2026-08-11
Ventas,VentaID=4007 ClienteID=4,Cliente en cuarentena (RF-01) o inexistente,2026-08-11
Ventas,VentaID=4010 ClienteID=7,Cliente en cuarentena (RF-01) o inexistente,2026-08-11
Ventas,VentaID=4013 ClienteID=3,Cliente en cuarentena (RF-01) o inexistente,2026-08-11
Ventas,VentaID=4014 ClienteID=4,Cliente en cuarentena (RF-01) o inexistente,2026-08-11
Ventas,VentaID=4017 ClienteID=7,Cliente en cuarentena (RF-01) o inexistente,2026-08-11
Ventas,VentaID=4020 ClienteID=3,Cliente en cuarentena (RF-01) o inexistente,2026-08-11
Ventas,VentaID=4021 ClienteID=4,Cliente en cuarentena (RF-01) o inexistente,2026-08-11
Ventas,VentaID=4024 ClienteID=7,Cliente en cuarentena (RF-01) o inexistente,2026-08-11
Ventas,VentaID=4027 ClienteID=3,Cliente en cuarentena (RF-01) o inexistente,2026-08-11
Ventas,VentaID=4028 ClienteID=4,Cliente en cuarentena (RF-01) o inexistente,2026-08-11
Ventas,VentaID=4031 ClienteID=7,Cliente en cuarentena (RF-01) o inexistente,2026-08-11
Ventas,VentaID=4034 ClienteID=3,Cliente en cuarentena (RF-01) o inexistente,2026-08-11
Ventas,VentaID=4035 ClienteID=4,Cliente en cuarentena (RF-01) o inexistente,2026-08-11
Ventas,VentaID=4038 ClienteID=7,Cliente en cuarentena (RF-01) o inexistente,2026-08-11
Ventas,VentaID=4041 ClienteID=3,Cliente en cuarentena (RF-01) o inexistente,2026-08-11
Ventas,VentaID=4042 ClienteID=4,Cliente en cuarentena (RF-01) o inexistente,2026-08-11
Ventas,VentaID=4045 ClienteID=7,Cliente en cuarentena (RF-01) o inexistente,2026-08-11
Ventas,VentaID=4048 ClienteID=3,Cliente en cuarentena (RF-01) o inexistente,2026-08-11
Ventas,VentaID=4049 ClienteID=4,Cliente en cuarentena (RF-01) o inexistente,2026-08-11
Ventas,VentaID=4052 ClienteID=7,Cliente en cuarentena (RF-01) o inexistente,2026-08-11
Ventas,VentaID=4055 ClienteID=3,Cliente en cuarentena (RF-01) o inexistente,2026-08-11
Ventas,VentaID=4056 ClienteID=4,Cliente en cuarentena (RF-01) o inexistente,2026-08-11
Ventas,VentaID=4059 ClienteID=7,Cliente en cuarentena (RF-01) o inexistente,2026-08-11
Ventas,VentaID=4062 ClienteID=3,Cliente en cuarentena (RF-01) o inexistente,2026-08-11
Ventas,VentaID=4063 ClienteID=4,Cliente en cuarentena (RF-01) o inexistente,2026-08-11
Ventas,VentaID=4066 ClienteID=7,Cliente en cuarentena (RF-01) o inexistente,2026-08-11
Ventas,VentaID=4069 ClienteID=3,Cliente en cuarentena (RF-01) o inexistente,2026-08-11
Ventas,VentaID=4070 ClienteID=4,Cliente en cuarentena (RF-01) o inexistente,2026-08-11
Ventas,VentaID=4073 ClienteID=7,Cliente en cuarentena (RF-01) o inexistente,2026-08-11
Ventas,VentaID=4076 ClienteID=3,Cliente en cuarentena (RF-01) o inexistente,2026-08-11
Ventas,VentaID=4077 ClienteID=4,Cliente en cuarentena (RF-01) o inexistente,2026-08-11
Ventas,VentaID=4080 ClienteID=7,Cliente en cuarentena (RF-01) o inexistente,2026-08-11
Ventas,VentaID=4083 ClienteID=3,Cliente en cuarentena (RF-01) o inexistente,2026-08-11
Ventas,VentaID=4084 ClienteID=4,Cliente en cuarentena (RF-01) o inexistente,2026-08-11
Ventas,VentaID=4087 ClienteID=7,Cliente en cuarentena (RF-01) o inexistente,2026-08-11
Ventas,VentaID=4090 ClienteID=3,Cliente en cuarentena (RF-01) o inexistente,2026-08-11
Ventas,VentaID=4091 ClienteID=4,Cliente en cuarentena (RF-01) o inexistente,2026-08-11
Ventas,VentaID=4094 ClienteID=7,Cliente en cuarentena (RF-01) o inexistente,2026-08-11
Ventas,VentaID=4097 ClienteID=3,Cliente en cuarentena (RF-01) o inexistente,2026-08-11
Ventas,VentaID=4098 ClienteID=4,Cliente en cuarentena (RF-01) o inexistente,2026-08-11
Ventas,VentaID=4101 ClienteID=7,Cliente en cuarentena (RF-01) o inexistente,2026-08-11
Ventas,VentaID=4104 ClienteID=3,Cliente en cuarentena (RF-01) o inexistente,2026-08-11
Ventas,VentaID=4105 ClienteID=4,Cliente en cuarentena (RF-01) o inexistente,2026-08-11
Ventas,VentaID=4108 ClienteID=7,Cliente en cuarentena (RF-01) o inexistente,2026-08-11
Ventas,VentaID=4111 ClienteID=3,Cliente en cuarentena (RF-01) o inexistente,2026-08-11
Ventas,VentaID=4112 ClienteID=4,Cliente en cuarentena (RF-01) o inexistente,2026-08-11
Ventas,VentaID=4115 ClienteID=7,Cliente en cuarentena (RF-01) o inexistente,2026-08-11
Ventas,VentaID=4118 ClienteID=3,Cliente en cuarentena (RF-01) o inexistente,2026-08-11
Ventas,VentaID=4119 ClienteID=4,Cliente en cuarentena (RF-01) o inexistente,2026-08-11
Ventas,VentaID=4122 ClienteID=7,Cliente en cuarentena (RF-01) o inexistente,2026-08-11
Ventas,VentaID=4125 ClienteID=3,Cliente en cuarentena (RF-01) o inexistente,2026-08-11
Ventas,VentaID=4126 ClienteID=4,Cliente en cuarentena (RF-01) o inexistente,2026-08-11
Ventas,VentaID=4129 ClienteID=7,Cliente en cuarentena (RF-01) o inexistente,2026-08-11
Ventas,VentaID=4132 ClienteID=3,Cliente en cuarentena (RF-01) o inexistente,2026-08-11
Ventas,VentaID=4133 ClienteID=4,Cliente en cuarentena (RF-01) o inexistente,2026-08-11
Ventas,VentaID=4136 ClienteID=7,Cliente en cuarentena (RF-01) o inexistente,2026-08-11
Ventas,VentaID=4139 ClienteID=3,Cliente en cuarentena (RF-01) o inexistente,2026-08-11
Ventas,VentaID=4140 ClienteID=4,Cliente en cuarentena (RF-01) o inexistente,2026-08-11
Ventas,VentaID=4143 ClienteID=7,Cliente en cuarentena (RF-01) o inexistente,2026-08-11
Ventas,VentaID=4146 ClienteID=3,Cliente en cuarentena (RF-01) o inexistente,2026-08-11
Ventas,VentaID=4147 ClienteID=4,Cliente en cuarentena (RF-01) o inexistente,2026-08-11
Ventas,VentaID=4150 ClienteID=7,Cliente en cuarentena (RF-01) o inexistente,2026-08-11
Ventas,VentaID=4153 ClienteID=3,Cliente en cuarentena (RF-01) o inexistente,2026-08-11
Ventas,VentaID=4154 ClienteID=4,Cliente en cuarentena (RF-01) o inexistente,2026-08-11
Ventas,VentaID=4157 ClienteID=7,Cliente en cuarentena (RF-01) o inexistente,2026-08-11
Ventas,VentaID=4160 ClienteID=3,Cliente en cuarentena (RF-01) o inexistente,2026-08-11
Ventas,VentaID=4161 ClienteID=4,Cliente en cuarentena (RF-01) o inexistente,2026-08-11
Ventas,VentaID=4164 ClienteID=7,Cliente en cuarentena (RF-01) o inexistente,2026-08-11
Ventas,VentaID=4167 ClienteID=3,Cliente en cuarentena (RF-01) o inexistente,2026-08-11
Ventas,VentaID=4168 ClienteID=4,Cliente en cuarentena (RF-01) o inexistente,2026-08-11
Ventas,VentaID=4171 ClienteID=7,Cliente en cuarentena (RF-01) o inexistente,2026-08-11
Ventas,VentaID=4174 ClienteID=3,Cliente en cuarentena (RF-01) o inexistente,2026-08-11
Ventas,VentaID=4175 ClienteID=4,Cliente en cuarentena (RF-01) o inexistente,2026-08-11
Ventas,VentaID=4178 ClienteID=7,Cliente en cuarentena (RF-01) o inexistente,2026-08-11
Ventas,VentaID=4181 ClienteID=3,Cliente en cuarentena (RF-01) o inexistente,2026-08-11
Ventas,VentaID=4182 ClienteID=4,Cliente en cuarentena (RF-01) o inexistente,2026-08-11
Ventas,VentaID=4185 ClienteID=7,Cliente en cuarentena (RF-01) o inexistente,2026-08-11
Ventas,VentaID=4188 ClienteID=3,Cliente en cuarentena (RF-01) o inexistente,2026-08-11
Ventas,VentaID=4189 ClienteID=4,Cliente en cuarentena (RF-01) o inexistente,2026-08-11
Ventas,VentaID=4192 ClienteID=7,Cliente en cuarentena (RF-01) o inexistente,2026-08-11
Ventas,VentaID=4195 ClienteID=3,Cliente en cuarentena (RF-01) o inexistente,2026-08-11
Ventas,VentaID=4196 ClienteID=4,Cliente en cuarentena (RF-01) o inexistente,2026-08-11
Ventas,VentaID=4199 ClienteID=7,Cliente en cuarentena (RF-01) o inexistente,2026-08-11
Ventas,VentaID=4202 ClienteID=3,Cliente en cuarentena (RF-01) o inexistente,2026-08-11
Ventas,VentaID=4203 ClienteID=4,Cliente en cuarentena (RF-01) o inexistente,2026-08-11
Ventas,VentaID=4206 ClienteID=7,Cliente en cuarentena (RF-01) o inexistente,2026-08-11
Ventas,VentaID=4209 ClienteID=3,Cliente en cuarentena (RF-01) o inexistente,2026-08-11
Ventas,VentaID=4210 ClienteID=4,Cliente en cuarentena (RF-01) o inexistente,2026-08-11
Ventas,VentaID=4213 ClienteID=7,Cliente en cuarentena (RF-01) o inexistente,2026-08-11
Ventas,VentaID=4216 ClienteID=3,Cliente en cuarentena (RF-01) o inexistente,2026-08-11
Ventas,VentaID=4217 ClienteID=4,Cliente en cuarentena (RF-01) o inexistente,2026-08-11
Ventas,VentaID=4220 ClienteID=7,Cliente en cuarentena (RF-01) o inexistente,2026-08-11
Ventas,VentaID=4223 ClienteID=3,Cliente en cuarentena (RF-01) o inexistente,2026-08-11
Ventas,VentaID=4224 ClienteID=4,Cliente en cuarentena (RF-01) o inexistente,2026-08-11
Ventas,VentaID=4227 ClienteID=7,Cliente en cuarentena (RF-01) o inexistente,2026-08-11
Ventas,VentaID=4230 ClienteID=3,Cliente en cuarentena (RF-01) o inexistente,2026-08-11
Ventas,VentaID=4231 ClienteID=4,Cliente en cuarentena (RF-01) o inexistente,2026-08-11
Ventas,VentaID=4234 ClienteID=7,Cliente en cuarentena (RF-01) o inexistente,2026-08-11
Ventas,VentaID=4237 ClienteID=3,Cliente en cuarentena (RF-01) o inexistente,2026-08-11
Ventas,VentaID=4238 ClienteID=4,Cliente en cuarentena (RF-01) o inexistente,2026-08-11
Ventas,VentaID=4241 ClienteID=7,Cliente en cuarentena (RF-01) o inexistente,2026-08-11
Ventas,VentaID=4244 ClienteID=3,Cliente en cuarentena (RF-01) o inexistente,2026-08-11
Ventas,VentaID=4245 ClienteID=4,Cliente en cuarentena (RF-01) o inexistente,2026-08-11
Ventas,VentaID=4248 ClienteID=7,Cliente en cuarentena (RF-01) o inexistente,2026-08-11
Ventas,VentaID=4251 ClienteID=3,Cliente en cuarentena (RF-01) o inexistente,2026-08-11
Ventas,VentaID=4252 ClienteID=4,Cliente en cuarentena (RF-01) o inexistente,2026-08-11
Ventas,VentaID=4255 ClienteID=7,Cliente en cuarentena (RF-01) o inexistente,2026-08-11
Ventas,VentaID=4258 ClienteID=3,Cliente en cuarentena (RF-01) o inexistente,2026-08-11
Ventas,VentaID=4259 ClienteID=4,Cliente en cuarentena (RF-01) o inexistente,2026-08-11
Ventas,VentaID=4262 ClienteID=7,Cliente en cuarentena (RF-01) o inexistente,2026-08-11
Ventas,VentaID=4265 ClienteID=3,Cliente en cuarentena (RF-01) o inexistente,2026-08-11
Ventas,VentaID=4266 ClienteID=4,Cliente en cuarentena (RF-01) o inexistente,2026-08-11
Ventas,VentaID=4269 ClienteID=7,Cliente en cuarentena (RF-01) o inexistente,2026-08-11
Ventas,VentaID=4272 ClienteID=3,Cliente en cuarentena (RF-01) o inexistente,2026-08-11
Ventas,VentaID=4273 ClienteID=4,Cliente en cuarentena (RF-01) o inexistente,2026-08-11
Ventas,VentaID=4276 ClienteID=7,Cliente en cuarentena (RF-01) o inexistente,2026-08-11
Ventas,VentaID=4279 ClienteID=3,Cliente en cuarentena (RF-01) o inexistente,2026-08-11
Ventas,VentaID=4280 ClienteID=4,Cliente en cuarentena (RF-01) o inexistente,2026-08-11
Ventas,VentaID=4283 ClienteID=7,Cliente en cuarentena (RF-01) o inexistente,2026-08-11
Ventas,VentaID=4286 ClienteID=3,Cliente en cuarentena (RF-01) o inexistente,2026-08-11
Ventas,VentaID=4287 ClienteID=4,Cliente en cuarentena (RF-01) o inexistente,2026-08-11
Ventas,VentaID=4290 ClienteID=7,Cliente en cuarentena (RF-01) o inexistente,2026-08-11
Ventas,VentaID=4293 ClienteID=3,Cliente en cuarentena (RF-01) o inexistente,2026-08-11
Ventas,VentaID=4294 ClienteID=4,Cliente en cuarentena (RF-01) o inexistente,2026-08-11
Ventas,VentaID=4297 ClienteID=7,Cliente en cuarentena (RF-01) o inexistente,2026-08-11
Ventas,VentaID=4300 ClienteID=3,Cliente en cuarentena (RF-01) o inexistente,2026-08-11
Ventas,VentaID=4301 ClienteID=4,Cliente en cuarentena (RF-01) o inexistente,2026-08-11
Ventas,VentaID=4304 ClienteID=7,Cliente en cuarentena (RF-01) o inexistente,2026-08-11
Ventas,VentaID=4307 ClienteID=3,Cliente en cuarentena (RF-01) o inexistente,2026-08-11
Ventas,VentaID=4308 ClienteID=4,Cliente en cuarentena (RF-01) o inexistente,2026-08-11
Ventas,VentaID=4311 ClienteID=7,Cliente en cuarentena (RF-01) o inexistente,2026-08-11
Ventas,VentaID=4314 ClienteID=3,Cliente en cuarentena (RF-01) o inexistente,2026-08-11
Ventas,VentaID=4315 ClienteID=4,Cliente en cuarentena (RF-01) o inexistente,2026-08-11
Ventas,VentaID=4318 ClienteID=7,Cliente en cuarentena (RF-01) o inexistente,2026-08-11
Ventas,VentaID=4321 ClienteID=3,Cliente en cuarentena (RF-01) o inexistente,2026-08-11
Ventas,VentaID=4322 ClienteID=4,Cliente en cuarentena (RF-01) o inexistente,2026-08-11
Ventas,VentaID=4325 ClienteID=7,Cliente en cuarentena (RF-01) o inexistente,2026-08-11
Ventas,VentaID=4328 ClienteID=3,Cliente en cuarentena (RF-01) o inexistente,2026-08-11
Ventas,VentaID=4329 ClienteID=4,Cliente en cuarentena (RF-01) o inexistente,2026-08-11
Ventas,VentaID=4332 ClienteID=7,Cliente en cuarentena (RF-01) o inexistente,2026-08-11
Ventas,VentaID=4335 ClienteID=3,Cliente en cuarentena (RF-01) o inexistente,2026-08-11
Ventas,VentaID=4336 ClienteID=4,Cliente en cuarentena (RF-01) o inexistente,2026-08-11
Ventas,VentaID=4339 ClienteID=7,Cliente en cuarentena (RF-01) o inexistente,2026-08-11
Ventas,VentaID=4342 ClienteID=3,Cliente en cuarentena (RF-01) o inexistente,2026-08-11
Ventas,VentaID=4343 ClienteID=4,Cliente en cuarentena (RF-01) o inexistente,2026-08-11
Ventas,VentaID=4346 ClienteID=7,Cliente en cuarentena (RF-01) o inexistente,2026-08-11
Ventas,VentaID=4349 ClienteID=3,Cliente en cuarentena (RF-01) o inexistente,2026-08-11
Ventas,VentaID=4350 ClienteID=4,Cliente en cuarentena (RF-01) o inexistente,2026-08-11
Ventas,VentaID=4353 ClienteID=7,Cliente en cuarentena (RF-01) o inexistente,2026-08-11
Ventas,VentaID=4356 ClienteID=3,Cliente en cuarentena (RF-01) o inexistente,2026-08-11
Ventas,VentaID=4357 ClienteID=4,Cliente en cuarentena (RF-01) o inexistente,2026-08-11
Ventas,VentaID=4360 ClienteID=7,Cliente en cuarentena (RF-01) o inexistente,2026-08-11
Ventas,VentaID=4363 ClienteID=3,Cliente en cuarentena (RF-01) o inexistente,2026-08-11
Ventas,VentaID=4364 ClienteID=4,Cliente en cuarentena (RF-01) o inexistente,2026-08-11
Ventas,VentaID=4367 ClienteID=7,Cliente en cuarentena (RF-01) o inexistente,2026-08-11
Ventas,VentaID=4370 ClienteID=3,Cliente en cuarentena (RF-01) o inexistente,2026-08-11
Ventas,VentaID=4371 ClienteID=4,Cliente en cuarentena (RF-01) o inexistente,2026-08-11
Ventas,VentaID=4374 ClienteID=7,Cliente en cuarentena (RF-01) o inexistente,2026-08-11
Ventas,VentaID=4377 ClienteID=3,Cliente en cuarentena (RF-01) o inexistente,2026-08-11
Ventas,VentaID=4378 ClienteID=4,Cliente en cuarentena (RF-01) o inexistente,2026-08-11
Ventas,VentaID=4381 ClienteID=7,Cliente en cuarentena (RF-01) o inexistente,2026-08-11
Ventas,VentaID=4384 ClienteID=3,Cliente en cuarentena (RF-01) o inexistente,2026-08-11
Ventas,VentaID=4385 ClienteID=4,Cliente en cuarentena (RF-01) o inexistente,2026-08-11
Ventas,VentaID=4388 ClienteID=7,Cliente en cuarentena (RF-01) o inexistente,2026-08-11
Ventas,VentaID=4391 ClienteID=3,Cliente en cuarentena (RF-01) o inexistente,2026-08-11
Ventas,VentaID=4392 ClienteID=4,Cliente en cuarentena (RF-01) o inexistente,2026-08-11
Ventas,VentaID=4395 ClienteID=7,Cliente en cuarentena (RF-01) o inexistente,2026-08-11
Ventas,VentaID=4398 ClienteID=3,Cliente en cuarentena (RF-01) o inexistente,2026-08-11
Ventas,VentaID=4399 ClienteID=4,Cliente en cuarentena (RF-01) o inexistente,2026-08-11
Ventas,VentaID=4402 ClienteID=7,Cliente en cuarentena (RF-01) o inexistente,2026-08-11
Ventas,VentaID=4405 ClienteID=3,Cliente en cuarentena (RF-01) o inexistente,2026-08-11
Ventas,VentaID=4406 ClienteID=4,Cliente en cuarentena (RF-01) o inexistente,2026-08-11
Ventas,VentaID=4409 ClienteID=7,Cliente en cuarentena (RF-01) o inexistente,2026-08-11
Ventas,VentaID=4412 ClienteID=3,Cliente en cuarentena (RF-01) o inexistente,2026-08-11
Ventas,VentaID=4413 ClienteID=4,Cliente en cuarentena (RF-01) o inexistente,2026-08-11
Ventas,VentaID=4416 ClienteID=7,Cliente en cuarentena (RF-01) o inexistente,2026-08-11
Ventas,VentaID=4419 ClienteID=3,Cliente en cuarentena (RF-01) o inexistente,2026-08-11
Ventas,VentaID=4420 ClienteID=4,Cliente en cuarentena (RF-01) o inexistente,2026-08-11
Ventas,VentaID=4423 ClienteID=7,Cliente en cuarentena (RF-01) o inexistente,2026-08-11
Ventas,VentaID=4426 ClienteID=3,Cliente en cuarentena (RF-01) o inexistente,2026-08-11
Ventas,VentaID=4427 ClienteID=4,Cliente en cuarentena (RF-01) o inexistente,2026-08-11
Ventas,VentaID=4430 ClienteID=7,Cliente en cuarentena (RF-01) o inexistente,2026-08-11
Ventas,VentaID=4433 ClienteID=3,Cliente en cuarentena (RF-01) o inexistente,2026-08-11
Ventas,VentaID=4434 ClienteID=4,Cliente en cuarentena (RF-01) o inexistente,2026-08-11
Ventas,VentaID=4437 ClienteID=7,Cliente en cuarentena (RF-01) o inexistente,2026-08-11
Ventas,VentaID=4440 ClienteID=3,Cliente en cuarentena (RF-01) o inexistente,2026-08-11
Ventas,VentaID=4441 ClienteID=4,Cliente en cuarentena (RF-01) o inexistente,2026-08-11
Ventas,VentaID=4444 ClienteID=7,Cliente en cuarentena (RF-01) o inexistente,2026-08-11
Ventas,VentaID=4447 ClienteID=3,Cliente en cuarentena (RF-01) o inexistente,2026-08-11
Ventas,VentaID=4448 ClienteID=4,Cliente en cuarentena (RF-01) o inexistente,2026-08-11
Ventas,VentaID=4451 ClienteID=7,Cliente en cuarentena (RF-01) o inexistente,2026-08-11
Ventas,VentaID=4454 ClienteID=3,Cliente en cuarentena (RF-01) o inexistente,2026-08-11
Ventas,VentaID=4455 ClienteID=4,Cliente en cuarentena (RF-01) o inexistente,2026-08-11
Ventas,VentaID=4458 ClienteID=7,Cliente en cuarentena (RF-01) o inexistente,2026-08-11
Ventas,VentaID=4461 ClienteID=3,Cliente en cuarentena (RF-01) o inexistente,2026-08-11
Ventas,VentaID=4462 ClienteID=4,Cliente en cuarentena (RF-01) o inexistente,2026-08-11
Ventas,VentaID=4465 ClienteID=7,Cliente en cuarentena (RF-01) o inexistente,2026-08-11
Ventas,VentaID=4468 ClienteID=3,Cliente en cuarentena (RF-01) o inexistente,2026-08-11
Ventas,VentaID=4469 ClienteID=4,Cliente en cuarentena (RF-01) o inexistente,2026-08-11
Ventas,VentaID=4472 ClienteID=7,Cliente en cuarentena (RF-01) o inexistente,2026-08-11
Ventas,VentaID=4475 ClienteID=3,Cliente en cuarentena (RF-01) o inexistente,2026-08-11
Ventas,VentaID=4476 ClienteID=4,Cliente en cuarentena (RF-01) o inexistente,2026-08-11
Ventas,VentaID=4479 ClienteID=7,Cliente en cuarentena (RF-01) o inexistente,2026-08-11
Ventas,VentaID=4482 ClienteID=3,Cliente en cuarentena (RF-01) o inexistente,2026-08-11
Ventas,VentaID=4483 ClienteID=4,Cliente en cuarentena (RF-01) o inexistente,2026-08-11
Ventas,VentaID=4486 ClienteID=7,Cliente en cuarentena (RF-01) o inexistente,2026-08-11
Ventas,VentaID=4489 ClienteID=3,Cliente en cuarentena (RF-01) o inexistente,2026-08-11
Ventas,VentaID=4490 ClienteID=4,Cliente en cuarentena (RF-01) o inexistente,2026-08-11
Ventas,VentaID=4493 ClienteID=7,Cliente en cuarentena (RF-01) o inexistente,2026-08-11
Ventas,VentaID=4496 ClienteID=3,Cliente en cuarentena (RF-01) o inexistente,2026-08-11
Ventas,VentaID=4497 ClienteID=4,Cliente en cuarentena (RF-01) o inexistente,2026-08-11
Ventas,VentaID=4500 ClienteID=7,Cliente en cuarentena (RF-01) o inexistente,2026-08-11
Ventas,VentaID=4503 ClienteID=3,Cliente en cuarentena (RF-01) o inexistente,2026-08-11
Ventas,VentaID=4504 ClienteID=4,Cliente en cuarentena (RF-01) o inexistente,2026-08-11
Ventas,VentaID=4507 ClienteID=7,Cliente en cuarentena (RF-01) o inexistente,2026-08-11
Ventas,VentaID=4510 ClienteID=3,Cliente en cuarentena (RF-01) o inexistente,2026-08-11
Ventas,VentaID=4511 ClienteID=4,Cliente en cuarentena (RF-01) o inexistente,2026-08-11
Ventas,VentaID=4514 ClienteID=7,Cliente en cuarentena (RF-01) o inexistente,2026-08-11
Ventas,VentaID=4517 ClienteID=3,Cliente en cuarentena (RF-01) o inexistente,2026-08-11
Ventas,VentaID=4518 ClienteID=4,Cliente en cuarentena (RF-01) o inexistente,2026-08-11
Ventas,VentaID=4521 ClienteID=7,Cliente en cuarentena (RF-01) o inexistente,2026-08-11
Ventas,VentaID=4524 ClienteID=3,Cliente en cuarentena (RF-01) o inexistente,2026-08-11
Ventas,VentaID=4525 ClienteID=4,Cliente en cuarentena (RF-01) o inexistente,2026-08-11
Ventas,VentaID=4528 ClienteID=7,Cliente en cuarentena (RF-01) o inexistente,2026-08-11
Ventas,VentaID=4531 ClienteID=3,Cliente en cuarentena (RF-01) o inexistente,2026-08-11
Ventas,VentaID=4532 ClienteID=4,Cliente en cuarentena (RF-01) o inexistente,2026-08-11
Ventas,VentaID=4535 ClienteID=7,Cliente en cuarentena (RF-01) o inexistente,2026-08-11
Ventas,VentaID=4538 ClienteID=3,Cliente en cuarentena (RF-01) o inexistente,2026-08-11
Ventas,VentaID=4539 ClienteID=4,Cliente en cuarentena (RF-01) o inexistente,2026-08-11
Ventas,VentaID=4542 ClienteID=7,Cliente en cuarentena (RF-01) o inexistente,2026-08-11
Ventas,VentaID=4545 ClienteID=3,Cliente en cuarentena (RF-01) o inexistente,2026-08-11
Ventas,VentaID=4546 ClienteID=4,Cliente en cuarentena (RF-01) o inexistente,2026-08-11
Ventas,VentaID=4549 ClienteID=7,Cliente en cuarentena (RF-01) o inexistente,2026-08-11
Ventas,VentaID=4552 ClienteID=3,Cliente en cuarentena (RF-01) o inexistente,2026-08-11
Ventas,VentaID=4553 ClienteID=4,Cliente en cuarentena (RF-01) o inexistente,2026-08-11
Ventas,VentaID=4556 ClienteID=7,Cliente en cuarentena (RF-01) o inexistente,2026-08-11
Ventas,VentaID=4559 ClienteID=3,Cliente en cuarentena (RF-01) o inexistente,2026-08-11
Ventas,VentaID=4560 ClienteID=4,Cliente en cuarentena (RF-01) o inexistente,2026-08-11
Ventas,VentaID=4563 ClienteID=7,Cliente en cuarentena (RF-01) o inexistente,2026-08-11
Ventas,VentaID=4566 ClienteID=3,Cliente en cuarentena (RF-01) o inexistente,2026-08-11
Ventas,VentaID=4567 ClienteID=4,Cliente en cuarentena (RF-01) o inexistente,2026-08-11
Ventas,VentaID=4570 ClienteID=7,Cliente en cuarentena (RF-01) o inexistente,2026-08-11
Ventas,VentaID=4573 ClienteID=3,Cliente en cuarentena (RF-01) o inexistente,2026-08-11
Ventas,VentaID=4574 ClienteID=4,Cliente en cuarentena (RF-01) o inexistente,2026-08-11
Ventas,VentaID=4577 ClienteID=7,Cliente en cuarentena (RF-01) o inexistente,2026-08-11
Ventas,VentaID=4580 ClienteID=3,Cliente en cuarentena (RF-01) o inexistente,2026-08-11
Ventas,VentaID=4581 ClienteID=4,Cliente en cuarentena (RF-01) o inexistente,2026-08-11
Ventas,VentaID=4584 ClienteID=7,Cliente en cuarentena (RF-01) o inexistente,2026-08-11
Ventas,VentaID=4587 ClienteID=3,Cliente en cuarentena (RF-01) o inexistente,2026-08-11
Ventas,VentaID=4588 ClienteID=4,Cliente en cuarentena (RF-01) o inexistente,2026-08-11
Ventas,VentaID=4591 ClienteID=7,Cliente en cuarentena (RF-01) o inexistente,2026-08-11
Ventas,VentaID=4594 ClienteID=3,Cliente en cuarentena (RF-01) o inexistente,2026-08-11
Ventas,VentaID=4595 ClienteID=4,Cliente en cuarentena (RF-01) o inexistente,2026-08-11
Ventas,VentaID=4598 ClienteID=7,Cliente en cuarentena (RF-01) o inexistente,2026-08-11
Ventas,VentaID=4601 ClienteID=3,Cliente en cuarentena (RF-01) o inexistente,2026-08-11
Ventas,VentaID=4602 ClienteID=4,Cliente en cuarentena (RF-01) o inexistente,2026-08-11
Ventas,VentaID=4605 ClienteID=7,Cliente en cuarentena (RF-01) o inexistente,2026-08-11
Ventas,VentaID=4608 ClienteID=3,Cliente en cuarentena (RF-01) o inexistente,2026-08-11
Ventas,VentaID=4609 ClienteID=4,Cliente en cuarentena (RF-01) o inexistente,2026-08-11
Ventas,VentaID=4612 ClienteID=7,Cliente en cuarentena (RF-01) o inexistente,2026-08-11
Ventas,VentaID=4615 ClienteID=3,Cliente en cuarentena (RF-01) o inexistente,2026-08-11
Ventas,VentaID=4616 ClienteID=4,Cliente en cuarentena (RF-01) o inexistente,2026-08-11
Ventas,VentaID=4619 ClienteID=7,Cliente en cuarentena (RF-01) o inexistente,2026-08-11
Ventas,VentaID=4622 ClienteID=3,Cliente en cuarentena (RF-01) o inexistente,2026-08-11
Ventas,VentaID=4623 ClienteID=4,Cliente en cuarentena (RF-01) o inexistente,2026-08-11
Ventas,VentaID=4626 ClienteID=7,Cliente en cuarentena (RF-01) o inexistente,2026-08-11
Ventas,VentaID=4629 ClienteID=3,Cliente en cuarentena (RF-01) o inexistente,2026-08-11
Ventas,VentaID=4630 ClienteID=4,Cliente en cuarentena (RF-01) o inexistente,2026-08-11
Ventas,VentaID=4633 ClienteID=7,Cliente en cuarentena (RF-01) o inexistente,2026-08-11
Ventas,VentaID=4636 ClienteID=3,Cliente en cuarentena (RF-01) o inexistente,2026-08-11
Ventas,VentaID=4637 ClienteID=4,Cliente en cuarentena (RF-01) o inexistente,2026-08-11
Ventas,VentaID=4640 ClienteID=7,Cliente en cuarentena (RF-01) o inexistente,2026-08-11
Ventas,VentaID=4643 ClienteID=3,Cliente en cuarentena (RF-01) o inexistente,2026-08-11
Ventas,VentaID=4644 ClienteID=4,Cliente en cuarentena (RF-01) o inexistente,2026-08-11
Ventas,VentaID=4647 ClienteID=7,Cliente en cuarentena (RF-01) o inexistente,2026-08-11
Ventas,VentaID=4650 ClienteID=3,Cliente en cuarentena (RF-01) o inexistente,2026-08-11
Ventas,VentaID=4651 ClienteID=4,Cliente en cuarentena (RF-01) o inexistente,2026-08-11
Ventas,VentaID=4654 ClienteID=7,Cliente en cuarentena (RF-01) o inexistente,2026-08-11
Ventas,VentaID=4657 ClienteID=3,Cliente en cuarentena (RF-01) o inexistente,2026-08-11
Ventas,VentaID=4658 ClienteID=4,Cliente en cuarentena (RF-01) o inexistente,2026-08-11
Ventas,VentaID=4661 ClienteID=7,Cliente en cuarentena (RF-01) o inexistente,2026-08-11
Ventas,VentaID=4664 ClienteID=3,Cliente en cuarentena (RF-01) o inexistente,2026-08-11
Ventas,VentaID=4665 ClienteID=4,Cliente en cuarentena (RF-01) o inexistente,2026-08-11
Ventas,VentaID=4668 ClienteID=7,Cliente en cuarentena (RF-01) o inexistente,2026-08-11
Ventas,VentaID=4671 ClienteID=3,Cliente en cuarentena (RF-01) o inexistente,2026-08-11
Ventas,VentaID=4672 ClienteID=4,Cliente en cuarentena (RF-01) o inexistente,2026-08-11
Ventas,VentaID=4675 ClienteID=7,Cliente en cuarentena (RF-01) o inexistente,2026-08-11
Ventas,VentaID=4678 ClienteID=3,Cliente en cuarentena (RF-01) o inexistente,2026-08-11
Ventas,VentaID=4679 ClienteID=4,Cliente en cuarentena (RF-01) o inexistente,2026-08-11
Ventas,VentaID=4682 ClienteID=7,Cliente en cuarentena (RF-01) o inexistente,2026-08-11
Ventas,VentaID=4685 ClienteID=3,Cliente en cuarentena (RF-01) o inexistente,2026-08-11
Ventas,VentaID=4686 ClienteID=4,Cliente en cuarentena (RF-01) o inexistente,2026-08-11
Ventas,VentaID=4689 ClienteID=7,Cliente en cuarentena (RF-01) o inexistente,2026-08-11
Ventas,VentaID=4692 ClienteID=3,Cliente en cuarentena (RF-01) o inexistente,2026-08-11
Ventas,VentaID=4693 ClienteID=4,Cliente en cuarentena (RF-01) o inexistente,2026-08-11
Ventas,VentaID=4696 ClienteID=7,Cliente en cuarentena (RF-01) o inexistente,2026-08-11
Ventas,VentaID=4699 ClienteID=3,Cliente en cuarentena (RF-01) o inexistente,2026-08-11
Ventas,VentaID=4700 ClienteID=4,Cliente en cuarentena (RF-01) o inexistente,2026-08-11
Ventas,VentaID=4703 ClienteID=7,Cliente en cuarentena (RF-01) o inexistente,2026-08-11
Ventas,VentaID=4706 ClienteID=3,Cliente en cuarentena (RF-01) o inexistente,2026-08-11
Ventas,VentaID=4707 ClienteID=4,Cliente en cuarentena (RF-01) o inexistente,2026-08-11
Ventas,VentaID=4710 ClienteID=7,Cliente en cuarentena (RF-01) o inexistente,2026-08-11
Ventas,VentaID=4713 ClienteID=3,Cliente en cuarentena (RF-01) o inexistente,2026-08-11
Ventas,VentaID=4714 ClienteID=4,Cliente en cuarentena (RF-01) o inexistente,2026-08-11
Ventas,VentaID=4717 ClienteID=7,Cliente en cuarentena (RF-01) o inexistente,2026-08-11
Ventas,VentaID=4720 ClienteID=3,Cliente en cuarentena (RF-01) o inexistente,2026-08-11
Ventas,VentaID=4721 ClienteID=4,Cliente en cuarentena (RF-01) o inexistente,2026-08-11
Ventas,VentaID=4724 ClienteID=7,Cliente en cuarentena (RF-01) o inexistente,2026-08-11
Ventas,VentaID=4727 ClienteID=3,Cliente en cuarentena (RF-01) o inexistente,2026-08-11
Ventas,VentaID=4728 ClienteID=4,Cliente en cuarentena (RF-01) o inexistente,2026-08-11
Ventas,VentaID=4731 ClienteID=7,Cliente en cuarentena (RF-01) o inexistente,2026-08-11
Ventas,VentaID=4734 ClienteID=3,Cliente en cuarentena (RF-01) o inexistente,2026-08-11
Ventas,VentaID=4735 ClienteID=4,Cliente en cuarentena (RF-01) o inexistente,2026-08-11
Ventas,VentaID=4738 ClienteID=7,Cliente en cuarentena (RF-01) o inexistente,2026-08-11
Ventas,VentaID=4741 ClienteID=3,Cliente en cuarentena (RF-01) o inexistente,2026-08-11
Ventas,VentaID=4742 ClienteID=4,Cliente en cuarentena (RF-01) o inexistente,2026-08-11
Ventas,VentaID=4745 ClienteID=7,Cliente en cuarentena (RF-01) o inexistente,2026-08-11
Ventas,VentaID=4748 ClienteID=3,Cliente en cuarentena (RF-01) o inexistente,2026-08-11
Ventas,VentaID=4749 ClienteID=4,Cliente en cuarentena (RF-01) o inexistente,2026-08-11
Ventas,VentaID=4752 ClienteID=7,Cliente en cuarentena (RF-01) o inexistente,2026-08-11
Ventas,VentaID=4755 ClienteID=3,Cliente en cuarentena (RF-01) o inexistente,2026-08-11
Ventas,VentaID=4756 ClienteID=4,Cliente en cuarentena (RF-01) o inexistente,2026-08-11
Ventas,VentaID=4759 ClienteID=7,Cliente en cuarentena (RF-01) o inexistente,2026-08-11
Ventas,VentaID=4762 ClienteID=3,Cliente en cuarentena (RF-01) o inexistente,2026-08-11
Ventas,VentaID=4763 ClienteID=4,Cliente en cuarentena (RF-01) o inexistente,2026-08-11
Ventas,VentaID=4766 ClienteID=7,Cliente en cuarentena (RF-01) o inexistente,2026-08-11
Ventas,VentaID=4769 ClienteID=3,Cliente en cuarentena (RF-01) o inexistente,2026-08-11
Ventas,VentaID=4770 ClienteID=4,Cliente en cuarentena (RF-01) o inexistente,2026-08-11
Ventas,VentaID=4773 ClienteID=7,Cliente en cuarentena (RF-01) o inexistente,2026-08-11
Ventas,VentaID=4776 ClienteID=3,Cliente en cuarentena (RF-01) o inexistente,2026-08-11
Ventas,VentaID=4777 ClienteID=4,Cliente en cuarentena (RF-01) o inexistente,2026-08-11
Ventas,VentaID=4780 ClienteID=7,Cliente en cuarentena (RF-01) o inexistente,2026-08-11
Ventas,VentaID=4783 ClienteID=3,Cliente en cuarentena (RF-01) o inexistente,2026-08-11
Ventas,VentaID=4784 ClienteID=4,Cliente en cuarentena (RF-01) o inexistente,2026-08-11
Ventas,VentaID=4787 ClienteID=7,Cliente en cuarentena (RF-01) o inexistente,2026-08-11
Ventas,VentaID=4790 ClienteID=3,Cliente en cuarentena (RF-01) o inexistente,2026-08-11
Ventas,VentaID=4791 ClienteID=4,Cliente en cuarentena (RF-01) o inexistente,2026-08-11
Ventas,VentaID=4794 ClienteID=7,Cliente en cuarentena (RF-01) o inexistente,2026-08-11
Ventas,VentaID=4797 ClienteID=3,Cliente en cuarentena (RF-01) o inexistente,2026-08-11
Ventas,VentaID=4798 ClienteID=4,Cliente en cuarentena (RF-01) o inexistente,2026-08-11
Ventas,VentaID=4801 ClienteID=7,Cliente en cuarentena (RF-01) o inexistente,2026-08-11
Ventas,VentaID=4804 ClienteID=3,Cliente en cuarentena (RF-01) o inexistente,2026-08-11
Ventas,VentaID=4805 ClienteID=4,Cliente en cuarentena (RF-01) o inexistente,2026-08-11
Ventas,VentaID=4808 ClienteID=7,Cliente en cuarentena (RF-01) o inexistente,2026-08-11
Ventas,VentaID=4811 ClienteID=3,Cliente en cuarentena (RF-01) o inexistente,2026-08-11
Ventas,VentaID=4812 ClienteID=4,Cliente en cuarentena (RF-01) o inexistente,2026-08-11
Ventas,VentaID=4815 ClienteID=7,Cliente en cuarentena (RF-01) o inexistente,2026-08-11
Ventas,VentaID=4818 ClienteID=3,Cliente en cuarentena (RF-01) o inexistente,2026-08-11
Ventas,VentaID=4819 ClienteID=4,Cliente en cuarentena (RF-01) o inexistente,2026-08-11
Ventas,VentaID=4822 ClienteID=7,Cliente en cuarentena (RF-01) o inexistente,2026-08-11
Ventas,VentaID=4825 ClienteID=3,Cliente en cuarentena (RF-01) o inexistente,2026-08-11
Ventas,VentaID=4826 ClienteID=4,Cliente en cuarentena (RF-01) o inexistente,2026-08-11
Ventas,VentaID=4829 ClienteID=7,Cliente en cuarentena (RF-01) o inexistente,2026-08-11
Ventas,VentaID=4832 ClienteID=3,Cliente en cuarentena (RF-01) o inexistente,2026-08-11
Ventas,VentaID=4833 ClienteID=4,Cliente en cuarentena (RF-01) o inexistente,2026-08-11
Ventas,VentaID=4836 ClienteID=7,Cliente en cuarentena (RF-01) o inexistente,2026-08-11
Ventas,VentaID=4839 ClienteID=3,Cliente en cuarentena (RF-01) o inexistente,2026-08-11
Ventas,VentaID=4840 ClienteID=4,Cliente en cuarentena (RF-01) o inexistente,2026-08-11
Ventas,VentaID=4843 ClienteID=7,Cliente en cuarentena (RF-01) o inexistente,2026-08-11
Ventas,VentaID=4846 ClienteID=3,Cliente en cuarentena (RF-01) o inexistente,2026-08-11
Ventas,VentaID=4847 ClienteID=4,Cliente en cuarentena (RF-01) o inexistente,2026-08-11
Ventas,VentaID=4850 ClienteID=7,Cliente en cuarentena (RF-01) o inexistente,2026-08-11
Ventas,VentaID=4853 ClienteID=3,Cliente en cuarentena (RF-01) o inexistente,2026-08-11
Ventas,VentaID=4854 ClienteID=4,Cliente en cuarentena (RF-01) o inexistente,2026-08-11
Ventas,VentaID=4857 ClienteID=7,Cliente en cuarentena (RF-01) o inexistente,2026-08-11
Ventas,VentaID=4860 ClienteID=3,Cliente en cuarentena (RF-01) o inexistente,2026-08-11
Ventas,VentaID=4861 ClienteID=4,Cliente en cuarentena (RF-01) o inexistente,2026-08-11
Ventas,VentaID=4864 ClienteID=7,Cliente en cuarentena (RF-01) o inexistente,2026-08-11
Ventas,VentaID=4867 ClienteID=3,Cliente en cuarentena (RF-01) o inexistente,2026-08-11
Ventas,VentaID=4868 ClienteID=4,Cliente en cuarentena (RF-01) o inexistente,2026-08-11
Ventas,VentaID=4871 ClienteID=7,Cliente en cuarentena (RF-01) o inexistente,2026-08-11
Ventas,VentaID=4874 ClienteID=3,Cliente en cuarentena (RF-01) o inexistente,2026-08-11
Ventas,VentaID=4875 ClienteID=4,Cliente en cuarentena (RF-01) o inexistente,2026-08-11
Ventas,VentaID=4878 ClienteID=7,Cliente en cuarentena (RF-01) o inexistente,2026-08-11
Ventas,VentaID=4881 ClienteID=3,Cliente en cuarentena (RF-01) o inexistente,2026-08-11
Ventas,VentaID=4882 ClienteID=4,Cliente en cuarentena (RF-01) o inexistente,2026-08-11
Ventas,VentaID=4885 ClienteID=7,Cliente en cuarentena (RF-01) o inexistente,2026-08-11
Ventas,VentaID=4888 ClienteID=3,Cliente en cuarentena (RF-01) o inexistente,2026-08-11
Ventas,VentaID=4889 ClienteID=4,Cliente en cuarentena (RF-01) o inexistente,2026-08-11
Ventas,VentaID=4892 ClienteID=7,Cliente en cuarentena (RF-01) o inexistente,2026-08-11
Ventas,VentaID=4895 ClienteID=3,Cliente en cuarentena (RF-01) o inexistente,2026-08-11
Ventas,VentaID=4896 ClienteID=4,Cliente en cuarentena (RF-01) o inexistente,2026-08-11
Ventas,VentaID=4899 ClienteID=7,Cliente en cuarentena (RF-01) o inexistente,2026-08-11
Ventas,VentaID=4902 ClienteID=3,Cliente en cuarentena (RF-01) o inexistente,2026-08-11
Ventas,VentaID=4903 ClienteID=4,Cliente en cuarentena (RF-01) o inexistente,2026-08-11
Ventas,VentaID=4906 ClienteID=7,Cliente en cuarentena (RF-01) o inexistente,2026-08-11
Ventas,VentaID=4909 ClienteID=3,Cliente en cuarentena (RF-01) o inexistente,2026-08-11
Ventas,VentaID=4910 ClienteID=4,Cliente en cuarentena (RF-01) o inexistente,2026-08-11
Ventas,VentaID=4913 ClienteID=7,Cliente en cuarentena (RF-01) o inexistente,2026-08-11
Ventas,VentaID=4916 ClienteID=3,Cliente en cuarentena (RF-01) o inexistente,2026-08-11
Ventas,VentaID=4917 ClienteID=4,Cliente en cuarentena (RF-01) o inexistente,2026-08-11
Ventas,VentaID=4920 ClienteID=7,Cliente en cuarentena (RF-01) o inexistente,2026-08-11
Ventas,VentaID=4923 ClienteID=3,Cliente en cuarentena (RF-01) o inexistente,2026-08-11
Ventas,VentaID=4924 ClienteID=4,Cliente en cuarentena (RF-01) o inexistente,2026-08-11
Ventas,VentaID=4927 ClienteID=7,Cliente en cuarentena (RF-01) o inexistente,2026-08-11
Ventas,VentaID=4930 ClienteID=3,Cliente en cuarentena (RF-01) o inexistente,2026-08-11
Ventas,VentaID=4931 ClienteID=4,Cliente en cuarentena (RF-01) o inexistente,2026-08-11
Ventas,VentaID=4934 ClienteID=7,Cliente en cuarentena (RF-01) o inexistente,2026-08-11
Ventas,VentaID=4937 ClienteID=3,Cliente en cuarentena (RF-01) o inexistente,2026-08-11
Ventas,VentaID=4938 ClienteID=4,Cliente en cuarentena (RF-01) o inexistente,2026-08-11
Ventas,VentaID=4941 ClienteID=7,Cliente en cuarentena (RF-01) o inexistente,2026-08-11
Ventas,VentaID=4944 ClienteID=3,Cliente en cuarentena (RF-01) o inexistente,2026-08-11
Ventas,VentaID=4945 ClienteID=4,Cliente en cuarentena (RF-01) o inexistente,2026-08-11
Ventas,VentaID=4948 ClienteID=7,Cliente en cuarentena (RF-01) o inexistente,2026-08-11
Ventas,VentaID=4951 ClienteID=3,Cliente en cuarentena (RF-01) o inexistente,2026-08-11
Ventas,VentaID=4952 ClienteID=4,Cliente en cuarentena (RF-01) o inexistente,2026-08-11
Ventas,VentaID=4955 ClienteID=7,Cliente en cuarentena (RF-01) o inexistente,2026-08-11
Ventas,VentaID=4958 ClienteID=3,Cliente en cuarentena (RF-01) o inexistente,2026-08-11
Ventas,VentaID=4959 ClienteID=4,Cliente en cuarentena (RF-01) o inexistente,2026-08-11
Ventas,VentaID=4962 ClienteID=7,Cliente en cuarentena (RF-01) o inexistente,2026-08-11
Ventas,VentaID=4965 ClienteID=3,Cliente en cuarentena (RF-01) o inexistente,2026-08-11
Ventas,VentaID=4966 ClienteID=4,Cliente en cuarentena (RF-01) o inexistente,2026-08-11
Ventas,VentaID=4969 ClienteID=7,Cliente en cuarentena (RF-01) o inexistente,2026-08-11
Ventas,VentaID=4972 ClienteID=3,Cliente en cuarentena (RF-01) o inexistente,2026-08-11
Ventas,VentaID=4973 ClienteID=4,Cliente en cuarentena (RF-01) o inexistente,2026-08-11
Ventas,VentaID=4976 ClienteID=7,Cliente en cuarentena (RF-01) o inexistente,2026-08-11
Ventas,VentaID=4979 ClienteID=3,Cliente en cuarentena (RF-01) o inexistente,2026-08-11
Ventas,VentaID=4980 ClienteID=4,Cliente en cuarentena (RF-01) o inexistente,2026-08-11
Ventas,VentaID=4983 ClienteID=7,Cliente en cuarentena (RF-01) o inexistente,2026-08-11
Ventas,VentaID=4986 ClienteID=3,Cliente en cuarentena (RF-01) o inexistente,2026-08-11
Ventas,VentaID=4987 ClienteID=4,Cliente en cuarentena (RF-01) o inexistente,2026-08-11
Ventas,VentaID=4990 ClienteID=7,Cliente en cuarentena (RF-01) o inexistente,2026-08-11
Ventas,VentaID=4993 ClienteID=3,Cliente en cuarentena (RF-01) o inexistente,2026-08-11
Ventas,VentaID=4994 ClienteID=4,Cliente en cuarentena (RF-01) o inexistente,2026-08-11
Ventas,VentaID=4997 ClienteID=7,Cliente en cuarentena (RF-01) o inexistente,2026-08-11
Ventas,VentaID=5000 ClienteID=3,Cliente en cuarentena (RF-01) o inexistente,2026-08-11
Ventas,VentaID=5001 ClienteID=4,Cliente en cuarentena (RF-01) o inexistente,2026-08-11
Ventas,VentaID=5004 ClienteID=7,Cliente en cuarentena (RF-01) o inexistente,2026-08-11
Ventas,VentaID=5007 ClienteID=3,Cliente en cuarentena (RF-01) o inexistente,2026-08-11
Ventas,VentaID=5008 ClienteID=4,Cliente en cuarentena (RF-01) o inexistente,2026-08-11
Ventas,VentaID=5011 ClienteID=7,Cliente en cuarentena (RF-01) o inexistente,2026-08-11
Ventas,VentaID=5014 ClienteID=3,Cliente en cuarentena (RF-01) o inexistente,2026-08-11
Ventas,VentaID=5015 ClienteID=4,Cliente en cuarentena (RF-01) o inexistente,2026-08-11
Ventas,VentaID=5018 ClienteID=7,Cliente en cuarentena (RF-01) o inexistente,2026-08-11
Ventas,VentaID=5021 ClienteID=3,Cliente en cuarentena (RF-01) o inexistente,2026-08-11
Ventas,VentaID=5022 ClienteID=4,Cliente en cuarentena (RF-01) o inexistente,2026-08-11
Ventas,VentaID=5025 ClienteID=7,Cliente en cuarentena (RF-01) o inexistente,2026-08-11
Ventas,VentaID=5028 ClienteID=3,Cliente en cuarentena (RF-01) o inexistente,2026-08-11
Ventas,VentaID=5029 ClienteID=4,Cliente en cuarentena (RF-01) o inexistente,2026-08-11
Ventas,VentaID=5032 ClienteID=7,Cliente en cuarentena (RF-01) o inexistente,2026-08-11
Ventas,VentaID=5035 ClienteID=3,Cliente en cuarentena (RF-01) o inexistente,2026-08-11
Ventas,VentaID=5036 ClienteID=4,Cliente en cuarentena (RF-01) o inexistente,2026-08-11
Ventas,VentaID=5039 ClienteID=7,Cliente en cuarentena (RF-01) o inexistente,2026-08-11
Ventas,VentaID=5042 ClienteID=3,Cliente en cuarentena (RF-01) o inexistente,2026-08-11
Ventas,VentaID=5043 ClienteID=4,Cliente en cuarentena (RF-01) o inexistente,2026-08-11
Ventas,VentaID=5046 ClienteID=7,Cliente en cuarentena (RF-01) o inexistente,2026-08-11
Ventas,VentaID=5049 ClienteID=3,Cliente en cuarentena (RF-01) o inexistente,2026-08-11
Ventas,VentaID=5050 ClienteID=4,Cliente en cuarentena (RF-01) o inexistente,2026-08-11
Ventas,VentaID=5053 ClienteID=7,Cliente en cuarentena (RF-01) o inexistente,2026-08-11
Ventas,VentaID=5056 ClienteID=3,Cliente en cuarentena (RF-01) o inexistente,2026-08-11
Ventas,VentaID=5057 ClienteID=4,Cliente en cuarentena (RF-01) o inexistente,2026-08-11
Ventas,VentaID=5060 ClienteID=7,Cliente en cuarentena (RF-01) o inexistente,2026-08-11
Ventas,VentaID=5063 ClienteID=3,Cliente en cuarentena (RF-01) o inexistente,2026-08-11
Ventas,VentaID=5064 ClienteID=4,Cliente en cuarentena (RF-01) o inexistente,2026-08-11
Ventas,VentaID=5067 ClienteID=7,Cliente en cuarentena (RF-01) o inexistente,2026-08-11
Ventas,VentaID=5070 ClienteID=3,Cliente en cuarentena (RF-01) o inexistente,2026-08-11
Ventas,VentaID=5071 ClienteID=4,Cliente en cuarentena (RF-01) o inexistente,2026-08-11
Ventas,VentaID=5074 ClienteID=7,Cliente en cuarentena (RF-01) o inexistente,2026-08-11
Ventas,VentaID=5077 ClienteID=3,Cliente en cuarentena (RF-01) o inexistente,2026-08-11
Ventas,VentaID=5078 ClienteID=4,Cliente en cuarentena (RF-01) o inexistente,2026-08-11
Ventas,VentaID=5081 ClienteID=7,Cliente en cuarentena (RF-01) o inexistente,2026-08-11
Ventas,VentaID=5084 ClienteID=3,Cliente en cuarentena (RF-01) o inexistente,2026-08-11
Ventas,VentaID=5085 ClienteID=4,Cliente en cuarentena (RF-01) o inexistente,2026-08-11
Ventas,VentaID=5088 ClienteID=7,Cliente en cuarentena (RF-01) o inexistente,2026-08-11
Ventas,VentaID=5091 ClienteID=3,Cliente en cuarentena (RF-01) o inexistente,2026-08-11
Ventas,VentaID=5092 ClienteID=4,Cliente en cuarentena (RF-01) o inexistente,2026-08-11
Ventas,VentaID=5095 ClienteID=7,Cliente en cuarentena (RF-01) o inexistente,2026-08-11
Ventas,VentaID=5098 ClienteID=3,Cliente en cuarentena (RF-01) o inexistente,2026-08-11
Ventas,VentaID=5099 ClienteID=4,Cliente en cuarentena (RF-01) o inexistente,2026-08-11
Ventas,VentaID=5102 ClienteID=7,Cliente en cuarentena (RF-01) o inexistente,2026-08-11
Ventas,VentaID=5105 ClienteID=3,Cliente en cuarentena (RF-01) o inexistente,2026-08-11
Ventas,VentaID=5106 ClienteID=4,Cliente en cuarentena (RF-01) o inexistente,2026-08-11
Ventas,VentaID=5109 ClienteID=7,Cliente en cuarentena (RF-01) o inexistente,2026-08-11
Ventas,VentaID=5112 ClienteID=3,Cliente en cuarentena (RF-01) o inexistente,2026-08-11
Ventas,VentaID=5113 ClienteID=4,Cliente en cuarentena (RF-01) o inexistente,2026-08-11
Ventas,VentaID=5116 ClienteID=7,Cliente en cuarentena (RF-01) o inexistente,2026-08-11
Ventas,VentaID=5119 ClienteID=3,Cliente en cuarentena (RF-01) o inexistente,2026-08-11
Ventas,VentaID=5120 ClienteID=4,Cliente en cuarentena (RF-01) o inexistente,2026-08-11
Ventas,VentaID=5123 ClienteID=7,Cliente en cuarentena (RF-01) o inexistente,2026-08-11
Ventas,VentaID=5126 ClienteID=3,Cliente en cuarentena (RF-01) o inexistente,2026-08-11
Ventas,VentaID=5127 ClienteID=4,Cliente en cuarentena (RF-01) o inexistente,2026-08-11
Ventas,VentaID=5130 ClienteID=7,Cliente en cuarentena (RF-01) o inexistente,2026-08-11
Ventas,VentaID=5133 ClienteID=3,Cliente en cuarentena (RF-01) o inexistente,2026-08-11
Ventas,VentaID=5134 ClienteID=4,Cliente en cuarentena (RF-01) o inexistente,2026-08-11
Ventas,VentaID=5137 ClienteID=7,Cliente en cuarentena (RF-01) o inexistente,2026-08-11
Ventas,VentaID=5140 ClienteID=3,Cliente en cuarentena (RF-01) o inexistente,2026-08-11
Ventas,VentaID=5141 ClienteID=4,Cliente en cuarentena (RF-01) o inexistente,2026-08-11
Ventas,VentaID=5144 ClienteID=7,Cliente en cuarentena (RF-01) o inexistente,2026-08-11
Ventas,VentaID=5147 ClienteID=3,Cliente en cuarentena (RF-01) o inexistente,2026-08-11
Ventas,VentaID=5148 ClienteID=4,Cliente en cuarentena (RF-01) o inexistente,2026-08-11
Ventas,VentaID=5151 ClienteID=7,Cliente en cuarentena (RF-01) o inexistente,2026-08-11
Ventas,VentaID=5154 ClienteID=3,Cliente en cuarentena (RF-01) o inexistente,2026-08-11
Ventas,VentaID=5155 ClienteID=4,Cliente en cuarentena (RF-01) o inexistente,2026-08-11
Ventas,VentaID=5158 ClienteID=7,Cliente en cuarentena (RF-01) o inexistente,2026-08-11
Ventas,VentaID=5161 ClienteID=3,Cliente en cuarentena (RF-01) o inexistente,2026-08-11
Ventas,VentaID=5162 ClienteID=4,Cliente en cuarentena (RF-01) o inexistente,2026-08-11
Ventas,VentaID=5165 ClienteID=7,Cliente en cuarentena (RF-01) o inexistente,2026-08-11
Ventas,VentaID=5168 ClienteID=3,Cliente en cuarentena (RF-01) o inexistente,2026-08-11
Ventas,VentaID=5169 ClienteID=4,Cliente en cuarentena (RF-01) o inexistente,2026-08-11
Ventas,VentaID=5172 ClienteID=7,Cliente en cuarentena (RF-01) o inexistente,2026-08-11
Ventas,VentaID=5175 ClienteID=3,Cliente en cuarentena (RF-01) o inexistente,2026-08-11
Ventas,VentaID=5176 ClienteID=4,Cliente en cuarentena (RF-01) o inexistente,2026-08-11
Ventas,VentaID=5179 ClienteID=7,Cliente en cuarentena (RF-01) o inexistente,2026-08-11
Ventas,VentaID=5182 ClienteID=3,Cliente en cuarentena (RF-01) o inexistente,2026-08-11
Ventas,VentaID=5183 ClienteID=4,Cliente en cuarentena (RF-01) o inexistente,2026-08-11
Ventas,VentaID=5186 ClienteID=7,Cliente en cuarentena (RF-01) o inexistente,2026-08-11
Ventas,VentaID=5189 ClienteID=3,Cliente en cuarentena (RF-01) o inexistente,2026-08-11
Ventas,VentaID=5190 ClienteID=4,Cliente en cuarentena (RF-01) o inexistente,2026-08-11
Ventas,VentaID=5193 ClienteID=7,Cliente en cuarentena (RF-01) o inexistente,2026-08-11
Ventas,VentaID=5196 ClienteID=3,Cliente en cuarentena (RF-01) o inexistente,2026-08-11
Ventas,VentaID=5197 ClienteID=4,Cliente en cuarentena (RF-01) o inexistente,2026-08-11
Ventas,VentaID=5200 ClienteID=7,Cliente en cuarentena (RF-01) o inexistente,2026-08-11
Ventas,VentaID=5203 ClienteID=3,Cliente en cuarentena (RF-01) o inexistente,2026-08-11
Ventas,VentaID=5204 ClienteID=4,Cliente en cuarentena (RF-01) o inexistente,2026-08-11
Ventas,VentaID=5207 ClienteID=7,Cliente en cuarentena (RF-01) o inexistente,2026-08-11
Ventas,VentaID=5210 ClienteID=3,Cliente en cuarentena (RF-01) o inexistente,2026-08-11
Ventas,VentaID=5211 ClienteID=4,Cliente en cuarentena (RF-01) o inexistente,2026-08-11
Ventas,VentaID=5214 ClienteID=7,Cliente en cuarentena (RF-01) o inexistente,2026-08-11
Ventas,VentaID=5217 ClienteID=3,Cliente en cuarentena (RF-01) o inexistente,2026-08-11
Ventas,VentaID=5218 ClienteID=4,Cliente en cuarentena (RF-01) o inexistente,2026-08-11
Ventas,VentaID=5221 ClienteID=7,Cliente en cuarentena (RF-01) o inexistente,2026-08-11
Ventas,VentaID=5224 ClienteID=3,Cliente en cuarentena (RF-01) o inexistente,2026-08-11
Ventas,VentaID=5225 ClienteID=4,Cliente en cuarentena (RF-01) o inexistente,2026-08-11
Ventas,VentaID=5228 ClienteID=7,Cliente en cuarentena (RF-01) o inexistente,2026-08-11
Ventas,VentaID=5231 ClienteID=3,Cliente en cuarentena (RF-01) o inexistente,2026-08-11
Ventas,VentaID=5232 ClienteID=4,Cliente en cuarentena (RF-01) o inexistente,2026-08-11
Ventas,VentaID=5235 ClienteID=7,Cliente en cuarentena (RF-01) o inexistente,2026-08-11
Ventas,VentaID=5238 ClienteID=3,Cliente en cuarentena (RF-01) o inexistente,2026-08-11
Ventas,VentaID=5239 ClienteID=4,Cliente en cuarentena (RF-01) o inexistente,2026-08-11
Ventas,VentaID=5242 ClienteID=7,Cliente en cuarentena (RF-01) o inexistente,2026-08-11
Ventas,VentaID=5245 ClienteID=3,Cliente en cuarentena (RF-01) o inexistente,2026-08-11
Ventas,VentaID=5246 ClienteID=4,Cliente en cuarentena (RF-01) o inexistente,2026-08-11
Ventas,VentaID=5249 ClienteID=7,Cliente en cuarentena (RF-01) o inexistente,2026-08-11
Ventas,VentaID=5252 ClienteID=3,Cliente en cuarentena (RF-01) o inexistente,2026-08-11
Ventas,VentaID=5253 ClienteID=4,Cliente en cuarentena (RF-01) o inexistente,2026-08-11
Ventas,VentaID=5256 ClienteID=7,Cliente en cuarentena (RF-01) o inexistente,2026-08-11
Ventas,VentaID=5259 ClienteID=3,Cliente en cuarentena (RF-01) o inexistente,2026-08-11
Ventas,VentaID=5260 ClienteID=4,Cliente en cuarentena (RF-01) o inexistente,2026-08-11
Ventas,VentaID=5263 ClienteID=7,Cliente en cuarentena (RF-01) o inexistente,2026-08-11
Ventas,VentaID=5266 ClienteID=3,Cliente en cuarentena (RF-01) o inexistente,2026-08-11
Ventas,VentaID=5267 ClienteID=4,Cliente en cuarentena (RF-01) o inexistente,2026-08-11
Ventas,VentaID=5270 ClienteID=7,Cliente en cuarentena (RF-01) o inexistente,2026-08-11
Ventas,VentaID=5273 ClienteID=3,Cliente en cuarentena (RF-01) o inexistente,2026-08-11
Ventas,VentaID=5274 ClienteID=4,Cliente en cuarentena (RF-01) o inexistente,2026-08-11
Ventas,VentaID=5277 ClienteID=7,Cliente en cuarentena (RF-01) o inexistente,2026-08-11
Ventas,VentaID=5280 ClienteID=3,Cliente en cuarentena (RF-01) o inexistente,2026-08-11
Ventas,VentaID=5281 ClienteID=4,Cliente en cuarentena (RF-01) o inexistente,2026-08-11
Ventas,VentaID=5284 ClienteID=7,Cliente en cuarentena (RF-01) o inexistente,2026-08-11
Ventas,VentaID=5287 ClienteID=3,Cliente en cuarentena (RF-01) o inexistente,2026-08-11
Ventas,VentaID=5288 ClienteID=4,Cliente en cuarentena (RF-01) o inexistente,2026-08-11
Ventas,VentaID=5291 ClienteID=7,Cliente en cuarentena (RF-01) o inexistente,2026-08-11
Ventas,VentaID=5294 ClienteID=3,Cliente en cuarentena (RF-01) o inexistente,2026-08-11
Ventas,VentaID=5295 ClienteID=4,Cliente en cuarentena (RF-01) o inexistente,2026-08-11
Ventas,VentaID=5298 ClienteID=7,Cliente en cuarentena (RF-01) o inexistente,2026-08-11
Ventas,VentaID=5301 ClienteID=3,Cliente en cuarentena (RF-01) o inexistente,2026-08-11
Ventas,VentaID=5302 ClienteID=4,Cliente en cuarentena (RF-01) o inexistente,2026-08-11
Ventas,VentaID=5305 ClienteID=7,Cliente en cuarentena (RF-01) o inexistente,2026-08-11
Ventas,VentaID=5308 ClienteID=3,Cliente en cuarentena (RF-01) o inexistente,2026-08-11
Ventas,VentaID=5309 ClienteID=4,Cliente en cuarentena (RF-01) o inexistente,2026-08-11
Ventas,VentaID=5312 ClienteID=7,Cliente en cuarentena (RF-01) o inexistente,2026-08-11
Ventas,VentaID=5315 ClienteID=3,Cliente en cuarentena (RF-01) o inexistente,2026-08-11
Ventas,VentaID=5316 ClienteID=4,Cliente en cuarentena (RF-01) o inexistente,2026-08-11
Ventas,VentaID=5319 ClienteID=7,Cliente en cuarentena (RF-01) o inexistente,2026-08-11
Ventas,VentaID=5322 ClienteID=3,Cliente en cuarentena (RF-01) o inexistente,2026-08-11
Ventas,VentaID=5323 ClienteID=4,Cliente en cuarentena (RF-01) o inexistente,2026-08-11
Ventas,VentaID=5326 ClienteID=7,Cliente en cuarentena (RF-01) o inexistente,2026-08-11
Ventas,VentaID=5329 ClienteID=3,Cliente en cuarentena (RF-01) o inexistente,2026-08-11
Ventas,VentaID=5330 ClienteID=4,Cliente en cuarentena (RF-01) o inexistente,2026-08-11
Ventas,VentaID=5333 ClienteID=7,Cliente en cuarentena (RF-01) o inexistente,2026-08-11
Ventas,VentaID=5336 ClienteID=3,Cliente en cuarentena (RF-01) o inexistente,2026-08-11
Ventas,VentaID=5337 ClienteID=4,Cliente en cuarentena (RF-01) o inexistente,2026-08-11
Ventas,VentaID=5340 ClienteID=7,Cliente en cuarentena (RF-01) o inexistente,2026-08-11
Ventas,VentaID=5343 ClienteID=3,Cliente en cuarentena (RF-01) o inexistente,2026-08-11
Ventas,VentaID=5344 ClienteID=4,Cliente en cuarentena (RF-01) o inexistente,2026-08-11
Ventas,VentaID=5347 ClienteID=7,Cliente en cuarentena (RF-01) o inexistente,2026-08-11
Ventas,VentaID=5350 ClienteID=3,Cliente en cuarentena (RF-01) o inexistente,2026-08-11
Ventas,VentaID=5351 ClienteID=4,Cliente en cuarentena (RF-01) o inexistente,2026-08-11
Ventas,VentaID=5354 ClienteID=7,Cliente en cuarentena (RF-01) o inexistente,2026-08-11
Ventas,VentaID=5357 ClienteID=3,Cliente en cuarentena (RF-01) o inexistente,2026-08-11
Ventas,VentaID=5358 ClienteID=4,Cliente en cuarentena (RF-01) o inexistente,2026-08-11
Ventas,VentaID=5361 ClienteID=7,Cliente en cuarentena (RF-01) o inexistente,2026-08-11
Ventas,VentaID=5364 ClienteID=3,Cliente en cuarentena (RF-01) o inexistente,2026-08-11
Ventas,VentaID=5365 ClienteID=4,Cliente en cuarentena (RF-01) o inexistente,2026-08-11
Ventas,VentaID=5368 ClienteID=7,Cliente en cuarentena (RF-01) o inexistente,2026-08-11
Ventas,VentaID=5371 ClienteID=3,Cliente en cuarentena (RF-01) o inexistente,2026-08-11
Ventas,VentaID=5372 ClienteID=4,Cliente en cuarentena (RF-01) o inexistente,2026-08-11
Ventas,VentaID=5375 ClienteID=7,Cliente en cuarentena (RF-01) o inexistente,2026-08-11
Ventas,VentaID=5378 ClienteID=3,Cliente en cuarentena (RF-01) o inexistente,2026-08-11
Ventas,VentaID=5379 ClienteID=4,Cliente en cuarentena (RF-01) o inexistente,2026-08-11
Ventas,VentaID=5382 ClienteID=7,Cliente en cuarentena (RF-01) o inexistente,2026-08-11
Ventas,VentaID=5385 ClienteID=3,Cliente en cuarentena (RF-01) o inexistente,2026-08-11
Ventas,VentaID=5386 ClienteID=4,Cliente en cuarentena (RF-01) o inexistente,2026-08-11
Ventas,VentaID=5389 ClienteID=7,Cliente en cuarentena (RF-01) o inexistente,2026-08-11
Ventas,VentaID=5392 ClienteID=3,Cliente en cuarentena (RF-01) o inexistente,2026-08-11
Ventas,VentaID=5393 ClienteID=4,Cliente en cuarentena (RF-01) o inexistente,2026-08-11
Ventas,VentaID=5396 ClienteID=7,Cliente en cuarentena (RF-01) o inexistente,2026-08-11
Ventas,VentaID=5399 ClienteID=3,Cliente en cuarentena (RF-01) o inexistente,2026-08-11
Ventas,VentaID=5400 ClienteID=4,Cliente en cuarentena (RF-01) o inexistente,2026-08-11
Ventas,VentaID=5403 ClienteID=7,Cliente en cuarentena (RF-01) o inexistente,2026-08-11
Ventas,VentaID=5406 ClienteID=3,Cliente en cuarentena (RF-01) o inexistente,2026-08-11
Ventas,VentaID=5407 ClienteID=4,Cliente en cuarentena (RF-01) o inexistente,2026-08-11
Ventas,VentaID=5410 ClienteID=7,Cliente en cuarentena (RF-01) o inexistente,2026-08-11
Ventas,VentaID=5413 ClienteID=3,Cliente en cuarentena (RF-01) o inexistente,2026-08-11
Ventas,VentaID=5414 ClienteID=4,Cliente en cuarentena (RF-01) o inexistente,2026-08-11
Ventas,VentaID=5417 ClienteID=7,Cliente en cuarentena (RF-01) o inexistente,2026-08-11
Ventas,VentaID=5420 ClienteID=3,Cliente en cuarentena (RF-01) o inexistente,2026-08-11
Ventas,VentaID=5421 ClienteID=4,Cliente en cuarentena (RF-01) o inexistente,2026-08-11
Ventas,VentaID=5424 ClienteID=7,Cliente en cuarentena (RF-01) o inexistente,2026-08-11
Ventas,VentaID=5427 ClienteID=3,Cliente en cuarentena (RF-01) o inexistente,2026-08-11
Ventas,VentaID=5428 ClienteID=4,Cliente en cuarentena (RF-01) o inexistente,2026-08-11
Ventas,VentaID=5431 ClienteID=7,Cliente en cuarentena (RF-01) o inexistente,2026-08-11
Ventas,VentaID=5434 ClienteID=3,Cliente en cuarentena (RF-01) o inexistente,2026-08-11
Ventas,VentaID=5435 ClienteID=4,Cliente en cuarentena (RF-01) o inexistente,2026-08-11
Ventas,VentaID=5438 ClienteID=7,Cliente en cuarentena (RF-01) o inexistente,2026-08-11
Ventas,VentaID=5441 ClienteID=3,Cliente en cuarentena (RF-01) o inexistente,2026-08-11
Ventas,VentaID=5442 ClienteID=4,Cliente en cuarentena (RF-01) o inexistente,2026-08-11
Ventas,VentaID=5445 ClienteID=7,Cliente en cuarentena (RF-01) o inexistente,2026-08-11
Ventas,VentaID=5448 ClienteID=3,Cliente en cuarentena (RF-01) o inexistente,2026-08-11
Ventas,VentaID=5449 ClienteID=4,Cliente en cuarentena (RF-01) o inexistente,2026-08-11
Ventas,VentaID=5452 ClienteID=7,Cliente en cuarentena (RF-01) o inexistente,2026-08-11
Ventas,VentaID=5455 ClienteID=3,Cliente en cuarentena (RF-01) o inexistente,2026-08-11
Ventas,VentaID=5456 ClienteID=4,Cliente en cuarentena (RF-01) o inexistente,2026-08-11
Ventas,VentaID=5459 ClienteID=7,Cliente en cuarentena (RF-01) o inexistente,2026-08-11
Ventas,VentaID=5462 ClienteID=3,Cliente en cuarentena (RF-01) o inexistente,2026-08-11
Ventas,VentaID=5463 ClienteID=4,Cliente en cuarentena (RF-01) o inexistente,2026-08-11
Ventas,VentaID=5466 ClienteID=7,Cliente en cuarentena (RF-01) o inexistente,2026-08-11
Ventas,VentaID=5469 ClienteID=3,Cliente en cuarentena (RF-01) o inexistente,2026-08-11
Ventas,VentaID=5470 ClienteID=4,Cliente en cuarentena (RF-01) o inexistente,2026-08-11
Ventas,VentaID=5473 ClienteID=7,Cliente en cuarentena (RF-01) o inexistente,2026-08-11
Ventas,VentaID=5476 ClienteID=3,Cliente en cuarentena (RF-01) o inexistente,2026-08-11
Ventas,VentaID=5477 ClienteID=4,Cliente en cuarentena (RF-01) o inexistente,2026-08-11
Ventas,VentaID=5480 ClienteID=7,Cliente en cuarentena (RF-01) o inexistente,2026-08-11
Ventas,VentaID=5483 ClienteID=3,Cliente en cuarentena (RF-01) o inexistente,2026-08-11
Ventas,VentaID=5484 ClienteID=4,Cliente en cuarentena (RF-01) o inexistente,2026-08-11
Ventas,VentaID=5487 ClienteID=7,Cliente en cuarentena (RF-01) o inexistente,2026-08-11
Ventas,VentaID=5490 ClienteID=3,Cliente en cuarentena (RF-01) o inexistente,2026-08-11
Ventas,VentaID=5491 ClienteID=4,Cliente en cuarentena (RF-01) o inexistente,2026-08-11
Ventas,VentaID=5494 ClienteID=7,Cliente en cuarentena (RF-01) o inexistente,2026-08-11
Ventas,VentaID=5497 ClienteID=3,Cliente en cuarentena (RF-01) o inexistente,2026-08-11
Ventas,VentaID=5498 ClienteID=4,Cliente en cuarentena (RF-01) o inexistente,2026-08-11
Ventas,VentaID=5501 ClienteID=7,Cliente en cuarentena (RF-01) o inexistente,2026-08-11
Ventas,VentaID=5504 ClienteID=3,Cliente en cuarentena (RF-01) o inexistente,2026-08-11
Ventas,VentaID=5505 ClienteID=4,Cliente en cuarentena (RF-01) o inexistente,2026-08-11
Ventas,VentaID=5508 ClienteID=7,Cliente en cuarentena (RF-01) o inexistente,2026-08-11
Ventas,VentaID=5511 ClienteID=3,Cliente en cuarentena (RF-01) o inexistente,2026-08-11
Ventas,VentaID=5512 ClienteID=4,Cliente en cuarentena (RF-01) o inexistente,2026-08-11
Ventas,VentaID=5515 ClienteID=7,Cliente en cuarentena (RF-01) o inexistente,2026-08-11
Ventas,VentaID=5518 ClienteID=3,Cliente en cuarentena (RF-01) o inexistente,2026-08-11
Ventas,VentaID=5519 ClienteID=4,Cliente en cuarentena (RF-01) o inexistente,2026-08-11
Ventas,VentaID=5522 ClienteID=7,Cliente en cuarentena (RF-01) o inexistente,2026-08-11
Ventas,VentaID=5525 ClienteID=3,Cliente en cuarentena (RF-01) o inexistente,2026-08-11
Ventas,VentaID=5526 ClienteID=4,Cliente en cuarentena (RF-01) o inexistente,2026-08-11
Ventas,VentaID=5529 ClienteID=7,Cliente en cuarentena (RF-01) o inexistente,2026-08-11
Ventas,VentaID=5532 ClienteID=3,Cliente en cuarentena (RF-01) o inexistente,2026-08-11
Ventas,VentaID=5533 ClienteID=4,Cliente en cuarentena (RF-01) o inexistente,2026-08-11
Ventas,VentaID=5536 ClienteID=7,Cliente en cuarentena (RF-01) o inexistente,2026-08-11
Ventas,VentaID=5539 ClienteID=3,Cliente en cuarentena (RF-01) o inexistente,2026-08-11
Ventas,VentaID=5540 ClienteID=4,Cliente en cuarentena (RF-01) o inexistente,2026-08-11
Ventas,VentaID=5543 ClienteID=7,Cliente en cuarentena (RF-01) o inexistente,2026-08-11
Ventas,VentaID=5546 ClienteID=3,Cliente en cuarentena (RF-01) o inexistente,2026-08-11
Ventas,VentaID=5547 ClienteID=4,Cliente en cuarentena (RF-01) o inexistente,2026-08-11
Ventas,VentaID=5550 ClienteID=7,Cliente en cuarentena (RF-01) o inexistente,2026-08-11
Ventas,VentaID=5553 ClienteID=3,Cliente en cuarentena (RF-01) o inexistente,2026-08-11
Ventas,VentaID=5554 ClienteID=4,Cliente en cuarentena (RF-01) o inexistente,2026-08-11
Ventas,VentaID=5557 ClienteID=7,Cliente en cuarentena (RF-01) o inexistente,2026-08-11
Ventas,VentaID=5560 ClienteID=3,Cliente en cuarentena (RF-01) o inexistente,2026-08-11
Ventas,VentaID=5561 ClienteID=4,Cliente en cuarentena (RF-01) o inexistente,2026-08-11
Ventas,VentaID=5564 ClienteID=7,Cliente en cuarentena (RF-01) o inexistente,2026-08-11
Ventas,VentaID=5567 ClienteID=3,Cliente en cuarentena (RF-01) o inexistente,2026-08-11
Ventas,VentaID=5568 ClienteID=4,Cliente en cuarentena (RF-01) o inexistente,2026-08-11
Ventas,VentaID=5571 ClienteID=7,Cliente en cuarentena (RF-01) o inexistente,2026-08-11
Ventas,VentaID=5574 ClienteID=3,Cliente en cuarentena (RF-01) o inexistente,2026-08-11
Ventas,VentaID=5575 ClienteID=4,Cliente en cuarentena (RF-01) o inexistente,2026-08-11
Ventas,VentaID=5578 ClienteID=7,Cliente en cuarentena (RF-01) o inexistente,2026-08-11
Ventas,VentaID=5581 ClienteID=3,Cliente en cuarentena (RF-01) o inexistente,2026-08-11
Ventas,VentaID=5582 ClienteID=4,Cliente en cuarentena (RF-01) o inexistente,2026-08-11
Ventas,VentaID=5585 ClienteID=7,Cliente en cuarentena (RF-01) o inexistente,2026-08-11
Ventas,VentaID=5588 ClienteID=3,Cliente en cuarentena (RF-01) o inexistente,2026-08-11
Ventas,VentaID=5589 ClienteID=4,Cliente en cuarentena (RF-01) o inexistente,2026-08-11
Ventas,VentaID=5592 ClienteID=7,Cliente en cuarentena (RF-01) o inexistente,2026-08-11
Ventas,VentaID=5595 ClienteID=3,Cliente en cuarentena (RF-01) o inexistente,2026-08-11
Ventas,VentaID=5596 ClienteID=4,Cliente en cuarentena (RF-01) o inexistente,2026-08-11
Ventas,VentaID=5599 ClienteID=7,Cliente en cuarentena (RF-01) o inexistente,2026-08-11
Ventas,VentaID=5602 ClienteID=3,Cliente en cuarentena (RF-01) o inexistente,2026-08-11
Ventas,VentaID=5603 ClienteID=4,Cliente en cuarentena (RF-01) o inexistente,2026-08-11
Ventas,VentaID=5606 ClienteID=7,Cliente en cuarentena (RF-01) o inexistente,2026-08-11
Ventas,VentaID=5609 ClienteID=3,Cliente en cuarentena (RF-01) o inexistente,2026-08-11
Ventas,VentaID=5610 ClienteID=4,Cliente en cuarentena (RF-01) o inexistente,2026-08-11
Ventas,VentaID=5613 ClienteID=7,Cliente en cuarentena (RF-01) o inexistente,2026-08-11
Ventas,VentaID=5616 ClienteID=3,Cliente en cuarentena (RF-01) o inexistente,2026-08-11
Ventas,VentaID=5617 ClienteID=4,Cliente en cuarentena (RF-01) o inexistente,2026-08-11
Ventas,VentaID=5620 ClienteID=7,Cliente en cuarentena (RF-01) o inexistente,2026-08-11
Ventas,VentaID=5623 ClienteID=3,Cliente en cuarentena (RF-01) o inexistente,2026-08-11
Ventas,VentaID=5624 ClienteID=4,Cliente en cuarentena (RF-01) o inexistente,2026-08-11
Ventas,VentaID=5627 ClienteID=7,Cliente en cuarentena (RF-01) o inexistente,2026-08-11
Ventas,VentaID=5630 ClienteID=3,Cliente en cuarentena (RF-01) o inexistente,2026-08-11
Ventas,VentaID=5631 ClienteID=4,Cliente en cuarentena (RF-01) o inexistente,2026-08-11
Ventas,VentaID=5634 ClienteID=7,Cliente en cuarentena (RF-01) o inexistente,2026-08-11
Ventas,VentaID=5637 ClienteID=3,Cliente en cuarentena (RF-01) o inexistente,2026-08-11
Ventas,VentaID=5638 ClienteID=4,Cliente en cuarentena (RF-01) o inexistente,2026-08-11
Ventas,VentaID=5641 ClienteID=7,Cliente en cuarentena (RF-01) o inexistente,2026-08-11
Ventas,VentaID=5644 ClienteID=3,Cliente en cuarentena (RF-01) o inexistente,2026-08-11
Ventas,VentaID=5645 ClienteID=4,Cliente en cuarentena (RF-01) o inexistente,2026-08-11
Ventas,VentaID=5648 ClienteID=7,Cliente en cuarentena (RF-01) o inexistente,2026-08-11
Ventas,VentaID=5651 ClienteID=3,Cliente en cuarentena (RF-01) o inexistente,2026-08-11
Ventas,VentaID=5652 ClienteID=4,Cliente en cuarentena (RF-01) o inexistente,2026-08-11
Ventas,VentaID=5655 ClienteID=7,Cliente en cuarentena (RF-01) o inexistente,2026-08-11
Ventas,VentaID=5658 ClienteID=3,Cliente en cuarentena (RF-01) o inexistente,2026-08-11
Ventas,VentaID=5659 ClienteID=4,Cliente en cuarentena (RF-01) o inexistente,2026-08-11
Ventas,VentaID=5662 ClienteID=7,Cliente en cuarentena (RF-01) o inexistente,2026-08-11
Ventas,VentaID=5665 ClienteID=3,Cliente en cuarentena (RF-01) o inexistente,2026-08-11
Ventas,VentaID=5666 ClienteID=4,Cliente en cuarentena (RF-01) o inexistente,2026-08-11
Ventas,VentaID=5669 ClienteID=7,Cliente en cuarentena (RF-01) o inexistente,2026-08-11
Ventas,VentaID=5672 ClienteID=3,Cliente en cuarentena (RF-01) o inexistente,2026-08-11
Ventas,VentaID=5673 ClienteID=4,Cliente en cuarentena (RF-01) o inexistente,2026-08-11
Ventas,VentaID=5676 ClienteID=7,Cliente en cuarentena (RF-01) o inexistente,2026-08-11
Ventas,VentaID=5679 ClienteID=3,Cliente en cuarentena (RF-01) o inexistente,2026-08-11
Ventas,VentaID=5680 ClienteID=4,Cliente en cuarentena (RF-01) o inexistente,2026-08-11
Ventas,VentaID=5683 ClienteID=7,Cliente en cuarentena (RF-01) o inexistente,2026-08-11
Ventas,VentaID=5686 ClienteID=3,Cliente en cuarentena (RF-01) o inexistente,2026-08-11
Ventas,VentaID=5687 ClienteID=4,Cliente en cuarentena (RF-01) o inexistente,2026-08-11
Ventas,VentaID=5690 ClienteID=7,Cliente en cuarentena (RF-01) o inexistente,2026-08-11
Ventas,VentaID=5693 ClienteID=3,Cliente en cuarentena (RF-01) o inexistente,2026-08-11
Ventas,VentaID=5694 ClienteID=4,Cliente en cuarentena (RF-01) o inexistente,2026-08-11
Ventas,VentaID=5697 ClienteID=7,Cliente en cuarentena (RF-01) o inexistente,2026-08-11
Ventas,VentaID=5700 ClienteID=3,Cliente en cuarentena (RF-01) o inexistente,2026-08-11
Ventas,VentaID=5701 ClienteID=4,Cliente en cuarentena (RF-01) o inexistente,2026-08-11
Ventas,VentaID=5704 ClienteID=7,Cliente en cuarentena (RF-01) o inexistente,2026-08-11
Ventas,VentaID=5707 ClienteID=3,Cliente en cuarentena (RF-01) o inexistente,2026-08-11
Ventas,VentaID=5708 ClienteID=4,Cliente en cuarentena (RF-01) o inexistente,2026-08-11
Ventas,VentaID=5711 ClienteID=7,Cliente en cuarentena (RF-01) o inexistente,2026-08-11
Ventas,VentaID=5714 ClienteID=3,Cliente en cuarentena (RF-01) o inexistente,2026-08-11
Ventas,VentaID=5715 ClienteID=4,Cliente en cuarentena (RF-01) o inexistente,2026-08-11
Ventas,VentaID=5718 ClienteID=7,Cliente en cuarentena (RF-01) o inexistente,2026-08-11
Ventas,VentaID=5721 ClienteID=3,Cliente en cuarentena (RF-01) o inexistente,2026-08-11
Ventas,VentaID=5722 ClienteID=4,Cliente en cuarentena (RF-01) o inexistente,2026-08-11
Ventas,VentaID=5725 ClienteID=7,Cliente en cuarentena (RF-01) o inexistente,2026-08-11
Ventas,VentaID=5728 ClienteID=3,Cliente en cuarentena (RF-01) o inexistente,2026-08-11
Ventas,VentaID=5729 ClienteID=4,Cliente en cuarentena (RF-01) o inexistente,2026-08-11
Ventas,VentaID=5732 ClienteID=7,Cliente en cuarentena (RF-01) o inexistente,2026-08-11
Ventas,VentaID=5735 ClienteID=3,Cliente en cuarentena (RF-01) o inexistente,2026-08-11
Ventas,VentaID=5736 ClienteID=4,Cliente en cuarentena (RF-01) o inexistente,2026-08-11
Ventas,VentaID=5739 ClienteID=7,Cliente en cuarentena (RF-01) o inexistente,2026-08-11
Ventas,VentaID=5742 ClienteID=3,Cliente en cuarentena (RF-01) o inexistente,2026-08-11
Ventas,VentaID=5743 ClienteID=4,Cliente en cuarentena (RF-01) o inexistente,2026-08-11
Ventas,VentaID=5746 ClienteID=7,Cliente en cuarentena (RF-01) o inexistente,2026-08-11
Ventas,VentaID=5749 ClienteID=3,Cliente en cuarentena (RF-01) o inexistente,2026-08-11
Ventas,VentaID=5750 ClienteID=4,Cliente en cuarentena (RF-01) o inexistente,2026-08-11
Ventas,VentaID=5753 ClienteID=7,Cliente en cuarentena (RF-01) o inexistente,2026-08-11
Ventas,VentaID=5756 ClienteID=3,Cliente en cuarentena (RF-01) o inexistente,2026-08-11
Ventas,VentaID=5757 ClienteID=4,Cliente en cuarentena (RF-01) o inexistente,2026-08-11
Ventas,VentaID=5760 ClienteID=7,Cliente en cuarentena (RF-01) o inexistente,2026-08-11
Ventas,VentaID=5763 ClienteID=3,Cliente en cuarentena (RF-01) o inexistente,2026-08-11
Ventas,VentaID=5764 ClienteID=4,Cliente en cuarentena (RF-01) o inexistente,2026-08-11
Ventas,VentaID=5767 ClienteID=7,Cliente en cuarentena (RF-01) o inexistente,2026-08-11
Ventas,VentaID=5770 ClienteID=3,Cliente en cuarentena (RF-01) o inexistente,2026-08-11
Ventas,VentaID=5771 ClienteID=4,Cliente en cuarentena (RF-01) o inexistente,2026-08-11
Ventas,VentaID=5774 ClienteID=7,Cliente en cuarentena (RF-01) o inexistente,2026-08-11
Ventas,VentaID=5777 ClienteID=3,Cliente en cuarentena (RF-01) o inexistente,2026-08-11
Ventas,VentaID=5778 ClienteID=4,Cliente en cuarentena (RF-01) o inexistente,2026-08-11
Ventas,VentaID=5781 ClienteID=7,Cliente en cuarentena (RF-01) o inexistente,2026-08-11
Ventas,VentaID=5784 ClienteID=3,Cliente en cuarentena (RF-01) o inexistente,2026-08-11
Ventas,VentaID=5785 ClienteID=4,Cliente en cuarentena (RF-01) o inexistente,2026-08-11
Ventas,VentaID=5788 ClienteID=7,Cliente en cuarentena (RF-01) o inexistente,2026-08-11
Ventas,VentaID=5791 ClienteID=3,Cliente en cuarentena (RF-01) o inexistente,2026-08-11
Ventas,VentaID=5792 ClienteID=4,Cliente en cuarentena (RF-01) o inexistente,2026-08-11
Ventas,VentaID=5795 ClienteID=7,Cliente en cuarentena (RF-01) o inexistente,2026-08-11
Ventas,VentaID=5798 ClienteID=3,Cliente en cuarentena (RF-01) o inexistente,2026-08-11
Ventas,VentaID=5799 ClienteID=4,Cliente en cuarentena (RF-01) o inexistente,2026-08-11
Ventas,VentaID=5802 ClienteID=7,Cliente en cuarentena (RF-01) o inexistente,2026-08-11
Ventas,VentaID=5805 ClienteID=3,Cliente en cuarentena (RF-01) o inexistente,2026-08-11
Ventas,VentaID=5806 ClienteID=4,Cliente en cuarentena (RF-01) o inexistente,2026-08-11
Ventas,VentaID=5809 ClienteID=7,Cliente en cuarentena (RF-01) o inexistente,2026-08-11
Ventas,VentaID=5812 ClienteID=3,Cliente en cuarentena (RF-01) o inexistente,2026-08-11
Ventas,VentaID=5813 ClienteID=4,Cliente en cuarentena (RF-01) o inexistente,2026-08-11
Ventas,VentaID=5816 ClienteID=7,Cliente en cuarentena (RF-01) o inexistente,2026-08-11
Ventas,VentaID=5819 ClienteID=3,Cliente en cuarentena (RF-01) o inexistente,2026-08-11
Ventas,VentaID=5820 ClienteID=4,Cliente en cuarentena (RF-01) o inexistente,2026-08-11
Ventas,VentaID=5823 ClienteID=7,Cliente en cuarentena (RF-01) o inexistente,2026-08-11
Ventas,VentaID=5826 ClienteID=3,Cliente en cuarentena (RF-01) o inexistente,2026-08-11
Ventas,VentaID=5827 ClienteID=4,Cliente en cuarentena (RF-01) o inexistente,2026-08-11
Ventas,VentaID=5830 ClienteID=7,Cliente en cuarentena (RF-01) o inexistente,2026-08-11
Ventas,VentaID=5833 ClienteID=3,Cliente en cuarentena (RF-01) o inexistente,2026-08-11
Ventas,VentaID=5834 ClienteID=4,Cliente en cuarentena (RF-01) o inexistente,2026-08-11
Ventas,VentaID=5837 ClienteID=7,Cliente en cuarentena (RF-01) o inexistente,2026-08-11
Ventas,VentaID=5840 ClienteID=3,Cliente en cuarentena (RF-01) o inexistente,2026-08-11
Ventas,VentaID=5841 ClienteID=4,Cliente en cuarentena (RF-01) o inexistente,2026-08-11
Ventas,VentaID=5844 ClienteID=7,Cliente en cuarentena (RF-01) o inexistente,2026-08-11
Ventas,VentaID=5847 ClienteID=3,Cliente en cuarentena (RF-01) o inexistente,2026-08-11
Ventas,VentaID=5848 ClienteID=4,Cliente en cuarentena (RF-01) o inexistente,2026-08-11
Ventas,VentaID=5851 ClienteID=7,Cliente en cuarentena (RF-01) o inexistente,2026-08-11
Ventas,VentaID=5854 ClienteID=3,Cliente en cuarentena (RF-01) o inexistente,2026-08-11
Ventas,VentaID=5855 ClienteID=4,Cliente en cuarentena (RF-01) o inexistente,2026-08-11
Ventas,VentaID=5858 ClienteID=7,Cliente en cuarentena (RF-01) o inexistente,2026-08-11
Ventas,VentaID=5861 ClienteID=3,Cliente en cuarentena (RF-01) o inexistente,2026-08-11
Ventas,VentaID=5862 ClienteID=4,Cliente en cuarentena (RF-01) o inexistente,2026-08-11
Ventas,VentaID=5865 ClienteID=7,Cliente en cuarentena (RF-01) o inexistente,2026-08-11
Ventas,VentaID=5868 ClienteID=3,Cliente en cuarentena (RF-01) o inexistente,2026-08-11
Ventas,VentaID=5869 ClienteID=4,Cliente en cuarentena (RF-01) o inexistente,2026-08-11
Ventas,VentaID=5872 ClienteID=7,Cliente en cuarentena (RF-01) o inexistente,2026-08-11
Ventas,VentaID=5875 ClienteID=3,Cliente en cuarentena (RF-01) o inexistente,2026-08-11
Ventas,VentaID=5876 ClienteID=4,Cliente en cuarentena (RF-01) o inexistente,2026-08-11
Ventas,VentaID=5879 ClienteID=7,Cliente en cuarentena (RF-01) o inexistente,2026-08-11
Ventas,VentaID=5882 ClienteID=3,Cliente en cuarentena (RF-01) o inexistente,2026-08-11
Ventas,VentaID=5883 ClienteID=4,Cliente en cuarentena (RF-01) o inexistente,2026-08-11
Ventas,VentaID=5886 ClienteID=7,Cliente en cuarentena (RF-01) o inexistente,2026-08-11
Ventas,VentaID=5889 ClienteID=3,Cliente en cuarentena (RF-01) o inexistente,2026-08-11
Ventas,VentaID=5890 ClienteID=4,Cliente en cuarentena (RF-01) o inexistente,2026-08-11
Ventas,VentaID=5893 ClienteID=7,Cliente en cuarentena (RF-01) o inexistente,2026-08-11
Ventas,VentaID=5896 ClienteID=3,Cliente en cuarentena (RF-01) o inexistente,2026-08-11
Ventas,VentaID=5897 ClienteID=4,Cliente en cuarentena (RF-01) o inexistente,2026-08-11
Ventas,VentaID=5900 ClienteID=7,Cliente en cuarentena (RF-01) o inexistente,2026-08-11
Ventas,VentaID=5903 ClienteID=3,Cliente en cuarentena (RF-01) o inexistente,2026-08-11
Ventas,VentaID=5904 ClienteID=4,Cliente en cuarentena (RF-01) o inexistente,2026-08-11
Ventas,VentaID=5907 ClienteID=7,Cliente en cuarentena (RF-01) o inexistente,2026-08-11
Ventas,VentaID=5910 ClienteID=3,Cliente en cuarentena (RF-01) o inexistente,2026-08-11
Ventas,VentaID=5911 ClienteID=4,Cliente en cuarentena (RF-01) o inexistente,2026-08-11
Ventas,VentaID=5914 ClienteID=7,Cliente en cuarentena (RF-01) o inexistente,2026-08-11
Ventas,VentaID=5917 ClienteID=3,Cliente en cuarentena (RF-01) o inexistente,2026-08-11
Ventas,VentaID=5918 ClienteID=4,Cliente en cuarentena (RF-01) o inexistente,2026-08-11
Ventas,VentaID=5921 ClienteID=7,Cliente en cuarentena (RF-01) o inexistente,2026-08-11
Ventas,VentaID=5924 ClienteID=3,Cliente en cuarentena (RF-01) o inexistente,2026-08-11
Ventas,VentaID=5925 ClienteID=4,Cliente en cuarentena (RF-01) o inexistente,2026-08-11
Ventas,VentaID=5928 ClienteID=7,Cliente en cuarentena (RF-01) o inexistente,2026-08-11
Ventas,VentaID=5931 ClienteID=3,Cliente en cuarentena (RF-01) o inexistente,2026-08-11
Ventas,VentaID=5932 ClienteID=4,Cliente en cuarentena (RF-01) o inexistente,2026-08-11
Ventas,VentaID=5935 ClienteID=7,Cliente en cuarentena (RF-01) o inexistente,2026-08-11
Ventas,VentaID=5938 ClienteID=3,Cliente en cuarentena (RF-01) o inexistente,2026-08-11
Ventas,VentaID=5939 ClienteID=4,Cliente en cuarentena (RF-01) o inexistente,2026-08-11
Ventas,VentaID=5942 ClienteID=7,Cliente en cuarentena (RF-01) o inexistente,2026-08-11
Ventas,VentaID=5945 ClienteID=3,Cliente en cuarentena (RF-01) o inexistente,2026-08-11
Ventas,VentaID=5946 ClienteID=4,Cliente en cuarentena (RF-01) o inexistente,2026-08-11
Ventas,VentaID=5949 ClienteID=7,Cliente en cuarentena (RF-01) o inexistente,2026-08-11
Ventas,VentaID=5952 ClienteID=3,Cliente en cuarentena (RF-01) o inexistente,2026-08-11
Ventas,VentaID=5953 ClienteID=4,Cliente en cuarentena (RF-01) o inexistente,2026-08-11
Ventas,VentaID=5956 ClienteID=7,Cliente en cuarentena (RF-01) o inexistente,2026-08-11
Ventas,VentaID=5959 ClienteID=3,Cliente en cuarentena (RF-01) o inexistente,2026-08-11
Ventas,VentaID=5960 ClienteID=4,Cliente en cuarentena (RF-01) o inexistente,2026-08-11
Ventas,VentaID=5963 ClienteID=7,Cliente en cuarentena (RF-01) o inexistente,2026-08-11
Ventas,VentaID=5966 ClienteID=3,Cliente en cuarentena (RF-01) o inexistente,2026-08-11
Ventas,VentaID=5967 ClienteID=4,Cliente en cuarentena (RF-01) o inexistente,2026-08-11
Ventas,VentaID=5970 ClienteID=7,Cliente en cuarentena (RF-01) o inexistente,2026-08-11
Ventas,VentaID=5973 ClienteID=3,Cliente en cuarentena (RF-01) o inexistente,2026-08-11
Ventas,VentaID=5974 ClienteID=4,Cliente en cuarentena (RF-01) o inexistente,2026-08-11
Ventas,VentaID=5977 ClienteID=7,Cliente en cuarentena (RF-01) o inexistente,2026-08-11
Ventas,VentaID=5980 ClienteID=3,Cliente en cuarentena (RF-01) o inexistente,2026-08-11
Ventas,VentaID=5981 ClienteID=4,Cliente en cuarentena (RF-01) o inexistente,2026-08-11
Ventas,VentaID=5984 ClienteID=7,Cliente en cuarentena (RF-01) o inexistente,2026-08-11
Ventas,VentaID=5987 ClienteID=3,Cliente en cuarentena (RF-01) o inexistente,2026-08-11
Ventas,VentaID=5988 ClienteID=4,Cliente en cuarentena (RF-01) o inexistente,2026-08-11
Ventas,VentaID=5991 ClienteID=7,Cliente en cuarentena (RF-01) o inexistente,2026-08-11
Ventas,VentaID=5994 ClienteID=3,Cliente en cuarentena (RF-01) o inexistente,2026-08-11
Ventas,VentaID=5995 ClienteID=4,Cliente en cuarentena (RF-01) o inexistente,2026-08-11
Ventas,VentaID=5998 ClienteID=7,Cliente en cuarentena (RF-01) o inexistente,2026-08-11
Ventas,VentaID=6001 ClienteID=3,Cliente en cuarentena (RF-01) o inexistente,2026-08-11
Ventas,VentaID=6002 ClienteID=4,Cliente en cuarentena (RF-01) o inexistente,2026-08-11
Ventas,VentaID=6005 ClienteID=7,Cliente en cuarentena (RF-01) o inexistente,2026-08-11
Ventas,VentaID=6008 ClienteID=3,Cliente en cuarentena (RF-01) o inexistente,2026-08-11
Ventas,VentaID=6009 ClienteID=4,Cliente en cuarentena (RF-01) o inexistente,2026-08-11
Ventas,VentaID=6012 ClienteID=7,Cliente en cuarentena (RF-01) o inexistente,2026-08-11
Ventas,VentaID=6015 ClienteID=3,Cliente en cuarentena (RF-01) o inexistente,2026-08-11
Ventas,VentaID=6016 ClienteID=4,Cliente en cuarentena (RF-01) o inexistente,2026-08-11
Ventas,VentaID=6019 ClienteID=7,Cliente en cuarentena (RF-01) o inexistente,2026-08-11
Ventas,VentaID=6022 ClienteID=3,Cliente en cuarentena (RF-01) o inexistente,2026-08-11
Ventas,VentaID=6023 ClienteID=4,Cliente en cuarentena (RF-01) o inexistente,2026-08-11
Ventas,VentaID=6026 ClienteID=7,Cliente en cuarentena (RF-01) o inexistente,2026-08-11
Ventas,VentaID=6029 ClienteID=3,Cliente en cuarentena (RF-01) o inexistente,2026-08-11
Ventas,VentaID=6030 ClienteID=4,Cliente en cuarentena (RF-01) o inexistente,2026-08-11
Ventas,VentaID=6033 ClienteID=7,Cliente en cuarentena (RF-01) o inexistente,2026-08-11
Ventas,VentaID=6036 ClienteID=3,Cliente en cuarentena (RF-01) o inexistente,2026-08-11
Ventas,VentaID=6037 ClienteID=4,Cliente en cuarentena (RF-01) o inexistente,2026-08-11
Ventas,VentaID=6040 ClienteID=7,Cliente en cuarentena (RF-01) o inexistente,2026-08-11
Ventas,VentaID=6043 ClienteID=3,Cliente en cuarentena (RF-01) o inexistente,2026-08-11
Ventas,VentaID=6044 ClienteID=4,Cliente en cuarentena (RF-01) o inexistente,2026-08-11
Ventas,VentaID=6047 ClienteID=7,Cliente en cuarentena (RF-01) o inexistente,2026-08-11
Ventas,VentaID=6050 ClienteID=3,Cliente en cuarentena (RF-01) o inexistente,2026-08-11
Ventas,VentaID=6051 ClienteID=4,Cliente en cuarentena (RF-01) o inexistente,2026-08-11
Ventas,VentaID=6054 ClienteID=7,Cliente en cuarentena (RF-01) o inexistente,2026-08-11
Ventas,VentaID=6057 ClienteID=3,Cliente en cuarentena (RF-01) o inexistente,2026-08-11
Ventas,VentaID=6058 ClienteID=4,Cliente en cuarentena (RF-01) o inexistente,2026-08-11
Ventas,VentaID=6061 ClienteID=7,Cliente en cuarentena (RF-01) o inexistente,2026-08-11
Ventas,VentaID=6064 ClienteID=3,Cliente en cuarentena (RF-01) o inexistente,2026-08-11
Ventas,VentaID=6065 ClienteID=4,Cliente en cuarentena (RF-01) o inexistente,2026-08-11
Ventas,VentaID=6068 ClienteID=7,Cliente en cuarentena (RF-01) o inexistente,2026-08-11
Ventas,VentaID=6071 ClienteID=3,Cliente en cuarentena (RF-01) o inexistente,2026-08-11
Ventas,VentaID=6072 ClienteID=4,Cliente en cuarentena (RF-01) o inexistente,2026-08-11
Ventas,VentaID=6075 ClienteID=7,Cliente en cuarentena (RF-01) o inexistente,2026-08-11
Ventas,VentaID=6078 ClienteID=3,Cliente en cuarentena (RF-01) o inexistente,2026-08-11
Ventas,VentaID=6079 ClienteID=4,Cliente en cuarentena (RF-01) o inexistente,2026-08-11
Ventas,VentaID=6082 ClienteID=7,Cliente en cuarentena (RF-01) o inexistente,2026-08-11
Ventas,VentaID=6085 ClienteID=3,Cliente en cuarentena (RF-01) o inexistente,2026-08-11
Ventas,VentaID=6086 ClienteID=4,Cliente en cuarentena (RF-01) o inexistente,2026-08-11
Ventas,VentaID=6089 ClienteID=7,Cliente en cuarentena (RF-01) o inexistente,2026-08-11
Ventas,VentaID=6092 ClienteID=3,Cliente en cuarentena (RF-01) o inexistente,2026-08-11
Ventas,VentaID=6093 ClienteID=4,Cliente en cuarentena (RF-01) o inexistente,2026-08-11
Ventas,VentaID=6096 ClienteID=7,Cliente en cuarentena (RF-01) o inexistente,2026-08-11
Ventas,VentaID=6099 ClienteID=3,Cliente en cuarentena (RF-01) o inexistente,2026-08-11
Ventas,VentaID=6100 ClienteID=4,Cliente en cuarentena (RF-01) o inexistente,2026-08-11
Ventas,VentaID=6103 ClienteID=7,Cliente en cuarentena (RF-01) o inexistente,2026-08-11
Ventas,VentaID=6106 ClienteID=3,Cliente en cuarentena (RF-01) o inexistente,2026-08-11
Ventas,VentaID=6107 ClienteID=4,Cliente en cuarentena (RF-01) o inexistente,2026-08-11
Ventas,VentaID=6110 ClienteID=7,Cliente en cuarentena (RF-01) o inexistente,2026-08-11
Ventas,VentaID=6113 ClienteID=3,Cliente en cuarentena (RF-01) o inexistente,2026-08-11
Ventas,VentaID=6114 ClienteID=4,Cliente en cuarentena (RF-01) o inexistente,2026-08-11
Ventas,VentaID=6117 ClienteID=7,Cliente en cuarentena (RF-01) o inexistente,2026-08-11
Ventas,VentaID=6120 ClienteID=3,Cliente en cuarentena (RF-01) o inexistente,2026-08-11
Ventas,VentaID=6121 ClienteID=4,Cliente en cuarentena (RF-01) o inexistente,2026-08-11
Ventas,VentaID=6124 ClienteID=7,Cliente en cuarentena (RF-01) o inexistente,2026-08-11
Ventas,VentaID=6127 ClienteID=3,Cliente en cuarentena (RF-01) o inexistente,2026-08-11
Ventas,VentaID=6128 ClienteID=4,Cliente en cuarentena (RF-01) o inexistente,2026-08-11
Ventas,VentaID=6131 ClienteID=7,Cliente en cuarentena (RF-01) o inexistente,2026-08-11
Ventas,VentaID=6134 ClienteID=3,Cliente en cuarentena (RF-01) o inexistente,2026-08-11
Ventas,VentaID=6135 ClienteID=4,Cliente en cuarentena (RF-01) o inexistente,2026-08-11
Ventas,VentaID=6138 ClienteID=7,Cliente en cuarentena (RF-01) o inexistente,2026-08-11
Ventas,VentaID=6141 ClienteID=3,Cliente en cuarentena (RF-01) o inexistente,2026-08-11
Ventas,VentaID=6142 ClienteID=4,Cliente en cuarentena (RF-01) o inexistente,2026-08-11
Ventas,VentaID=6145 ClienteID=7,Cliente en cuarentena (RF-01) o inexistente,2026-08-11
Ventas,VentaID=6148 ClienteID=3,Cliente en cuarentena (RF-01) o inexistente,2026-08-11
Ventas,VentaID=6149 ClienteID=4,Cliente en cuarentena (RF-01) o inexistente,2026-08-11
Ventas,VentaID=6152 ClienteID=7,Cliente en cuarentena (RF-01) o inexistente,2026-08-11
Ventas,VentaID=6155 ClienteID=3,Cliente en cuarentena (RF-01) o inexistente,2026-08-11
Ventas,VentaID=6156 ClienteID=4,Cliente en cuarentena (RF-01) o inexistente,2026-08-11
Ventas,VentaID=6159 ClienteID=7,Cliente en cuarentena (RF-01) o inexistente,2026-08-11
Ventas,VentaID=6162 ClienteID=3,Cliente en cuarentena (RF-01) o inexistente,2026-08-11
Ventas,VentaID=6163 ClienteID=4,Cliente en cuarentena (RF-01) o inexistente,2026-08-11
Ventas,VentaID=6166 ClienteID=7,Cliente en cuarentena (RF-01) o inexistente,2026-08-11
Ventas,VentaID=6169 ClienteID=3,Cliente en cuarentena (RF-01) o inexistente,2026-08-11
Ventas,VentaID=6170 ClienteID=4,Cliente en cuarentena (RF-01) o inexistente,2026-08-11
Ventas,VentaID=6173 ClienteID=7,Cliente en cuarentena (RF-01) o inexistente,2026-08-11
Ventas,VentaID=6176 ClienteID=3,Cliente en cuarentena (RF-01) o inexistente,2026-08-11
Ventas,VentaID=6177 ClienteID=4,Cliente en cuarentena (RF-01) o inexistente,2026-08-11
Ventas,VentaID=6180 ClienteID=7,Cliente en cuarentena (RF-01) o inexistente,2026-08-11
Ventas,VentaID=6183 ClienteID=3,Cliente en cuarentena (RF-01) o inexistente,2026-08-11
Ventas,VentaID=6184 ClienteID=4,Cliente en cuarentena (RF-01) o inexistente,2026-08-11
Ventas,VentaID=6187 ClienteID=7,Cliente en cuarentena (RF-01) o inexistente,2026-08-11
Ventas,VentaID=6190 ClienteID=3,Cliente en cuarentena (RF-01) o inexistente,2026-08-11
Ventas,VentaID=6191 ClienteID=4,Cliente en cuarentena (RF-01) o inexistente,2026-08-11
Ventas,VentaID=6194 ClienteID=7,Cliente en cuarentena (RF-01) o inexistente,2026-08-11
Ventas,VentaID=6197 ClienteID=3,Cliente en cuarentena (RF-01) o inexistente,2026-08-11
Ventas,VentaID=6198 ClienteID=4,Cliente en cuarentena (RF-01) o inexistente,2026-08-11
Ventas,VentaID=6201 ClienteID=7,Cliente en cuarentena (RF-01) o inexistente,2026-08-11
Ventas,VentaID=6204 ClienteID=3,Cliente en cuarentena (RF-01) o inexistente,2026-08-11
Ventas,VentaID=6205 ClienteID=4,Cliente en cuarentena (RF-01) o inexistente,2026-08-11
Ventas,VentaID=6208 ClienteID=7,Cliente en cuarentena (RF-01) o inexistente,2026-08-11
Ventas,VentaID=6211 ClienteID=3,Cliente en cuarentena (RF-01) o inexistente,2026-08-11
Ventas,VentaID=6212 ClienteID=4,Cliente en cuarentena (RF-01) o inexistente,2026-08-11
Ventas,VentaID=6215 ClienteID=7,Cliente en cuarentena (RF-01) o inexistente,2026-08-11
Ventas,VentaID=6218 ClienteID=3,Cliente en cuarentena (RF-01) o inexistente,2026-08-11
Ventas,VentaID=6219 ClienteID=4,Cliente en cuarentena (RF-01) o inexistente,2026-08-11
Ventas,VentaID=6222 ClienteID=7,Cliente en cuarentena (RF-01) o inexistente,2026-08-11
Ventas,VentaID=6225 ClienteID=3,Cliente en cuarentena (RF-01) o inexistente,2026-08-11
Ventas,VentaID=6226 ClienteID=4,Cliente en cuarentena (RF-01) o inexistente,2026-08-11
Ventas,VentaID=6229 ClienteID=7,Cliente en cuarentena (RF-01) o inexistente,2026-08-11
Ventas,VentaID=6232 ClienteID=3,Cliente en cuarentena (RF-01) o inexistente,2026-08-11
Ventas,VentaID=6233 ClienteID=4,Cliente en cuarentena (RF-01) o inexistente,2026-08-11
Ventas,VentaID=6236 ClienteID=7,Cliente en cuarentena (RF-01) o inexistente,2026-08-11
Ventas,VentaID=6239 ClienteID=3,Cliente en cuarentena (RF-01) o inexistente,2026-08-11
Ventas,VentaID=6240 ClienteID=4,Cliente en cuarentena (RF-01) o inexistente,2026-08-11
Ventas,VentaID=6243 ClienteID=7,Cliente en cuarentena (RF-01) o inexistente,2026-08-11
Ventas,VentaID=6246 ClienteID=3,Cliente en cuarentena (RF-01) o inexistente,2026-08-11
Ventas,VentaID=6247 ClienteID=4,Cliente en cuarentena (RF-01) o inexistente,2026-08-11
Ventas,VentaID=6250 ClienteID=7,Cliente en cuarentena (RF-01) o inexistente,2026-08-11
Ventas,VentaID=6253 ClienteID=3,Cliente en cuarentena (RF-01) o inexistente,2026-08-11
Ventas,VentaID=6254 ClienteID=4,Cliente en cuarentena (RF-01) o inexistente,2026-08-11
Ventas,VentaID=6257 ClienteID=7,Cliente en cuarentena (RF-01) o inexistente,2026-08-11
Ventas,VentaID=6260 ClienteID=3,Cliente en cuarentena (RF-01) o inexistente,2026-08-11
Ventas,VentaID=6261 ClienteID=4,Cliente en cuarentena (RF-01) o inexistente,2026-08-11
Ventas,VentaID=6264 ClienteID=7,Cliente en cuarentena (RF-01) o inexistente,2026-08-11
Ventas,VentaID=6267 ClienteID=3,Cliente en cuarentena (RF-01) o inexistente,2026-08-11
Ventas,VentaID=6268 ClienteID=4,Cliente en cuarentena (RF-01) o inexistente,2026-08-11
Ventas,VentaID=6271 ClienteID=7,Cliente en cuarentena (RF-01) o inexistente,2026-08-11
Ventas,VentaID=6274 ClienteID=3,Cliente en cuarentena (RF-01) o inexistente,2026-08-11
Ventas,VentaID=6275 ClienteID=4,Cliente en cuarentena (RF-01) o inexistente,2026-08-11
Ventas,VentaID=6278 ClienteID=7,Cliente en cuarentena (RF-01) o inexistente,2026-08-11
Ventas,VentaID=6281 ClienteID=3,Cliente en cuarentena (RF-01) o inexistente,2026-08-11
Ventas,VentaID=6282 ClienteID=4,Cliente en cuarentena (RF-01) o inexistente,2026-08-11
Ventas,VentaID=6285 ClienteID=7,Cliente en cuarentena (RF-01) o inexistente,2026-08-11
Ventas,VentaID=6288 ClienteID=3,Cliente en cuarentena (RF-01) o inexistente,2026-08-11
Ventas,VentaID=6289 ClienteID=4,Cliente en cuarentena (RF-01) o inexistente,2026-08-11
Ventas,VentaID=6292 ClienteID=7,Cliente en cuarentena (RF-01) o inexistente,2026-08-11
Ventas,VentaID=6295 ClienteID=3,Cliente en cuarentena (RF-01) o inexistente,2026-08-11
Ventas,VentaID=6296 ClienteID=4,Cliente en cuarentena (RF-01) o inexistente,2026-08-11
Ventas,VentaID=6299 ClienteID=7,Cliente en cuarentena (RF-01) o inexistente,2026-08-11
Ventas,VentaID=6302 ClienteID=3,Cliente en cuarentena (RF-01) o inexistente,2026-08-11
Ventas,VentaID=6303 ClienteID=4,Cliente en cuarentena (RF-01) o inexistente,2026-08-11
Ventas,VentaID=6306 ClienteID=7,Cliente en cuarentena (RF-01) o inexistente,2026-08-11
Ventas,VentaID=6309 ClienteID=3,Cliente en cuarentena (RF-01) o inexistente,2026-08-11
Ventas,VentaID=6310 ClienteID=4,Cliente en cuarentena (RF-01) o inexistente,2026-08-11
Ventas,VentaID=6313 ClienteID=7,Cliente en cuarentena (RF-01) o inexistente,2026-08-11
Ventas,VentaID=6316 ClienteID=3,Cliente en cuarentena (RF-01) o inexistente,2026-08-11
Ventas,VentaID=6317 ClienteID=4,Cliente en cuarentena (RF-01) o inexistente,2026-08-11
Ventas,VentaID=6320 ClienteID=7,Cliente en cuarentena (RF-01) o inexistente,2026-08-11
Ventas,VentaID=6323 ClienteID=3,Cliente en cuarentena (RF-01) o inexistente,2026-08-11
Ventas,VentaID=6324 ClienteID=4,Cliente en cuarentena (RF-01) o inexistente,2026-08-11
Ventas,VentaID=6327 ClienteID=7,Cliente en cuarentena (RF-01) o inexistente,2026-08-11
Ventas,VentaID=6330 ClienteID=3,Cliente en cuarentena (RF-01) o inexistente,2026-08-11
Ventas,VentaID=6331 ClienteID=4,Cliente en cuarentena (RF-01) o inexistente,2026-08-11
Ventas,VentaID=6334 ClienteID=7,Cliente en cuarentena (RF-01) o inexistente,2026-08-11
Ventas,VentaID=6337 ClienteID=3,Cliente en cuarentena (RF-01) o inexistente,2026-08-11
Ventas,VentaID=6338 ClienteID=4,Cliente en cuarentena (RF-01) o inexistente,2026-08-11
Ventas,VentaID=6341 ClienteID=7,Cliente en cuarentena (RF-01) o inexistente,2026-08-11
Ventas,VentaID=6344 ClienteID=3,Cliente en cuarentena (RF-01) o inexistente,2026-08-11
Ventas,VentaID=6345 ClienteID=4,Cliente en cuarentena (RF-01) o inexistente,2026-08-11
Ventas,VentaID=6348 ClienteID=7,Cliente en cuarentena (RF-01) o inexistente,2026-08-11
Ventas,VentaID=6351 ClienteID=3,Cliente en cuarentena (RF-01) o inexistente,2026-08-11
Ventas,VentaID=6352 ClienteID=4,Cliente en cuarentena (RF-01) o inexistente,2026-08-11
Ventas,VentaID=6355 ClienteID=7,Cliente en cuarentena (RF-01) o inexistente,2026-08-11
Ventas,VentaID=6358 ClienteID=3,Cliente en cuarentena (RF-01) o inexistente,2026-08-11
Ventas,VentaID=6359 ClienteID=4,Cliente en cuarentena (RF-01) o inexistente,2026-08-11
Ventas,VentaID=6362 ClienteID=7,Cliente en cuarentena (RF-01) o inexistente,2026-08-11
Ventas,VentaID=6365 ClienteID=3,Cliente en cuarentena (RF-01) o inexistente,2026-08-11
Ventas,VentaID=6366 ClienteID=4,Cliente en cuarentena (RF-01) o inexistente,2026-08-11
Ventas,VentaID=6369 ClienteID=7,Cliente en cuarentena (RF-01) o inexistente,2026-08-11
Ventas,VentaID=6372 ClienteID=3,Cliente en cuarentena (RF-01) o inexistente,2026-08-11
Ventas,VentaID=6373 ClienteID=4,Cliente en cuarentena (RF-01) o inexistente,2026-08-11
Ventas,VentaID=6376 ClienteID=7,Cliente en cuarentena (RF-01) o inexistente,2026-08-11
Ventas,VentaID=6379 ClienteID=3,Cliente en cuarentena (RF-01) o inexistente,2026-08-11
Ventas,VentaID=6380 ClienteID=4,Cliente en cuarentena (RF-01) o inexistente,2026-08-11
Ventas,VentaID=6383 ClienteID=7,Cliente en cuarentena (RF-01) o inexistente,2026-08-11
Ventas,VentaID=6386 ClienteID=3,Cliente en cuarentena (RF-01) o inexistente,2026-08-11
Ventas,VentaID=6387 ClienteID=4,Cliente en cuarentena (RF-01) o inexistente,2026-08-11
Ventas,VentaID=6390 ClienteID=7,Cliente en cuarentena (RF-01) o inexistente,2026-08-11
Ventas,VentaID=6393 ClienteID=3,Cliente en cuarentena (RF-01) o inexistente,2026-08-11
Ventas,VentaID=6394 ClienteID=4,Cliente en cuarentena (RF-01) o inexistente,2026-08-11
Ventas,VentaID=6397 ClienteID=7,Cliente en cuarentena (RF-01) o inexistente,2026-08-11
Ventas,VentaID=6400 ClienteID=3,Cliente en cuarentena (RF-01) o inexistente,2026-08-11
Ventas,VentaID=6401 ClienteID=4,Cliente en cuarentena (RF-01) o inexistente,2026-08-11
Ventas,VentaID=6404 ClienteID=7,Cliente en cuarentena (RF-01) o inexistente,2026-08-11
Ventas,VentaID=6407 ClienteID=3,Cliente en cuarentena (RF-01) o inexistente,2026-08-11
Ventas,VentaID=6408 ClienteID=4,Cliente en cuarentena (RF-01) o inexistente,2026-08-11
Ventas,VentaID=6411 ClienteID=7,Cliente en cuarentena (RF-01) o inexistente,2026-08-11
Ventas,VentaID=6414 ClienteID=3,Cliente en cuarentena (RF-01) o inexistente,2026-08-11
Ventas,VentaID=6415 ClienteID=4,Cliente en cuarentena (RF-01) o inexistente,2026-08-11
Ventas,VentaID=6418 ClienteID=7,Cliente en cuarentena (RF-01) o inexistente,2026-08-11
Ventas,VentaID=6421 ClienteID=3,Cliente en cuarentena (RF-01) o inexistente,2026-08-11
Ventas,VentaID=6422 ClienteID=4,Cliente en cuarentena (RF-01) o inexistente,2026-08-11
Ventas,VentaID=6425 ClienteID=7,Cliente en cuarentena (RF-01) o inexistente,2026-08-11
Ventas,VentaID=6428 ClienteID=3,Cliente en cuarentena (RF-01) o inexistente,2026-08-11
Ventas,VentaID=6429 ClienteID=4,Cliente en cuarentena (RF-01) o inexistente,2026-08-11
Ventas,VentaID=6432 ClienteID=7,Cliente en cuarentena (RF-01) o inexistente,2026-08-11
Ventas,VentaID=6435 ClienteID=3,Cliente en cuarentena (RF-01) o inexistente,2026-08-11
Ventas,VentaID=6436 ClienteID=4,Cliente en cuarentena (RF-01) o inexistente,2026-08-11
Ventas,VentaID=6439 ClienteID=7,Cliente en cuarentena (RF-01) o inexistente,2026-08-11
Ventas,VentaID=6442 ClienteID=3,Cliente en cuarentena (RF-01) o inexistente,2026-08-11
Ventas,VentaID=6443 ClienteID=4,Cliente en cuarentena (RF-01) o inexistente,2026-08-11
Ventas,VentaID=6446 ClienteID=7,Cliente en cuarentena (RF-01) o inexistente,2026-08-11
Ventas,VentaID=6449 ClienteID=3,Cliente en cuarentena (RF-01) o inexistente,2026-08-11
Ventas,VentaID=6450 ClienteID=4,Cliente en cuarentena (RF-01) o inexistente,2026-08-11
Ventas,VentaID=6453 ClienteID=7,Cliente en cuarentena (RF-01) o inexistente,2026-08-11
Ventas,VentaID=6456 ClienteID=3,Cliente en cuarentena (RF-01) o inexistente,2026-08-11
Ventas,VentaID=6457 ClienteID=4,Cliente en cuarentena (RF-01) o inexistente,2026-08-11
Ventas,VentaID=6460 ClienteID=7,Cliente en cuarentena (RF-01) o inexistente,2026-08-11
Ventas,VentaID=6463 ClienteID=3,Cliente en cuarentena (RF-01) o inexistente,2026-08-11
Ventas,VentaID=6464 ClienteID=4,Cliente en cuarentena (RF-01) o inexistente,2026-08-11
Ventas,VentaID=6467 ClienteID=7,Cliente en cuarentena (RF-01) o inexistente,2026-08-11
Ventas,VentaID=6470 ClienteID=3,Cliente en cuarentena (RF-01) o inexistente,2026-08-11
Ventas,VentaID=6471 ClienteID=4,Cliente en cuarentena (RF-01) o inexistente,2026-08-11
Ventas,VentaID=6474 ClienteID=7,Cliente en cuarentena (RF-01) o inexistente,2026-08-11
Ventas,VentaID=6477 ClienteID=3,Cliente en cuarentena (RF-01) o inexistente,2026-08-11
Ventas,VentaID=6478 ClienteID=4,Cliente en cuarentena (RF-01) o inexistente,2026-08-11
Ventas,VentaID=6481 ClienteID=7,Cliente en cuarentena (RF-01) o inexistente,2026-08-11
Ventas,VentaID=6484 ClienteID=3,Cliente en cuarentena (RF-01) o inexistente,2026-08-11
Ventas,VentaID=6485 ClienteID=4,Cliente en cuarentena (RF-01) o inexistente,2026-08-11
Ventas,VentaID=6488 ClienteID=7,Cliente en cuarentena (RF-01) o inexistente,2026-08-11
Ventas,VentaID=6491 ClienteID=3,Cliente en cuarentena (RF-01) o inexistente,2026-08-11
Ventas,VentaID=6492 ClienteID=4,Cliente en cuarentena (RF-01) o inexistente,2026-08-11
Ventas,VentaID=6495 ClienteID=7,Cliente en cuarentena (RF-01) o inexistente,2026-08-11
Ventas,VentaID=6498 ClienteID=3,Cliente en cuarentena (RF-01) o inexistente,2026-08-11
Ventas,VentaID=6499 ClienteID=4,Cliente en cuarentena (RF-01) o inexistente,2026-08-11
Ventas,VentaID=6502 ClienteID=7,Cliente en cuarentena (RF-01) o inexistente,2026-08-11
Ventas,VentaID=6505 ClienteID=3,Cliente en cuarentena (RF-01) o inexistente,2026-08-11
Ventas,VentaID=6506 ClienteID=4,Cliente en cuarentena (RF-01) o inexistente,2026-08-11
Ventas,VentaID=6509 ClienteID=7,Cliente en cuarentena (RF-01) o inexistente,2026-08-11
Ventas,VentaID=6512 ClienteID=3,Cliente en cuarentena (RF-01) o inexistente,2026-08-11
Ventas,VentaID=6513 ClienteID=4,Cliente en cuarentena (RF-01) o inexistente,2026-08-11
Ventas,VentaID=6516 ClienteID=7,Cliente en cuarentena (RF-01) o inexistente,2026-08-11
Ventas,VentaID=6519 ClienteID=3,Cliente en cuarentena (RF-01) o inexistente,2026-08-11
Ventas,VentaID=6520 ClienteID=4,Cliente en cuarentena (RF-01) o inexistente,2026-08-11
Ventas,VentaID=6523 ClienteID=7,Cliente en cuarentena (RF-01) o inexistente,2026-08-11
Ventas,VentaID=6526 ClienteID=3,Cliente en cuarentena (RF-01) o inexistente,2026-08-11
Ventas,VentaID=6527 ClienteID=4,Cliente en cuarentena (RF-01) o inexistente,2026-08-11
Ventas,VentaID=6530 ClienteID=7,Cliente en cuarentena (RF-01) o inexistente,2026-08-11
Ventas,VentaID=6533 ClienteID=3,Cliente en cuarentena (RF-01) o inexistente,2026-08-11
Ventas,VentaID=6534 ClienteID=4,Cliente en cuarentena (RF-01) o inexistente,2026-08-11
Ventas,VentaID=6537 ClienteID=7,Cliente en cuarentena (RF-01) o inexistente,2026-08-11
Ventas,VentaID=6540 ClienteID=3,Cliente en cuarentena (RF-01) o inexistente,2026-08-11
Ventas,VentaID=6541 ClienteID=4,Cliente en cuarentena (RF-01) o inexistente,2026-08-11
Ventas,VentaID=6544 ClienteID=7,Cliente en cuarentena (RF-01) o inexistente,2026-08-11
Ventas,VentaID=6547 ClienteID=3,Cliente en cuarentena (RF-01) o inexistente,2026-08-11
Ventas,VentaID=6548 ClienteID=4,Cliente en cuarentena (RF-01) o inexistente,2026-08-11
Ventas,VentaID=6551 ClienteID=7,Cliente en cuarentena (RF-01) o inexistente,2026-08-11
Ventas,VentaID=6554 ClienteID=3,Cliente en cuarentena (RF-01) o inexistente,2026-08-11
Ventas,VentaID=6555 ClienteID=4,Cliente en cuarentena (RF-01) o inexistente,2026-08-11
Ventas,VentaID=6558 ClienteID=7,Cliente en cuarentena (RF-01) o inexistente,2026-08-11
Ventas,VentaID=6561 ClienteID=3,Cliente en cuarentena (RF-01) o inexistente,2026-08-11
Ventas,VentaID=6562 ClienteID=4,Cliente en cuarentena (RF-01) o inexistente,2026-08-11
Ventas,VentaID=6565 ClienteID=7,Cliente en cuarentena (RF-01) o inexistente,2026-08-11
Ventas,VentaID=6568 ClienteID=3,Cliente en cuarentena (RF-01) o inexistente,2026-08-11
Ventas,VentaID=6569 ClienteID=4,Cliente en cuarentena (RF-01) o inexistente,2026-08-11
Ventas,VentaID=6572 ClienteID=7,Cliente en cuarentena (RF-01) o inexistente,2026-08-11
Ventas,VentaID=6575 ClienteID=3,Cliente en cuarentena (RF-01) o inexistente,2026-08-11
Ventas,VentaID=6576 ClienteID=4,Cliente en cuarentena (RF-01) o inexistente,2026-08-11
Ventas,VentaID=6579 ClienteID=7,Cliente en cuarentena (RF-01) o inexistente,2026-08-11
Ventas,VentaID=6582 ClienteID=3,Cliente en cuarentena (RF-01) o inexistente,2026-08-11
Ventas,VentaID=6583 ClienteID=4,Cliente en cuarentena (RF-01) o inexistente,2026-08-11
Ventas,VentaID=6586 ClienteID=7,Cliente en cuarentena (RF-01) o inexistente,2026-08-11
Ventas,VentaID=6589 ClienteID=3,Cliente en cuarentena (RF-01) o inexistente,2026-08-11
Ventas,VentaID=6590 ClienteID=4,Cliente en cuarentena (RF-01) o inexistente,2026-08-11
Ventas,VentaID=6593 ClienteID=7,Cliente en cuarentena (RF-01) o inexistente,2026-08-11
Ventas,VentaID=6596 ClienteID=3,Cliente en cuarentena (RF-01) o inexistente,2026-08-11
Ventas,VentaID=6597 ClienteID=4,Cliente en cuarentena (RF-01) o inexistente,2026-08-11
Ventas,VentaID=6600 ClienteID=7,Cliente en cuarentena (RF-01) o inexistente,2026-08-11
Ventas,VentaID=6603 ClienteID=3,Cliente en cuarentena (RF-01) o inexistente,2026-08-11
Ventas,VentaID=6604 ClienteID=4,Cliente en cuarentena (RF-01) o inexistente,2026-08-11
Ventas,VentaID=6607 ClienteID=7,Cliente en cuarentena (RF-01) o inexistente,2026-08-11
Ventas,VentaID=6610 ClienteID=3,Cliente en cuarentena (RF-01) o inexistente,2026-08-11
Ventas,VentaID=6611 ClienteID=4,Cliente en cuarentena (RF-01) o inexistente,2026-08-11
Ventas,VentaID=6614 ClienteID=7,Cliente en cuarentena (RF-01) o inexistente,2026-08-11
Ventas,VentaID=6617 ClienteID=3,Cliente en cuarentena (RF-01) o inexistente,2026-08-11
Ventas,VentaID=6618 ClienteID=4,Cliente en cuarentena (RF-01) o inexistente,2026-08-11
Ventas,VentaID=6621 ClienteID=7,Cliente en cuarentena (RF-01) o inexistente,2026-08-11
Ventas,VentaID=6624 ClienteID=3,Cliente en cuarentena (RF-01) o inexistente,2026-08-11
Ventas,VentaID=6625 ClienteID=4,Cliente en cuarentena (RF-01) o inexistente,2026-08-11
Ventas,VentaID=6628 ClienteID=7,Cliente en cuarentena (RF-01) o inexistente,2026-08-11
Ventas,VentaID=6631 ClienteID=3,Cliente en cuarentena (RF-01) o inexistente,2026-08-11
Ventas,VentaID=6632 ClienteID=4,Cliente en cuarentena (RF-01) o inexistente,2026-08-11
Ventas,VentaID=6635 ClienteID=7,Cliente en cuarentena (RF-01) o inexistente,2026-08-11
Ventas,VentaID=6638 ClienteID=3,Cliente en cuarentena (RF-01) o inexistente,2026-08-11
Ventas,VentaID=6639 ClienteID=4,Cliente en cuarentena (RF-01) o inexistente,2026-08-11
Ventas,VentaID=6642 ClienteID=7,Cliente en cuarentena (RF-01) o inexistente,2026-08-11
Ventas,VentaID=6645 ClienteID=3,Cliente en cuarentena (RF-01) o inexistente,2026-08-11
Ventas,VentaID=6646 ClienteID=4,Cliente en cuarentena (RF-01) o inexistente,2026-08-11
Ventas,VentaID=6649 ClienteID=7,Cliente en cuarentena (RF-01) o inexistente,2026-08-11
Ventas,VentaID=6652 ClienteID=3,Cliente en cuarentena (RF-01) o inexistente,2026-08-11
Ventas,VentaID=6653 ClienteID=4,Cliente en cuarentena (RF-01) o inexistente,2026-08-11
Ventas,VentaID=6656 ClienteID=7,Cliente en cuarentena (RF-01) o inexistente,2026-08-11
Ventas,VentaID=6659 ClienteID=3,Cliente en cuarentena (RF-01) o inexistente,2026-08-11
Ventas,VentaID=6660 ClienteID=4,Cliente en cuarentena (RF-01) o inexistente,2026-08-11
Ventas,VentaID=6663 ClienteID=7,Cliente en cuarentena (RF-01) o inexistente,2026-08-11
Ventas,VentaID=6666 ClienteID=3,Cliente en cuarentena (RF-01) o inexistente,2026-08-11
Ventas,VentaID=6667 ClienteID=4,Cliente en cuarentena (RF-01) o inexistente,2026-08-11
Ventas,VentaID=6670 ClienteID=7,Cliente en cuarentena (RF-01) o inexistente,2026-08-11
Ventas,VentaID=6673 ClienteID=3,Cliente en cuarentena (RF-01) o inexistente,2026-08-11
Ventas,VentaID=6674 ClienteID=4,Cliente en cuarentena (RF-01) o inexistente,2026-08-11
Ventas,VentaID=6677 ClienteID=7,Cliente en cuarentena (RF-01) o inexistente,2026-08-11
Ventas,VentaID=6680 ClienteID=3,Cliente en cuarentena (RF-01) o inexistente,2026-08-11
Ventas,VentaID=6681 ClienteID=4,Cliente en cuarentena (RF-01) o inexistente,2026-08-11
Ventas,VentaID=6684 ClienteID=7,Cliente en cuarentena (RF-01) o inexistente,2026-08-11
Ventas,VentaID=6687 ClienteID=3,Cliente en cuarentena (RF-01) o inexistente,2026-08-11
Ventas,VentaID=6688 ClienteID=4,Cliente en cuarentena (RF-01) o inexistente,2026-08-11
Ventas,VentaID=6691 ClienteID=7,Cliente en cuarentena (RF-01) o inexistente,2026-08-11
Ventas,VentaID=6694 ClienteID=3,Cliente en cuarentena (RF-01) o inexistente,2026-08-11
Ventas,VentaID=6695 ClienteID=4,Cliente en cuarentena (RF-01) o inexistente,2026-08-11
Ventas,VentaID=6698 ClienteID=7,Cliente en cuarentena (RF-01) o inexistente,2026-08-11
Ventas,VentaID=6701 ClienteID=3,Cliente en cuarentena (RF-01) o inexistente,2026-08-11
Ventas,VentaID=6702 ClienteID=4,Cliente en cuarentena (RF-01) o inexistente,2026-08-11
Ventas,VentaID=6705 ClienteID=7,Cliente en cuarentena (RF-01) o inexistente,2026-08-11
Ventas,VentaID=6708 ClienteID=3,Cliente en cuarentena (RF-01) o inexistente,2026-08-11
Ventas,VentaID=6709 ClienteID=4,Cliente en cuarentena (RF-01) o inexistente,2026-08-11
Ventas,VentaID=6712 ClienteID=7,Cliente en cuarentena (RF-01) o inexistente,2026-08-11
Ventas,VentaID=6715 ClienteID=3,Cliente en cuarentena (RF-01) o inexistente,2026-08-11
Ventas,VentaID=6716 ClienteID=4,Cliente en cuarentena (RF-01) o inexistente,2026-08-11
Ventas,VentaID=6719 ClienteID=7,Cliente en cuarentena (RF-01) o inexistente,2026-08-11
Ventas,VentaID=6722 ClienteID=3,Cliente en cuarentena (RF-01) o inexistente,2026-08-11
Ventas,VentaID=6723 ClienteID=4,Cliente en cuarentena (RF-01) o inexistente,2026-08-11
Ventas,VentaID=6726 ClienteID=7,Cliente en cuarentena (RF-01) o inexistente,2026-08-11
Ventas,VentaID=6729 ClienteID=3,Cliente en cuarentena (RF-01) o inexistente,2026-08-11
Ventas,VentaID=6730 ClienteID=4,Cliente en cuarentena (RF-01) o inexistente,2026-08-11
Ventas,VentaID=6733 ClienteID=7,Cliente en cuarentena (RF-01) o inexistente,2026-08-11
Ventas,VentaID=6736 ClienteID=3,Cliente en cuarentena (RF-01) o inexistente,2026-08-11
Ventas,VentaID=6737 ClienteID=4,Cliente en cuarentena (RF-01) o inexistente,2026-08-11
Ventas,VentaID=6740 ClienteID=7,Cliente en cuarentena (RF-01) o inexistente,2026-08-11
Ventas,VentaID=6743 ClienteID=3,Cliente en cuarentena (RF-01) o inexistente,2026-08-11
Ventas,VentaID=6744 ClienteID=4,Cliente en cuarentena (RF-01) o inexistente,2026-08-11
Ventas,VentaID=6747 ClienteID=7,Cliente en cuarentena (RF-01) o inexistente,2026-08-11
Ventas,VentaID=6750 ClienteID=3,Cliente en cuarentena (RF-01) o inexistente,2026-08-11
Ventas,VentaID=6751 ClienteID=4,Cliente en cuarentena (RF-01) o inexistente,2026-08-11
Ventas,VentaID=6754 ClienteID=7,Cliente en cuarentena (RF-01) o inexistente,2026-08-11
Ventas,VentaID=6757 ClienteID=3,Cliente en cuarentena (RF-01) o inexistente,2026-08-11
Ventas,VentaID=6758 ClienteID=4,Cliente en cuarentena (RF-01) o inexistente,2026-08-11
Ventas,VentaID=6761 ClienteID=7,Cliente en cuarentena (RF-01) o inexistente,2026-08-11
Ventas,VentaID=6764 ClienteID=3,Cliente en cuarentena (RF-01) o inexistente,2026-08-11
Ventas,VentaID=6765 ClienteID=4,Cliente en cuarentena (RF-01) o inexistente,2026-08-11
Ventas,VentaID=6768 ClienteID=7,Cliente en cuarentena (RF-01) o inexistente,2026-08-11
Ventas,VentaID=6771 ClienteID=3,Cliente en cuarentena (RF-01) o inexistente,2026-08-11
Ventas,VentaID=6772 ClienteID=4,Cliente en cuarentena (RF-01) o inexistente,2026-08-11
Ventas,VentaID=6775 ClienteID=7,Cliente en cuarentena (RF-01) o inexistente,2026-08-11
Ventas,VentaID=6778 ClienteID=3,Cliente en cuarentena (RF-01) o inexistente,2026-08-11
Ventas,VentaID=6779 ClienteID=4,Cliente en cuarentena (RF-01) o inexistente,2026-08-11
Ventas,VentaID=6782 ClienteID=7,Cliente en cuarentena (RF-01) o inexistente,2026-08-11
Ventas,VentaID=6785 ClienteID=3,Cliente en cuarentena (RF-01) o inexistente,2026-08-11
Ventas,VentaID=6786 ClienteID=4,Cliente en cuarentena (RF-01) o inexistente,2026-08-11
Ventas,VentaID=6789 ClienteID=7,Cliente en cuarentena (RF-01) o inexistente,2026-08-11
Ventas,VentaID=6792 ClienteID=3,Cliente en cuarentena (RF-01) o inexistente,2026-08-11
Ventas,VentaID=6793 ClienteID=4,Cliente en cuarentena (RF-01) o inexistente,2026-08-11
Ventas,VentaID=6796 ClienteID=7,Cliente en cuarentena (RF-01) o inexistente,2026-08-11
Ventas,VentaID=6799 ClienteID=3,Cliente en cuarentena (RF-01) o inexistente,2026-08-11
Ventas,VentaID=6800 ClienteID=4,Cliente en cuarentena (RF-01) o inexistente,2026-08-11
Ventas,VentaID=6803 ClienteID=7,Cliente en cuarentena (RF-01) o inexistente,2026-08-11
Ventas,VentaID=6806 ClienteID=3,Cliente en cuarentena (RF-01) o inexistente,2026-08-11
Ventas,VentaID=6807 ClienteID=4,Cliente en cuarentena (RF-01) o inexistente,2026-08-11
Ventas,VentaID=6810 ClienteID=7,Cliente en cuarentena (RF-01) o inexistente,2026-08-11
Ventas,VentaID=6813 ClienteID=3,Cliente en cuarentena (RF-01) o inexistente,2026-08-11
Ventas,VentaID=6814 ClienteID=4,Cliente en cuarentena (RF-01) o inexistente,2026-08-11
Ventas,VentaID=6817 ClienteID=7,Cliente en cuarentena (RF-01) o inexistente,2026-08-11
Ventas,VentaID=6820 ClienteID=3,Cliente en cuarentena (RF-01) o inexistente,2026-08-11
Ventas,VentaID=6821 ClienteID=4,Cliente en cuarentena (RF-01) o inexistente,2026-08-11
Ventas,VentaID=6824 ClienteID=7,Cliente en cuarentena (RF-01) o inexistente,2026-08-11
Ventas,VentaID=6827 ClienteID=3,Cliente en cuarentena (RF-01) o inexistente,2026-08-11
Ventas,VentaID=6828 ClienteID=4,Cliente en cuarentena (RF-01) o inexistente,2026-08-11
Ventas,VentaID=6831 ClienteID=7,Cliente en cuarentena (RF-01) o inexistente,2026-08-11
Ventas,VentaID=6834 ClienteID=3,Cliente en cuarentena (RF-01) o inexistente,2026-08-11
Ventas,VentaID=6835 ClienteID=4,Cliente en cuarentena (RF-01) o inexistente,2026-08-11
Ventas,VentaID=6838 ClienteID=7,Cliente en cuarentena (RF-01) o inexistente,2026-08-11
Ventas,VentaID=6841 ClienteID=3,Cliente en cuarentena (RF-01) o inexistente,2026-08-11
Ventas,VentaID=6842 ClienteID=4,Cliente en cuarentena (RF-01) o inexistente,2026-08-11
Ventas,VentaID=6845 ClienteID=7,Cliente en cuarentena (RF-01) o inexistente,2026-08-11
Ventas,VentaID=6848 ClienteID=3,Cliente en cuarentena (RF-01) o inexistente,2026-08-11
Ventas,VentaID=6849 ClienteID=4,Cliente en cuarentena (RF-01) o inexistente,2026-08-11
Ventas,VentaID=6852 ClienteID=7,Cliente en cuarentena (RF-01) o inexistente,2026-08-11
Ventas,VentaID=6855 ClienteID=3,Cliente en cuarentena (RF-01) o inexistente,2026-08-11
Ventas,VentaID=6856 ClienteID=4,Cliente en cuarentena (RF-01) o inexistente,2026-08-11
Ventas,VentaID=6859 ClienteID=7,Cliente en cuarentena (RF-01) o inexistente,2026-08-11
Ventas,VentaID=6862 ClienteID=3,Cliente en cuarentena (RF-01) o inexistente,2026-08-11
Ventas,VentaID=6863 ClienteID=4,Cliente en cuarentena (RF-01) o inexistente,2026-08-11
Ventas,VentaID=6866 ClienteID=7,Cliente en cuarentena (RF-01) o inexistente,2026-08-11
Ventas,VentaID=6869 ClienteID=3,Cliente en cuarentena (RF-01) o inexistente,2026-08-11
Ventas,VentaID=6870 ClienteID=4,Cliente en cuarentena (RF-01) o inexistente,2026-08-11
Ventas,VentaID=6873 ClienteID=7,Cliente en cuarentena (RF-01) o inexistente,2026-08-11
Ventas,VentaID=6876 ClienteID=3,Cliente en cuarentena (RF-01) o inexistente,2026-08-11
Ventas,VentaID=6877 ClienteID=4,Cliente en cuarentena (RF-01) o inexistente,2026-08-11
Ventas,VentaID=6880 ClienteID=7,Cliente en cuarentena (RF-01) o inexistente,2026-08-11
Ventas,VentaID=6883 ClienteID=3,Cliente en cuarentena (RF-01) o inexistente,2026-08-11
Ventas,VentaID=6884 ClienteID=4,Cliente en cuarentena (RF-01) o inexistente,2026-08-11
Ventas,VentaID=6887 ClienteID=7,Cliente en cuarentena (RF-01) o inexistente,2026-08-11
Ventas,VentaID=6890 ClienteID=3,Cliente en cuarentena (RF-01) o inexistente,2026-08-11
Ventas,VentaID=6891 ClienteID=4,Cliente en cuarentena (RF-01) o inexistente,2026-08-11
Ventas,VentaID=6894 ClienteID=7,Cliente en cuarentena (RF-01) o inexistente,2026-08-11
Ventas,VentaID=6897 ClienteID=3,Cliente en cuarentena (RF-01) o inexistente,2026-08-11
Ventas,VentaID=6898 ClienteID=4,Cliente en cuarentena (RF-01) o inexistente,2026-08-11
Ventas,VentaID=6901 ClienteID=7,Cliente en cuarentena (RF-01) o inexistente,2026-08-11
Ventas,VentaID=6904 ClienteID=3,Cliente en cuarentena (RF-01) o inexistente,2026-08-11
Ventas,VentaID=6905 ClienteID=4,Cliente en cuarentena (RF-01) o inexistente,2026-08-11
Ventas,VentaID=6908 ClienteID=7,Cliente en cuarentena (RF-01) o inexistente,2026-08-11
Ventas,VentaID=6911 ClienteID=3,Cliente en cuarentena (RF-01) o inexistente,2026-08-11
Ventas,VentaID=6912 ClienteID=4,Cliente en cuarentena (RF-01) o inexistente,2026-08-11
Ventas,VentaID=6915 ClienteID=7,Cliente en cuarentena (RF-01) o inexistente,2026-08-11
Ventas,VentaID=6918 ClienteID=3,Cliente en cuarentena (RF-01) o inexistente,2026-08-11
Ventas,VentaID=6919 ClienteID=4,Cliente en cuarentena (RF-01) o inexistente,2026-08-11
Ventas,VentaID=6922 ClienteID=7,Cliente en cuarentena (RF-01) o inexistente,2026-08-11
Ventas,VentaID=6925 ClienteID=3,Cliente en cuarentena (RF-01) o inexistente,2026-08-11
Ventas,VentaID=6926 ClienteID=4,Cliente en cuarentena (RF-01) o inexistente,2026-08-11
Ventas,VentaID=6929 ClienteID=7,Cliente en cuarentena (RF-01) o inexistente,2026-08-11
Ventas,VentaID=6932 ClienteID=3,Cliente en cuarentena (RF-01) o inexistente,2026-08-11
Ventas,VentaID=6933 ClienteID=4,Cliente en cuarentena (RF-01) o inexistente,2026-08-11
Ventas,VentaID=6936 ClienteID=7,Cliente en cuarentena (RF-01) o inexistente,2026-08-11
Ventas,VentaID=6939 ClienteID=3,Cliente en cuarentena (RF-01) o inexistente,2026-08-11
Ventas,VentaID=6940 ClienteID=4,Cliente en cuarentena (RF-01) o inexistente,2026-08-11
Ventas,VentaID=6943 ClienteID=7,Cliente en cuarentena (RF-01) o inexistente,2026-08-11
Ventas,VentaID=6946 ClienteID=3,Cliente en cuarentena (RF-01) o inexistente,2026-08-11
Ventas,VentaID=6947 ClienteID=4,Cliente en cuarentena (RF-01) o inexistente,2026-08-11
Ventas,VentaID=6950 ClienteID=7,Cliente en cuarentena (RF-01) o inexistente,2026-08-11
Ventas,VentaID=6953 ClienteID=3,Cliente en cuarentena (RF-01) o inexistente,2026-08-11
Ventas,VentaID=6954 ClienteID=4,Cliente en cuarentena (RF-01) o inexistente,2026-08-11
Ventas,VentaID=6957 ClienteID=7,Cliente en cuarentena (RF-01) o inexistente,2026-08-11
Ventas,VentaID=6960 ClienteID=3,Cliente en cuarentena (RF-01) o inexistente,2026-08-11
Ventas,VentaID=6961 ClienteID=4,Cliente en cuarentena (RF-01) o inexistente,2026-08-11
Ventas,VentaID=6964 ClienteID=7,Cliente en cuarentena (RF-01) o inexistente,2026-08-11
Ventas,VentaID=6967 ClienteID=3,Cliente en cuarentena (RF-01) o inexistente,2026-08-11
Ventas,VentaID=6968 ClienteID=4,Cliente en cuarentena (RF-01) o inexistente,2026-08-11
Ventas,VentaID=6971 ClienteID=7,Cliente en cuarentena (RF-01) o inexistente,2026-08-11
Ventas,VentaID=6974 ClienteID=3,Cliente en cuarentena (RF-01) o inexistente,2026-08-11
Ventas,VentaID=6975 ClienteID=4,Cliente en cuarentena (RF-01) o inexistente,2026-08-11
Ventas,VentaID=6978 ClienteID=7,Cliente en cuarentena (RF-01) o inexistente,2026-08-11
Ventas,VentaID=6981 ClienteID=3,Cliente en cuarentena (RF-01) o inexistente,2026-08-11
Ventas,VentaID=6982 ClienteID=4,Cliente en cuarentena (RF-01) o inexistente,2026-08-11
Ventas,VentaID=6985 ClienteID=7,Cliente en cuarentena (RF-01) o inexistente,2026-08-11
Ventas,VentaID=6988 ClienteID=3,Cliente en cuarentena (RF-01) o inexistente,2026-08-11
Ventas,VentaID=6989 ClienteID=4,Cliente en cuarentena (RF-01) o inexistente,2026-08-11
Ventas,VentaID=6992 ClienteID=7,Cliente en cuarentena (RF-01) o inexistente,2026-08-11
Ventas,VentaID=6995 ClienteID=3,Cliente en cuarentena (RF-01) o inexistente,2026-08-11
Ventas,VentaID=6996 ClienteID=4,Cliente en cuarentena (RF-01) o inexistente,2026-08-11
Ventas,VentaID=6999 ClienteID=7,Cliente en cuarentena (RF-01) o inexistente,2026-08-11
Ventas,VentaID=7002 ClienteID=3,Cliente en cuarentena (RF-01) o inexistente,2026-08-11
Ventas,VentaID=7003 ClienteID=4,Cliente en cuarentena (RF-01) o inexistente,2026-08-11
Ventas,VentaID=7006 ClienteID=7,Cliente en cuarentena (RF-01) o inexistente,2026-08-11
Ventas,VentaID=7009 ClienteID=3,Cliente en cuarentena (RF-01) o inexistente,2026-08-11
Ventas,VentaID=7010 ClienteID=4,Cliente en cuarentena (RF-01) o inexistente,2026-08-11
Ventas,VentaID=7013 ClienteID=7,Cliente en cuarentena (RF-01) o inexistente,2026-08-11
Ventas,VentaID=7016 ClienteID=3,Cliente en cuarentena (RF-01) o inexistente,2026-08-11
Ventas,VentaID=7017 ClienteID=4,Cliente en cuarentena (RF-01) o inexistente,2026-08-11
Ventas,VentaID=7020 ClienteID=7,Cliente en cuarentena (RF-01) o inexistente,2026-08-11
Ventas,VentaID=7023 ClienteID=3,Cliente en cuarentena (RF-01) o inexistente,2026-08-11
Ventas,VentaID=7024 ClienteID=4,Cliente en cuarentena (RF-01) o inexistente,2026-08-11
Ventas,VentaID=7027 ClienteID=7,Cliente en cuarentena (RF-01) o inexistente,2026-08-11
Ventas,VentaID=7030 ClienteID=3,Cliente en cuarentena (RF-01) o inexistente,2026-08-11
Ventas,VentaID=7031 ClienteID=4,Cliente en cuarentena (RF-01) o inexistente,2026-08-11
Ventas,VentaID=7034 ClienteID=7,Cliente en cuarentena (RF-01) o inexistente,2026-08-11
Ventas,VentaID=7037 ClienteID=3,Cliente en cuarentena (RF-01) o inexistente,2026-08-11
Ventas,VentaID=7038 ClienteID=4,Cliente en cuarentena (RF-01) o inexistente,2026-08-11
Ventas,VentaID=7041 ClienteID=7,Cliente en cuarentena (RF-01) o inexistente,2026-08-11
Ventas,VentaID=7044 ClienteID=3,Cliente en cuarentena (RF-01) o inexistente,2026-08-11
Ventas,VentaID=7045 ClienteID=4,Cliente en cuarentena (RF-01) o inexistente,2026-08-11
Ventas,VentaID=7048 ClienteID=7,Cliente en cuarentena (RF-01) o inexistente,2026-08-11
Ventas,VentaID=7051 ClienteID=3,Cliente en cuarentena (RF-01) o inexistente,2026-08-11
Ventas,VentaID=7052 ClienteID=4,Cliente en cuarentena (RF-01) o inexistente,2026-08-11
Ventas,VentaID=7055 ClienteID=7,Cliente en cuarentena (RF-01) o inexistente,2026-08-11
Ventas,VentaID=7058 ClienteID=3,Cliente en cuarentena (RF-01) o inexistente,2026-08-11
Ventas,VentaID=7059 ClienteID=4,Cliente en cuarentena (RF-01) o inexistente,2026-08-11
Ventas,VentaID=7062 ClienteID=7,Cliente en cuarentena (RF-01) o inexistente,2026-08-11
Ventas,VentaID=7065 ClienteID=3,Cliente en cuarentena (RF-01) o inexistente,2026-08-11
Ventas,VentaID=7066 ClienteID=4,Cliente en cuarentena (RF-01) o inexistente,2026-08-11
Ventas,VentaID=7069 ClienteID=7,Cliente en cuarentena (RF-01) o inexistente,2026-08-11
Ventas,VentaID=7072 ClienteID=3,Cliente en cuarentena (RF-01) o inexistente,2026-08-11
Ventas,VentaID=7073 ClienteID=4,Cliente en cuarentena (RF-01) o inexistente,2026-08-11
Ventas,VentaID=7076 ClienteID=7,Cliente en cuarentena (RF-01) o inexistente,2026-08-11
Ventas,VentaID=7079 ClienteID=3,Cliente en cuarentena (RF-01) o inexistente,2026-08-11
Ventas,VentaID=7080 ClienteID=4,Cliente en cuarentena (RF-01) o inexistente,2026-08-11
Ventas,VentaID=7083 ClienteID=7,Cliente en cuarentena (RF-01) o inexistente,2026-08-11
Ventas,VentaID=7086 ClienteID=3,Cliente en cuarentena (RF-01) o inexistente,2026-08-11
Ventas,VentaID=7087 ClienteID=4,Cliente en cuarentena (RF-01) o inexistente,2026-08-11
Ventas,VentaID=7090 ClienteID=7,Cliente en cuarentena (RF-01) o inexistente,2026-08-11
Ventas,VentaID=7093 ClienteID=3,Cliente en cuarentena (RF-01) o inexistente,2026-08-11
Ventas,VentaID=7094 ClienteID=4,Cliente en cuarentena (RF-01) o inexistente,2026-08-11
Ventas,VentaID=7097 ClienteID=7,Cliente en cuarentena (RF-01) o inexistente,2026-08-11
Ventas,VentaID=7100 ClienteID=3,Cliente en cuarentena (RF-01) o inexistente,2026-08-11
Ventas,VentaID=7101 ClienteID=4,Cliente en cuarentena (RF-01) o inexistente,2026-08-11
Ventas,VentaID=7104 ClienteID=7,Cliente en cuarentena (RF-01) o inexistente,2026-08-11
Ventas,VentaID=7107 ClienteID=3,Cliente en cuarentena (RF-01) o inexistente,2026-08-11
Ventas,VentaID=7108 ClienteID=4,Cliente en cuarentena (RF-01) o inexistente,2026-08-11
Ventas,VentaID=7111 ClienteID=7,Cliente en cuarentena (RF-01) o inexistente,2026-08-11
Ventas,VentaID=7114 ClienteID=3,Cliente en cuarentena (RF-01) o inexistente,2026-08-11
Ventas,VentaID=7115 ClienteID=4,Cliente en cuarentena (RF-01) o inexistente,2026-08-11
Ventas,VentaID=7118 ClienteID=7,Cliente en cuarentena (RF-01) o inexistente,2026-08-11
Ventas,VentaID=7121 ClienteID=3,Cliente en cuarentena (RF-01) o inexistente,2026-08-11
Ventas,VentaID=7122 ClienteID=4,Cliente en cuarentena (RF-01) o inexistente,2026-08-11
Ventas,VentaID=7125 ClienteID=7,Cliente en cuarentena (RF-01) o inexistente,2026-08-11
Ventas,VentaID=7128 ClienteID=3,Cliente en cuarentena (RF-01) o inexistente,2026-08-11
Ventas,VentaID=7129 ClienteID=4,Cliente en cuarentena (RF-01) o inexistente,2026-08-11
Ventas,VentaID=7132 ClienteID=7,Cliente en cuarentena (RF-01) o inexistente,2026-08-11
Ventas,VentaID=7135 ClienteID=3,Cliente en cuarentena (RF-01) o inexistente,2026-08-11
Ventas,VentaID=7136 ClienteID=4,Cliente en cuarentena (RF-01) o inexistente,2026-08-11
Ventas,VentaID=7139 ClienteID=7,Cliente en cuarentena (RF-01) o inexistente,2026-08-11
Ventas,VentaID=7142 ClienteID=3,Cliente en cuarentena (RF-01) o inexistente,2026-08-11
Ventas,VentaID=7143 ClienteID=4,Cliente en cuarentena (RF-01) o inexistente,2026-08-11
Ventas,VentaID=7146 ClienteID=7,Cliente en cuarentena (RF-01) o inexistente,2026-08-11
Ventas,VentaID=7149 ClienteID=3,Cliente en cuarentena (RF-01) o inexistente,2026-08-11
Ventas,VentaID=7150 ClienteID=4,Cliente en cuarentena (RF-01) o inexistente,2026-08-11
Ventas,VentaID=7153 ClienteID=7,Cliente en cuarentena (RF-01) o inexistente,2026-08-11
Ventas,VentaID=7156 ClienteID=3,Cliente en cuarentena (RF-01) o inexistente,2026-08-11
Ventas,VentaID=7157 ClienteID=4,Cliente en cuarentena (RF-01) o inexistente,2026-08-11
Ventas,VentaID=7160 ClienteID=7,Cliente en cuarentena (RF-01) o inexistente,2026-08-11
Ventas,VentaID=7163 ClienteID=3,Cliente en cuarentena (RF-01) o inexistente,2026-08-11
Ventas,VentaID=7164 ClienteID=4,Cliente en cuarentena (RF-01) o inexistente,2026-08-11
Ventas,VentaID=7167 ClienteID=7,Cliente en cuarentena (RF-01) o inexistente,2026-08-11
Ventas,VentaID=7170 ClienteID=3,Cliente en cuarentena (RF-01) o inexistente,2026-08-11
Ventas,VentaID=7171 ClienteID=4,Cliente en cuarentena (RF-01) o inexistente,2026-08-11
Ventas,VentaID=7174 ClienteID=7,Cliente en cuarentena (RF-01) o inexistente,2026-08-11
Ventas,VentaID=7177 ClienteID=3,Cliente en cuarentena (RF-01) o inexistente,2026-08-11
Ventas,VentaID=7178 ClienteID=4,Cliente en cuarentena (RF-01) o inexistente,2026-08-11
Ventas,VentaID=7181 ClienteID=7,Cliente en cuarentena (RF-01) o inexistente,2026-08-11
Ventas,VentaID=7184 ClienteID=3,Cliente en cuarentena (RF-01) o inexistente,2026-08-11
Ventas,VentaID=7185 ClienteID=4,Cliente en cuarentena (RF-01) o inexistente,2026-08-11
Ventas,VentaID=7188 ClienteID=7,Cliente en cuarentena (RF-01) o inexistente,2026-08-11
Ventas,VentaID=7191 ClienteID=3,Cliente en cuarentena (RF-01) o inexistente,2026-08-11
Ventas,VentaID=7192 ClienteID=4,Cliente en cuarentena (RF-01) o inexistente,2026-08-11
Ventas,VentaID=7195 ClienteID=7,Cliente en cuarentena (RF-01) o inexistente,2026-08-11
Ventas,VentaID=7198 ClienteID=3,Cliente en cuarentena (RF-01) o inexistente,2026-08-11
Ventas,VentaID=7199 ClienteID=4,Cliente en cuarentena (RF-01) o inexistente,2026-08-11
Ventas,VentaID=7202 ClienteID=7,Cliente en cuarentena (RF-01) o inexistente,2026-08-11
Ventas,VentaID=7205 ClienteID=3,Cliente en cuarentena (RF-01) o inexistente,2026-08-11
Ventas,VentaID=7206 ClienteID=4,Cliente en cuarentena (RF-01) o inexistente,2026-08-11
Ventas,VentaID=7209 ClienteID=7,Cliente en cuarentena (RF-01) o inexistente,2026-08-11
Ventas,VentaID=7212 ClienteID=3,Cliente en cuarentena (RF-01) o inexistente,2026-08-11
Ventas,VentaID=7213 ClienteID=4,Cliente en cuarentena (RF-01) o inexistente,2026-08-11
Ventas,VentaID=7216 ClienteID=7,Cliente en cuarentena (RF-01) o inexistente,2026-08-11
Ventas,VentaID=7219 ClienteID=3,Cliente en cuarentena (RF-01) o inexistente,2026-08-11
Ventas,VentaID=7220 ClienteID=4,Cliente en cuarentena (RF-01) o inexistente,2026-08-11
Ventas,VentaID=7223 ClienteID=7,Cliente en cuarentena (RF-01) o inexistente,2026-08-11
Ventas,VentaID=7226 ClienteID=3,Cliente en cuarentena (RF-01) o inexistente,2026-08-11
Ventas,VentaID=7227 ClienteID=4,Cliente en cuarentena (RF-01) o inexistente,2026-08-11
Ventas,VentaID=7230 ClienteID=7,Cliente en cuarentena (RF-01) o inexistente,2026-08-11
Ventas,VentaID=7233 ClienteID=3,Cliente en cuarentena (RF-01) o inexistente,2026-08-11
Ventas,VentaID=7234 ClienteID=4,Cliente en cuarentena (RF-01) o inexistente,2026-08-11
Ventas,VentaID=7237 ClienteID=7,Cliente en cuarentena (RF-01) o inexistente,2026-08-11
Ventas,VentaID=7240 ClienteID=3,Cliente en cuarentena (RF-01) o inexistente,2026-08-11
Ventas,VentaID=7241 ClienteID=4,Cliente en cuarentena (RF-01) o inexistente,2026-08-11
Ventas,VentaID=7244 ClienteID=7,Cliente en cuarentena (RF-01) o inexistente,2026-08-11
Ventas,VentaID=7247 ClienteID=3,Cliente en cuarentena (RF-01) o inexistente,2026-08-11
Ventas,VentaID=7248 ClienteID=4,Cliente en cuarentena (RF-01) o inexistente,2026-08-11
Ventas,VentaID=7251 ClienteID=7,Cliente en cuarentena (RF-01) o inexistente,2026-08-11
Ventas,VentaID=7254 ClienteID=3,Cliente en cuarentena (RF-01) o inexistente,2026-08-11
Ventas,VentaID=7255 ClienteID=4,Cliente en cuarentena (RF-01) o inexistente,2026-08-11
Ventas,VentaID=7258 ClienteID=7,Cliente en cuarentena (RF-01) o inexistente,2026-08-11
Ventas,VentaID=7261 ClienteID=3,Cliente en cuarentena (RF-01) o inexistente,2026-08-11
Ventas,VentaID=7262 ClienteID=4,Cliente en cuarentena (RF-01) o inexistente,2026-08-11
Ventas,VentaID=7265 ClienteID=7,Cliente en cuarentena (RF-01) o inexistente,2026-08-11
Ventas,VentaID=7268 ClienteID=3,Cliente en cuarentena (RF-01) o inexistente,2026-08-11
Ventas,VentaID=7269 ClienteID=4,Cliente en cuarentena (RF-01) o inexistente,2026-08-11
Ventas,VentaID=7272 ClienteID=7,Cliente en cuarentena (RF-01) o inexistente,2026-08-11
Ventas,VentaID=7275 ClienteID=3,Cliente en cuarentena (RF-01) o inexistente,2026-08-11
Ventas,VentaID=7276 ClienteID=4,Cliente en cuarentena (RF-01) o inexistente,2026-08-11
Ventas,VentaID=7279 ClienteID=7,Cliente en cuarentena (RF-01) o inexistente,2026-08-11
Ventas,VentaID=7282 ClienteID=3,Cliente en cuarentena (RF-01) o inexistente,2026-08-11
Ventas,VentaID=7283 ClienteID=4,Cliente en cuarentena (RF-01) o inexistente,2026-08-11
Ventas,VentaID=7286 ClienteID=7,Cliente en cuarentena (RF-01) o inexistente,2026-08-11
Ventas,VentaID=7289 ClienteID=3,Cliente en cuarentena (RF-01) o inexistente,2026-08-11
Ventas,VentaID=7290 ClienteID=4,Cliente en cuarentena (RF-01) o inexistente,2026-08-11
Ventas,VentaID=7293 ClienteID=7,Cliente en cuarentena (RF-01) o inexistente,2026-08-11
Ventas,VentaID=7296 ClienteID=3,Cliente en cuarentena (RF-01) o inexistente,2026-08-11
Ventas,VentaID=7297 ClienteID=4,Cliente en cuarentena (RF-01) o inexistente,2026-08-11
Ventas,VentaID=7300 ClienteID=7,Cliente en cuarentena (RF-01) o inexistente,2026-08-11
Ventas,VentaID=7303 ClienteID=3,Cliente en cuarentena (RF-01) o inexistente,2026-08-11
Ventas,VentaID=7304 ClienteID=4,Cliente en cuarentena (RF-01) o inexistente,2026-08-11
Ventas,VentaID=7307 ClienteID=7,Cliente en cuarentena (RF-01) o inexistente,2026-08-11
Ventas,VentaID=7310 ClienteID=3,Cliente en cuarentena (RF-01) o inexistente,2026-08-11
Ventas,VentaID=7311 ClienteID=4,Cliente en cuarentena (RF-01) o inexistente,2026-08-11
Ventas,VentaID=7314 ClienteID=7,Cliente en cuarentena (RF-01) o inexistente,2026-08-11
Ventas,VentaID=7317 ClienteID=3,Cliente en cuarentena (RF-01) o inexistente,2026-08-11
Ventas,VentaID=7318 ClienteID=4,Cliente en cuarentena (RF-01) o inexistente,2026-08-11
Ventas,VentaID=7321 ClienteID=7,Cliente en cuarentena (RF-01) o inexistente,2026-08-11
Ventas,VentaID=7324 ClienteID=3,Cliente en cuarentena (RF-01) o inexistente,2026-08-11
Ventas,VentaID=7325 ClienteID=4,Cliente en cuarentena (RF-01) o inexistente,2026-08-11
Ventas,VentaID=7328 ClienteID=7,Cliente en cuarentena (RF-01) o inexistente,2026-08-11
Ventas,VentaID=7331 ClienteID=3,Cliente en cuarentena (RF-01) o inexistente,2026-08-11
Ventas,VentaID=7332 ClienteID=4,Cliente en cuarentena (RF-01) o inexistente,2026-08-11
Ventas,VentaID=7335 ClienteID=7,Cliente en cuarentena (RF-01) o inexistente,2026-08-11
Ventas,VentaID=7338 ClienteID=3,Cliente en cuarentena (RF-01) o inexistente,2026-08-11
Ventas,VentaID=7339 ClienteID=4,Cliente en cuarentena (RF-01) o inexistente,2026-08-11
Ventas,VentaID=7342 ClienteID=7,Cliente en cuarentena (RF-01) o inexistente,2026-08-11
Ventas,VentaID=7345 ClienteID=3,Cliente en cuarentena (RF-01) o inexistente,2026-08-11
Ventas,VentaID=7346 ClienteID=4,Cliente en cuarentena (RF-01) o inexistente,2026-08-11
Ventas,VentaID=7349 ClienteID=7,Cliente en cuarentena (RF-01) o inexistente,2026-08-11
Ventas,VentaID=7352 ClienteID=3,Cliente en cuarentena (RF-01) o inexistente,2026-08-11
Ventas,VentaID=7353 ClienteID=4,Cliente en cuarentena (RF-01) o inexistente,2026-08-11
Ventas,VentaID=7356 ClienteID=7,Cliente en cuarentena (RF-01) o inexistente,2026-08-11
Ventas,VentaID=7359 ClienteID=3,Cliente en cuarentena (RF-01) o inexistente,2026-08-11
Ventas,VentaID=7360 ClienteID=4,Cliente en cuarentena (RF-01) o inexistente,2026-08-11
Ventas,VentaID=7363 ClienteID=7,Cliente en cuarentena (RF-01) o inexistente,2026-08-11
Ventas,VentaID=7366 ClienteID=3,Cliente en cuarentena (RF-01) o inexistente,2026-08-11
Ventas,VentaID=7367 ClienteID=4,Cliente en cuarentena (RF-01) o inexistente,2026-08-11
Ventas,VentaID=7370 ClienteID=7,Cliente en cuarentena (RF-01) o inexistente,2026-08-11
Ventas,VentaID=7373 ClienteID=3,Cliente en cuarentena (RF-01) o inexistente,2026-08-11
Ventas,VentaID=7374 ClienteID=4,Cliente en cuarentena (RF-01) o inexistente,2026-08-11
Ventas,VentaID=7377 ClienteID=7,Cliente en cuarentena (RF-01) o inexistente,2026-08-11
Ventas,VentaID=7380 ClienteID=3,Cliente en cuarentena (RF-01) o inexistente,2026-08-11
Ventas,VentaID=7381 ClienteID=4,Cliente en cuarentena (RF-01) o inexistente,2026-08-11
Ventas,VentaID=7384 ClienteID=7,Cliente en cuarentena (RF-01) o inexistente,2026-08-11
Ventas,VentaID=7387 ClienteID=3,Cliente en cuarentena (RF-01) o inexistente,2026-08-11
Ventas,VentaID=7388 ClienteID=4,Cliente en cuarentena (RF-01) o inexistente,2026-08-11
Ventas,VentaID=7391 ClienteID=7,Cliente en cuarentena (RF-01) o inexistente,2026-08-11
Ventas,VentaID=7394 ClienteID=3,Cliente en cuarentena (RF-01) o inexistente,2026-08-11
Ventas,VentaID=7395 ClienteID=4,Cliente en cuarentena (RF-01) o inexistente,2026-08-11
Ventas,VentaID=7398 ClienteID=7,Cliente en cuarentena (RF-01) o inexistente,2026-08-11
Ventas,VentaID=7401 ClienteID=3,Cliente en cuarentena (RF-01) o inexistente,2026-08-11
Ventas,VentaID=7402 ClienteID=4,Cliente en cuarentena (RF-01) o inexistente,2026-08-11
Ventas,VentaID=7405 ClienteID=7,Cliente en cuarentena (RF-01) o inexistente,2026-08-11
Ventas,VentaID=7408 ClienteID=3,Cliente en cuarentena (RF-01) o inexistente,2026-08-11
Ventas,VentaID=7409 ClienteID=4,Cliente en cuarentena (RF-01) o inexistente,2026-08-11
Ventas,VentaID=7412 ClienteID=7,Cliente en cuarentena (RF-01) o inexistente,2026-08-11
Ventas,VentaID=7415 ClienteID=3,Cliente en cuarentena (RF-01) o inexistente,2026-08-11
Ventas,VentaID=7416 ClienteID=4,Cliente en cuarentena (RF-01) o inexistente,2026-08-11
Ventas,VentaID=7419 ClienteID=7,Cliente en cuarentena (RF-01) o inexistente,2026-08-11
Ventas,VentaID=7422 ClienteID=3,Cliente en cuarentena (RF-01) o inexistente,2026-08-11
Ventas,VentaID=7423 ClienteID=4,Cliente en cuarentena (RF-01) o inexistente,2026-08-11
Ventas,VentaID=7426 ClienteID=7,Cliente en cuarentena (RF-01) o inexistente,2026-08-11
Ventas,VentaID=7429 ClienteID=3,Cliente en cuarentena (RF-01) o inexistente,2026-08-11
Ventas,VentaID=7430 ClienteID=4,Cliente en cuarentena (RF-01) o inexistente,2026-08-11
Ventas,VentaID=7433 ClienteID=7,Cliente en cuarentena (RF-01) o inexistente,2026-08-11
Ventas,VentaID=7436 ClienteID=3,Cliente en cuarentena (RF-01) o inexistente,2026-08-11
Ventas,VentaID=7437 ClienteID=4,Cliente en cuarentena (RF-01) o inexistente,2026-08-11
Ventas,VentaID=7440 ClienteID=7,Cliente en cuarentena (RF-01) o inexistente,2026-08-11
Ventas,VentaID=7443 ClienteID=3,Cliente en cuarentena (RF-01) o inexistente,2026-08-11
Ventas,VentaID=7444 ClienteID=4,Cliente en cuarentena (RF-01) o inexistente,2026-08-11
Ventas,VentaID=7447 ClienteID=7,Cliente en cuarentena (RF-01) o inexistente,2026-08-11
Ventas,VentaID=7450 ClienteID=3,Cliente en cuarentena (RF-01) o inexistente,2026-08-11
Ventas,VentaID=7451 ClienteID=4,Cliente en cuarentena (RF-01) o inexistente,2026-08-11
Ventas,VentaID=7454 ClienteID=7,Cliente en cuarentena (RF-01) o inexistente,2026-08-11
Ventas,VentaID=7457 ClienteID=3,Cliente en cuarentena (RF-01) o inexistente,2026-08-11
Ventas,VentaID=7458 ClienteID=4,Cliente en cuarentena (RF-01) o inexistente,2026-08-11
Ventas,VentaID=7461 ClienteID=7,Cliente en cuarentena (RF-01) o inexistente,2026-08-11
Ventas,VentaID=7464 ClienteID=3,Cliente en cuarentena (RF-01) o inexistente,2026-08-11
Ventas,VentaID=7465 ClienteID=4,Cliente en cuarentena (RF-01) o inexistente,2026-08-11
Ventas,VentaID=7468 ClienteID=7,Cliente en cuarentena (RF-01) o inexistente,2026-08-11
Ventas,VentaID=7471 ClienteID=3,Cliente en cuarentena (RF-01) o inexistente,2026-08-11
Ventas,VentaID=7472 ClienteID=4,Cliente en cuarentena (RF-01) o inexistente,2026-08-11
Ventas,VentaID=7475 ClienteID=7,Cliente en cuarentena (RF-01) o inexistente,2026-08-11
Ventas,VentaID=7478 ClienteID=3,Cliente en cuarentena (RF-01) o inexistente,2026-08-11
Ventas,VentaID=7479 ClienteID=4,Cliente en cuarentena (RF-01) o inexistente,2026-08-11
Ventas,VentaID=7482 ClienteID=7,Cliente en cuarentena (RF-01) o inexistente,2026-08-11
Ventas,VentaID=7485 ClienteID=3,Cliente en cuarentena (RF-01) o inexistente,2026-08-11
Ventas,VentaID=7486 ClienteID=4,Cliente en cuarentena (RF-01) o inexistente,2026-08-11
Ventas,VentaID=7489 ClienteID=7,Cliente en cuarentena (RF-01) o inexistente,2026-08-11
Ventas,VentaID=7492 ClienteID=3,Cliente en cuarentena (RF-01) o inexistente,2026-08-11
Ventas,VentaID=7493 ClienteID=4,Cliente en cuarentena (RF-01) o inexistente,2026-08-11
Ventas,VentaID=7496 ClienteID=7,Cliente en cuarentena (RF-01) o inexistente,2026-08-11
Ventas,VentaID=7499 ClienteID=3,Cliente en cuarentena (RF-01) o inexistente,2026-08-11
Ventas,VentaID=7500 ClienteID=4,Cliente en cuarentena (RF-01) o inexistente,2026-08-11
Ventas,VentaID=7503 ClienteID=7,Cliente en cuarentena (RF-01) o inexistente,2026-08-11
Ventas,VentaID=7506 ClienteID=3,Cliente en cuarentena (RF-01) o inexistente,2026-08-11
Ventas,VentaID=7507 ClienteID=4,Cliente en cuarentena (RF-01) o inexistente,2026-08-11
Ventas,VentaID=7510 ClienteID=7,Cliente en cuarentena (RF-01) o inexistente,2026-08-11
Ventas,VentaID=7513 ClienteID=3,Cliente en cuarentena (RF-01) o inexistente,2026-08-11
Ventas,VentaID=7514 ClienteID=4,Cliente en cuarentena (RF-01) o inexistente,2026-08-11
Ventas,VentaID=7517 ClienteID=7,Cliente en cuarentena (RF-01) o inexistente,2026-08-11
Ventas,VentaID=7520 ClienteID=3,Cliente en cuarentena (RF-01) o inexistente,2026-08-11
Ventas,VentaID=7521 ClienteID=4,Cliente en cuarentena (RF-01) o inexistente,2026-08-11
Ventas,VentaID=7524 ClienteID=7,Cliente en cuarentena (RF-01) o inexistente,2026-08-11
Ventas,VentaID=7527 ClienteID=3,Cliente en cuarentena (RF-01) o inexistente,2026-08-11
Ventas,VentaID=7528 ClienteID=4,Cliente en cuarentena (RF-01) o inexistente,2026-08-11
Ventas,VentaID=7531 ClienteID=7,Cliente en cuarentena (RF-01) o inexistente,2026-08-11
Ventas,VentaID=7534 ClienteID=3,Cliente en cuarentena (RF-01) o inexistente,2026-08-11
Ventas,VentaID=7535 ClienteID=4,Cliente en cuarentena (RF-01) o inexistente,2026-08-11
Ventas,VentaID=7538 ClienteID=7,Cliente en cuarentena (RF-01) o inexistente,2026-08-11
Ventas,VentaID=7541 ClienteID=3,Cliente en cuarentena (RF-01) o inexistente,2026-08-11
Ventas,VentaID=7542 ClienteID=4,Cliente en cuarentena (RF-01) o inexistente,2026-08-11
Ventas,VentaID=7545 ClienteID=7,Cliente en cuarentena (RF-01) o inexistente,2026-08-11
Ventas,VentaID=7548 ClienteID=3,Cliente en cuarentena (RF-01) o inexistente,2026-08-11
Ventas,VentaID=7549 ClienteID=4,Cliente en cuarentena (RF-01) o inexistente,2026-08-11
Ventas,VentaID=7552 ClienteID=7,Cliente en cuarentena (RF-01) o inexistente,2026-08-11
Ventas,VentaID=7555 ClienteID=3,Cliente en cuarentena (RF-01) o inexistente,2026-08-11
Ventas,VentaID=7556 ClienteID=4,Cliente en cuarentena (RF-01) o inexistente,2026-08-11
Ventas,VentaID=7559 ClienteID=7,Cliente en cuarentena (RF-01) o inexistente,2026-08-11
Ventas,VentaID=7562 ClienteID=3,Cliente en cuarentena (RF-01) o inexistente,2026-08-11
Ventas,VentaID=7563 ClienteID=4,Cliente en cuarentena (RF-01) o inexistente,2026-08-11
Ventas,VentaID=7566 ClienteID=7,Cliente en cuarentena (RF-01) o inexistente,2026-08-11
Ventas,VentaID=7569 ClienteID=3,Cliente en cuarentena (RF-01) o inexistente,2026-08-11
Ventas,VentaID=7570 ClienteID=4,Cliente en cuarentena (RF-01) o inexistente,2026-08-11
Ventas,VentaID=7573 ClienteID=7,Cliente en cuarentena (RF-01) o inexistente,2026-08-11
Ventas,VentaID=7576 ClienteID=3,Cliente en cuarentena (RF-01) o inexistente,2026-08-11
Ventas,VentaID=7577 ClienteID=4,Cliente en cuarentena (RF-01) o inexistente,2026-08-11
Ventas,VentaID=7580 ClienteID=7,Cliente en cuarentena (RF-01) o inexistente,2026-08-11
Ventas,VentaID=7583 ClienteID=3,Cliente en cuarentena (RF-01) o inexistente,2026-08-11
Ventas,VentaID=7584 ClienteID=4,Cliente en cuarentena (RF-01) o inexistente,2026-08-11
Ventas,VentaID=7587 ClienteID=7,Cliente en cuarentena (RF-01) o inexistente,2026-08-11
Ventas,VentaID=7590 ClienteID=3,Cliente en cuarentena (RF-01) o inexistente,2026-08-11
Ventas,VentaID=7591 ClienteID=4,Cliente en cuarentena (RF-01) o inexistente,2026-08-11
Ventas,VentaID=7594 ClienteID=7,Cliente en cuarentena (RF-01) o inexistente,2026-08-11
Ventas,VentaID=7597 ClienteID=3,Cliente en cuarentena (RF-01) o inexistente,2026-08-11
Ventas,VentaID=7598 ClienteID=4,Cliente en cuarentena (RF-01) o inexistente,2026-08-11
Ventas,VentaID=7601 ClienteID=7,Cliente en cuarentena (RF-01) o inexistente,2026-08-11
Ventas,VentaID=7604 ClienteID=3,Cliente en cuarentena (RF-01) o inexistente,2026-08-11
Ventas,VentaID=7605 ClienteID=4,Cliente en cuarentena (RF-01) o inexistente,2026-08-11
Ventas,VentaID=7608 ClienteID=7,Cliente en cuarentena (RF-01) o inexistente,2026-08-11
Ventas,VentaID=7611 ClienteID=3,Cliente en cuarentena (RF-01) o inexistente,2026-08-11
Ventas,VentaID=7612 ClienteID=4,Cliente en cuarentena (RF-01) o inexistente,2026-08-11
Ventas,VentaID=7615 ClienteID=7,Cliente en cuarentena (RF-01) o inexistente,2026-08-11
Ventas,VentaID=7618 ClienteID=3,Cliente en cuarentena (RF-01) o inexistente,2026-08-11
Ventas,VentaID=7619 ClienteID=4,Cliente en cuarentena (RF-01) o inexistente,2026-08-11
Ventas,VentaID=7622 ClienteID=7,Cliente en cuarentena (RF-01) o inexistente,2026-08-11
Ventas,VentaID=7625 ClienteID=3,Cliente en cuarentena (RF-01) o inexistente,2026-08-11
Ventas,VentaID=7626 ClienteID=4,Cliente en cuarentena (RF-01) o inexistente,2026-08-11
Ventas,VentaID=7629 ClienteID=7,Cliente en cuarentena (RF-01) o inexistente,2026-08-11
Ventas,VentaID=7632 ClienteID=3,Cliente en cuarentena (RF-01) o inexistente,2026-08-11
Ventas,VentaID=7633 ClienteID=4,Cliente en cuarentena (RF-01) o inexistente,2026-08-11
Ventas,VentaID=7636 ClienteID=7,Cliente en cuarentena (RF-01) o inexistente,2026-08-11
Ventas,VentaID=7639 ClienteID=3,Cliente en cuarentena (RF-01) o inexistente,2026-08-11
Ventas,VentaID=7640 ClienteID=4,Cliente en cuarentena (RF-01) o inexistente,2026-08-11
Ventas,VentaID=7643 ClienteID=7,Cliente en cuarentena (RF-01) o inexistente,2026-08-11
Ventas,VentaID=7646 ClienteID=3,Cliente en cuarentena (RF-01) o inexistente,2026-08-11
Ventas,VentaID=7647 ClienteID=4,Cliente en cuarentena (RF-01) o inexistente,2026-08-11
Ventas,VentaID=7650 ClienteID=7,Cliente en cuarentena (RF-01) o inexistente,2026-08-11
Ventas,VentaID=7653 ClienteID=3,Cliente en cuarentena (RF-01) o inexistente,2026-08-11
Ventas,VentaID=7654 ClienteID=4,Cliente en cuarentena (RF-01) o inexistente,2026-08-11
Ventas,VentaID=7657 ClienteID=7,Cliente en cuarentena (RF-01) o inexistente,2026-08-11
Ventas,VentaID=7660 ClienteID=3,Cliente en cuarentena (RF-01) o inexistente,2026-08-11
Ventas,VentaID=7661 ClienteID=4,Cliente en cuarentena (RF-01) o inexistente,2026-08-11
Ventas,VentaID=7664 ClienteID=7,Cliente en cuarentena (RF-01) o inexistente,2026-08-11
Ventas,VentaID=7667 ClienteID=3,Cliente en cuarentena (RF-01) o inexistente,2026-08-11
Ventas,VentaID=7668 ClienteID=4,Cliente en cuarentena (RF-01) o inexistente,2026-08-11
Ventas,VentaID=7671 ClienteID=7,Cliente en cuarentena (RF-01) o inexistente,2026-08-11
Ventas,VentaID=7674 ClienteID=3,Cliente en cuarentena (RF-01) o inexistente,2026-08-11
Ventas,VentaID=7675 ClienteID=4,Cliente en cuarentena (RF-01) o inexistente,2026-08-11
Ventas,VentaID=7678 ClienteID=7,Cliente en cuarentena (RF-01) o inexistente,2026-08-11
Ventas,VentaID=7681 ClienteID=3,Cliente en cuarentena (RF-01) o inexistente,2026-08-11
Ventas,VentaID=7682 ClienteID=4,Cliente en cuarentena (RF-01) o inexistente,2026-08-11
Ventas,VentaID=7685 ClienteID=7,Cliente en cuarentena (RF-01) o inexistente,2026-08-11
Ventas,VentaID=7688 ClienteID=3,Cliente en cuarentena (RF-01) o inexistente,2026-08-11
Ventas,VentaID=7689 ClienteID=4,Cliente en cuarentena (RF-01) o inexistente,2026-08-11
Ventas,VentaID=7692 ClienteID=7,Cliente en cuarentena (RF-01) o inexistente,2026-08-11
Ventas,VentaID=7695 ClienteID=3,Cliente en cuarentena (RF-01) o inexistente,2026-08-11
Ventas,VentaID=7696 ClienteID=4,Cliente en cuarentena (RF-01) o inexistente,2026-08-11
Ventas,VentaID=7699 ClienteID=7,Cliente en cuarentena (RF-01) o inexistente,2026-08-11
Ventas,VentaID=7702 ClienteID=3,Cliente en cuarentena (RF-01) o inexistente,2026-08-11
Ventas,VentaID=7703 ClienteID=4,Cliente en cuarentena (RF-01) o inexistente,2026-08-11
Ventas,VentaID=7706 ClienteID=7,Cliente en cuarentena (RF-01) o inexistente,2026-08-11
Ventas,VentaID=7709 ClienteID=3,Cliente en cuarentena (RF-01) o inexistente,2026-08-11
Ventas,VentaID=7710 ClienteID=4,Cliente en cuarentena (RF-01) o inexistente,2026-08-11
Ventas,VentaID=7713 ClienteID=7,Cliente en cuarentena (RF-01) o inexistente,2026-08-11
Ventas,VentaID=7716 ClienteID=3,Cliente en cuarentena (RF-01) o inexistente,2026-08-11
Ventas,VentaID=7717 ClienteID=4,Cliente en cuarentena (RF-01) o inexistente,2026-08-11
Ventas,VentaID=7720 ClienteID=7,Cliente en cuarentena (RF-01) o inexistente,2026-08-11
Ventas,VentaID=7723 ClienteID=3,Cliente en cuarentena (RF-01) o inexistente,2026-08-11
Ventas,VentaID=7724 ClienteID=4,Cliente en cuarentena (RF-01) o inexistente,2026-08-11
Ventas,VentaID=7727 ClienteID=7,Cliente en cuarentena (RF-01) o inexistente,2026-08-11
Ventas,VentaID=7730 ClienteID=3,Cliente en cuarentena (RF-01) o inexistente,2026-08-11
Ventas,VentaID=7731 ClienteID=4,Cliente en cuarentena (RF-01) o inexistente,2026-08-11
Ventas,VentaID=7734 ClienteID=7,Cliente en cuarentena (RF-01) o inexistente,2026-08-11
Ventas,VentaID=7737 ClienteID=3,Cliente en cuarentena (RF-01) o inexistente,2026-08-11
Ventas,VentaID=7738 ClienteID=4,Cliente en cuarentena (RF-01) o inexistente,2026-08-11
Ventas,VentaID=7741 ClienteID=7,Cliente en cuarentena (RF-01) o inexistente,2026-08-11
Ventas,VentaID=7744 ClienteID=3,Cliente en cuarentena (RF-01) o inexistente,2026-08-11
Ventas,VentaID=7745 ClienteID=4,Cliente en cuarentena (RF-01) o inexistente,2026-08-11
Ventas,VentaID=7748 ClienteID=7,Cliente en cuarentena (RF-01) o inexistente,2026-08-11
Ventas,VentaID=7751 ClienteID=3,Cliente en cuarentena (RF-01) o inexistente,2026-08-11
Ventas,VentaID=7752 ClienteID=4,Cliente en cuarentena (RF-01) o inexistente,2026-08-11
Ventas,VentaID=7755 ClienteID=7,Cliente en cuarentena (RF-01) o inexistente,2026-08-11
Ventas,VentaID=7758 ClienteID=3,Cliente en cuarentena (RF-01) o inexistente,2026-08-11
Ventas,VentaID=7759 ClienteID=4,Cliente en cuarentena (RF-01) o inexistente,2026-08-11
Ventas,VentaID=7762 ClienteID=7,Cliente en cuarentena (RF-01) o inexistente,2026-08-11
Ventas,VentaID=7765 ClienteID=3,Cliente en cuarentena (RF-01) o inexistente,2026-08-11
Ventas,VentaID=7766 ClienteID=4,Cliente en cuarentena (RF-01) o inexistente,2026-08-11
Ventas,VentaID=7769 ClienteID=7,Cliente en cuarentena (RF-01) o inexistente,2026-08-11
Ventas,VentaID=7772 ClienteID=3,Cliente en cuarentena (RF-01) o inexistente,2026-08-11
Ventas,VentaID=7773 ClienteID=4,Cliente en cuarentena (RF-01) o inexistente,2026-08-11
Ventas,VentaID=7776 ClienteID=7,Cliente en cuarentena (RF-01) o inexistente,2026-08-11
Ventas,VentaID=7779 ClienteID=3,Cliente en cuarentena (RF-01) o inexistente,2026-08-11
Ventas,VentaID=7780 ClienteID=4,Cliente en cuarentena (RF-01) o inexistente,2026-08-11
Ventas,VentaID=7783 ClienteID=7,Cliente en cuarentena (RF-01) o inexistente,2026-08-11
Ventas,VentaID=7786 ClienteID=3,Cliente en cuarentena (RF-01) o inexistente,2026-08-11
Ventas,VentaID=7787 ClienteID=4,Cliente en cuarentena (RF-01) o inexistente,2026-08-11
Ventas,VentaID=7790 ClienteID=7,Cliente en cuarentena (RF-01) o inexistente,2026-08-11
Ventas,VentaID=7793 ClienteID=3,Cliente en cuarentena (RF-01) o inexistente,2026-08-11
Ventas,VentaID=7794 ClienteID=4,Cliente en cuarentena (RF-01) o inexistente,2026-08-11
Ventas,VentaID=7797 ClienteID=7,Cliente en cuarentena (RF-01) o inexistente,2026-08-11
Ventas,VentaID=7800 ClienteID=3,Cliente en cuarentena (RF-01) o inexistente,2026-08-11
Ventas,VentaID=7801 ClienteID=4,Cliente en cuarentena (RF-01) o inexistente,2026-08-11
Ventas,VentaID=7804 ClienteID=7,Cliente en cuarentena (RF-01) o inexistente,2026-08-11
Ventas,VentaID=7807 ClienteID=3,Cliente en cuarentena (RF-01) o inexistente,2026-08-11
Ventas,VentaID=7808 ClienteID=4,Cliente en cuarentena (RF-01) o inexistente,2026-08-11
Ventas,VentaID=7811 ClienteID=7,Cliente en cuarentena (RF-01) o inexistente,2026-08-11
Ventas,VentaID=7814 ClienteID=3,Cliente en cuarentena (RF-01) o inexistente,2026-08-11
Ventas,VentaID=7815 ClienteID=4,Cliente en cuarentena (RF-01) o inexistente,2026-08-11
Ventas,VentaID=7818 ClienteID=7,Cliente en cuarentena (RF-01) o inexistente,2026-08-11
Ventas,VentaID=7821 ClienteID=3,Cliente en cuarentena (RF-01) o inexistente,2026-08-11
Ventas,VentaID=7822 ClienteID=4,Cliente en cuarentena (RF-01) o inexistente,2026-08-11
Ventas,VentaID=7825 ClienteID=7,Cliente en cuarentena (RF-01) o inexistente,2026-08-11
Ventas,VentaID=7828 ClienteID=3,Cliente en cuarentena (RF-01) o inexistente,2026-08-11
Ventas,VentaID=7829 ClienteID=4,Cliente en cuarentena (RF-01) o inexistente,2026-08-11
Ventas,VentaID=7832 ClienteID=7,Cliente en cuarentena (RF-01) o inexistente,2026-08-11
Ventas,VentaID=7835 ClienteID=3,Cliente en cuarentena (RF-01) o inexistente,2026-08-11
Ventas,VentaID=7836 ClienteID=4,Cliente en cuarentena (RF-01) o inexistente,2026-08-11
Ventas,VentaID=7839 ClienteID=7,Cliente en cuarentena (RF-01) o inexistente,2026-08-11
Ventas,VentaID=7842 ClienteID=3,Cliente en cuarentena (RF-01) o inexistente,2026-08-11
Ventas,VentaID=7843 ClienteID=4,Cliente en cuarentena (RF-01) o inexistente,2026-08-11
Ventas,VentaID=7846 ClienteID=7,Cliente en cuarentena (RF-01) o inexistente,2026-08-11
Ventas,VentaID=7849 ClienteID=3,Cliente en cuarentena (RF-01) o inexistente,2026-08-11
Ventas,VentaID=7850 ClienteID=4,Cliente en cuarentena (RF-01) o inexistente,2026-08-11
Ventas,VentaID=7853 ClienteID=7,Cliente en cuarentena (RF-01) o inexistente,2026-08-11
Ventas,VentaID=7856 ClienteID=3,Cliente en cuarentena (RF-01) o inexistente,2026-08-11
Ventas,VentaID=7857 ClienteID=4,Cliente en cuarentena (RF-01) o inexistente,2026-08-11
Ventas,VentaID=7860 ClienteID=7,Cliente en cuarentena (RF-01) o inexistente,2026-08-11
Ventas,VentaID=7863 ClienteID=3,Cliente en cuarentena (RF-01) o inexistente,2026-08-11
Ventas,VentaID=7864 ClienteID=4,Cliente en cuarentena (RF-01) o inexistente,2026-08-11
Ventas,VentaID=7867 ClienteID=7,Cliente en cuarentena (RF-01) o inexistente,2026-08-11
Ventas,VentaID=7870 ClienteID=3,Cliente en cuarentena (RF-01) o inexistente,2026-08-11
Ventas,VentaID=7871 ClienteID=4,Cliente en cuarentena (RF-01) o inexistente,2026-08-11
Ventas,VentaID=7874 ClienteID=7,Cliente en cuarentena (RF-01) o inexistente,2026-08-11
Ventas,VentaID=7877 ClienteID=3,Cliente en cuarentena (RF-01) o inexistente,2026-08-11
Ventas,VentaID=7878 ClienteID=4,Cliente en cuarentena (RF-01) o inexistente,2026-08-11
Ventas,VentaID=7881 ClienteID=7,Cliente en cuarentena (RF-01) o inexistente,2026-08-11
Ventas,VentaID=7884 ClienteID=3,Cliente en cuarentena (RF-01) o inexistente,2026-08-11
Ventas,VentaID=7885 ClienteID=4,Cliente en cuarentena (RF-01) o inexistente,2026-08-11
Ventas,VentaID=7888 ClienteID=7,Cliente en cuarentena (RF-01) o inexistente,2026-08-11
Ventas,VentaID=7891 ClienteID=3,Cliente en cuarentena (RF-01) o inexistente,2026-08-11
Ventas,VentaID=7892 ClienteID=4,Cliente en cuarentena (RF-01) o inexistente,2026-08-11
Ventas,VentaID=7895 ClienteID=7,Cliente en cuarentena (RF-01) o inexistente,2026-08-11
Ventas,VentaID=7898 ClienteID=3,Cliente en cuarentena (RF-01) o inexistente,2026-08-11
Ventas,VentaID=7899 ClienteID=4,Cliente en cuarentena (RF-01) o inexistente,2026-08-11
Ventas,VentaID=7902 ClienteID=7,Cliente en cuarentena (RF-01) o inexistente,2026-08-11
Ventas,VentaID=7905 ClienteID=3,Cliente en cuarentena (RF-01) o inexistente,2026-08-11
Ventas,VentaID=7906 ClienteID=4,Cliente en cuarentena (RF-01) o inexistente,2026-08-11
Ventas,VentaID=7909 ClienteID=7,Cliente en cuarentena (RF-01) o inexistente,2026-08-11
Ventas,VentaID=7912 ClienteID=3,Cliente en cuarentena (RF-01) o inexistente,2026-08-11
Ventas,VentaID=7913 ClienteID=4,Cliente en cuarentena (RF-01) o inexistente,2026-08-11
Ventas,VentaID=7916 ClienteID=7,Cliente en cuarentena (RF-01) o inexistente,2026-08-11
Ventas,VentaID=7919 ClienteID=3,Cliente en cuarentena (RF-01) o inexistente,2026-08-11
Ventas,VentaID=7920 ClienteID=4,Cliente en cuarentena (RF-01) o inexistente,2026-08-11
Ventas,VentaID=7923 ClienteID=7,Cliente en cuarentena (RF-01) o inexistente,2026-08-11
Ventas,VentaID=7926 ClienteID=3,Cliente en cuarentena (RF-01) o inexistente,2026-08-11
Ventas,VentaID=7927 ClienteID=4,Cliente en cuarentena (RF-01) o inexistente,2026-08-11
Ventas,VentaID=7930 ClienteID=7,Cliente en cuarentena (RF-01) o inexistente,2026-08-11
Ventas,VentaID=7933 ClienteID=3,Cliente en cuarentena (RF-01) o inexistente,2026-08-11
Ventas,VentaID=7934 ClienteID=4,Cliente en cuarentena (RF-01) o inexistente,2026-08-11
Ventas,VentaID=7937 ClienteID=7,Cliente en cuarentena (RF-01) o inexistente,2026-08-11
Ventas,VentaID=7940 ClienteID=3,Cliente en cuarentena (RF-01) o inexistente,2026-08-11
Ventas,VentaID=7941 ClienteID=4,Cliente en cuarentena (RF-01) o inexistente,2026-08-11
Ventas,VentaID=7944 ClienteID=7,Cliente en cuarentena (RF-01) o inexistente,2026-08-11
Ventas,VentaID=7947 ClienteID=3,Cliente en cuarentena (RF-01) o inexistente,2026-08-11
Ventas,VentaID=7948 ClienteID=4,Cliente en cuarentena (RF-01) o inexistente,2026-08-11
Ventas,VentaID=7951 ClienteID=7,Cliente en cuarentena (RF-01) o inexistente,2026-08-11
Ventas,VentaID=7954 ClienteID=3,Cliente en cuarentena (RF-01) o inexistente,2026-08-11
Ventas,VentaID=7955 ClienteID=4,Cliente en cuarentena (RF-01) o inexistente,2026-08-11
Ventas,VentaID=7958 ClienteID=7,Cliente en cuarentena (RF-01) o inexistente,2026-08-11
Ventas,VentaID=7961 ClienteID=3,Cliente en cuarentena (RF-01) o inexistente,2026-08-11
Ventas,VentaID=7962 ClienteID=4,Cliente en cuarentena (RF-01) o inexistente,2026-08-11
Ventas,VentaID=7965 ClienteID=7,Cliente en cuarentena (RF-01) o inexistente,2026-08-11
Ventas,VentaID=7968 ClienteID=3,Cliente en cuarentena (RF-01) o inexistente,2026-08-11
Ventas,VentaID=7969 ClienteID=4,Cliente en cuarentena (RF-01) o inexistente,2026-08-11
Ventas,VentaID=7972 ClienteID=7,Cliente en cuarentena (RF-01) o inexistente,2026-08-11
Ventas,VentaID=7975 ClienteID=3,Cliente en cuarentena (RF-01) o inexistente,2026-08-11
Ventas,VentaID=7976 ClienteID=4,Cliente en cuarentena (RF-01) o inexistente,2026-08-11
Ventas,VentaID=7979 ClienteID=7,Cliente en cuarentena (RF-01) o inexistente,2026-08-11
Ventas,VentaID=7982 ClienteID=3,Cliente en cuarentena (RF-01) o inexistente,2026-08-11
Ventas,VentaID=7983 ClienteID=4,Cliente en cuarentena (RF-01) o inexistente,2026-08-11
Ventas,VentaID=7986 ClienteID=7,Cliente en cuarentena (RF-01) o inexistente,2026-08-11
Ventas,VentaID=7989 ClienteID=3,Cliente en cuarentena (RF-01) o inexistente,2026-08-11
Ventas,VentaID=7990 ClienteID=4,Cliente en cuarentena (RF-01) o inexistente,2026-08-11
Ventas,VentaID=7993 ClienteID=7,Cliente en cuarentena (RF-01) o inexistente,2026-08-11
Ventas,VentaID=7996 ClienteID=3,Cliente en cuarentena (RF-01) o inexistente,2026-08-11
Ventas,VentaID=7997 ClienteID=4,Cliente en cuarentena (RF-01) o inexistente,2026-08-11
Ventas,VentaID=8000 ClienteID=7,Cliente en cuarentena (RF-01) o inexistente,2026-08-11
Ventas,VentaID=8003 ClienteID=3,Cliente en cuarentena (RF-01) o inexistente,2026-08-11
Ventas,VentaID=8004 ClienteID=4,Cliente en cuarentena (RF-01) o inexistente,2026-08-11
Ventas,VentaID=8007 ClienteID=7,Cliente en cuarentena (RF-01) o inexistente,2026-08-11
Ventas,VentaID=8010 ClienteID=3,Cliente en cuarentena (RF-01) o inexistente,2026-08-11
Ventas,VentaID=8011 ClienteID=4,Cliente en cuarentena (RF-01) o inexistente,2026-08-11
Ventas,VentaID=8014 ClienteID=7,Cliente en cuarentena (RF-01) o inexistente,2026-08-11
Ventas,VentaID=8017 ClienteID=3,Cliente en cuarentena (RF-01) o inexistente,2026-08-11
Ventas,VentaID=8018 ClienteID=4,Cliente en cuarentena (RF-01) o inexistente,2026-08-11
Ventas,VentaID=8021 ClienteID=7,Cliente en cuarentena (RF-01) o inexistente,2026-08-11
Ventas,VentaID=8024 ClienteID=3,Cliente en cuarentena (RF-01) o inexistente,2026-08-11
Ventas,VentaID=8025 ClienteID=4,Cliente en cuarentena (RF-01) o inexistente,2026-08-11
Ventas,VentaID=8028 ClienteID=7,Cliente en cuarentena (RF-01) o inexistente,2026-08-11
Ventas,VentaID=8031 ClienteID=3,Cliente en cuarentena (RF-01) o inexistente,2026-08-11
Ventas,VentaID=8032 ClienteID=4,Cliente en cuarentena (RF-01) o inexistente,2026-08-11
Ventas,VentaID=8035 ClienteID=7,Cliente en cuarentena (RF-01) o inexistente,2026-08-11
Ventas,VentaID=8038 ClienteID=3,Cliente en cuarentena (RF-01) o inexistente,2026-08-11
Ventas,VentaID=8039 ClienteID=4,Cliente en cuarentena (RF-01) o inexistente,2026-08-11
Ventas,VentaID=8042 ClienteID=7,Cliente en cuarentena (RF-01) o inexistente,2026-08-11
Ventas,VentaID=8045 ClienteID=3,Cliente en cuarentena (RF-01) o inexistente,2026-08-11
Ventas,VentaID=8046 ClienteID=4,Cliente en cuarentena (RF-01) o inexistente,2026-08-11
Ventas,VentaID=8049 ClienteID=7,Cliente en cuarentena (RF-01) o inexistente,2026-08-11
Ventas,VentaID=8052 ClienteID=3,Cliente en cuarentena (RF-01) o inexistente,2026-08-11
Ventas,VentaID=8053 ClienteID=4,Cliente en cuarentena (RF-01) o inexistente,2026-08-11
Ventas,VentaID=8056 ClienteID=7,Cliente en cuarentena (RF-01) o inexistente,2026-08-11
Ventas,VentaID=8059 ClienteID=3,Cliente en cuarentena (RF-01) o inexistente,2026-08-11
Ventas,VentaID=8060 ClienteID=4,Cliente en cuarentena (RF-01) o inexistente,2026-08-11
Ventas,VentaID=8063 ClienteID=7,Cliente en cuarentena (RF-01) o inexistente,2026-08-11
Ventas,VentaID=8066 ClienteID=3,Cliente en cuarentena (RF-01) o inexistente,2026-08-11
Ventas,VentaID=8067 ClienteID=4,Cliente en cuarentena (RF-01) o inexistente,2026-08-11
Ventas,VentaID=8070 ClienteID=7,Cliente en cuarentena (RF-01) o inexistente,2026-08-11
Ventas,VentaID=8073 ClienteID=3,Cliente en cuarentena (RF-01) o inexistente,2026-08-11
Ventas,VentaID=8074 ClienteID=4,Cliente en cuarentena (RF-01) o inexistente,2026-08-11
Ventas,VentaID=8077 ClienteID=7,Cliente en cuarentena (RF-01) o inexistente,2026-08-11
Ventas,VentaID=8080 ClienteID=3,Cliente en cuarentena (RF-01) o inexistente,2026-08-11
Ventas,VentaID=8081 ClienteID=4,Cliente en cuarentena (RF-01) o inexistente,2026-08-11
Ventas,VentaID=8084 ClienteID=7,Cliente en cuarentena (RF-01) o inexistente,2026-08-11
Ventas,VentaID=8087 ClienteID=3,Cliente en cuarentena (RF-01) o inexistente,2026-08-11
Ventas,VentaID=8088 ClienteID=4,Cliente en cuarentena (RF-01) o inexistente,2026-08-11
Ventas,VentaID=8091 ClienteID=7,Cliente en cuarentena (RF-01) o inexistente,2026-08-11
Ventas,VentaID=8094 ClienteID=3,Cliente en cuarentena (RF-01) o inexistente,2026-08-11
Ventas,VentaID=8095 ClienteID=4,Cliente en cuarentena (RF-01) o inexistente,2026-08-11
Ventas,VentaID=8098 ClienteID=7,Cliente en cuarentena (RF-01) o inexistente,2026-08-11
Ventas,VentaID=8101 ClienteID=3,Cliente en cuarentena (RF-01) o inexistente,2026-08-11
Ventas,VentaID=8102 ClienteID=4,Cliente en cuarentena (RF-01) o inexistente,2026-08-11
Ventas,VentaID=8105 ClienteID=7,Cliente en cuarentena (RF-01) o inexistente,2026-08-11
Ventas,VentaID=8108 ClienteID=3,Cliente en cuarentena (RF-01) o inexistente,2026-08-11
Ventas,VentaID=8109 ClienteID=4,Cliente en cuarentena (RF-01) o inexistente,2026-08-11
Ventas,VentaID=8112 ClienteID=7,Cliente en cuarentena (RF-01) o inexistente,2026-08-11
Ventas,VentaID=8115 ClienteID=3,Cliente en cuarentena (RF-01) o inexistente,2026-08-11
Ventas,VentaID=8116 ClienteID=4,Cliente en cuarentena (RF-01) o inexistente,2026-08-11
Ventas,VentaID=8119 ClienteID=7,Cliente en cuarentena (RF-01) o inexistente,2026-08-11
Ventas,VentaID=8122 ClienteID=3,Cliente en cuarentena (RF-01) o inexistente,2026-08-11
Ventas,VentaID=8123 ClienteID=4,Cliente en cuarentena (RF-01) o inexistente,2026-08-11
Ventas,VentaID=8126 ClienteID=7,Cliente en cuarentena (RF-01) o inexistente,2026-08-11
Ventas,VentaID=8129 ClienteID=3,Cliente en cuarentena (RF-01) o inexistente,2026-08-11
Ventas,VentaID=8130 ClienteID=4,Cliente en cuarentena (RF-01) o inexistente,2026-08-11
Ventas,VentaID=8133 ClienteID=7,Cliente en cuarentena (RF-01) o inexistente,2026-08-11
Ventas,VentaID=8136 ClienteID=3,Cliente en cuarentena (RF-01) o inexistente,2026-08-11
Ventas,VentaID=8137 ClienteID=4,Cliente en cuarentena (RF-01) o inexistente,2026-08-11
Ventas,VentaID=8140 ClienteID=7,Cliente en cuarentena (RF-01) o inexistente,2026-08-11
Ventas,VentaID=8143 ClienteID=3,Cliente en cuarentena (RF-01) o inexistente,2026-08-11
Ventas,VentaID=8144 ClienteID=4,Cliente en cuarentena (RF-01) o inexistente,2026-08-11
Ventas,VentaID=8147 ClienteID=7,Cliente en cuarentena (RF-01) o inexistente,2026-08-11
Ventas,VentaID=8150 ClienteID=3,Cliente en cuarentena (RF-01) o inexistente,2026-08-11
Ventas,VentaID=8151 ClienteID=4,Cliente en cuarentena (RF-01) o inexistente,2026-08-11
Ventas,VentaID=8154 ClienteID=7,Cliente en cuarentena (RF-01) o inexistente,2026-08-11
Ventas,VentaID=8157 ClienteID=3,Cliente en cuarentena (RF-01) o inexistente,2026-08-11
Ventas,VentaID=8158 ClienteID=4,Cliente en cuarentena (RF-01) o inexistente,2026-08-11
Ventas,VentaID=8161 ClienteID=7,Cliente en cuarentena (RF-01) o inexistente,2026-08-11
Ventas,VentaID=8164 ClienteID=3,Cliente en cuarentena (RF-01) o inexistente,2026-08-11
Ventas,VentaID=8165 ClienteID=4,Cliente en cuarentena (RF-01) o inexistente,2026-08-11
Ventas,VentaID=8168 ClienteID=7,Cliente en cuarentena (RF-01) o inexistente,2026-08-11
Ventas,VentaID=8171 ClienteID=3,Cliente en cuarentena (RF-01) o inexistente,2026-08-11
Ventas,VentaID=8172 ClienteID=4,Cliente en cuarentena (RF-01) o inexistente,2026-08-11
Ventas,VentaID=8175 ClienteID=7,Cliente en cuarentena (RF-01) o inexistente,2026-08-11
Ventas,VentaID=8178 ClienteID=3,Cliente en cuarentena (RF-01) o inexistente,2026-08-11
Ventas,VentaID=8179 ClienteID=4,Cliente en cuarentena (RF-01) o inexistente,2026-08-11
Ventas,VentaID=8182 ClienteID=7,Cliente en cuarentena (RF-01) o inexistente,2026-08-11
Ventas,VentaID=8185 ClienteID=3,Cliente en cuarentena (RF-01) o inexistente,2026-08-11
Ventas,VentaID=8186 ClienteID=4,Cliente en cuarentena (RF-01) o inexistente,2026-08-11
Ventas,VentaID=8189 ClienteID=7,Cliente en cuarentena (RF-01) o inexistente,2026-08-11
Ventas,VentaID=8192 ClienteID=3,Cliente en cuarentena (RF-01) o inexistente,2026-08-11
Ventas,VentaID=8193 ClienteID=4,Cliente en cuarentena (RF-01) o inexistente,2026-08-11
Ventas,VentaID=8196 ClienteID=7,Cliente en cuarentena (RF-01) o inexistente,2026-08-11
Ventas,VentaID=8199 ClienteID=3,Cliente en cuarentena (RF-01) o inexistente,2026-08-11
Ventas,VentaID=8200 ClienteID=4,Cliente en cuarentena (RF-01) o inexistente,2026-08-11
Ventas,VentaID=8203 ClienteID=7,Cliente en cuarentena (RF-01) o inexistente,2026-08-11
Ventas,VentaID=8206 ClienteID=3,Cliente en cuarentena (RF-01) o inexistente,2026-08-11
Ventas,VentaID=8207 ClienteID=4,Cliente en cuarentena (RF-01) o inexistente,2026-08-11
Ventas,VentaID=8210 ClienteID=7,Cliente en cuarentena (RF-01) o inexistente,2026-08-11
Ventas,VentaID=8213 ClienteID=3,Cliente en cuarentena (RF-01) o inexistente,2026-08-11
Ventas,VentaID=8214 ClienteID=4,Cliente en cuarentena (RF-01) o inexistente,2026-08-11
Ventas,VentaID=8217 ClienteID=7,Cliente en cuarentena (RF-01) o inexistente,2026-08-11
Ventas,VentaID=8220 ClienteID=3,Cliente en cuarentena (RF-01) o inexistente,2026-08-11
Ventas,VentaID=8221 ClienteID=4,Cliente en cuarentena (RF-01) o inexistente,2026-08-11
Ventas,VentaID=8224 ClienteID=7,Cliente en cuarentena (RF-01) o inexistente,2026-08-11
Ventas,VentaID=8227 ClienteID=3,Cliente en cuarentena (RF-01) o inexistente,2026-08-11
Ventas,VentaID=8228 ClienteID=4,Cliente en cuarentena (RF-01) o inexistente,2026-08-11
Ventas,VentaID=8231 ClienteID=7,Cliente en cuarentena (RF-01) o inexistente,2026-08-11
Ventas,VentaID=8234 ClienteID=3,Cliente en cuarentena (RF-01) o inexistente,2026-08-11
Ventas,VentaID=8235 ClienteID=4,Cliente en cuarentena (RF-01) o inexistente,2026-08-11
Ventas,VentaID=8238 ClienteID=7,Cliente en cuarentena (RF-01) o inexistente,2026-08-11
Ventas,VentaID=8241 ClienteID=3,Cliente en cuarentena (RF-01) o inexistente,2026-08-11
Ventas,VentaID=8242 ClienteID=4,Cliente en cuarentena (RF-01) o inexistente,2026-08-11
Ventas,VentaID=8245 ClienteID=7,Cliente en cuarentena (RF-01) o inexistente,2026-08-11
Ventas,VentaID=8248 ClienteID=3,Cliente en cuarentena (RF-01) o inexistente,2026-08-11
Ventas,VentaID=8249 ClienteID=4,Cliente en cuarentena (RF-01) o inexistente,2026-08-11
Ventas,VentaID=8252 ClienteID=7,Cliente en cuarentena (RF-01) o inexistente,2026-08-11
Ventas,VentaID=8255 ClienteID=3,Cliente en cuarentena (RF-01) o inexistente,2026-08-11
Ventas,VentaID=8256 ClienteID=4,Cliente en cuarentena (RF-01) o inexistente,2026-08-11
Ventas,VentaID=8259 ClienteID=7,Cliente en cuarentena (RF-01) o inexistente,2026-08-11
Ventas,VentaID=8262 ClienteID=3,Cliente en cuarentena (RF-01) o inexistente,2026-08-11
Ventas,VentaID=8263 ClienteID=4,Cliente en cuarentena (RF-01) o inexistente,2026-08-11
Ventas,VentaID=8266 ClienteID=7,Cliente en cuarentena (RF-01) o inexistente,2026-08-11
Ventas,VentaID=8269 ClienteID=3,Cliente en cuarentena (RF-01) o inexistente,2026-08-11
Ventas,VentaID=8270 ClienteID=4,Cliente en cuarentena (RF-01) o inexistente,2026-08-11
Ventas,VentaID=8273 ClienteID=7,Cliente en cuarentena (RF-01) o inexistente,2026-08-11
Ventas,VentaID=8276 ClienteID=3,Cliente en cuarentena (RF-01) o inexistente,2026-08-11
Ventas,VentaID=8277 ClienteID=4,Cliente en cuarentena (RF-01) o inexistente,2026-08-11
Ventas,VentaID=8280 ClienteID=7,Cliente en cuarentena (RF-01) o inexistente,2026-08-11
Ventas,VentaID=8283 ClienteID=3,Cliente en cuarentena (RF-01) o inexistente,2026-08-11
Ventas,VentaID=8284 ClienteID=4,Cliente en cuarentena (RF-01) o inexistente,2026-08-11
Ventas,VentaID=8287 ClienteID=7,Cliente en cuarentena (RF-01) o inexistente,2026-08-11
Ventas,VentaID=8290 ClienteID=3,Cliente en cuarentena (RF-01) o inexistente,2026-08-11
Ventas,VentaID=8291 ClienteID=4,Cliente en cuarentena (RF-01) o inexistente,2026-08-11
Ventas,VentaID=8294 ClienteID=7,Cliente en cuarentena (RF-01) o inexistente,2026-08-11
Ventas,VentaID=8297 ClienteID=3,Cliente en cuarentena (RF-01) o inexistente,2026-08-11
Ventas,VentaID=8298 ClienteID=4,Cliente en cuarentena (RF-01) o inexistente,2026-08-11
Ventas,VentaID=8301 ClienteID=7,Cliente en cuarentena (RF-01) o inexistente,2026-08-11
Ventas,VentaID=8304 ClienteID=3,Cliente en cuarentena (RF-01) o inexistente,2026-08-11
Ventas,VentaID=8305 ClienteID=4,Cliente en cuarentena (RF-01) o inexistente,2026-08-11
Ventas,VentaID=8308 ClienteID=7,Cliente en cuarentena (RF-01) o inexistente,2026-08-11
Ventas,VentaID=8311 ClienteID=3,Cliente en cuarentena (RF-01) o inexistente,2026-08-11
Ventas,VentaID=8312 ClienteID=4,Cliente en cuarentena (RF-01) o inexistente,2026-08-11
Ventas,VentaID=8315 ClienteID=7,Cliente en cuarentena (RF-01) o inexistente,2026-08-11
Ventas,VentaID=8318 ClienteID=3,Cliente en cuarentena (RF-01) o inexistente,2026-08-11
Ventas,VentaID=8319 ClienteID=4,Cliente en cuarentena (RF-01) o inexistente,2026-08-11
Ventas,VentaID=8322 ClienteID=7,Cliente en cuarentena (RF-01) o inexistente,2026-08-11
Ventas,VentaID=8325 ClienteID=3,Cliente en cuarentena (RF-01) o inexistente,2026-08-11
Ventas,VentaID=8326 ClienteID=4,Cliente en cuarentena (RF-01) o inexistente,2026-08-11
Ventas,VentaID=8329 ClienteID=7,Cliente en cuarentena (RF-01) o inexistente,2026-08-11
Ventas,VentaID=8332 ClienteID=3,Cliente en cuarentena (RF-01) o inexistente,2026-08-11
Ventas,VentaID=8333 ClienteID=4,Cliente en cuarentena (RF-01) o inexistente,2026-08-11
Ventas,VentaID=8336 ClienteID=7,Cliente en cuarentena (RF-01) o inexistente,2026-08-11
Ventas,VentaID=8339 ClienteID=3,Cliente en cuarentena (RF-01) o inexistente,2026-08-11
Ventas,VentaID=8340 ClienteID=4,Cliente en cuarentena (RF-01) o inexistente,2026-08-11
Ventas,VentaID=8343 ClienteID=7,Cliente en cuarentena (RF-01) o inexistente,2026-08-11
Ventas,VentaID=8346 ClienteID=3,Cliente en cuarentena (RF-01) o inexistente,2026-08-11
Ventas,VentaID=8347 ClienteID=4,Cliente en cuarentena (RF-01) o inexistente,2026-08-11
Ventas,VentaID=8350 ClienteID=7,Cliente en cuarentena (RF-01) o inexistente,2026-08-11
Ventas,VentaID=8353 ClienteID=3,Cliente en cuarentena (RF-01) o inexistente,2026-08-11
Ventas,VentaID=8354 ClienteID=4,Cliente en cuarentena (RF-01) o inexistente,2026-08-11
Ventas,VentaID=8357 ClienteID=7,Cliente en cuarentena (RF-01) o inexistente,2026-08-11
Ventas,VentaID=8360 ClienteID=3,Cliente en cuarentena (RF-01) o inexistente,2026-08-11
Ventas,VentaID=8361 ClienteID=4,Cliente en cuarentena (RF-01) o inexistente,2026-08-11
Ventas,VentaID=8364 ClienteID=7,Cliente en cuarentena (RF-01) o inexistente,2026-08-11
Ventas,VentaID=8367 ClienteID=3,Cliente en cuarentena (RF-01) o inexistente,2026-08-11
Ventas,VentaID=8368 ClienteID=4,Cliente en cuarentena (RF-01) o inexistente,2026-08-11
Ventas,VentaID=8371 ClienteID=7,Cliente en cuarentena (RF-01) o inexistente,2026-08-11
Ventas,VentaID=8374 ClienteID=3,Cliente en cuarentena (RF-01) o inexistente,2026-08-11
Ventas,VentaID=8375 ClienteID=4,Cliente en cuarentena (RF-01) o inexistente,2026-08-11
Ventas,VentaID=8378 ClienteID=7,Cliente en cuarentena (RF-01) o inexistente,2026-08-11
Ventas,VentaID=8381 ClienteID=3,Cliente en cuarentena (RF-01) o inexistente,2026-08-11
Ventas,VentaID=8382 ClienteID=4,Cliente en cuarentena (RF-01) o inexistente,2026-08-11
Ventas,VentaID=8385 ClienteID=7,Cliente en cuarentena (RF-01) o inexistente,2026-08-11
Ventas,VentaID=8388 ClienteID=3,Cliente en cuarentena (RF-01) o inexistente,2026-08-11
Ventas,VentaID=8389 ClienteID=4,Cliente en cuarentena (RF-01) o inexistente,2026-08-11
Ventas,VentaID=8392 ClienteID=7,Cliente en cuarentena (RF-01) o inexistente,2026-08-11
Ventas,VentaID=8395 ClienteID=3,Cliente en cuarentena (RF-01) o inexistente,2026-08-11
Ventas,VentaID=8396 ClienteID=4,Cliente en cuarentena (RF-01) o inexistente,2026-08-11
Ventas,VentaID=8399 ClienteID=7,Cliente en cuarentena (RF-01) o inexistente,2026-08-11
Ventas,VentaID=8402 ClienteID=3,Cliente en cuarentena (RF-01) o inexistente,2026-08-11
Ventas,VentaID=8403 ClienteID=4,Cliente en cuarentena (RF-01) o inexistente,2026-08-11
Ventas,VentaID=8406 ClienteID=7,Cliente en cuarentena (RF-01) o inexistente,2026-08-11
Ventas,VentaID=8409 ClienteID=3,Cliente en cuarentena (RF-01) o inexistente,2026-08-11
Ventas,VentaID=8410 ClienteID=4,Cliente en cuarentena (RF-01) o inexistente,2026-08-11
Ventas,VentaID=8413 ClienteID=7,Cliente en cuarentena (RF-01) o inexistente,2026-08-11
Ventas,VentaID=8416 ClienteID=3,Cliente en cuarentena (RF-01) o inexistente,2026-08-11
Ventas,VentaID=8417 ClienteID=4,Cliente en cuarentena (RF-01) o inexistente,2026-08-11
Ventas,VentaID=8420 ClienteID=7,Cliente en cuarentena (RF-01) o inexistente,2026-08-11
Ventas,VentaID=8423 ClienteID=3,Cliente en cuarentena (RF-01) o inexistente,2026-08-11
Ventas,VentaID=8424 ClienteID=4,Cliente en cuarentena (RF-01) o inexistente,2026-08-11
Ventas,VentaID=8427 ClienteID=7,Cliente en cuarentena (RF-01) o inexistente,2026-08-11
Ventas,VentaID=8430 ClienteID=3,Cliente en cuarentena (RF-01) o inexistente,2026-08-11
Ventas,VentaID=8431 ClienteID=4,Cliente en cuarentena (RF-01) o inexistente,2026-08-11
Ventas,VentaID=8434 ClienteID=7,Cliente en cuarentena (RF-01) o inexistente,2026-08-11
Ventas,VentaID=8437 ClienteID=3,Cliente en cuarentena (RF-01) o inexistente,2026-08-11
Ventas,VentaID=8438 ClienteID=4,Cliente en cuarentena (RF-01) o inexistente,2026-08-11
Ventas,VentaID=8441 ClienteID=7,Cliente en cuarentena (RF-01) o inexistente,2026-08-11
Ventas,VentaID=8444 ClienteID=3,Cliente en cuarentena (RF-01) o inexistente,2026-08-11
Ventas,VentaID=8445 ClienteID=4,Cliente en cuarentena (RF-01) o inexistente,2026-08-11
Ventas,VentaID=8448 ClienteID=7,Cliente en cuarentena (RF-01) o inexistente,2026-08-11
Ventas,VentaID=8451 ClienteID=3,Cliente en cuarentena (RF-01) o inexistente,2026-08-11
Ventas,VentaID=8452 ClienteID=4,Cliente en cuarentena (RF-01) o inexistente,2026-08-11
Ventas,VentaID=8455 ClienteID=7,Cliente en cuarentena (RF-01) o inexistente,2026-08-11
Ventas,VentaID=8458 ClienteID=3,Cliente en cuarentena (RF-01) o inexistente,2026-08-11
Ventas,VentaID=8459 ClienteID=4,Cliente en cuarentena (RF-01) o inexistente,2026-08-11
Ventas,VentaID=8462 ClienteID=7,Cliente en cuarentena (RF-01) o inexistente,2026-08-11
Ventas,VentaID=8465 ClienteID=3,Cliente en cuarentena (RF-01) o inexistente,2026-08-11
Ventas,VentaID=8466 ClienteID=4,Cliente en cuarentena (RF-01) o inexistente,2026-08-11
Ventas,VentaID=8469 ClienteID=7,Cliente en cuarentena (RF-01) o inexistente,2026-08-11
Ventas,VentaID=8472 ClienteID=3,Cliente en cuarentena (RF-01) o inexistente,2026-08-11
Ventas,VentaID=8473 ClienteID=4,Cliente en cuarentena (RF-01) o inexistente,2026-08-11
Ventas,VentaID=8476 ClienteID=7,Cliente en cuarentena (RF-01) o inexistente,2026-08-11
Ventas,VentaID=8479 ClienteID=3,Cliente en cuarentena (RF-01) o inexistente,2026-08-11
Ventas,VentaID=8480 ClienteID=4,Cliente en cuarentena (RF-01) o inexistente,2026-08-11
Ventas,VentaID=8483 ClienteID=7,Cliente en cuarentena (RF-01) o inexistente,2026-08-11
Ventas,VentaID=8486 ClienteID=3,Cliente en cuarentena (RF-01) o inexistente,2026-08-11
Ventas,VentaID=8487 ClienteID=4,Cliente en cuarentena (RF-01) o inexistente,2026-08-11
Ventas,VentaID=8490 ClienteID=7,Cliente en cuarentena (RF-01) o inexistente,2026-08-11
Ventas,VentaID=8493 ClienteID=3,Cliente en cuarentena (RF-01) o inexistente,2026-08-11
Ventas,VentaID=8494 ClienteID=4,Cliente en cuarentena (RF-01) o inexistente,2026-08-11
Ventas,VentaID=8497 ClienteID=7,Cliente en cuarentena (RF-01) o inexistente,2026-08-11
Ventas,VentaID=8500 ClienteID=3,Cliente en cuarentena (RF-01) o inexistente,2026-08-11
Ventas,VentaID=8501 ClienteID=4,Cliente en cuarentena (RF-01) o inexistente,2026-08-11
Ventas,VentaID=8504 ClienteID=7,Cliente en cuarentena (RF-01) o inexistente,2026-08-11
Ventas,VentaID=8507 ClienteID=3,Cliente en cuarentena (RF-01) o inexistente,2026-08-11
Ventas,VentaID=8508 ClienteID=4,Cliente en cuarentena (RF-01) o inexistente,2026-08-11
Ventas,VentaID=8511 ClienteID=7,Cliente en cuarentena (RF-01) o inexistente,2026-08-11
Ventas,VentaID=8514 ClienteID=3,Cliente en cuarentena (RF-01) o inexistente,2026-08-11
Ventas,VentaID=8515 ClienteID=4,Cliente en cuarentena (RF-01) o inexistente,2026-08-11
Ventas,VentaID=8518 ClienteID=7,Cliente en cuarentena (RF-01) o inexistente,2026-08-11
Ventas,VentaID=8521 ClienteID=3,Cliente en cuarentena (RF-01) o inexistente,2026-08-11
Ventas,VentaID=8522 ClienteID=4,Cliente en cuarentena (RF-01) o inexistente,2026-08-11
Ventas,VentaID=8525 ClienteID=7,Cliente en cuarentena (RF-01) o inexistente,2026-08-11
Ventas,VentaID=8528 ClienteID=3,Cliente en cuarentena (RF-01) o inexistente,2026-08-11
Ventas,VentaID=8529 ClienteID=4,Cliente en cuarentena (RF-01) o inexistente,2026-08-11
Ventas,VentaID=8532 ClienteID=7,Cliente en cuarentena (RF-01) o inexistente,2026-08-11
Ventas,VentaID=8535 ClienteID=3,Cliente en cuarentena (RF-01) o inexistente,2026-08-11
Ventas,VentaID=8536 ClienteID=4,Cliente en cuarentena (RF-01) o inexistente,2026-08-11
Ventas,VentaID=8539 ClienteID=7,Cliente en cuarentena (RF-01) o inexistente,2026-08-11
Ventas,VentaID=8542 ClienteID=3,Cliente en cuarentena (RF-01) o inexistente,2026-08-11
Ventas,VentaID=8543 ClienteID=4,Cliente en cuarentena (RF-01) o inexistente,2026-08-11
Ventas,VentaID=8546 ClienteID=7,Cliente en cuarentena (RF-01) o inexistente,2026-08-11
Ventas,VentaID=8549 ClienteID=3,Cliente en cuarentena (RF-01) o inexistente,2026-08-11
Ventas,VentaID=8550 ClienteID=4,Cliente en cuarentena (RF-01) o inexistente,2026-08-11
Ventas,VentaID=8553 ClienteID=7,Cliente en cuarentena (RF-01) o inexistente,2026-08-11
Ventas,VentaID=8556 ClienteID=3,Cliente en cuarentena (RF-01) o inexistente,2026-08-11
Ventas,VentaID=8557 ClienteID=4,Cliente en cuarentena (RF-01) o inexistente,2026-08-11
Ventas,VentaID=8560 ClienteID=7,Cliente en cuarentena (RF-01) o inexistente,2026-08-11
Ventas,VentaID=8563 ClienteID=3,Cliente en cuarentena (RF-01) o inexistente,2026-08-11
Ventas,VentaID=8564 ClienteID=4,Cliente en cuarentena (RF-01) o inexistente,2026-08-11
Ventas,VentaID=8567 ClienteID=7,Cliente en cuarentena (RF-01) o inexistente,2026-08-11
Ventas,VentaID=8570 ClienteID=3,Cliente en cuarentena (RF-01) o inexistente,2026-08-11
Ventas,VentaID=8571 ClienteID=4,Cliente en cuarentena (RF-01) o inexistente,2026-08-11
Ventas,VentaID=8574 ClienteID=7,Cliente en cuarentena (RF-01) o inexistente,2026-08-11
Ventas,VentaID=8577 ClienteID=3,Cliente en cuarentena (RF-01) o inexistente,2026-08-11
Ventas,VentaID=8578 ClienteID=4,Cliente en cuarentena (RF-01) o inexistente,2026-08-11
Ventas,VentaID=8581 ClienteID=7,Cliente en cuarentena (RF-01) o inexistente,2026-08-11
Ventas,VentaID=8584 ClienteID=3,Cliente en cuarentena (RF-01) o inexistente,2026-08-11
Ventas,VentaID=8585 ClienteID=4,Cliente en cuarentena (RF-01) o inexistente,2026-08-11
Ventas,VentaID=8588 ClienteID=7,Cliente en cuarentena (RF-01) o inexistente,2026-08-11
Ventas,VentaID=8591 ClienteID=3,Cliente en cuarentena (RF-01) o inexistente,2026-08-11
Ventas,VentaID=8592 ClienteID=4,Cliente en cuarentena (RF-01) o inexistente,2026-08-11
Ventas,VentaID=8595 ClienteID=7,Cliente en cuarentena (RF-01) o inexistente,2026-08-11
Ventas,VentaID=8598 ClienteID=3,Cliente en cuarentena (RF-01) o inexistente,2026-08-11
Ventas,VentaID=8599 ClienteID=4,Cliente en cuarentena (RF-01) o inexistente,2026-08-11
Ventas,VentaID=8602 ClienteID=7,Cliente en cuarentena (RF-01) o inexistente,2026-08-11
Ventas,VentaID=8605 ClienteID=3,Cliente en cuarentena (RF-01) o inexistente,2026-08-11
Ventas,VentaID=8606 ClienteID=4,Cliente en cuarentena (RF-01) o inexistente,2026-08-11
Ventas,VentaID=8609 ClienteID=7,Cliente en cuarentena (RF-01) o inexistente,2026-08-11
Ventas,VentaID=8612 ClienteID=3,Cliente en cuarentena (RF-01) o inexistente,2026-08-11
Ventas,VentaID=8613 ClienteID=4,Cliente en cuarentena (RF-01) o inexistente,2026-08-11
Ventas,VentaID=8616 ClienteID=7,Cliente en cuarentena (RF-01) o inexistente,2026-08-11
Ventas,VentaID=8619 ClienteID=3,Cliente en cuarentena (RF-01) o inexistente,2026-08-11
Ventas,VentaID=8620 ClienteID=4,Cliente en cuarentena (RF-01) o inexistente,2026-08-11
Ventas,VentaID=8623 ClienteID=7,Cliente en cuarentena (RF-01) o inexistente,2026-08-11
Ventas,VentaID=8626 ClienteID=3,Cliente en cuarentena (RF-01) o inexistente,2026-08-11
Ventas,VentaID=8627 ClienteID=4,Cliente en cuarentena (RF-01) o inexistente,2026-08-11
Ventas,VentaID=8630 ClienteID=7,Cliente en cuarentena (RF-01) o inexistente,2026-08-11
Ventas,VentaID=8633 ClienteID=3,Cliente en cuarentena (RF-01) o inexistente,2026-08-11
Ventas,VentaID=8634 ClienteID=4,Cliente en cuarentena (RF-01) o inexistente,2026-08-11
Ventas,VentaID=8637 ClienteID=7,Cliente en cuarentena (RF-01) o inexistente,2026-08-11
Ventas,VentaID=8640 ClienteID=3,Cliente en cuarentena (RF-01) o inexistente,2026-08-11
Ventas,VentaID=8641 ClienteID=4,Cliente en cuarentena (RF-01) o inexistente,2026-08-11
Ventas,VentaID=8644 ClienteID=7,Cliente en cuarentena (RF-01) o inexistente,2026-08-11
Ventas,VentaID=8647 ClienteID=3,Cliente en cuarentena (RF-01) o inexistente,2026-08-11
Ventas,VentaID=8648 ClienteID=4,Cliente en cuarentena (RF-01) o inexistente,2026-08-11
Ventas,VentaID=8651 ClienteID=7,Cliente en cuarentena (RF-01) o inexistente,2026-08-11
Ventas,VentaID=8654 ClienteID=3,Cliente en cuarentena (RF-01) o inexistente,2026-08-11
Ventas,VentaID=8655 ClienteID=4,Cliente en cuarentena (RF-01) o inexistente,2026-08-11
Ventas,VentaID=8658 ClienteID=7,Cliente en cuarentena (RF-01) o inexistente,2026-08-11
Ventas,VentaID=8661 ClienteID=3,Cliente en cuarentena (RF-01) o inexistente,2026-08-11
Ventas,VentaID=8662 ClienteID=4,Cliente en cuarentena (RF-01) o inexistente,2026-08-11
Ventas,VentaID=8665 ClienteID=7,Cliente en cuarentena (RF-01) o inexistente,2026-08-11
Ventas,VentaID=8668 ClienteID=3,Cliente en cuarentena (RF-01) o inexistente,2026-08-11
Ventas,VentaID=8669 ClienteID=4,Cliente en cuarentena (RF-01) o inexistente,2026-08-11
Ventas,VentaID=8672 ClienteID=7,Cliente en cuarentena (RF-01) o inexistente,2026-08-11
Ventas,VentaID=8675 ClienteID=3,Cliente en cuarentena (RF-01) o inexistente,2026-08-11
Ventas,VentaID=8676 ClienteID=4,Cliente en cuarentena (RF-01) o inexistente,2026-08-11
Ventas,VentaID=8679 ClienteID=7,Cliente en cuarentena (RF-01) o inexistente,2026-08-11
Ventas,VentaID=8682 ClienteID=3,Cliente en cuarentena (RF-01) o inexistente,2026-08-11
Ventas,VentaID=8683 ClienteID=4,Cliente en cuarentena (RF-01) o inexistente,2026-08-11
Ventas,VentaID=8686 ClienteID=7,Cliente en cuarentena (RF-01) o inexistente,2026-08-11
Ventas,VentaID=8689 ClienteID=3,Cliente en cuarentena (RF-01) o inexistente,2026-08-11
Ventas,VentaID=8690 ClienteID=4,Cliente en cuarentena (RF-01) o inexistente,2026-08-11
Ventas,VentaID=8693 ClienteID=7,Cliente en cuarentena (RF-01) o inexistente,2026-08-11
Ventas,VentaID=8696 ClienteID=3,Cliente en cuarentena (RF-01) o inexistente,2026-08-11
Ventas,VentaID=8697 ClienteID=4,Cliente en cuarentena (RF-01) o inexistente,2026-08-11
Ventas,VentaID=8700 ClienteID=7,Cliente en cuarentena (RF-01) o inexistente,2026-08-11
Ventas,VentaID=8703 ClienteID=3,Cliente en cuarentena (RF-01) o inexistente,2026-08-11
Ventas,VentaID=8704 ClienteID=4,Cliente en cuarentena (RF-01) o inexistente,2026-08-11
Ventas,VentaID=8707 ClienteID=7,Cliente en cuarentena (RF-01) o inexistente,2026-08-11
Ventas,VentaID=8710 ClienteID=3,Cliente en cuarentena (RF-01) o inexistente,2026-08-11
Ventas,VentaID=8711 ClienteID=4,Cliente en cuarentena (RF-01) o inexistente,2026-08-11
Ventas,VentaID=8714 ClienteID=7,Cliente en cuarentena (RF-01) o inexistente,2026-08-11
Ventas,VentaID=8717 ClienteID=3,Cliente en cuarentena (RF-01) o inexistente,2026-08-11
Ventas,VentaID=8718 ClienteID=4,Cliente en cuarentena (RF-01) o inexistente,2026-08-11
Ventas,VentaID=8721 ClienteID=7,Cliente en cuarentena (RF-01) o inexistente,2026-08-11
Ventas,VentaID=8724 ClienteID=3,Cliente en cuarentena (RF-01) o inexistente,2026-08-11
Ventas,VentaID=8725 ClienteID=4,Cliente en cuarentena (RF-01) o inexistente,2026-08-11
Ventas,VentaID=8728 ClienteID=7,Cliente en cuarentena (RF-01) o inexistente,2026-08-11
Ventas,VentaID=8731 ClienteID=3,Cliente en cuarentena (RF-01) o inexistente,2026-08-11
Ventas,VentaID=8732 ClienteID=4,Cliente en cuarentena (RF-01) o inexistente,2026-08-11
Ventas,VentaID=8735 ClienteID=7,Cliente en cuarentena (RF-01) o inexistente,2026-08-11
Ventas,VentaID=8738 ClienteID=3,Cliente en cuarentena (RF-01) o inexistente,2026-08-11
Ventas,VentaID=8739 ClienteID=4,Cliente en cuarentena (RF-01) o inexistente,2026-08-11
Ventas,VentaID=8742 ClienteID=7,Cliente en cuarentena (RF-01) o inexistente,2026-08-11
Ventas,VentaID=8745 ClienteID=3,Cliente en cuarentena (RF-01) o inexistente,2026-08-11
Ventas,VentaID=8746 ClienteID=4,Cliente en cuarentena (RF-01) o inexistente,2026-08-11
Ventas,VentaID=8749 ClienteID=7,Cliente en cuarentena (RF-01) o inexistente,2026-08-11
Ventas,VentaID=8752 ClienteID=3,Cliente en cuarentena (RF-01) o inexistente,2026-08-11
Ventas,VentaID=8753 ClienteID=4,Cliente en cuarentena (RF-01) o inexistente,2026-08-11
Ventas,VentaID=8756 ClienteID=7,Cliente en cuarentena (RF-01) o inexistente,2026-08-11
Ventas,VentaID=8759 ClienteID=3,Cliente en cuarentena (RF-01) o inexistente,2026-08-11
Ventas,VentaID=8760 ClienteID=4,Cliente en cuarentena (RF-01) o inexistente,2026-08-11
Ventas,VentaID=8763 ClienteID=7,Cliente en cuarentena (RF-01) o inexistente,2026-08-11
Ventas,VentaID=8766 ClienteID=3,Cliente en cuarentena (RF-01) o inexistente,2026-08-11
Ventas,VentaID=8767 ClienteID=4,Cliente en cuarentena (RF-01) o inexistente,2026-08-11
Ventas,VentaID=8770 ClienteID=7,Cliente en cuarentena (RF-01) o inexistente,2026-08-11
Ventas,VentaID=8773 ClienteID=3,Cliente en cuarentena (RF-01) o inexistente,2026-08-11
Ventas,VentaID=8774 ClienteID=4,Cliente en cuarentena (RF-01) o inexistente,2026-08-11
Ventas,VentaID=8777 ClienteID=7,Cliente en cuarentena (RF-01) o inexistente,2026-08-11
Ventas,VentaID=8780 ClienteID=3,Cliente en cuarentena (RF-01) o inexistente,2026-08-11
Ventas,VentaID=8781 ClienteID=4,Cliente en cuarentena (RF-01) o inexistente,2026-08-11
Ventas,VentaID=8784 ClienteID=7,Cliente en cuarentena (RF-01) o inexistente,2026-08-11
Ventas,VentaID=8787 ClienteID=3,Cliente en cuarentena (RF-01) o inexistente,2026-08-11
Ventas,VentaID=8788 ClienteID=4,Cliente en cuarentena (RF-01) o inexistente,2026-08-11
Ventas,VentaID=8791 ClienteID=7,Cliente en cuarentena (RF-01) o inexistente,2026-08-11
Ventas,VentaID=8794 ClienteID=3,Cliente en cuarentena (RF-01) o inexistente,2026-08-11
Ventas,VentaID=8795 ClienteID=4,Cliente en cuarentena (RF-01) o inexistente,2026-08-11
Ventas,VentaID=8798 ClienteID=7,Cliente en cuarentena (RF-01) o inexistente,2026-08-11
Ventas,VentaID=8801 ClienteID=3,Cliente en cuarentena (RF-01) o inexistente,2026-08-11
Ventas,VentaID=8802 ClienteID=4,Cliente en cuarentena (RF-01) o inexistente,2026-08-11
Ventas,VentaID=8805 ClienteID=7,Cliente en cuarentena (RF-01) o inexistente,2026-08-11
Ventas,VentaID=8808 ClienteID=3,Cliente en cuarentena (RF-01) o inexistente,2026-08-11
Ventas,VentaID=8809 ClienteID=4,Cliente en cuarentena (RF-01) o inexistente,2026-08-11
Ventas,VentaID=8812 ClienteID=7,Cliente en cuarentena (RF-01) o inexistente,2026-08-11
Ventas,VentaID=8815 ClienteID=3,Cliente en cuarentena (RF-01) o inexistente,2026-08-11
Ventas,VentaID=8816 ClienteID=4,Cliente en cuarentena (RF-01) o inexistente,2026-08-11
Ventas,VentaID=8819 ClienteID=7,Cliente en cuarentena (RF-01) o inexistente,2026-08-11
Ventas,VentaID=8822 ClienteID=3,Cliente en cuarentena (RF-01) o inexistente,2026-08-11
Ventas,VentaID=8823 ClienteID=4,Cliente en cuarentena (RF-01) o inexistente,2026-08-11
Ventas,VentaID=8826 ClienteID=7,Cliente en cuarentena (RF-01) o inexistente,2026-08-11
Ventas,VentaID=8829 ClienteID=3,Cliente en cuarentena (RF-01) o inexistente,2026-08-11
Ventas,VentaID=8830 ClienteID=4,Cliente en cuarentena (RF-01) o inexistente,2026-08-11
Ventas,VentaID=8833 ClienteID=7,Cliente en cuarentena (RF-01) o inexistente,2026-08-11
Ventas,VentaID=8836 ClienteID=3,Cliente en cuarentena (RF-01) o inexistente,2026-08-11
Ventas,VentaID=8837 ClienteID=4,Cliente en cuarentena (RF-01) o inexistente,2026-08-11
Ventas,VentaID=8840 ClienteID=7,Cliente en cuarentena (RF-01) o inexistente,2026-08-11
Ventas,VentaID=8843 ClienteID=3,Cliente en cuarentena (RF-01) o inexistente,2026-08-11
Ventas,VentaID=8844 ClienteID=4,Cliente en cuarentena (RF-01) o inexistente,2026-08-11
Ventas,VentaID=8847 ClienteID=7,Cliente en cuarentena (RF-01) o inexistente,2026-08-11
Ventas,VentaID=8850 ClienteID=3,Cliente en cuarentena (RF-01) o inexistente,2026-08-11
Ventas,VentaID=8851 ClienteID=4,Cliente en cuarentena (RF-01) o inexistente,2026-08-11
Ventas,VentaID=8854 ClienteID=7,Cliente en cuarentena (RF-01) o inexistente,2026-08-11
Ventas,VentaID=8857 ClienteID=3,Cliente en cuarentena (RF-01) o inexistente,2026-08-11
Ventas,VentaID=8858 ClienteID=4,Cliente en cuarentena (RF-01) o inexistente,2026-08-11
Ventas,VentaID=8861 ClienteID=7,Cliente en cuarentena (RF-01) o inexistente,2026-08-11
Ventas,VentaID=8864 ClienteID=3,Cliente en cuarentena (RF-01) o inexistente,2026-08-11
Ventas,VentaID=8865 ClienteID=4,Cliente en cuarentena (RF-01) o inexistente,2026-08-11
Ventas,VentaID=8868 ClienteID=7,Cliente en cuarentena (RF-01) o inexistente,2026-08-11
Ventas,VentaID=8871 ClienteID=3,Cliente en cuarentena (RF-01) o inexistente,2026-08-11
Ventas,VentaID=8872 ClienteID=4,Cliente en cuarentena (RF-01) o inexistente,2026-08-11
Ventas,VentaID=8875 ClienteID=7,Cliente en cuarentena (RF-01) o inexistente,2026-08-11
Ventas,VentaID=8878 ClienteID=3,Cliente en cuarentena (RF-01) o inexistente,2026-08-11
Ventas,VentaID=8879 ClienteID=4,Cliente en cuarentena (RF-01) o inexistente,2026-08-11
Ventas,VentaID=8882 ClienteID=7,Cliente en cuarentena (RF-01) o inexistente,2026-08-11
Ventas,VentaID=8885 ClienteID=3,Cliente en cuarentena (RF-01) o inexistente,2026-08-11
Ventas,VentaID=8886 ClienteID=4,Cliente en cuarentena (RF-01) o inexistente,2026-08-11
Ventas,VentaID=8889 ClienteID=7,Cliente en cuarentena (RF-01) o inexistente,2026-08-11
Ventas,VentaID=8892 ClienteID=3,Cliente en cuarentena (RF-01) o inexistente,2026-08-11
Ventas,VentaID=8893 ClienteID=4,Cliente en cuarentena (RF-01) o inexistente,2026-08-11
Ventas,VentaID=8896 ClienteID=7,Cliente en cuarentena (RF-01) o inexistente,2026-08-11
Ventas,VentaID=8899 ClienteID=3,Cliente en cuarentena (RF-01) o inexistente,2026-08-11
Ventas,VentaID=8900 ClienteID=4,Cliente en cuarentena (RF-01) o inexistente,2026-08-11
Ventas,VentaID=8903 ClienteID=7,Cliente en cuarentena (RF-01) o inexistente,2026-08-11
Ventas,VentaID=8906 ClienteID=3,Cliente en cuarentena (RF-01) o inexistente,2026-08-11
Ventas,VentaID=8907 ClienteID=4,Cliente en cuarentena (RF-01) o inexistente,2026-08-11
Ventas,VentaID=8910 ClienteID=7,Cliente en cuarentena (RF-01) o inexistente,2026-08-11
Ventas,VentaID=8913 ClienteID=3,Cliente en cuarentena (RF-01) o inexistente,2026-08-11
Ventas,VentaID=8914 ClienteID=4,Cliente en cuarentena (RF-01) o inexistente,2026-08-11
Ventas,VentaID=8917 ClienteID=7,Cliente en cuarentena (RF-01) o inexistente,2026-08-11
Ventas,VentaID=8920 ClienteID=3,Cliente en cuarentena (RF-01) o inexistente,2026-08-11
Ventas,VentaID=8921 ClienteID=4,Cliente en cuarentena (RF-01) o inexistente,2026-08-11
Ventas,VentaID=8924 ClienteID=7,Cliente en cuarentena (RF-01) o inexistente,2026-08-11
Ventas,VentaID=8927 ClienteID=3,Cliente en cuarentena (RF-01) o inexistente,2026-08-11
Ventas,VentaID=8928 ClienteID=4,Cliente en cuarentena (RF-01) o inexistente,2026-08-11
Ventas,VentaID=8931 ClienteID=7,Cliente en cuarentena (RF-01) o inexistente,2026-08-11
Ventas,VentaID=8934 ClienteID=3,Cliente en cuarentena (RF-01) o inexistente,2026-08-11
Ventas,VentaID=8935 ClienteID=4,Cliente en cuarentena (RF-01) o inexistente,2026-08-11
Ventas,VentaID=8938 ClienteID=7,Cliente en cuarentena (RF-01) o inexistente,2026-08-11
Ventas,VentaID=8941 ClienteID=3,Cliente en cuarentena (RF-01) o inexistente,2026-08-11
Ventas,VentaID=8942 ClienteID=4,Cliente en cuarentena (RF-01) o inexistente,2026-08-11
Ventas,VentaID=8945 ClienteID=7,Cliente en cuarentena (RF-01) o inexistente,2026-08-11
Ventas,VentaID=8948 ClienteID=3,Cliente en cuarentena (RF-01) o inexistente,2026-08-11
Ventas,VentaID=8949 ClienteID=4,Cliente en cuarentena (RF-01) o inexistente,2026-08-11
Ventas,VentaID=8952 ClienteID=7,Cliente en cuarentena (RF-01) o inexistente,2026-08-11
Ventas,VentaID=8955 ClienteID=3,Cliente en cuarentena (RF-01) o inexistente,2026-08-11
Ventas,VentaID=8956 ClienteID=4,Cliente en cuarentena (RF-01) o inexistente,2026-08-11
Ventas,VentaID=8959 ClienteID=7,Cliente en cuarentena (RF-01) o inexistente,2026-08-11
Ventas,VentaID=8962 ClienteID=3,Cliente en cuarentena (RF-01) o inexistente,2026-08-11
Ventas,VentaID=8963 ClienteID=4,Cliente en cuarentena (RF-01) o inexistente,2026-08-11
Ventas,VentaID=8966 ClienteID=7,Cliente en cuarentena (RF-01) o inexistente,2026-08-11
Ventas,VentaID=8969 ClienteID=3,Cliente en cuarentena (RF-01) o inexistente,2026-08-11
Ventas,VentaID=8970 ClienteID=4,Cliente en cuarentena (RF-01) o inexistente,2026-08-11
Ventas,VentaID=8973 ClienteID=7,Cliente en cuarentena (RF-01) o inexistente,2026-08-11
Ventas,VentaID=8976 ClienteID=3,Cliente en cuarentena (RF-01) o inexistente,2026-08-11
Ventas,VentaID=8977 ClienteID=4,Cliente en cuarentena (RF-01) o inexistente,2026-08-11
Ventas,VentaID=8980 ClienteID=7,Cliente en cuarentena (RF-01) o inexistente,2026-08-11
Ventas,VentaID=8983 ClienteID=3,Cliente en cuarentena (RF-01) o inexistente,2026-08-11
Ventas,VentaID=8984 ClienteID=4,Cliente en cuarentena (RF-01) o inexistente,2026-08-11
Ventas,VentaID=8987 ClienteID=7,Cliente en cuarentena (RF-01) o inexistente,2026-08-11
Ventas,VentaID=8990 ClienteID=3,Cliente en cuarentena (RF-01) o inexistente,2026-08-11
Ventas,VentaID=8991 ClienteID=4,Cliente en cuarentena (RF-01) o inexistente,2026-08-11
Ventas,VentaID=8994 ClienteID=7,Cliente en cuarentena (RF-01) o inexistente,2026-08-11
Ventas,VentaID=8997 ClienteID=3,Cliente en cuarentena (RF-01) o inexistente,2026-08-11
Ventas,VentaID=8998 ClienteID=4,Cliente en cuarentena (RF-01) o inexistente,2026-08-11
Ventas,VentaID=9001 ClienteID=7,Cliente en cuarentena (RF-01) o inexistente,2026-08-11
Ventas,VentaID=9004 ClienteID=3,Cliente en cuarentena (RF-01) o inexistente,2026-08-11
Ventas,VentaID=9005 ClienteID=4,Cliente en cuarentena (RF-01) o inexistente,2026-08-11
Ventas,VentaID=9008 ClienteID=7,Cliente en cuarentena (RF-01) o inexistente,2026-08-11
Ventas,VentaID=9011 ClienteID=3,Cliente en cuarentena (RF-01) o inexistente,2026-08-11
Ventas,VentaID=9012 ClienteID=4,Cliente en cuarentena (RF-01) o inexistente,2026-08-11
Ventas,VentaID=9015 ClienteID=7,Cliente en cuarentena (RF-01) o inexistente,2026-08-11
Ventas,VentaID=9018 ClienteID=3,Cliente en cuarentena (RF-01) o inexistente,2026-08-11
Ventas,VentaID=9019 ClienteID=4,Cliente en cuarentena (RF-01) o inexistente,2026-08-11
Ventas,VentaID=9022 ClienteID=7,Cliente en cuarentena (RF-01) o inexistente,2026-08-11
Ventas,VentaID=9025 ClienteID=3,Cliente en cuarentena (RF-01) o inexistente,2026-08-11
Ventas,VentaID=9026 ClienteID=4,Cliente en cuarentena (RF-01) o inexistente,2026-08-11
Ventas,VentaID=9029 ClienteID=7,Cliente en cuarentena (RF-01) o inexistente,2026-08-11
Ventas,VentaID=9032 ClienteID=3,Cliente en cuarentena (RF-01) o inexistente,2026-08-11
Ventas,VentaID=9033 ClienteID=4,Cliente en cuarentena (RF-01) o inexistente,2026-08-11
Ventas,VentaID=9036 ClienteID=7,Cliente en cuarentena (RF-01) o inexistente,2026-08-11
Ventas,VentaID=9039 ClienteID=3,Cliente en cuarentena (RF-01) o inexistente,2026-08-11
Ventas,VentaID=9040 ClienteID=4,Cliente en cuarentena (RF-01) o inexistente,2026-08-11
Ventas,VentaID=9043 ClienteID=7,Cliente en cuarentena (RF-01) o inexistente,2026-08-11
Ventas,VentaID=9046 ClienteID=3,Cliente en cuarentena (RF-01) o inexistente,2026-08-11
Ventas,VentaID=9047 ClienteID=4,Cliente en cuarentena (RF-01) o inexistente,2026-08-11
Ventas,VentaID=9050 ClienteID=7,Cliente en cuarentena (RF-01) o inexistente,2026-08-11
Ventas,VentaID=9053 ClienteID=3,Cliente en cuarentena (RF-01) o inexistente,2026-08-11
Ventas,VentaID=9054 ClienteID=4,Cliente en cuarentena (RF-01) o inexistente,2026-08-11
Ventas,VentaID=9057 ClienteID=7,Cliente en cuarentena (RF-01) o inexistente,2026-08-11
Ventas,VentaID=9060 ClienteID=3,Cliente en cuarentena (RF-01) o inexistente,2026-08-11
Ventas,VentaID=9061 ClienteID=4,Cliente en cuarentena (RF-01) o inexistente,2026-08-11
Ventas,VentaID=9064 ClienteID=7,Cliente en cuarentena (RF-01) o inexistente,2026-08-11
Ventas,VentaID=9067 ClienteID=3,Cliente en cuarentena (RF-01) o inexistente,2026-08-11
Ventas,VentaID=9068 ClienteID=4,Cliente en cuarentena (RF-01) o inexistente,2026-08-11
Ventas,VentaID=9071 ClienteID=7,Cliente en cuarentena (RF-01) o inexistente,2026-08-11
Ventas,VentaID=9074 ClienteID=3,Cliente en cuarentena (RF-01) o inexistente,2026-08-11
Ventas,VentaID=9075 ClienteID=4,Cliente en cuarentena (RF-01) o inexistente,2026-08-11
Ventas,VentaID=9078 ClienteID=7,Cliente en cuarentena (RF-01) o inexistente,2026-08-11
Ventas,VentaID=9081 ClienteID=3,Cliente en cuarentena (RF-01) o inexistente,2026-08-11
Ventas,VentaID=9082 ClienteID=4,Cliente en cuarentena (RF-01) o inexistente,2026-08-11
Ventas,VentaID=9085 ClienteID=7,Cliente en cuarentena (RF-01) o inexistente,2026-08-11
Ventas,VentaID=9088 ClienteID=3,Cliente en cuarentena (RF-01) o inexistente,2026-08-11
Ventas,VentaID=9089 ClienteID=4,Cliente en cuarentena (RF-01) o inexistente,2026-08-11
Ventas,VentaID=9092 ClienteID=7,Cliente en cuarentena (RF-01) o inexistente,2026-08-11
Ventas,VentaID=9095 ClienteID=3,Cliente en cuarentena (RF-01) o inexistente,2026-08-11
Ventas,VentaID=9096 ClienteID=4,Cliente en cuarentena (RF-01) o inexistente,2026-08-11
Ventas,VentaID=9099 ClienteID=7,Cliente en cuarentena (RF-01) o inexistente,2026-08-11
Ventas,VentaID=9102 ClienteID=3,Cliente en cuarentena (RF-01) o inexistente,2026-08-11
Ventas,VentaID=9103 ClienteID=4,Cliente en cuarentena (RF-01) o inexistente,2026-08-11
Ventas,VentaID=9106 ClienteID=7,Cliente en cuarentena (RF-01) o inexistente,2026-08-11
Ventas,VentaID=9109 ClienteID=3,Cliente en cuarentena (RF-01) o inexistente,2026-08-11
Ventas,VentaID=9110 ClienteID=4,Cliente en cuarentena (RF-01) o inexistente,2026-08-11
Ventas,VentaID=9113 ClienteID=7,Cliente en cuarentena (RF-01) o inexistente,2026-08-11
Ventas,VentaID=9116 ClienteID=3,Cliente en cuarentena (RF-01) o inexistente,2026-08-11
Ventas,VentaID=9117 ClienteID=4,Cliente en cuarentena (RF-01) o inexistente,2026-08-11
Ventas,VentaID=9120 ClienteID=7,Cliente en cuarentena (RF-01) o inexistente,2026-08-11
Ventas,VentaID=9123 ClienteID=3,Cliente en cuarentena (RF-01) o inexistente,2026-08-11
Ventas,VentaID=9124 ClienteID=4,Cliente en cuarentena (RF-01) o inexistente,2026-08-11
Ventas,VentaID=9127 ClienteID=7,Cliente en cuarentena (RF-01) o inexistente,2026-08-11
Ventas,VentaID=9130 ClienteID=3,Cliente en cuarentena (RF-01) o inexistente,2026-08-11
Ventas,VentaID=9131 ClienteID=4,Cliente en cuarentena (RF-01) o inexistente,2026-08-11
Ventas,VentaID=9134 ClienteID=7,Cliente en cuarentena (RF-01) o inexistente,2026-08-11
Ventas,VentaID=9137 ClienteID=3,Cliente en cuarentena (RF-01) o inexistente,2026-08-11
Ventas,VentaID=9138 ClienteID=4,Cliente en cuarentena (RF-01) o inexistente,2026-08-11
Ventas,VentaID=9141 ClienteID=7,Cliente en cuarentena (RF-01) o inexistente,2026-08-11
Ventas,VentaID=9144 ClienteID=3,Cliente en cuarentena (RF-01) o inexistente,2026-08-11
Ventas,VentaID=9145 ClienteID=4,Cliente en cuarentena (RF-01) o inexistente,2026-08-11
Ventas,VentaID=9148 ClienteID=7,Cliente en cuarentena (RF-01) o inexistente,2026-08-11
Ventas,VentaID=9151 ClienteID=3,Cliente en cuarentena (RF-01) o inexistente,2026-08-11
Ventas,VentaID=9152 ClienteID=4,Cliente en cuarentena (RF-01) o inexistente,2026-08-11
Ventas,VentaID=9155 ClienteID=7,Cliente en cuarentena (RF-01) o inexistente,2026-08-11
Ventas,VentaID=9158 ClienteID=3,Cliente en cuarentena (RF-01) o inexistente,2026-08-11
Ventas,VentaID=9159 ClienteID=4,Cliente en cuarentena (RF-01) o inexistente,2026-08-11
Ventas,VentaID=9162 ClienteID=7,Cliente en cuarentena (RF-01) o inexistente,2026-08-11
Ventas,VentaID=9165 ClienteID=3,Cliente en cuarentena (RF-01) o inexistente,2026-08-11
Ventas,VentaID=9166 ClienteID=4,Cliente en cuarentena (RF-01) o inexistente,2026-08-11
Ventas,VentaID=9169 ClienteID=7,Cliente en cuarentena (RF-01) o inexistente,2026-08-11
Ventas,VentaID=9172 ClienteID=3,Cliente en cuarentena (RF-01) o inexistente,2026-08-11
Ventas,VentaID=9173 ClienteID=4,Cliente en cuarentena (RF-01) o inexistente,2026-08-11
Ventas,VentaID=9176 ClienteID=7,Cliente en cuarentena (RF-01) o inexistente,2026-08-11
Ventas,VentaID=9179 ClienteID=3,Cliente en cuarentena (RF-01) o inexistente,2026-08-11
Ventas,VentaID=9180 ClienteID=4,Cliente en cuarentena (RF-01) o inexistente,2026-08-11
Ventas,VentaID=9183 ClienteID=7,Cliente en cuarentena (RF-01) o inexistente,2026-08-11
Ventas,VentaID=9186 ClienteID=3,Cliente en cuarentena (RF-01) o inexistente,2026-08-11
Ventas,VentaID=9187 ClienteID=4,Cliente en cuarentena (RF-01) o inexistente,2026-08-11
Ventas,VentaID=9190 ClienteID=7,Cliente en cuarentena (RF-01) o inexistente,2026-08-11
Ventas,VentaID=9193 ClienteID=3,Cliente en cuarentena (RF-01) o inexistente,2026-08-11
Ventas,VentaID=9194 ClienteID=4,Cliente en cuarentena (RF-01) o inexistente,2026-08-11
Ventas,VentaID=9197 ClienteID=7,Cliente en cuarentena (RF-01) o inexistente,2026-08-11
Ventas,VentaID=9200 ClienteID=3,Cliente en cuarentena (RF-01) o inexistente,2026-08-11
Ventas,VentaID=9201 ClienteID=4,Cliente en cuarentena (RF-01) o inexistente,2026-08-11
Ventas,VentaID=9204 ClienteID=7,Cliente en cuarentena (RF-01) o inexistente,2026-08-11
Ventas,VentaID=9207 ClienteID=3,Cliente en cuarentena (RF-01) o inexistente,2026-08-11
Ventas,VentaID=9208 ClienteID=4,Cliente en cuarentena (RF-01) o inexistente,2026-08-11
Ventas,VentaID=9211 ClienteID=7,Cliente en cuarentena (RF-01) o inexistente,2026-08-11
Ventas,VentaID=9214 ClienteID=3,Cliente en cuarentena (RF-01) o inexistente,2026-08-11
Ventas,VentaID=9215 ClienteID=4,Cliente en cuarentena (RF-01) o inexistente,2026-08-11
Ventas,VentaID=9218 ClienteID=7,Cliente en cuarentena (RF-01) o inexistente,2026-08-11
Ventas,VentaID=9221 ClienteID=3,Cliente en cuarentena (RF-01) o inexistente,2026-08-11
Ventas,VentaID=9222 ClienteID=4,Cliente en cuarentena (RF-01) o inexistente,2026-08-11
Ventas,VentaID=9225 ClienteID=7,Cliente en cuarentena (RF-01) o inexistente,2026-08-11
Ventas,VentaID=9228 ClienteID=3,Cliente en cuarentena (RF-01) o inexistente,2026-08-11
Ventas,VentaID=9229 ClienteID=4,Cliente en cuarentena (RF-01) o inexistente,2026-08-11
Ventas,VentaID=9232 ClienteID=7,Cliente en cuarentena (RF-01) o inexistente,2026-08-11
Ventas,VentaID=9235 ClienteID=3,Cliente en cuarentena (RF-01) o inexistente,2026-08-11
Ventas,VentaID=9236 ClienteID=4,Cliente en cuarentena (RF-01) o inexistente,2026-08-11
Ventas,VentaID=9239 ClienteID=7,Cliente en cuarentena (RF-01) o inexistente,2026-08-11
Ventas,VentaID=9242 ClienteID=3,Cliente en cuarentena (RF-01) o inexistente,2026-08-11
Ventas,VentaID=9243 ClienteID=4,Cliente en cuarentena (RF-01) o inexistente,2026-08-11
Ventas,VentaID=9246 ClienteID=7,Cliente en cuarentena (RF-01) o inexistente,2026-08-11
Ventas,VentaID=9249 ClienteID=3,Cliente en cuarentena (RF-01) o inexistente,2026-08-11
Ventas,VentaID=9250 ClienteID=4,Cliente en cuarentena (RF-01) o inexistente,2026-08-11
Ventas,VentaID=9253 ClienteID=7,Cliente en cuarentena (RF-01) o inexistente,2026-08-11
Ventas,VentaID=9256 ClienteID=3,Cliente en cuarentena (RF-01) o inexistente,2026-08-11
Ventas,VentaID=9257 ClienteID=4,Cliente en cuarentena (RF-01) o inexistente,2026-08-11
Ventas,VentaID=9260 ClienteID=7,Cliente en cuarentena (RF-01) o inexistente,2026-08-11
Ventas,VentaID=9263 ClienteID=3,Cliente en cuarentena (RF-01) o inexistente,2026-08-11
Ventas,VentaID=9264 ClienteID=4,Cliente en cuarentena (RF-01) o inexistente,2026-08-11
Ventas,VentaID=9267 ClienteID=7,Cliente en cuarentena (RF-01) o inexistente,2026-08-11
Ventas,VentaID=9270 ClienteID=3,Cliente en cuarentena (RF-01) o inexistente,2026-08-11
Ventas,VentaID=9271 ClienteID=4,Cliente en cuarentena (RF-01) o inexistente,2026-08-11
Ventas,VentaID=9274 ClienteID=7,Cliente en cuarentena (RF-01) o inexistente,2026-08-11
Ventas,VentaID=9277 ClienteID=3,Cliente en cuarentena (RF-01) o inexistente,2026-08-11
Ventas,VentaID=9278 ClienteID=4,Cliente en cuarentena (RF-01) o inexistente,2026-08-11
Ventas,VentaID=9281 ClienteID=7,Cliente en cuarentena (RF-01) o inexistente,2026-08-11
Ventas,VentaID=9284 ClienteID=3,Cliente en cuarentena (RF-01) o inexistente,2026-08-11
Ventas,VentaID=9285 ClienteID=4,Cliente en cuarentena (RF-01) o inexistente,2026-08-11
Ventas,VentaID=9288 ClienteID=7,Cliente en cuarentena (RF-01) o inexistente,2026-08-11
Ventas,VentaID=9291 ClienteID=3,Cliente en cuarentena (RF-01) o inexistente,2026-08-11
Ventas,VentaID=9292 ClienteID=4,Cliente en cuarentena (RF-01) o inexistente,2026-08-11
Ventas,VentaID=9295 ClienteID=7,Cliente en cuarentena (RF-01) o inexistente,2026-08-11
Ventas,VentaID=9298 ClienteID=3,Cliente en cuarentena (RF-01) o inexistente,2026-08-11
Ventas,VentaID=9299 ClienteID=4,Cliente en cuarentena (RF-01) o inexistente,2026-08-11
Ventas,VentaID=9302 ClienteID=7,Cliente en cuarentena (RF-01) o inexistente,2026-08-11
Ventas,VentaID=9305 ClienteID=3,Cliente en cuarentena (RF-01) o inexistente,2026-08-11
Ventas,VentaID=9306 ClienteID=4,Cliente en cuarentena (RF-01) o inexistente,2026-08-11
Ventas,VentaID=9309 ClienteID=7,Cliente en cuarentena (RF-01) o inexistente,2026-08-11
Ventas,VentaID=9312 ClienteID=3,Cliente en cuarentena (RF-01) o inexistente,2026-08-11
Ventas,VentaID=9313 ClienteID=4,Cliente en cuarentena (RF-01) o inexistente,2026-08-11
Ventas,VentaID=9316 ClienteID=7,Cliente en cuarentena (RF-01) o inexistente,2026-08-11
Ventas,VentaID=9319 ClienteID=3,Cliente en cuarentena (RF-01) o inexistente,2026-08-11
Ventas,VentaID=9320 ClienteID=4,Cliente en cuarentena (RF-01) o inexistente,2026-08-11
Ventas,VentaID=9323 ClienteID=7,Cliente en cuarentena (RF-01) o inexistente,2026-08-11
Ventas,VentaID=9326 ClienteID=3,Cliente en cuarentena (RF-01) o inexistente,2026-08-11
Ventas,VentaID=9327 ClienteID=4,Cliente en cuarentena (RF-01) o inexistente,2026-08-11
Ventas,VentaID=9330 ClienteID=7,Cliente en cuarentena (RF-01) o inexistente,2026-08-11
Ventas,VentaID=9333 ClienteID=3,Cliente en cuarentena (RF-01) o inexistente,2026-08-11
Ventas,VentaID=9334 ClienteID=4,Cliente en cuarentena (RF-01) o inexistente,2026-08-11
Ventas,VentaID=9337 ClienteID=7,Cliente en cuarentena (RF-01) o inexistente,2026-08-11
Ventas,VentaID=9340 ClienteID=3,Cliente en cuarentena (RF-01) o inexistente,2026-08-11
Ventas,VentaID=9341 ClienteID=4,Cliente en cuarentena (RF-01) o inexistente,2026-08-11
Ventas,VentaID=9344 ClienteID=7,Cliente en cuarentena (RF-01) o inexistente,2026-08-11
Ventas,VentaID=9347 ClienteID=3,Cliente en cuarentena (RF-01) o inexistente,2026-08-11
Ventas,VentaID=9348 ClienteID=4,Cliente en cuarentena (RF-01) o inexistente,2026-08-11
Ventas,VentaID=9351 ClienteID=7,Cliente en cuarentena (RF-01) o inexistente,2026-08-11
Ventas,VentaID=9354 ClienteID=3,Cliente en cuarentena (RF-01) o inexistente,2026-08-11
Ventas,VentaID=9355 ClienteID=4,Cliente en cuarentena (RF-01) o inexistente,2026-08-11
Ventas,VentaID=9358 ClienteID=7,Cliente en cuarentena (RF-01) o inexistente,2026-08-11
Ventas,VentaID=9361 ClienteID=3,Cliente en cuarentena (RF-01) o inexistente,2026-08-11
Ventas,VentaID=9362 ClienteID=4,Cliente en cuarentena (RF-01) o inexistente,2026-08-11
Ventas,VentaID=9365 ClienteID=7,Cliente en cuarentena (RF-01) o inexistente,2026-08-11
Ventas,VentaID=9368 ClienteID=3,Cliente en cuarentena (RF-01) o inexistente,2026-08-11
Ventas,VentaID=9369 ClienteID=4,Cliente en cuarentena (RF-01) o inexistente,2026-08-11
Ventas,VentaID=9372 ClienteID=7,Cliente en cuarentena (RF-01) o inexistente,2026-08-11
Ventas,VentaID=9375 ClienteID=3,Cliente en cuarentena (RF-01) o inexistente,2026-08-11
Ventas,VentaID=9376 ClienteID=4,Cliente en cuarentena (RF-01) o inexistente,2026-08-11
Ventas,VentaID=9379 ClienteID=7,Cliente en cuarentena (RF-01) o inexistente,2026-08-11
Ventas,VentaID=9382 ClienteID=3,Cliente en cuarentena (RF-01) o inexistente,2026-08-11
Ventas,VentaID=9383 ClienteID=4,Cliente en cuarentena (RF-01) o inexistente,2026-08-11
Ventas,VentaID=9386 ClienteID=7,Cliente en cuarentena (RF-01) o inexistente,2026-08-11
Ventas,VentaID=9389 ClienteID=3,Cliente en cuarentena (RF-01) o inexistente,2026-08-11
Ventas,VentaID=9390 ClienteID=4,Cliente en cuarentena (RF-01) o inexistente,2026-08-11
Ventas,VentaID=9393 ClienteID=7,Cliente en cuarentena (RF-01) o inexistente,2026-08-11
Ventas,VentaID=9396 ClienteID=3,Cliente en cuarentena (RF-01) o inexistente,2026-08-11
Ventas,VentaID=9397 ClienteID=4,Cliente en cuarentena (RF-01) o inexistente,2026-08-11
Ventas,VentaID=9400 ClienteID=7,Cliente en cuarentena (RF-01) o inexistente,2026-08-11
Ventas,VentaID=9403 ClienteID=3,Cliente en cuarentena (RF-01) o inexistente,2026-08-11
Ventas,VentaID=9404 ClienteID=4,Cliente en cuarentena (RF-01) o inexistente,2026-08-11
Ventas,VentaID=9407 ClienteID=7,Cliente en cuarentena (RF-01) o inexistente,2026-08-11
Ventas,VentaID=9410 ClienteID=3,Cliente en cuarentena (RF-01) o inexistente,2026-08-11
Ventas,VentaID=9411 ClienteID=4,Cliente en cuarentena (RF-01) o inexistente,2026-08-11
Ventas,VentaID=9414 ClienteID=7,Cliente en cuarentena (RF-01) o inexistente,2026-08-11
Ventas,VentaID=9417 ClienteID=3,Cliente en cuarentena (RF-01) o inexistente,2026-08-11
Ventas,VentaID=9418 ClienteID=4,Cliente en cuarentena (RF-01) o inexistente,2026-08-11
Ventas,VentaID=9421 ClienteID=7,Cliente en cuarentena (RF-01) o inexistente,2026-08-11
Ventas,VentaID=9424 ClienteID=3,Cliente en cuarentena (RF-01) o inexistente,2026-08-11
Ventas,VentaID=9425 ClienteID=4,Cliente en cuarentena (RF-01) o inexistente,2026-08-11
Ventas,VentaID=9428 ClienteID=7,Cliente en cuarentena (RF-01) o inexistente,2026-08-11
Ventas,VentaID=9431 ClienteID=3,Cliente en cuarentena (RF-01) o inexistente,2026-08-11
Ventas,VentaID=9432 ClienteID=4,Cliente en cuarentena (RF-01) o inexistente,2026-08-11
Ventas,VentaID=9435 ClienteID=7,Cliente en cuarentena (RF-01) o inexistente,2026-08-11
Ventas,VentaID=9438 ClienteID=3,Cliente en cuarentena (RF-01) o inexistente,2026-08-11
Ventas,VentaID=9439 ClienteID=4,Cliente en cuarentena (RF-01) o inexistente,2026-08-11
Ventas,VentaID=9442 ClienteID=7,Cliente en cuarentena (RF-01) o inexistente,2026-08-11
Ventas,VentaID=9445 ClienteID=3,Cliente en cuarentena (RF-01) o inexistente,2026-08-11
Ventas,VentaID=9446 ClienteID=4,Cliente en cuarentena (RF-01) o inexistente,2026-08-11
Ventas,VentaID=9449 ClienteID=7,Cliente en cuarentena (RF-01) o inexistente,2026-08-11
Ventas,VentaID=9452 ClienteID=3,Cliente en cuarentena (RF-01) o inexistente,2026-08-11
Ventas,VentaID=9453 ClienteID=4,Cliente en cuarentena (RF-01) o inexistente,2026-08-11
Ventas,VentaID=9456 ClienteID=7,Cliente en cuarentena (RF-01) o inexistente,2026-08-11
Ventas,VentaID=9459 ClienteID=3,Cliente en cuarentena (RF-01) o inexistente,2026-08-11
Ventas,VentaID=9460 ClienteID=4,Cliente en cuarentena (RF-01) o inexistente,2026-08-11
Ventas,VentaID=9463 ClienteID=7,Cliente en cuarentena (RF-01) o inexistente,2026-08-11
Ventas,VentaID=9466 ClienteID=3,Cliente en cuarentena (RF-01) o inexistente,2026-08-11
Ventas,VentaID=9467 ClienteID=4,Cliente en cuarentena (RF-01) o inexistente,2026-08-11
Ventas,VentaID=9470 ClienteID=7,Cliente en cuarentena (RF-01) o inexistente,2026-08-11
Ventas,VentaID=9473 ClienteID=3,Cliente en cuarentena (RF-01) o inexistente,2026-08-11
Ventas,VentaID=9474 ClienteID=4,Cliente en cuarentena (RF-01) o inexistente,2026-08-11
Ventas,VentaID=9477 ClienteID=7,Cliente en cuarentena (RF-01) o inexistente,2026-08-11
Ventas,VentaID=9480 ClienteID=3,Cliente en cuarentena (RF-01) o inexistente,2026-08-11
Ventas,VentaID=9481 ClienteID=4,Cliente en cuarentena (RF-01) o inexistente,2026-08-11
Ventas,VentaID=9484 ClienteID=7,Cliente en cuarentena (RF-01) o inexistente,2026-08-11
Ventas,VentaID=9487 ClienteID=3,Cliente en cuarentena (RF-01) o inexistente,2026-08-11
Ventas,VentaID=9488 ClienteID=4,Cliente en cuarentena (RF-01) o inexistente,2026-08-11
Ventas,VentaID=9491 ClienteID=7,Cliente en cuarentena (RF-01) o inexistente,2026-08-11
Ventas,VentaID=9494 ClienteID=3,Cliente en cuarentena (RF-01) o inexistente,2026-08-11
Ventas,VentaID=9495 ClienteID=4,Cliente en cuarentena (RF-01) o inexistente,2026-08-11
Ventas,VentaID=9498 ClienteID=7,Cliente en cuarentena (RF-01) o inexistente,2026-08-11
Ventas,VentaID=9501 ClienteID=3,Cliente en cuarentena (RF-01) o inexistente,2026-08-11
Ventas,VentaID=9502 ClienteID=4,Cliente en cuarentena (RF-01) o inexistente,2026-08-11
Ventas,VentaID=9505 ClienteID=7,Cliente en cuarentena (RF-01) o inexistente,2026-08-11
Ventas,VentaID=9508 ClienteID=3,Cliente en cuarentena (RF-01) o inexistente,2026-08-11
Ventas,VentaID=9509 ClienteID=4,Cliente en cuarentena (RF-01) o inexistente,2026-08-11
Ventas,VentaID=9512 ClienteID=7,Cliente en cuarentena (RF-01) o inexistente,2026-08-11
Ventas,VentaID=9515 ClienteID=3,Cliente en cuarentena (RF-01) o inexistente,2026-08-11
Ventas,VentaID=9516 ClienteID=4,Cliente en cuarentena (RF-01) o inexistente,2026-08-11
Ventas,VentaID=9519 ClienteID=7,Cliente en cuarentena (RF-01) o inexistente,2026-08-11
Ventas,VentaID=9522 ClienteID=3,Cliente en cuarentena (RF-01) o inexistente,2026-08-11
Ventas,VentaID=9523 ClienteID=4,Cliente en cuarentena (RF-01) o inexistente,2026-08-11
Ventas,VentaID=9526 ClienteID=7,Cliente en cuarentena (RF-01) o inexistente,2026-08-11
Ventas,VentaID=9529 ClienteID=3,Cliente en cuarentena (RF-01) o inexistente,2026-08-11
Ventas,VentaID=9530 ClienteID=4,Cliente en cuarentena (RF-01) o inexistente,2026-08-11
Ventas,VentaID=9533 ClienteID=7,Cliente en cuarentena (RF-01) o inexistente,2026-08-11
Ventas,VentaID=9536 ClienteID=3,Cliente en cuarentena (RF-01) o inexistente,2026-08-11
Ventas,VentaID=9537 ClienteID=4,Cliente en cuarentena (RF-01) o inexistente,2026-08-11
Ventas,VentaID=9540 ClienteID=7,Cliente en cuarentena (RF-01) o inexistente,2026-08-11
Ventas,VentaID=9543 ClienteID=3,Cliente en cuarentena (RF-01) o inexistente,2026-08-11
Ventas,VentaID=9544 ClienteID=4,Cliente en cuarentena (RF-01) o inexistente,2026-08-11
Ventas,VentaID=9547 ClienteID=7,Cliente en cuarentena (RF-01) o inexistente,2026-08-11
Ventas,VentaID=9550 ClienteID=3,Cliente en cuarentena (RF-01) o inexistente,2026-08-11
Ventas,VentaID=9551 ClienteID=4,Cliente en cuarentena (RF-01) o inexistente,2026-08-11
Ventas,VentaID=9554 ClienteID=7,Cliente en cuarentena (RF-01) o inexistente,2026-08-11
Ventas,VentaID=9557 ClienteID=3,Cliente en cuarentena (RF-01) o inexistente,2026-08-11
Ventas,VentaID=9558 ClienteID=4,Cliente en cuarentena (RF-01) o inexistente,2026-08-11
Ventas,VentaID=9561 ClienteID=7,Cliente en cuarentena (RF-01) o inexistente,2026-08-11
Ventas,VentaID=9564 ClienteID=3,Cliente en cuarentena (RF-01) o inexistente,2026-08-11
Ventas,VentaID=9565 ClienteID=4,Cliente en cuarentena (RF-01) o inexistente,2026-08-11
Ventas,VentaID=9568 ClienteID=7,Cliente en cuarentena (RF-01) o inexistente,2026-08-11
Ventas,VentaID=9571 ClienteID=3,Cliente en cuarentena (RF-01) o inexistente,2026-08-11
Ventas,VentaID=9572 ClienteID=4,Cliente en cuarentena (RF-01) o inexistente,2026-08-11
Ventas,VentaID=9575 ClienteID=7,Cliente en cuarentena (RF-01) o inexistente,2026-08-11
Ventas,VentaID=9578 ClienteID=3,Cliente en cuarentena (RF-01) o inexistente,2026-08-11
Ventas,VentaID=9579 ClienteID=4,Cliente en cuarentena (RF-01) o inexistente,2026-08-11
Ventas,VentaID=9582 ClienteID=7,Cliente en cuarentena (RF-01) o inexistente,2026-08-11
Ventas,VentaID=9585 ClienteID=3,Cliente en cuarentena (RF-01) o inexistente,2026-08-11
Ventas,VentaID=9586 ClienteID=4,Cliente en cuarentena (RF-01) o inexistente,2026-08-11
Ventas,VentaID=9589 ClienteID=7,Cliente en cuarentena (RF-01) o inexistente,2026-08-11
Ventas,VentaID=9592 ClienteID=3,Cliente en cuarentena (RF-01) o inexistente,2026-08-11
Ventas,VentaID=9593 ClienteID=4,Cliente en cuarentena (RF-01) o inexistente,2026-08-11
Ventas,VentaID=9596 ClienteID=7,Cliente en cuarentena (RF-01) o inexistente,2026-08-11
Ventas,VentaID=9599 ClienteID=3,Cliente en cuarentena (RF-01) o inexistente,2026-08-11
Ventas,VentaID=9600 ClienteID=4,Cliente en cuarentena (RF-01) o inexistente,2026-08-11
Ventas,VentaID=9603 ClienteID=7,Cliente en cuarentena (RF-01) o inexistente,2026-08-11
Ventas,VentaID=9606 ClienteID=3,Cliente en cuarentena (RF-01) o inexistente,2026-08-11
Ventas,VentaID=9607 ClienteID=4,Cliente en cuarentena (RF-01) o inexistente,2026-08-11
Ventas,VentaID=9610 ClienteID=7,Cliente en cuarentena (RF-01) o inexistente,2026-08-11
Ventas,VentaID=9613 ClienteID=3,Cliente en cuarentena (RF-01) o inexistente,2026-08-11
Ventas,VentaID=9614 ClienteID=4,Cliente en cuarentena (RF-01) o inexistente,2026-08-11
Ventas,VentaID=9617 ClienteID=7,Cliente en cuarentena (RF-01) o inexistente,2026-08-11
Ventas,VentaID=9620 ClienteID=3,Cliente en cuarentena (RF-01) o inexistente,2026-08-11
Ventas,VentaID=9621 ClienteID=4,Cliente en cuarentena (RF-01) o inexistente,2026-08-11
Ventas,VentaID=9624 ClienteID=7,Cliente en cuarentena (RF-01) o inexistente,2026-08-11
Ventas,VentaID=9627 ClienteID=3,Cliente en cuarentena (RF-01) o inexistente,2026-08-11
Ventas,VentaID=9628 ClienteID=4,Cliente en cuarentena (RF-01) o inexistente,2026-08-11
Ventas,VentaID=9631 ClienteID=7,Cliente en cuarentena (RF-01) o inexistente,2026-08-11
Ventas,VentaID=9634 ClienteID=3,Cliente en cuarentena (RF-01) o inexistente,2026-08-11
Ventas,VentaID=9635 ClienteID=4,Cliente en cuarentena (RF-01) o inexistente,2026-08-11
Ventas,VentaID=9638 ClienteID=7,Cliente en cuarentena (RF-01) o inexistente,2026-08-11
Ventas,VentaID=9641 ClienteID=3,Cliente en cuarentena (RF-01) o inexistente,2026-08-11
Ventas,VentaID=9642 ClienteID=4,Cliente en cuarentena (RF-01) o inexistente,2026-08-11
Ventas,VentaID=9645 ClienteID=7,Cliente en cuarentena (RF-01) o inexistente,2026-08-11
Ventas,VentaID=9648 ClienteID=3,Cliente en cuarentena (RF-01) o inexistente,2026-08-11
Ventas,VentaID=9649 ClienteID=4,Cliente en cuarentena (RF-01) o inexistente,2026-08-11
Ventas,VentaID=9652 ClienteID=7,Cliente en cuarentena (RF-01) o inexistente,2026-08-11
Ventas,VentaID=9655 ClienteID=3,Cliente en cuarentena (RF-01) o inexistente,2026-08-11
Ventas,VentaID=9656 ClienteID=4,Cliente en cuarentena (RF-01) o inexistente,2026-08-11
Ventas,VentaID=9659 ClienteID=7,Cliente en cuarentena (RF-01) o inexistente,2026-08-11
Ventas,VentaID=9662 ClienteID=3,Cliente en cuarentena (RF-01) o inexistente,2026-08-11
Ventas,VentaID=9663 ClienteID=4,Cliente en cuarentena (RF-01) o inexistente,2026-08-11
Ventas,VentaID=9666 ClienteID=7,Cliente en cuarentena (RF-01) o inexistente,2026-08-11
Ventas,VentaID=9669 ClienteID=3,Cliente en cuarentena (RF-01) o inexistente,2026-08-11
Ventas,VentaID=9670 ClienteID=4,Cliente en cuarentena (RF-01) o inexistente,2026-08-11
Ventas,VentaID=9673 ClienteID=7,Cliente en cuarentena (RF-01) o inexistente,2026-08-11
Ventas,VentaID=9676 ClienteID=3,Cliente en cuarentena (RF-01) o inexistente,2026-08-11
Ventas,VentaID=9677 ClienteID=4,Cliente en cuarentena (RF-01) o inexistente,2026-08-11
Ventas,VentaID=9680 ClienteID=7,Cliente en cuarentena (RF-01) o inexistente,2026-08-11
Ventas,VentaID=9683 ClienteID=3,Cliente en cuarentena (RF-01) o inexistente,2026-08-11
Ventas,VentaID=9684 ClienteID=4,Cliente en cuarentena (RF-01) o inexistente,2026-08-11
Ventas,VentaID=9687 ClienteID=7,Cliente en cuarentena (RF-01) o inexistente,2026-08-11
Ventas,VentaID=9690 ClienteID=3,Cliente en cuarentena (RF-01) o inexistente,2026-08-11
Ventas,VentaID=9691 ClienteID=4,Cliente en cuarentena (RF-01) o inexistente,2026-08-11
Ventas,VentaID=9694 ClienteID=7,Cliente en cuarentena (RF-01) o inexistente,2026-08-11
Ventas,VentaID=9697 ClienteID=3,Cliente en cuarentena (RF-01) o inexistente,2026-08-11
Ventas,VentaID=9698 ClienteID=4,Cliente en cuarentena (RF-01) o inexistente,2026-08-11
Ventas,VentaID=9701 ClienteID=7,Cliente en cuarentena (RF-01) o inexistente,2026-08-11
Ventas,VentaID=9704 ClienteID=3,Cliente en cuarentena (RF-01) o inexistente,2026-08-11
Ventas,VentaID=9705 ClienteID=4,Cliente en cuarentena (RF-01) o inexistente,2026-08-11
Ventas,VentaID=9708 ClienteID=7,Cliente en cuarentena (RF-01) o inexistente,2026-08-11
Ventas,VentaID=9711 ClienteID=3,Cliente en cuarentena (RF-01) o inexistente,2026-08-11
Ventas,VentaID=9712 ClienteID=4,Cliente en cuarentena (RF-01) o inexistente,2026-08-11
Ventas,VentaID=9715 ClienteID=7,Cliente en cuarentena (RF-01) o inexistente,2026-08-11
Ventas,VentaID=9718 ClienteID=3,Cliente en cuarentena (RF-01) o inexistente,2026-08-11
Ventas,VentaID=9719 ClienteID=4,Cliente en cuarentena (RF-01) o inexistente,2026-08-11
Ventas,VentaID=9722 ClienteID=7,Cliente en cuarentena (RF-01) o inexistente,2026-08-11
Ventas,VentaID=9725 ClienteID=3,Cliente en cuarentena (RF-01) o inexistente,2026-08-11
Ventas,VentaID=9726 ClienteID=4,Cliente en cuarentena (RF-01) o inexistente,2026-08-11
Ventas,VentaID=9729 ClienteID=7,Cliente en cuarentena (RF-01) o inexistente,2026-08-11
Ventas,VentaID=9732 ClienteID=3,Cliente en cuarentena (RF-01) o inexistente,2026-08-11
Ventas,VentaID=9733 ClienteID=4,Cliente en cuarentena (RF-01) o inexistente,2026-08-11
Ventas,VentaID=9736 ClienteID=7,Cliente en cuarentena (RF-01) o inexistente,2026-08-11
Ventas,VentaID=9739 ClienteID=3,Cliente en cuarentena (RF-01) o inexistente,2026-08-11
Ventas,VentaID=9740 ClienteID=4,Cliente en cuarentena (RF-01) o inexistente,2026-08-11
Ventas,VentaID=9743 ClienteID=7,Cliente en cuarentena (RF-01) o inexistente,2026-08-11
Ventas,VentaID=9746 ClienteID=3,Cliente en cuarentena (RF-01) o inexistente,2026-08-11
Ventas,VentaID=9747 ClienteID=4,Cliente en cuarentena (RF-01) o inexistente,2026-08-11
Ventas,VentaID=9750 ClienteID=7,Cliente en cuarentena (RF-01) o inexistente,2026-08-11
Ventas,VentaID=9753 ClienteID=3,Cliente en cuarentena (RF-01) o inexistente,2026-08-11
Ventas,VentaID=9754 ClienteID=4,Cliente en cuarentena (RF-01) o inexistente,2026-08-11
Ventas,VentaID=9757 ClienteID=7,Cliente en cuarentena (RF-01) o inexistente,2026-08-11
Ventas,VentaID=9760 ClienteID=3,Cliente en cuarentena (RF-01) o inexistente,2026-08-11
Ventas,VentaID=9761 ClienteID=4,Cliente en cuarentena (RF-01) o inexistente,2026-08-11
Ventas,VentaID=9764 ClienteID=7,Cliente en cuarentena (RF-01) o inexistente,2026-08-11
Ventas,VentaID=9767 ClienteID=3,Cliente en cuarentena (RF-01) o inexistente,2026-08-11
Ventas,VentaID=9768 ClienteID=4,Cliente en cuarentena (RF-01) o inexistente,2026-08-11
Ventas,VentaID=9771 ClienteID=7,Cliente en cuarentena (RF-01) o inexistente,2026-08-11
Ventas,VentaID=9774 ClienteID=3,Cliente en cuarentena (RF-01) o inexistente,2026-08-11
Ventas,VentaID=9775 ClienteID=4,Cliente en cuarentena (RF-01) o inexistente,2026-08-11
Ventas,VentaID=9778 ClienteID=7,Cliente en cuarentena (RF-01) o inexistente,2026-08-11
Ventas,VentaID=9781 ClienteID=3,Cliente en cuarentena (RF-01) o inexistente,2026-08-11
Ventas,VentaID=9782 ClienteID=4,Cliente en cuarentena (RF-01) o inexistente,2026-08-11
Ventas,VentaID=9785 ClienteID=7,Cliente en cuarentena (RF-01) o inexistente,2026-08-11
Ventas,VentaID=9788 ClienteID=3,Cliente en cuarentena (RF-01) o inexistente,2026-08-11
Ventas,VentaID=9789 ClienteID=4,Cliente en cuarentena (RF-01) o inexistente,2026-08-11
Ventas,VentaID=9792 ClienteID=7,Cliente en cuarentena (RF-01) o inexistente,2026-08-11
Ventas,VentaID=9795 ClienteID=3,Cliente en cuarentena (RF-01) o inexistente,2026-08-11
Ventas,VentaID=9796 ClienteID=4,Cliente en cuarentena (RF-01) o inexistente,2026-08-11
Ventas,VentaID=9799 ClienteID=7,Cliente en cuarentena (RF-01) o inexistente,2026-08-11
Ventas,VentaID=9802 ClienteID=3,Cliente en cuarentena (RF-01) o inexistente,2026-08-11
Ventas,VentaID=9803 ClienteID=4,Cliente en cuarentena (RF-01) o inexistente,2026-08-11
Ventas,VentaID=9806 ClienteID=7,Cliente en cuarentena (RF-01) o inexistente,2026-08-11
Ventas,VentaID=9809 ClienteID=3,Cliente en cuarentena (RF-01) o inexistente,2026-08-11
Ventas,VentaID=9810 ClienteID=4,Cliente en cuarentena (RF-01) o inexistente,2026-08-11
Ventas,VentaID=9813 ClienteID=7,Cliente en cuarentena (RF-01) o inexistente,2026-08-11
Ventas,VentaID=9816 ClienteID=3,Cliente en cuarentena (RF-01) o inexistente,2026-08-11
Ventas,VentaID=9817 ClienteID=4,Cliente en cuarentena (RF-01) o inexistente,2026-08-11
Ventas,VentaID=9820 ClienteID=7,Cliente en cuarentena (RF-01) o inexistente,2026-08-11
Ventas,VentaID=9823 ClienteID=3,Cliente en cuarentena (RF-01) o inexistente,2026-08-11
Ventas,VentaID=9824 ClienteID=4,Cliente en cuarentena (RF-01) o inexistente,2026-08-11
Ventas,VentaID=9827 ClienteID=7,Cliente en cuarentena (RF-01) o inexistente,2026-08-11
Ventas,VentaID=9830 ClienteID=3,Cliente en cuarentena (RF-01) o inexistente,2026-08-11
Ventas,VentaID=9831 ClienteID=4,Cliente en cuarentena (RF-01) o inexistente,2026-08-11
Ventas,VentaID=9834 ClienteID=7,Cliente en cuarentena (RF-01) o inexistente,2026-08-11
Ventas,VentaID=9837 ClienteID=3,Cliente en cuarentena (RF-01) o inexistente,2026-08-11
Ventas,VentaID=9838 ClienteID=4,Cliente en cuarentena (RF-01) o inexistente,2026-08-11
Ventas,VentaID=9841 ClienteID=7,Cliente en cuarentena (RF-01) o inexistente,2026-08-11
Ventas,VentaID=9844 ClienteID=3,Cliente en cuarentena (RF-01) o inexistente,2026-08-11
Ventas,VentaID=9845 ClienteID=4,Cliente en cuarentena (RF-01) o inexistente,2026-08-11
Ventas,VentaID=9848 ClienteID=7,Cliente en cuarentena (RF-01) o inexistente,2026-08-11
Ventas,VentaID=9851 ClienteID=3,Cliente en cuarentena (RF-01) o inexistente,2026-08-11
Ventas,VentaID=9852 ClienteID=4,Cliente en cuarentena (RF-01) o inexistente,2026-08-11
Ventas,VentaID=9855 ClienteID=7,Cliente en cuarentena (RF-01) o inexistente,2026-08-11
Ventas,VentaID=9858 ClienteID=3,Cliente en cuarentena (RF-01) o inexistente,2026-08-11
Ventas,VentaID=9859 ClienteID=4,Cliente en cuarentena (RF-01) o inexistente,2026-08-11
Ventas,VentaID=9862 ClienteID=7,Cliente en cuarentena (RF-01) o inexistente,2026-08-11
Ventas,VentaID=9865 ClienteID=3,Cliente en cuarentena (RF-01) o inexistente,2026-08-11
Ventas,VentaID=9866 ClienteID=4,Cliente en cuarentena (RF-01) o inexistente,2026-08-11
Ventas,VentaID=9869 ClienteID=7,Cliente en cuarentena (RF-01) o inexistente,2026-08-11
Ventas,VentaID=9872 ClienteID=3,Cliente en cuarentena (RF-01) o inexistente,2026-08-11
Ventas,VentaID=9873 ClienteID=4,Cliente en cuarentena (RF-01) o inexistente,2026-08-11
Ventas,VentaID=9876 ClienteID=7,Cliente en cuarentena (RF-01) o inexistente,2026-08-11
Ventas,VentaID=9879 ClienteID=3,Cliente en cuarentena (RF-01) o inexistente,2026-08-11
Ventas,VentaID=9880 ClienteID=4,Cliente en cuarentena (RF-01) o inexistente,2026-08-11
Ventas,VentaID=9883 ClienteID=7,Cliente en cuarentena (RF-01) o inexistente,2026-08-11
Ventas,VentaID=9886 ClienteID=3,Cliente en cuarentena (RF-01) o inexistente,2026-08-11
Ventas,VentaID=9887 ClienteID=4,Cliente en cuarentena (RF-01) o inexistente,2026-08-11
Ventas,VentaID=9890 ClienteID=7,Cliente en cuarentena (RF-01) o inexistente,2026-08-11
Ventas,VentaID=9893 ClienteID=3,Cliente en cuarentena (RF-01) o inexistente,2026-08-11
Ventas,VentaID=9894 ClienteID=4,Cliente en cuarentena (RF-01) o inexistente,2026-08-11
Ventas,VentaID=9897 ClienteID=7,Cliente en cuarentena (RF-01) o inexistente,2026-08-11
Ventas,VentaID=9900 ClienteID=3,Cliente en cuarentena (RF-01) o inexistente,2026-08-11
Ventas,VentaID=9901 ClienteID=4,Cliente en cuarentena (RF-01) o inexistente,2026-08-11
Ventas,VentaID=9904 ClienteID=7,Cliente en cuarentena (RF-01) o inexistente,2026-08-11
Ventas,VentaID=9907 ClienteID=3,Cliente en cuarentena (RF-01) o inexistente,2026-08-11
Ventas,VentaID=9908 ClienteID=4,Cliente en cuarentena (RF-01) o inexistente,2026-08-11
Ventas,VentaID=9911 ClienteID=7,Cliente en cuarentena (RF-01) o inexistente,2026-08-11
Ventas,VentaID=9914 ClienteID=3,Cliente en cuarentena (RF-01) o inexistente,2026-08-11
Ventas,VentaID=9915 ClienteID=4,Cliente en cuarentena (RF-01) o inexistente,2026-08-11
Ventas,VentaID=9918 ClienteID=7,Cliente en cuarentena (RF-01) o inexistente,2026-08-11
Ventas,VentaID=9921 ClienteID=3,Cliente en cuarentena (RF-01) o inexistente,2026-08-11
Ventas,VentaID=9922 ClienteID=4,Cliente en cuarentena (RF-01) o inexistente,2026-08-11
Ventas,VentaID=9925 ClienteID=7,Cliente en cuarentena (RF-01) o inexistente,2026-08-11
Ventas,VentaID=9928 ClienteID=3,Cliente en cuarentena (RF-01) o inexistente,2026-08-11
Ventas,VentaID=9929 ClienteID=4,Cliente en cuarentena (RF-01) o inexistente,2026-08-11
Ventas,VentaID=9932 ClienteID=7,Cliente en cuarentena (RF-01) o inexistente,2026-08-11
Ventas,VentaID=9935 ClienteID=3,Cliente en cuarentena (RF-01) o inexistente,2026-08-11
Ventas,VentaID=9936 ClienteID=4,Cliente en cuarentena (RF-01) o inexistente,2026-08-11
Ventas,VentaID=9939 ClienteID=7,Cliente en cuarentena (RF-01) o inexistente,2026-08-11
Ventas,VentaID=9942 ClienteID=3,Cliente en cuarentena (RF-01) o inexistente,2026-08-11
Ventas,VentaID=9943 ClienteID=4,Cliente en cuarentena (RF-01) o inexistente,2026-08-11
Ventas,VentaID=9946 ClienteID=7,Cliente en cuarentena (RF-01) o inexistente,2026-08-11
Ventas,VentaID=9949 ClienteID=3,Cliente en cuarentena (RF-01) o inexistente,2026-08-11
Ventas,VentaID=9950 ClienteID=4,Cliente en cuarentena (RF-01) o inexistente,2026-08-11
Ventas,VentaID=9953 ClienteID=7,Cliente en cuarentena (RF-01) o inexistente,2026-08-11
Ventas,VentaID=9956 ClienteID=3,Cliente en cuarentena (RF-01) o inexistente,2026-08-11
Ventas,VentaID=9957 ClienteID=4,Cliente en cuarentena (RF-01) o inexistente,2026-08-11
Ventas,VentaID=9960 ClienteID=7,Cliente en cuarentena (RF-01) o inexistente,2026-08-11
Ventas,VentaID=9963 ClienteID=3,Cliente en cuarentena (RF-01) o inexistente,2026-08-11
Ventas,VentaID=9964 ClienteID=4,Cliente en cuarentena (RF-01) o inexistente,2026-08-11
Ventas,VentaID=9967 ClienteID=7,Cliente en cuarentena (RF-01) o inexistente,2026-08-11
Ventas,VentaID=9970 ClienteID=3,Cliente en cuarentena (RF-01) o inexistente,2026-08-11
Ventas,VentaID=9971 ClienteID=4,Cliente en cuarentena (RF-01) o inexistente,2026-08-11
Ventas,VentaID=9974 ClienteID=7,Cliente en cuarentena (RF-01) o inexistente,2026-08-11
Ventas,VentaID=9977 ClienteID=3,Cliente en cuarentena (RF-01) o inexistente,2026-08-11
Ventas,VentaID=9978 ClienteID=4,Cliente en cuarentena (RF-01) o inexistente,2026-08-11
Ventas,VentaID=9981 ClienteID=7,Cliente en cuarentena (RF-01) o inexistente,2026-08-11
Ventas,VentaID=9984 ClienteID=3,Cliente en cuarentena (RF-01) o inexistente,2026-08-11
Ventas,VentaID=9985 ClienteID=4,Cliente en cuarentena (RF-01) o inexistente,2026-08-11
Ventas,VentaID=9988 ClienteID=7,Cliente en cuarentena (RF-01) o inexistente,2026-08-11
Ventas,VentaID=9991 ClienteID=3,Cliente en cuarentena (RF-01) o inexistente,2026-08-11
Ventas,VentaID=9992 ClienteID=4,Cliente en cuarentena (RF-01) o inexistente,2026-08-11
Ventas,VentaID=9995 ClienteID=7,Cliente en cuarentena (RF-01) o inexistente,2026-08-11
Ventas,VentaID=9998 ClienteID=3,Cliente en cuarentena (RF-01) o inexistente,2026-08-11
Ventas,VentaID=9999 ClienteID=4,Cliente en cuarentena (RF-01) o inexistente,2026-08-11
