VentaID,Fecha,ProductoID,VendedorID,ClienteID,UbicacionID,Cantidad,MontoTotal_Raw,fecha_parseada,_motivo_fecha,monto_eur,_motivo_monto
2,08/08/2026,3,3,3,3,3,22.0 €,2026-08-08,,22.0,
3,INVALID_DATE,4,4,4,4,4,18.5 USD,,Fecha inválida: INVALID_DATE,16.09,
5,05/08/2026,6,2,6,2,1,25.0 €,2026-08-05,,25.0,
6,08/04/2026,7,3,7,3,2,21.5 USD,2026-04-08,,18.7,
7,INVALID_DATE,1,4,1,4,3,27.0 €,,Fecha inválida: INVALID_DATE,27.0,
9,01/08/2026,3,2,3,2,5,24.5 USD,2026-08-01,,21.3,
10,07/31/2026,4,3,4,3,1,30.0 €,2026-07-31,,30.0,
11,INVALID_DATE,5,4,5,4,2,31.0 €,,Fecha inválida: INVALID_DATE,31.0,
12,2026-07-29,6,1,6,1,3,27.5 USD,2026-07-29,,23.91,
13,28/07/2026,7,2,7,2,4,33.0 €,2026-07-28,,33.0,
15,INVALID_DATE,2,4,2,4,1,30.5 USD,,Fecha inválida: INVALID_DATE,26.52,
16,2026-07-25,3,1,3,1,2,36.0 €,2026-07-25,,36.0,
17,24/07/2026,4,2,4,2,3,37.0 €,2026-07-24,,37.0,
19,INVALID_DATE,6,4,6,4,5,39.0 €,,Fecha inválida: INVALID_DATE,39.0,
20,2026-07-21,7,1,7,1,1,40.0 €,2026-07-21,,40.0,
23,INVALID_DATE,3,4,3,4,4,43.0 €,,Fecha inválida: INVALID_DATE,43.0,
24,2026-07-17,4,1,4,1,5,39.5 USD,2026-07-17,,34.35,
26,07/15/2026,6,3,6,3,2,46.0 €,2026-07-15,,46.0,
27,INVALID_DATE,7,4,7,4,3,42.5 USD,,Fecha inválida: INVALID_DATE,36.96,
30,07/11/2026,3,3,3,3,1,45.5 USD,2026-11-07,,39.57,
31,INVALID_DATE,4,4,4,4,2,51.0 €,,Fecha inválida: INVALID_DATE,51.0,
33,08/07/2026,6,2,6,2,4,NULL,2026-07-08,,,MontoTotal_Raw nulo o vacío: NULL
34,07/07/2026,7,3,7,3,5,54.0 €,2026-07-07,,54.0,
35,INVALID_DATE,1,4,1,4,1,55.0 €,,Fecha inválida: INVALID_DATE,55.0,
37,04/07/2026,3,2,3,2,3,57.0 €,2026-07-04,,57.0,
38,07/03/2026,4,3,4,3,4,58.0 €,2026-03-07,,58.0,
39,INVALID_DATE,5,4,5,4,5,54.5 USD,,Fecha inválida: INVALID_DATE,47.39,
40,2026-07-01,6,1,6,1,1,60.0 €,2026-07-01,,60.0,
41,30/06/2026,7,2,7,2,2,61.0 €,2026-06-30,,61.0,
43,INVALID_DATE,2,4,2,4,4,63.0 €,,Fecha inválida: INVALID_DATE,63.0,
44,2026-06-27,3,1,3,1,5,64.0 €,2026-06-27,,64.0,
45,26/06/2026,4,2,4,2,1,60.5 USD,2026-06-26,,52.61,
47,INVALID_DATE,6,4,6,4,3,67.0 €,,Fecha inválida: INVALID_DATE,67.0,
48,2026-06-23,7,1,7,1,4,63.5 USD,2026-06-23,,55.22,
50,06/21/2026,2,3,2,3,1,-150.00 €,2026-06-21,,,MontoTotal_Raw negativo: -150.00 €
51,INVALID_DATE,3,4,3,4,2,66.5 USD,,Fecha inválida: INVALID_DATE,57.83,
52,2026-06-19,4,1,4,1,3,72.0 €,2026-06-19,,72.0,
54,06/17/2026,6,3,6,3,5,69.5 USD,2026-06-17,,60.43,
55,INVALID_DATE,7,4,7,4,1,75.0 €,,Fecha inválida: INVALID_DATE,75.0,
58,06/13/2026,3,3,3,3,4,78.0 €,2026-06-13,,78.0,
59,INVALID_DATE,4,4,4,4,5,79.0 €,,Fecha inválida: INVALID_DATE,79.0,
61,10/06/2026,6,2,6,2,2,81.0 €,2026-06-10,,81.0,
62,06/09/2026,7,3,7,3,3,82.0 €,2026-09-06,,82.0,
63,INVALID_DATE,1,4,1,4,4,78.5 USD,,Fecha inválida: INVALID_DATE,68.26,
65,06/06/2026,3,2,3,2,1,85.0 €,2026-06-06,,85.0,
66,06/05/2026,4,3,4,3,2,NULL,2026-05-06,,,MontoTotal_Raw nulo o vacío: NULL
67,INVALID_DATE,5,4,5,4,3,87.0 €,,Fecha inválida: INVALID_DATE,87.0,
68,2026-06-03,6,1,6,1,4,88.0 €,2026-06-03,,88.0,
69,02/06/2026,7,2,7,2,5,84.5 USD,2026-06-02,,73.48,
71,INVALID_DATE,2,4,2,4,2,91.0 €,,Fecha inválida: INVALID_DATE,91.0,
72,2026-05-30,3,1,3,1,3,87.5 USD,2026-05-30,,76.09,
73,29/05/2026,4,2,4,2,4,93.0 €,2026-05-29,,93.0,
75,INVALID_DATE,6,4,6,4,1,90.5 USD,,Fecha inválida: INVALID_DATE,78.7,
76,2026-05-26,7,1,7,1,2,96.0 €,2026-05-26,,96.0,
79,INVALID_DATE,3,4,3,4,5,99.0 €,,Fecha inválida: INVALID_DATE,99.0,
80,2026-05-22,4,1,4,1,1,100.0 €,2026-05-22,,100.0,
82,05/20/2026,6,3,6,3,3,102.0 €,2026-05-20,,102.0,
83,INVALID_DATE,7,4,7,4,4,103.0 €,,Fecha inválida: INVALID_DATE,103.0,
86,05/16/2026,3,3,3,3,2,106.0 €,2026-05-16,,106.0,
87,INVALID_DATE,4,4,4,4,3,102.5 USD,,Fecha inválida: INVALID_DATE,89.13,
89,13/05/2026,6,2,6,2,5,109.0 €,2026-05-13,,109.0,
90,05/12/2026,7,3,7,3,1,105.5 USD,2026-12-05,,91.74,
91,INVALID_DATE,1,4,1,4,2,111.0 €,,Fecha inválida: INVALID_DATE,111.0,
93,09/05/2026,3,2,3,2,4,108.5 USD,2026-05-09,,94.35,
94,05/08/2026,4,3,4,3,5,114.0 €,2026-08-05,,114.0,
95,INVALID_DATE,5,4,5,4,1,115.0 €,,Fecha inválida: INVALID_DATE,115.0,
96,2026-05-06,6,1,6,1,2,111.5 USD,2026-05-06,,96.96,
97,05/05/2026,7,2,7,2,3,117.0 €,2026-05-05,,117.0,
99,INVALID_DATE,2,4,2,4,5,NULL,,Fecha inválida: INVALID_DATE,,MontoTotal_Raw nulo o vacío: NULL
100,2026-05-02,3,1,3,1,1,-150.00 €,2026-05-02,,,MontoTotal_Raw negativo: -150.00 €
101,01/05/2026,4,2,4,2,2,121.0 €,2026-05-01,,121.0,
103,INVALID_DATE,6,4,6,4,4,123.0 €,,Fecha inválida: INVALID_DATE,123.0,
104,2026-04-28,7,1,7,1,5,124.0 €,2026-04-28,,124.0,
107,INVALID_DATE,3,4,3,4,3,127.0 €,,Fecha inválida: INVALID_DATE,127.0,
108,2026-04-24,4,1,4,1,4,123.5 USD,2026-04-24,,107.39,
110,04/22/2026,6,3,6,3,1,130.0 €,2026-04-22,,130.0,
111,INVALID_DATE,7,4,7,4,2,126.5 USD,,Fecha inválida: INVALID_DATE,110.0,
114,04/18/2026,3,3,3,3,5,129.5 USD,2026-04-18,,112.61,
115,INVALID_DATE,4,4,4,4,1,135.0 €,,Fecha inválida: INVALID_DATE,135.0,
117,15/04/2026,6,2,6,2,3,132.5 USD,2026-04-15,,115.22,
118,04/14/2026,7,3,7,3,4,138.0 €,2026-04-14,,138.0,
119,INVALID_DATE,1,4,1,4,5,139.0 €,,Fecha inválida: INVALID_DATE,139.0,
121,11/04/2026,3,2,3,2,2,141.0 €,2026-04-11,,141.0,
122,04/10/2026,4,3,4,3,3,142.0 €,2026-10-04,,142.0,
123,INVALID_DATE,5,4,5,4,4,138.5 USD,,Fecha inválida: INVALID_DATE,120.43,
124,2026-04-08,6,1,6,1,5,144.0 €,2026-04-08,,144.0,
125,07/04/2026,7,2,7,2,1,145.0 €,2026-04-07,,145.0,
127,INVALID_DATE,2,4,2,4,3,147.0 €,,Fecha inválida: INVALID_DATE,147.0,
128,2026-04-04,3,1,3,1,4,148.0 €,2026-04-04,,148.0,
129,03/04/2026,4,2,4,2,5,144.5 USD,2026-04-03,,125.65,
131,INVALID_DATE,6,4,6,4,2,151.0 €,,Fecha inválida: INVALID_DATE,151.0,
132,2026-03-31,7,1,7,1,3,NULL,2026-03-31,,,MontoTotal_Raw nulo o vacío: NULL
135,INVALID_DATE,3,4,3,4,1,150.5 USD,,Fecha inválida: INVALID_DATE,130.87,
136,2026-03-27,4,1,4,1,2,156.0 €,2026-03-27,,156.0,
138,03/25/2026,6,3,6,3,4,153.5 USD,2026-03-25,,133.48,
139,INVALID_DATE,7,4,7,4,5,159.0 €,,Fecha inválida: INVALID_DATE,159.0,
142,03/21/2026,3,3,3,3,3,162.0 €,2026-03-21,,162.0,
143,INVALID_DATE,4,4,4,4,4,163.0 €,,Fecha inválida: INVALID_DATE,163.0,
145,18/03/2026,6,2,6,2,1,165.0 €,2026-03-18,,165.0,
146,03/17/2026,7,3,7,3,2,166.0 €,2026-03-17,,166.0,
147,INVALID_DATE,1,4,1,4,3,162.5 USD,,Fecha inválida: INVALID_DATE,141.3,
149,14/03/2026,3,2,3,2,5,169.0 €,2026-03-14,,169.0,
150,03/13/2026,4,3,4,3,1,-150.00 €,2026-03-13,,,MontoTotal_Raw negativo: -150.00 €
151,INVALID_DATE,5,4,5,4,2,21.0 €,,Fecha inválida: INVALID_DATE,21.0,
152,2026-03-11,6,1,6,1,3,22.0 €,2026-03-11,,22.0,
153,10/03/2026,7,2,7,2,4,168.5 USD,2026-03-10,,146.52,
155,INVALID_DATE,2,4,2,4,1,25.0 €,,Fecha inválida: INVALID_DATE,25.0,
156,2026-03-07,3,1,3,1,2,171.5 USD,2026-03-07,,149.13,
157,06/03/2026,4,2,4,2,3,27.0 €,2026-03-06,,27.0,
159,INVALID_DATE,6,4,6,4,5,174.5 USD,,Fecha inválida: INVALID_DATE,151.74,
160,2026-03-03,7,1,7,1,1,30.0 €,2026-03-03,,30.0,
163,INVALID_DATE,3,4,3,4,4,33.0 €,,Fecha inválida: INVALID_DATE,33.0,
164,2026-02-27,4,1,4,1,5,34.0 €,2026-02-27,,34.0,
165,26/02/2026,5,2,5,2,1,NULL,2026-02-26,,,MontoTotal_Raw nulo o vacío: NULL
166,02/25/2026,6,3,6,3,2,36.0 €,2026-02-25,,36.0,
167,INVALID_DATE,7,4,7,4,3,37.0 €,,Fecha inválida: INVALID_DATE,37.0,
170,02/21/2026,3,3,3,3,1,40.0 €,2026-02-21,,40.0,
171,INVALID_DATE,4,4,4,4,2,186.5 USD,,Fecha inválida: INVALID_DATE,162.17,
173,18/02/2026,6,2,6,2,4,43.0 €,2026-02-18,,43.0,
174,02/17/2026,7,3,7,3,5,189.5 USD,2026-02-17,,164.78,
175,INVALID_DATE,1,4,1,4,1,45.0 €,,Fecha inválida: INVALID_DATE,45.0,
177,14/02/2026,3,2,3,2,3,192.5 USD,2026-02-14,,167.39,
178,02/13/2026,4,3,4,3,4,48.0 €,2026-02-13,,48.0,
179,INVALID_DATE,5,4,5,4,5,49.0 €,,Fecha inválida: INVALID_DATE,49.0,
180,2026-02-11,6,1,6,1,1,195.5 USD,2026-02-11,,170.0,
181,10/02/2026,7,2,7,2,2,51.0 €,2026-02-10,,51.0,
183,INVALID_DATE,2,4,2,4,4,198.5 USD,,Fecha inválida: INVALID_DATE,172.61,
184,2026-02-07,3,1,3,1,5,54.0 €,2026-02-07,,54.0,
185,06/02/2026,4,2,4,2,1,55.0 €,2026-02-06,,55.0,
187,INVALID_DATE,6,4,6,4,3,57.0 €,,Fecha inválida: INVALID_DATE,57.0,
188,2026-02-03,7,1,7,1,4,58.0 €,2026-02-03,,58.0,
191,INVALID_DATE,3,4,3,4,2,61.0 €,,Fecha inválida: INVALID_DATE,61.0,
192,2026-01-30,4,1,4,1,3,207.5 USD,2026-01-30,,180.43,
194,01/28/2026,6,3,6,3,5,64.0 €,2026-01-28,,64.0,
195,INVALID_DATE,7,4,7,4,1,210.5 USD,,Fecha inválida: INVALID_DATE,183.04,
198,01/24/2026,3,3,3,3,4,NULL,2026-01-24,,,MontoTotal_Raw nulo o vacío: NULL
199,INVALID_DATE,4,4,4,4,5,69.0 €,,Fecha inválida: INVALID_DATE,69.0,
200,2026-01-22,5,1,5,1,1,-150.00 €,2026-01-22,,,MontoTotal_Raw negativo: -150.00 €
201,21/01/2026,6,2,6,2,2,16.5 USD,2026-01-21,,14.35,
202,01/20/2026,7,3,7,3,3,72.0 €,2026-01-20,,72.0,
203,INVALID_DATE,1,4,1,4,4,73.0 €,,Fecha inválida: INVALID_DATE,73.0,
205,17/01/2026,3,2,3,2,1,75.0 €,2026-01-17,,75.0,
206,01/16/2026,4,3,4,3,2,76.0 €,2026-01-16,,76.0,
207,INVALID_DATE,5,4,5,4,3,22.5 USD,,Fecha inválida: INVALID_DATE,19.57,
208,2026-01-14,6,1,6,1,4,78.0 €,2026-01-14,,78.0,
209,13/01/2026,7,2,7,2,5,79.0 €,2026-01-13,,79.0,
211,INVALID_DATE,2,4,2,4,2,81.0 €,,Fecha inválida: INVALID_DATE,81.0,
212,2026-01-10,3,1,3,1,3,82.0 €,2026-01-10,,82.0,
213,09/01/2026,4,2,4,2,4,28.5 USD,2026-01-09,,24.78,
215,INVALID_DATE,6,4,6,4,1,85.0 €,,Fecha inválida: INVALID_DATE,85.0,
216,2026-01-06,7,1,7,1,2,31.5 USD,2026-01-06,,27.39,
219,INVALID_DATE,3,4,3,4,5,34.5 USD,,Fecha inválida: INVALID_DATE,30.0,
220,2026-01-02,4,1,4,1,1,90.0 €,2026-01-02,,90.0,
222,12/31/2025,6,3,6,3,3,37.5 USD,2025-12-31,,32.61,
223,INVALID_DATE,7,4,7,4,4,93.0 €,,Fecha inválida: INVALID_DATE,93.0,
226,12/27/2025,3,3,3,3,2,96.0 €,2025-12-27,,96.0,
227,INVALID_DATE,4,4,4,4,3,97.0 €,,Fecha inválida: INVALID_DATE,97.0,
229,24/12/2025,6,2,6,2,5,99.0 €,2025-12-24,,99.0,
230,12/23/2025,7,3,7,3,1,100.0 €,2025-12-23,,100.0,
231,INVALID_DATE,1,4,1,4,2,NULL,,Fecha inválida: INVALID_DATE,,MontoTotal_Raw nulo o vacío: NULL
233,20/12/2025,3,2,3,2,4,103.0 €,2025-12-20,,103.0,
234,12/19/2025,4,3,4,3,5,49.5 USD,2025-12-19,,43.04,
235,INVALID_DATE,5,4,5,4,1,105.0 €,,Fecha inválida: INVALID_DATE,105.0,
236,2025-12-17,6,1,6,1,2,106.0 €,2025-12-17,,106.0,
237,16/12/2025,7,2,7,2,3,52.5 USD,2025-12-16,,45.65,
239,INVALID_DATE,2,4,2,4,5,109.0 €,,Fecha inválida: INVALID_DATE,109.0,
240,2025-12-13,3,1,3,1,1,55.5 USD,2025-12-13,,48.26,
241,12/12/2025,4,2,4,2,2,111.0 €,2025-12-12,,111.0,
243,INVALID_DATE,6,4,6,4,4,58.5 USD,,Fecha inválida: INVALID_DATE,50.87,
244,2025-12-09,7,1,7,1,5,114.0 €,2025-12-09,,114.0,
247,INVALID_DATE,3,4,3,4,3,117.0 €,,Fecha inválida: INVALID_DATE,117.0,
248,2025-12-05,4,1,4,1,4,118.0 €,2025-12-05,,118.0,
250,12/03/2025,6,3,6,3,1,-150.00 €,2025-03-12,,,MontoTotal_Raw negativo: -150.00 €
251,INVALID_DATE,7,4,7,4,2,121.0 €,,Fecha inválida: INVALID_DATE,121.0,
254,11/29/2025,3,3,3,3,5,124.0 €,2025-11-29,,124.0,
255,INVALID_DATE,4,4,4,4,1,70.5 USD,,Fecha inválida: INVALID_DATE,61.3,
257,26/11/2025,6,2,6,2,3,127.0 €,2025-11-26,,127.0,
258,11/25/2025,7,3,7,3,4,73.5 USD,2025-11-25,,63.91,
259,INVALID_DATE,1,4,1,4,5,129.0 €,,Fecha inválida: INVALID_DATE,129.0,
261,22/11/2025,3,2,3,2,2,76.5 USD,2025-11-22,,66.52,
262,11/21/2025,4,3,4,3,3,132.0 €,2025-11-21,,132.0,
263,INVALID_DATE,5,4,5,4,4,133.0 €,,Fecha inválida: INVALID_DATE,133.0,
264,2025-11-19,6,1,6,1,5,NULL,2025-11-19,,,MontoTotal_Raw nulo o vacío: NULL
265,18/11/2025,7,2,7,2,1,135.0 €,2025-11-18,,135.0,
267,INVALID_DATE,2,4,2,4,3,82.5 USD,,Fecha inválida: INVALID_DATE,71.74,
268,2025-11-15,3,1,3,1,4,138.0 €,2025-11-15,,138.0,
269,14/11/2025,4,2,4,2,5,139.0 €,2025-11-14,,139.0,
271,INVALID_DATE,6,4,6,4,2,141.0 €,,Fecha inválida: INVALID_DATE,141.0,
272,2025-11-11,7,1,7,1,3,142.0 €,2025-11-11,,142.0,
275,INVALID_DATE,3,4,3,4,1,145.0 €,,Fecha inválida: INVALID_DATE,145.0,
276,2025-11-07,4,1,4,1,2,91.5 USD,2025-11-07,,79.57,
278,11/05/2025,6,3,6,3,4,148.0 €,2025-05-11,,148.0,
279,INVALID_DATE,7,4,7,4,5,94.5 USD,,Fecha inválida: INVALID_DATE,82.17,
282,11/01/2025,3,3,3,3,3,97.5 USD,2025-01-11,,84.78,
283,INVALID_DATE,4,4,4,4,4,153.0 €,,Fecha inválida: INVALID_DATE,153.0,
285,29/10/2025,6,2,6,2,1,100.5 USD,2025-10-29,,87.39,
286,10/28/2025,7,3,7,3,2,156.0 €,2025-10-28,,156.0,
287,INVALID_DATE,1,4,1,4,3,157.0 €,,Fecha inválida: INVALID_DATE,157.0,
289,25/10/2025,3,2,3,2,5,159.0 €,2025-10-25,,159.0,
290,10/24/2025,4,3,4,3,1,160.0 €,2025-10-24,,160.0,
291,INVALID_DATE,5,4,5,4,2,106.5 USD,,Fecha inválida: INVALID_DATE,92.61,
292,2025-10-22,6,1,6,1,3,162.0 €,2025-10-22,,162.0,
293,21/10/2025,7,2,7,2,4,163.0 €,2025-10-21,,163.0,
295,INVALID_DATE,2,4,2,4,1,165.0 €,,Fecha inválida: INVALID_DATE,165.0,
296,2025-10-18,3,1,3,1,2,166.0 €,2025-10-18,,166.0,
297,17/10/2025,4,2,4,2,3,NULL,2025-10-17,,,MontoTotal_Raw nulo o vacío: NULL
299,INVALID_DATE,6,4,6,4,5,169.0 €,,Fecha inválida: INVALID_DATE,169.0,
300,2025-10-14,7,1,7,1,1,-150.00 €,2025-10-14,,,MontoTotal_Raw negativo: -150.00 €
303,INVALID_DATE,3,4,3,4,4,118.5 USD,,Fecha inválida: INVALID_DATE,103.04,
304,2025-10-10,4,1,4,1,5,24.0 €,2025-10-10,,24.0,
306,10/08/2025,6,3,6,3,2,121.5 USD,2025-08-10,,105.65,
307,INVALID_DATE,7,4,7,4,3,27.0 €,,Fecha inválida: INVALID_DATE,27.0,
310,10/04/2025,3,3,3,3,1,30.0 €,2025-04-10,,30.0,
311,INVALID_DATE,4,4,4,4,2,31.0 €,,Fecha inválida: INVALID_DATE,31.0,
313,01/10/2025,6,2,6,2,4,33.0 €,2025-10-01,,33.0,
314,09/30/2025,7,3,7,3,5,34.0 €,2025-09-30,,34.0,
315,INVALID_DATE,1,4,1,4,1,130.5 USD,,Fecha inválida: INVALID_DATE,113.48,
317,27/09/2025,3,2,3,2,3,37.0 €,2025-09-27,,37.0,
318,09/26/2025,4,3,4,3,4,133.5 USD,2025-09-26,,116.09,
319,INVALID_DATE,5,4,5,4,5,39.0 €,,Fecha inválida: INVALID_DATE,39.0,
320,2025-09-24,6,1,6,1,1,40.0 €,2025-09-24,,40.0,
321,23/09/2025,7,2,7,2,2,136.5 USD,2025-09-23,,118.7,
323,INVALID_DATE,2,4,2,4,4,43.0 €,,Fecha inválida: INVALID_DATE,43.0,
324,2025-09-20,3,1,3,1,5,139.5 USD,2025-09-20,,121.3,
325,19/09/2025,4,2,4,2,1,45.0 €,2025-09-19,,45.0,
327,INVALID_DATE,6,4,6,4,3,142.5 USD,,Fecha inválida: INVALID_DATE,123.91,
328,2025-09-16,7,1,7,1,4,48.0 €,2025-09-16,,48.0,
330,09/14/2025,2,3,2,3,1,NULL,2025-09-14,,,MontoTotal_Raw nulo o vacío: NULL
331,INVALID_DATE,3,4,3,4,2,51.0 €,,Fecha inválida: INVALID_DATE,51.0,
332,2025-09-12,4,1,4,1,3,52.0 €,2025-09-12,,52.0,
334,09/10/2025,6,3,6,3,5,54.0 €,2025-10-09,,54.0,
335,INVALID_DATE,7,4,7,4,1,55.0 €,,Fecha inválida: INVALID_DATE,55.0,
338,09/06/2025,3,3,3,3,4,58.0 €,2025-06-09,,58.0,
339,INVALID_DATE,4,4,4,4,5,154.5 USD,,Fecha inválida: INVALID_DATE,134.35,
341,03/09/2025,6,2,6,2,2,61.0 €,2025-09-03,,61.0,
342,09/02/2025,7,3,7,3,3,157.5 USD,2025-02-09,,136.96,
343,INVALID_DATE,1,4,1,4,4,63.0 €,,Fecha inválida: INVALID_DATE,63.0,
345,30/08/2025,3,2,3,2,1,160.5 USD,2025-08-30,,139.57,
346,08/29/2025,4,3,4,3,2,66.0 €,2025-08-29,,66.0,
347,INVALID_DATE,5,4,5,4,3,67.0 €,,Fecha inválida: INVALID_DATE,67.0,
348,2025-08-27,6,1,6,1,4,163.5 USD,2025-08-27,,142.17,
349,26/08/2025,7,2,7,2,5,69.0 €,2025-08-26,,69.0,
350,08/25/2025,1,3,1,3,1,-150.00 €,2025-08-25,,,MontoTotal_Raw negativo: -150.00 €
351,INVALID_DATE,2,4,2,4,2,166.5 USD,,Fecha inválida: INVALID_DATE,144.78,
352,2025-08-23,3,1,3,1,3,72.0 €,2025-08-23,,72.0,
353,22/08/2025,4,2,4,2,4,73.0 €,2025-08-22,,73.0,
355,INVALID_DATE,6,4,6,4,1,75.0 €,,Fecha inválida: INVALID_DATE,75.0,
356,2025-08-19,7,1,7,1,2,76.0 €,2025-08-19,,76.0,
359,INVALID_DATE,3,4,3,4,5,79.0 €,,Fecha inválida: INVALID_DATE,79.0,
360,2025-08-15,4,1,4,1,1,175.5 USD,2025-08-15,,152.61,
362,08/13/2025,6,3,6,3,3,82.0 €,2025-08-13,,82.0,
363,INVALID_DATE,7,4,7,4,4,NULL,,Fecha inválida: INVALID_DATE,,MontoTotal_Raw nulo o vacío: NULL
366,08/09/2025,3,3,3,3,2,181.5 USD,2025-09-08,,157.83,
367,INVALID_DATE,4,4,4,4,3,87.0 €,,Fecha inválida: INVALID_DATE,87.0,
369,06/08/2025,6,2,6,2,5,184.5 USD,2025-08-06,,160.43,
370,08/05/2025,7,3,7,3,1,90.0 €,2025-05-08,,90.0,
371,INVALID_DATE,1,4,1,4,2,91.0 €,,Fecha inválida: INVALID_DATE,91.0,
373,02/08/2025,3,2,3,2,4,93.0 €,2025-08-02,,93.0,
374,08/01/2025,4,3,4,3,5,94.0 €,2025-01-08,,94.0,
375,INVALID_DATE,5,4,5,4,1,190.5 USD,,Fecha inválida: INVALID_DATE,165.65,
376,2025-07-30,6,1,6,1,2,96.0 €,2025-07-30,,96.0,
377,29/07/2025,7,2,7,2,3,97.0 €,2025-07-29,,97.0,
379,INVALID_DATE,2,4,2,4,5,99.0 €,,Fecha inválida: INVALID_DATE,99.0,
380,2025-07-26,3,1,3,1,1,100.0 €,2025-07-26,,100.0,
381,25/07/2025,4,2,4,2,2,196.5 USD,2025-07-25,,170.87,
383,INVALID_DATE,6,4,6,4,4,103.0 €,,Fecha inválida: INVALID_DATE,103.0,
384,2025-07-22,7,1,7,1,5,199.5 USD,2025-07-22,,173.48,
387,INVALID_DATE,3,4,3,4,3,202.5 USD,,Fecha inválida: INVALID_DATE,176.09,
388,2025-07-18,4,1,4,1,4,108.0 €,2025-07-18,,108.0,
390,07/16/2025,6,3,6,3,1,205.5 USD,2025-07-16,,178.7,
391,INVALID_DATE,7,4,7,4,2,111.0 €,,Fecha inválida: INVALID_DATE,111.0,
394,07/12/2025,3,3,3,3,5,114.0 €,2025-12-07,,114.0,
395,INVALID_DATE,4,4,4,4,1,115.0 €,,Fecha inválida: INVALID_DATE,115.0,
396,2025-07-10,5,1,5,1,2,NULL,2025-07-10,,,MontoTotal_Raw nulo o vacío: NULL
397,09/07/2025,6,2,6,2,3,117.0 €,2025-07-09,,117.0,
398,07/08/2025,7,3,7,3,4,118.0 €,2025-08-07,,118.0,
399,INVALID_DATE,1,4,1,4,5,214.5 USD,,Fecha inválida: INVALID_DATE,186.52,
400,2025-07-06,2,1,2,1,1,-150.00 €,2025-07-06,,,MontoTotal_Raw negativo: -150.00 €
401,05/07/2025,3,2,3,2,2,121.0 €,2025-07-05,,121.0,
402,07/04/2025,4,3,4,3,3,17.5 USD,2025-04-07,,15.22,
403,INVALID_DATE,5,4,5,4,4,123.0 €,,Fecha inválida: INVALID_DATE,123.0,
404,2025-07-02,6,1,6,1,5,124.0 €,2025-07-02,,124.0,
405,01/07/2025,7,2,7,2,1,20.5 USD,2025-07-01,,17.83,
407,INVALID_DATE,2,4,2,4,3,127.0 €,,Fecha inválida: INVALID_DATE,127.0,
408,2025-06-28,3,1,3,1,4,23.5 USD,2025-06-28,,20.43,
409,27/06/2025,4,2,4,2,5,129.0 €,2025-06-27,,129.0,
411,INVALID_DATE,6,4,6,4,2,26.5 USD,,Fecha inválida: INVALID_DATE,23.04,
412,2025-06-24,7,1,7,1,3,132.0 €,2025-06-24,,132.0,
415,INVALID_DATE,3,4,3,4,1,135.0 €,,Fecha inválida: INVALID_DATE,135.0,
416,2025-06-20,4,1,4,1,2,136.0 €,2025-06-20,,136.0,
418,06/18/2025,6,3,6,3,4,138.0 €,2025-06-18,,138.0,
419,INVALID_DATE,7,4,7,4,5,139.0 €,,Fecha inválida: INVALID_DATE,139.0,
422,06/14/2025,3,3,3,3,3,142.0 €,2025-06-14,,142.0,
423,INVALID_DATE,4,4,4,4,4,38.5 USD,,Fecha inválida: INVALID_DATE,33.48,
425,11/06/2025,6,2,6,2,1,145.0 €,2025-06-11,,145.0,
426,06/10/2025,7,3,7,3,2,41.5 USD,2025-10-06,,36.09,
427,INVALID_DATE,1,4,1,4,3,147.0 €,,Fecha inválida: INVALID_DATE,147.0,
429,07/06/2025,3,2,3,2,5,NULL,2025-06-07,,,MontoTotal_Raw nulo o vacío: NULL
430,06/06/2025,4,3,4,3,1,150.0 €,2025-06-06,,150.0,
431,INVALID_DATE,5,4,5,4,2,151.0 €,,Fecha inválida: INVALID_DATE,151.0,
432,2025-06-04,6,1,6,1,3,47.5 USD,2025-06-04,,41.3,
433,03/06/2025,7,2,7,2,4,153.0 €,2025-06-03,,153.0,
435,INVALID_DATE,2,4,2,4,1,50.5 USD,,Fecha inválida: INVALID_DATE,43.91,
436,2025-05-31,3,1,3,1,2,156.0 €,2025-05-31,,156.0,
437,30/05/2025,4,2,4,2,3,157.0 €,2025-05-30,,157.0,
439,INVALID_DATE,6,4,6,4,5,159.0 €,,Fecha inválida: INVALID_DATE,159.0,
440,2025-05-27,7,1,7,1,1,160.0 €,2025-05-27,,160.0,
443,INVALID_DATE,3,4,3,4,4,163.0 €,,Fecha inválida: INVALID_DATE,163.0,
444,2025-05-23,4,1,4,1,5,59.5 USD,2025-05-23,,51.74,
446,05/21/2025,6,3,6,3,2,166.0 €,2025-05-21,,166.0,
447,INVALID_DATE,7,4,7,4,3,62.5 USD,,Fecha inválida: INVALID_DATE,54.35,
450,05/17/2025,3,3,3,3,1,-150.00 €,2025-05-17,,,MontoTotal_Raw negativo: -150.00 €
451,INVALID_DATE,4,4,4,4,2,21.0 €,,Fecha inválida: INVALID_DATE,21.0,
453,14/05/2025,6,2,6,2,4,68.5 USD,2025-05-14,,59.57,
454,05/13/2025,7,3,7,3,5,24.0 €,2025-05-13,,24.0,
455,INVALID_DATE,1,4,1,4,1,25.0 €,,Fecha inválida: INVALID_DATE,25.0,
457,10/05/2025,3,2,3,2,3,27.0 €,2025-05-10,,27.0,
458,05/09/2025,4,3,4,3,4,28.0 €,2025-09-05,,28.0,
459,INVALID_DATE,5,4,5,4,5,74.5 USD,,Fecha inválida: INVALID_DATE,64.78,
460,2025-05-07,6,1,6,1,1,30.0 €,2025-05-07,,30.0,
461,06/05/2025,7,2,7,2,2,31.0 €,2025-05-06,,31.0,
462,05/05/2025,1,3,1,3,3,NULL,2025-05-05,,,MontoTotal_Raw nulo o vacío: NULL
463,INVALID_DATE,2,4,2,4,4,33.0 €,,Fecha inválida: INVALID_DATE,33.0,
464,2025-05-03,3,1,3,1,5,34.0 €,2025-05-03,,34.0,
465,02/05/2025,4,2,4,2,1,80.5 USD,2025-05-02,,70.0,
467,INVALID_DATE,6,4,6,4,3,37.0 €,,Fecha inválida: INVALID_DATE,37.0,
468,2025-04-29,7,1,7,1,4,83.5 USD,2025-04-29,,72.61,
471,INVALID_DATE,3,4,3,4,2,86.5 USD,,Fecha inválida: INVALID_DATE,75.22,
472,2025-04-25,4,1,4,1,3,42.0 €,2025-04-25,,42.0,
474,04/23/2025,6,3,6,3,5,89.5 USD,2025-04-23,,77.83,
475,INVALID_DATE,7,4,7,4,1,45.0 €,,Fecha inválida: INVALID_DATE,45.0,
478,04/19/2025,3,3,3,3,4,48.0 €,2025-04-19,,48.0,
479,INVALID_DATE,4,4,4,4,5,49.0 €,,Fecha inválida: INVALID_DATE,49.0,
481,16/04/2025,6,2,6,2,2,51.0 €,2025-04-16,,51.0,
482,04/15/2025,7,3,7,3,3,52.0 €,2025-04-15,,52.0,
483,INVALID_DATE,1,4,1,4,4,98.5 USD,,Fecha inválida: INVALID_DATE,85.65,
485,12/04/2025,3,2,3,2,1,55.0 €,2025-04-12,,55.0,
486,04/11/2025,4,3,4,3,2,101.5 USD,2025-11-04,,88.26,
487,INVALID_DATE,5,4,5,4,3,57.0 €,,Fecha inválida: INVALID_DATE,57.0,
488,2025-04-09,6,1,6,1,4,58.0 €,2025-04-09,,58.0,
489,08/04/2025,7,2,7,2,5,104.5 USD,2025-04-08,,90.87,
491,INVALID_DATE,2,4,2,4,2,61.0 €,,Fecha inválida: INVALID_DATE,61.0,
492,2025-04-05,3,1,3,1,3,107.5 USD,2025-04-05,,93.48,
493,04/04/2025,4,2,4,2,4,63.0 €,2025-04-04,,63.0,
495,INVALID_DATE,6,4,6,4,1,NULL,,Fecha inválida: INVALID_DATE,,MontoTotal_Raw nulo o vacío: NULL
496,2025-04-01,7,1,7,1,2,66.0 €,2025-04-01,,66.0,
499,INVALID_DATE,3,4,3,4,5,69.0 €,,Fecha inválida: INVALID_DATE,69.0,
500,2025-03-28,4,1,4,1,1,-150.00 €,2025-03-28,,,MontoTotal_Raw negativo: -150.00 €
502,03/26/2025,6,3,6,3,3,72.0 €,2025-03-26,,72.0,
503,INVALID_DATE,7,4,7,4,4,73.0 €,,Fecha inválida: INVALID_DATE,73.0,
506,03/22/2025,3,3,3,3,2,76.0 €,2025-03-22,,76.0,
507,INVALID_DATE,4,4,4,4,3,122.5 USD,,Fecha inválida: INVALID_DATE,106.52,
509,19/03/2025,6,2,6,2,5,79.0 €,2025-03-19,,79.0,
510,03/18/2025,7,3,7,3,1,125.5 USD,2025-03-18,,109.13,
511,INVALID_DATE,1,4,1,4,2,81.0 €,,Fecha inválida: INVALID_DATE,81.0,
513,15/03/2025,3,2,3,2,4,128.5 USD,2025-03-15,,111.74,
514,03/14/2025,4,3,4,3,5,84.0 €,2025-03-14,,84.0,
515,INVALID_DATE,5,4,5,4,1,85.0 €,,Fecha inválida: INVALID_DATE,85.0,
516,2025-03-12,6,1,6,1,2,131.5 USD,2025-03-12,,114.35,
517,11/03/2025,7,2,7,2,3,87.0 €,2025-03-11,,87.0,
519,INVALID_DATE,2,4,2,4,5,134.5 USD,,Fecha inválida: INVALID_DATE,116.96,
520,2025-03-08,3,1,3,1,1,90.0 €,2025-03-08,,90.0,
521,07/03/2025,4,2,4,2,2,91.0 €,2025-03-07,,91.0,
523,INVALID_DATE,6,4,6,4,4,93.0 €,,Fecha inválida: INVALID_DATE,93.0,
524,2025-03-04,7,1,7,1,5,94.0 €,2025-03-04,,94.0,
527,INVALID_DATE,3,4,3,4,3,97.0 €,,Fecha inválida: INVALID_DATE,97.0,
528,2025-02-28,4,1,4,1,4,NULL,2025-02-28,,,MontoTotal_Raw nulo o vacío: NULL
530,02/26/2025,6,3,6,3,1,100.0 €,2025-02-26,,100.0,
531,INVALID_DATE,7,4,7,4,2,146.5 USD,,Fecha inválida: INVALID_DATE,127.39,
534,02/22/2025,3,3,3,3,5,149.5 USD,2025-02-22,,130.0,
535,INVALID_DATE,4,4,4,4,1,105.0 €,,Fecha inválida: INVALID_DATE,105.0,
537,19/02/2025,6,2,6,2,3,152.5 USD,2025-02-19,,132.61,
538,02/18/2025,7,3,7,3,4,108.0 €,2025-02-18,,108.0,
539,INVALID_DATE,1,4,1,4,5,109.0 €,,Fecha inválida: INVALID_DATE,109.0,
541,15/02/2025,3,2,3,2,2,111.0 €,2025-02-15,,111.0,
542,02/14/2025,4,3,4,3,3,112.0 €,2025-02-14,,112.0,
543,INVALID_DATE,5,4,5,4,4,158.5 USD,,Fecha inválida: INVALID_DATE,137.83,
544,2025-02-12,6,1,6,1,5,114.0 €,2025-02-12,,114.0,
545,11/02/2025,7,2,7,2,1,115.0 €,2025-02-11,,115.0,
547,INVALID_DATE,2,4,2,4,3,117.0 €,,Fecha inválida: INVALID_DATE,117.0,
548,2025-02-08,3,1,3,1,4,118.0 €,2025-02-08,,118.0,
549,07/02/2025,4,2,4,2,5,164.5 USD,2025-02-07,,143.04,
550,02/06/2025,5,3,5,3,1,-150.00 €,2025-06-02,,,MontoTotal_Raw negativo: -150.00 €
551,INVALID_DATE,6,4,6,4,2,121.0 €,,Fecha inválida: INVALID_DATE,121.0,
552,2025-02-04,7,1,7,1,3,167.5 USD,2025-02-04,,145.65,
555,INVALID_DATE,3,4,3,4,1,170.5 USD,,Fecha inválida: INVALID_DATE,148.26,
556,2025-01-31,4,1,4,1,2,126.0 €,2025-01-31,,126.0,
558,01/29/2025,6,3,6,3,4,173.5 USD,2025-01-29,,150.87,
559,INVALID_DATE,7,4,7,4,5,129.0 €,,Fecha inválida: INVALID_DATE,129.0,
561,26/01/2025,2,2,2,2,2,NULL,2025-01-26,,,MontoTotal_Raw nulo o vacío: NULL
562,01/25/2025,3,3,3,3,3,132.0 €,2025-01-25,,132.0,
563,INVALID_DATE,4,4,4,4,4,133.0 €,,Fecha inválida: INVALID_DATE,133.0,
565,22/01/2025,6,2,6,2,1,135.0 €,2025-01-22,,135.0,
566,01/21/2025,7,3,7,3,2,136.0 €,2025-01-21,,136.0,
567,INVALID_DATE,1,4,1,4,3,182.5 USD,,Fecha inválida: INVALID_DATE,158.7,
569,18/01/2025,3,2,3,2,5,139.0 €,2025-01-18,,139.0,
570,01/17/2025,4,3,4,3,1,185.5 USD,2025-01-17,,161.3,
571,INVALID_DATE,5,4,5,4,2,141.0 €,,Fecha inválida: INVALID_DATE,141.0,
572,2025-01-15,6,1,6,1,3,142.0 €,2025-01-15,,142.0,
573,14/01/2025,7,2,7,2,4,188.5 USD,2025-01-14,,163.91,
575,INVALID_DATE,2,4,2,4,1,145.0 €,,Fecha inválida: INVALID_DATE,145.0,
576,2025-01-11,3,1,3,1,2,191.5 USD,2025-01-11,,166.52,
577,10/01/2025,4,2,4,2,3,147.0 €,2025-01-10,,147.0,
579,INVALID_DATE,6,4,6,4,5,194.5 USD,,Fecha inválida: INVALID_DATE,169.13,
580,2025-01-07,7,1,7,1,1,150.0 €,2025-01-07,,150.0,
583,INVALID_DATE,3,4,3,4,4,153.0 €,,Fecha inválida: INVALID_DATE,153.0,
584,2025-01-03,4,1,4,1,5,154.0 €,2025-01-03,,154.0,
586,01/01/2025,6,3,6,3,2,156.0 €,2025-01-01,,156.0,
587,INVALID_DATE,7,4,7,4,3,157.0 €,,Fecha inválida: INVALID_DATE,157.0,
590,12/28/2024,3,3,3,3,1,160.0 €,2024-12-28,,160.0,
591,INVALID_DATE,4,4,4,4,2,206.5 USD,,Fecha inválida: INVALID_DATE,179.57,
593,25/12/2024,6,2,6,2,4,163.0 €,2024-12-25,,163.0,
594,12/24/2024,7,3,7,3,5,NULL,2024-12-24,,,MontoTotal_Raw nulo o vacío: NULL
595,INVALID_DATE,1,4,1,4,1,165.0 €,,Fecha inválida: INVALID_DATE,165.0,
597,21/12/2024,3,2,3,2,3,212.5 USD,2024-12-21,,184.78,
598,12/20/2024,4,3,4,3,4,168.0 €,2024-12-20,,168.0,
599,INVALID_DATE,5,4,5,4,5,169.0 €,,Fecha inválida: INVALID_DATE,169.0,
600,2024-12-18,6,1,6,1,1,-150.00 €,2024-12-18,,,MontoTotal_Raw negativo: -150.00 €
601,17/12/2024,7,2,7,2,2,21.0 €,2024-12-17,,21.0,
603,INVALID_DATE,2,4,2,4,4,18.5 USD,,Fecha inválida: INVALID_DATE,16.09,
604,2024-12-14,3,1,3,1,5,24.0 €,2024-12-14,,24.0,
605,13/12/2024,4,2,4,2,1,25.0 €,2024-12-13,,25.0,
607,INVALID_DATE,6,4,6,4,3,27.0 €,,Fecha inválida: INVALID_DATE,27.0,
608,2024-12-10,7,1,7,1,4,28.0 €,2024-12-10,,28.0,
611,INVALID_DATE,3,4,3,4,2,31.0 €,,Fecha inválida: INVALID_DATE,31.0,
612,2024-12-06,4,1,4,1,3,27.5 USD,2024-12-06,,23.91,
614,12/04/2024,6,3,6,3,5,34.0 €,2024-04-12,,34.0,
615,INVALID_DATE,7,4,7,4,1,30.5 USD,,Fecha inválida: INVALID_DATE,26.52,
618,11/30/2024,3,3,3,3,4,33.5 USD,2024-11-30,,29.13,
619,INVALID_DATE,4,4,4,4,5,39.0 €,,Fecha inválida: INVALID_DATE,39.0,
621,27/11/2024,6,2,6,2,2,36.5 USD,2024-11-27,,31.74,
622,11/26/2024,7,3,7,3,3,42.0 €,2024-11-26,,42.0,
623,INVALID_DATE,1,4,1,4,4,43.0 €,,Fecha inválida: INVALID_DATE,43.0,
625,23/11/2024,3,2,3,2,1,45.0 €,2024-11-23,,45.0,
626,11/22/2024,4,3,4,3,2,46.0 €,2024-11-22,,46.0,
627,INVALID_DATE,5,4,5,4,3,NULL,,Fecha inválida: INVALID_DATE,,MontoTotal_Raw nulo o vacío: NULL
628,2024-11-20,6,1,6,1,4,48.0 €,2024-11-20,,48.0,
629,19/11/2024,7,2,7,2,5,49.0 €,2024-11-19,,49.0,
631,INVALID_DATE,2,4,2,4,2,51.0 €,,Fecha inválida: INVALID_DATE,51.0,
632,2024-11-16,3,1,3,1,3,52.0 €,2024-11-16,,52.0,
633,15/11/2024,4,2,4,2,4,48.5 USD,2024-11-15,,42.17,
635,INVALID_DATE,6,4,6,4,1,55.0 €,,Fecha inválida: INVALID_DATE,55.0,
636,2024-11-12,7,1,7,1,2,51.5 USD,2024-11-12,,44.78,
639,INVALID_DATE,3,4,3,4,5,54.5 USD,,Fecha inválida: INVALID_DATE,47.39,
640,2024-11-08,4,1,4,1,1,60.0 €,2024-11-08,,60.0,
642,11/06/2024,6,3,6,3,3,57.5 USD,2024-06-11,,50.0,
643,INVALID_DATE,7,4,7,4,4,63.0 €,,Fecha inválida: INVALID_DATE,63.0,
646,11/02/2024,3,3,3,3,2,66.0 €,2024-02-11,,66.0,
647,INVALID_DATE,4,4,4,4,3,67.0 €,,Fecha inválida: INVALID_DATE,67.0,
649,30/10/2024,6,2,6,2,5,69.0 €,2024-10-30,,69.0,
650,10/29/2024,7,3,7,3,1,-150.00 €,2024-10-29,,,MontoTotal_Raw negativo: -150.00 €
651,INVALID_DATE,1,4,1,4,2,66.5 USD,,Fecha inválida: INVALID_DATE,57.83,
653,26/10/2024,3,2,3,2,4,73.0 €,2024-10-26,,73.0,
654,10/25/2024,4,3,4,3,5,69.5 USD,2024-10-25,,60.43,
655,INVALID_DATE,5,4,5,4,1,75.0 €,,Fecha inválida: INVALID_DATE,75.0,
656,2024-10-23,6,1,6,1,2,76.0 €,2024-10-23,,76.0,
657,22/10/2024,7,2,7,2,3,72.5 USD,2024-10-22,,63.04,
659,INVALID_DATE,2,4,2,4,5,79.0 €,,Fecha inválida: INVALID_DATE,79.0,
660,2024-10-19,3,1,3,1,1,NULL,2024-10-19,,,MontoTotal_Raw nulo o vacío: NULL
661,18/10/2024,4,2,4,2,2,81.0 €,2024-10-18,,81.0,
663,INVALID_DATE,6,4,6,4,4,78.5 USD,,Fecha inválida: INVALID_DATE,68.26,
664,2024-10-15,7,1,7,1,5,84.0 €,2024-10-15,,84.0,
667,INVALID_DATE,3,4,3,4,3,87.0 €,,Fecha inválida: INVALID_DATE,87.0,
668,2024-10-11,4,1,4,1,4,88.0 €,2024-10-11,,88.0,
670,10/09/2024,6,3,6,3,1,90.0 €,2024-09-10,,90.0,
671,INVALID_DATE,7,4,7,4,2,91.0 €,,Fecha inválida: INVALID_DATE,91.0,
674,10/05/2024,3,3,3,3,5,94.0 €,2024-05-10,,94.0,
675,INVALID_DATE,4,4,4,4,1,90.5 USD,,Fecha inválida: INVALID_DATE,78.7,
677,02/10/2024,6,2,6,2,3,97.0 €,2024-10-02,,97.0,
678,10/01/2024,7,3,7,3,4,93.5 USD,2024-01-10,,81.3,
679,INVALID_DATE,1,4,1,4,5,99.0 €,,Fecha inválida: INVALID_DATE,99.0,
681,28/09/2024,3,2,3,2,2,96.5 USD,2024-09-28,,83.91,
682,09/27/2024,4,3,4,3,3,102.0 €,2024-09-27,,102.0,
683,INVALID_DATE,5,4,5,4,4,103.0 €,,Fecha inválida: INVALID_DATE,103.0,
684,2024-09-25,6,1,6,1,5,99.5 USD,2024-09-25,,86.52,
685,24/09/2024,7,2,7,2,1,105.0 €,2024-09-24,,105.0,
687,INVALID_DATE,2,4,2,4,3,102.5 USD,,Fecha inválida: INVALID_DATE,89.13,
688,2024-09-21,3,1,3,1,4,108.0 €,2024-09-21,,108.0,
689,20/09/2024,4,2,4,2,5,109.0 €,2024-09-20,,109.0,
691,INVALID_DATE,6,4,6,4,2,111.0 €,,Fecha inválida: INVALID_DATE,111.0,
692,2024-09-17,7,1,7,1,3,112.0 €,2024-09-17,,112.0,
693,16/09/2024,1,2,1,2,4,NULL,2024-09-16,,,MontoTotal_Raw nulo o vacío: NULL
695,INVALID_DATE,3,4,3,4,1,115.0 €,,Fecha inválida: INVALID_DATE,115.0,
696,2024-09-13,4,1,4,1,2,111.5 USD,2024-09-13,,96.96,
698,09/11/2024,6,3,6,3,4,118.0 €,2024-11-09,,118.0,
699,INVALID_DATE,7,4,7,4,5,114.5 USD,,Fecha inválida: INVALID_DATE,99.57,
700,2024-09-09,1,1,1,1,1,-150.00 €,2024-09-09,,,MontoTotal_Raw negativo: -150.00 €
702,09/07/2024,3,3,3,3,3,117.5 USD,2024-07-09,,102.17,
703,INVALID_DATE,4,4,4,4,4,123.0 €,,Fecha inválida: INVALID_DATE,123.0,
705,04/09/2024,6,2,6,2,1,120.5 USD,2024-09-04,,104.78,
706,09/03/2024,7,3,7,3,2,126.0 €,2024-03-09,,126.0,
707,INVALID_DATE,1,4,1,4,3,127.0 €,,Fecha inválida: INVALID_DATE,127.0,
709,31/08/2024,3,2,3,2,5,129.0 €,2024-08-31,,129.0,
710,08/30/2024,4,3,4,3,1,130.0 €,2024-08-30,,130.0,
711,INVALID_DATE,5,4,5,4,2,126.5 USD,,Fecha inválida: INVALID_DATE,110.0,
712,2024-08-28,6,1,6,1,3,132.0 €,2024-08-28,,132.0,
713,27/08/2024,7,2,7,2,4,133.0 €,2024-08-27,,133.0,
715,INVALID_DATE,2,4,2,4,1,135.0 €,,Fecha inválida: INVALID_DATE,135.0,
716,2024-08-24,3,1,3,1,2,136.0 €,2024-08-24,,136.0,
717,23/08/2024,4,2,4,2,3,132.5 USD,2024-08-23,,115.22,
719,INVALID_DATE,6,4,6,4,5,139.0 €,,Fecha inválida: INVALID_DATE,139.0,
720,2024-08-20,7,1,7,1,1,135.5 USD,2024-08-20,,117.83,
723,INVALID_DATE,3,4,3,4,4,138.5 USD,,Fecha inválida: INVALID_DATE,120.43,
724,2024-08-16,4,1,4,1,5,144.0 €,2024-08-16,,144.0,
726,08/14/2024,6,3,6,3,2,NULL,2024-08-14,,,MontoTotal_Raw nulo o vacío: NULL
727,INVALID_DATE,7,4,7,4,3,147.0 €,,Fecha inválida: INVALID_DATE,147.0,
730,08/10/2024,3,3,3,3,1,150.0 €,2024-10-08,,150.0,
731,INVALID_DATE,4,4,4,4,2,151.0 €,,Fecha inválida: INVALID_DATE,151.0,
733,07/08/2024,6,2,6,2,4,153.0 €,2024-08-07,,153.0,
734,08/06/2024,7,3,7,3,5,154.0 €,2024-06-08,,154.0,
735,INVALID_DATE,1,4,1,4,1,150.5 USD,,Fecha inválida: INVALID_DATE,130.87,
737,03/08/2024,3,2,3,2,3,157.0 €,2024-08-03,,157.0,
738,08/02/2024,4,3,4,3,4,153.5 USD,2024-02-08,,133.48,
739,INVALID_DATE,5,4,5,4,5,159.0 €,,Fecha inválida: INVALID_DATE,159.0,
740,2024-07-31,6,1,6,1,1,160.0 €,2024-07-31,,160.0,
741,30/07/2024,7,2,7,2,2,156.5 USD,2024-07-30,,136.09,
743,INVALID_DATE,2,4,2,4,4,163.0 €,,Fecha inválida: INVALID_DATE,163.0,
744,2024-07-27,3,1,3,1,5,159.5 USD,2024-07-27,,138.7,
745,26/07/2024,4,2,4,2,1,165.0 €,2024-07-26,,165.0,
747,INVALID_DATE,6,4,6,4,3,162.5 USD,,Fecha inválida: INVALID_DATE,141.3,
748,2024-07-23,7,1,7,1,4,168.0 €,2024-07-23,,168.0,
750,07/21/2024,2,3,2,3,1,-150.00 €,2024-07-21,,,MontoTotal_Raw negativo: -150.00 €
751,INVALID_DATE,3,4,3,4,2,21.0 €,,Fecha inválida: INVALID_DATE,21.0,
752,2024-07-19,4,1,4,1,3,22.0 €,2024-07-19,,22.0,
754,07/17/2024,6,3,6,3,5,24.0 €,2024-07-17,,24.0,
755,INVALID_DATE,7,4,7,4,1,25.0 €,,Fecha inválida: INVALID_DATE,25.0,
758,07/13/2024,3,3,3,3,4,28.0 €,2024-07-13,,28.0,
759,INVALID_DATE,4,4,4,4,5,NULL,,Fecha inválida: INVALID_DATE,,MontoTotal_Raw nulo o vacío: NULL
761,10/07/2024,6,2,6,2,2,31.0 €,2024-07-10,,31.0,
762,07/09/2024,7,3,7,3,3,177.5 USD,2024-09-07,,154.35,
763,INVALID_DATE,1,4,1,4,4,33.0 €,,Fecha inválida: INVALID_DATE,33.0,
765,06/07/2024,3,2,3,2,1,180.5 USD,2024-07-06,,156.96,
766,07/05/2024,4,3,4,3,2,36.0 €,2024-05-07,,36.0,
767,INVALID_DATE,5,4,5,4,3,37.0 €,,Fecha inválida: INVALID_DATE,37.0,
768,2024-07-03,6,1,6,1,4,183.5 USD,2024-07-03,,159.57,
769,02/07/2024,7,2,7,2,5,39.0 €,2024-07-02,,39.0,
771,INVALID_DATE,2,4,2,4,2,186.5 USD,,Fecha inválida: INVALID_DATE,162.17,
772,2024-06-29,3,1,3,1,3,42.0 €,2024-06-29,,42.0,
773,28/06/2024,4,2,4,2,4,43.0 €,2024-06-28,,43.0,
775,INVALID_DATE,6,4,6,4,1,45.0 €,,Fecha inválida: INVALID_DATE,45.0,
776,2024-06-25,7,1,7,1,2,46.0 €,2024-06-25,,46.0,
779,INVALID_DATE,3,4,3,4,5,49.0 €,,Fecha inválida: INVALID_DATE,49.0,
780,2024-06-21,4,1,4,1,1,195.5 USD,2024-06-21,,170.0,
782,06/19/2024,6,3,6,3,3,52.0 €,2024-06-19,,52.0,
783,INVALID_DATE,7,4,7,4,4,198.5 USD,,Fecha inválida: INVALID_DATE,172.61,
786,06/15/2024,3,3,3,3,2,201.5 USD,2024-06-15,,175.22,
787,INVALID_DATE,4,4,4,4,3,57.0 €,,Fecha inválida: INVALID_DATE,57.0,
789,12/06/2024,6,2,6,2,5,204.5 USD,2024-06-12,,177.83,
790,06/11/2024,7,3,7,3,1,60.0 €,2024-11-06,,60.0,
791,INVALID_DATE,1,4,1,4,2,61.0 €,,Fecha inválida: INVALID_DATE,61.0,
792,2024-06-09,2,1,2,1,3,NULL,2024-06-09,,,MontoTotal_Raw nulo o vacío: NULL
793,08/06/2024,3,2,3,2,4,63.0 €,2024-06-08,,63.0,
794,06/07/2024,4,3,4,3,5,64.0 €,2024-07-06,,64.0,
795,INVALID_DATE,5,4,5,4,1,210.5 USD,,Fecha inválida: INVALID_DATE,183.04,
796,2024-06-05,6,1,6,1,2,66.0 €,2024-06-05,,66.0,
797,04/06/2024,7,2,7,2,3,67.0 €,2024-06-04,,67.0,
799,INVALID_DATE,2,4,2,4,5,69.0 €,,Fecha inválida: INVALID_DATE,69.0,
800,2024-06-01,3,1,3,1,1,-150.00 €,2024-06-01,,,MontoTotal_Raw negativo: -150.00 €
801,31/05/2024,4,2,4,2,2,16.5 USD,2024-05-31,,14.35,
803,INVALID_DATE,6,4,6,4,4,73.0 €,,Fecha inválida: INVALID_DATE,73.0,
804,2024-05-28,7,1,7,1,5,19.5 USD,2024-05-28,,16.96,
807,INVALID_DATE,3,4,3,4,3,22.5 USD,,Fecha inválida: INVALID_DATE,19.57,
808,2024-05-24,4,1,4,1,4,78.0 €,2024-05-24,,78.0,
810,05/22/2024,6,3,6,3,1,25.5 USD,2024-05-22,,22.17,
811,INVALID_DATE,7,4,7,4,2,81.0 €,,Fecha inválida: INVALID_DATE,81.0,
814,05/18/2024,3,3,3,3,5,84.0 €,2024-05-18,,84.0,
815,INVALID_DATE,4,4,4,4,1,85.0 €,,Fecha inválida: INVALID_DATE,85.0,
817,15/05/2024,6,2,6,2,3,87.0 €,2024-05-15,,87.0,
818,05/14/2024,7,3,7,3,4,88.0 €,2024-05-14,,88.0,
819,INVALID_DATE,1,4,1,4,5,34.5 USD,,Fecha inválida: INVALID_DATE,30.0,
821,11/05/2024,3,2,3,2,2,91.0 €,2024-05-11,,91.0,
822,05/10/2024,4,3,4,3,3,37.5 USD,2024-10-05,,32.61,
823,INVALID_DATE,5,4,5,4,4,93.0 €,,Fecha inválida: INVALID_DATE,93.0,
824,2024-05-08,6,1,6,1,5,94.0 €,2024-05-08,,94.0,
825,07/05/2024,7,2,7,2,1,NULL,2024-05-07,,,MontoTotal_Raw nulo o vacío: NULL
827,INVALID_DATE,2,4,2,4,3,97.0 €,,Fecha inválida: INVALID_DATE,97.0,
828,2024-05-04,3,1,3,1,4,43.5 USD,2024-05-04,,37.83,
829,03/05/2024,4,2,4,2,5,99.0 €,2024-05-03,,99.0,
831,INVALID_DATE,6,4,6,4,2,46.5 USD,,Fecha inválida: INVALID_DATE,40.43,
832,2024-04-30,7,1,7,1,3,102.0 €,2024-04-30,,102.0,
835,INVALID_DATE,3,4,3,4,1,105.0 €,,Fecha inválida: INVALID_DATE,105.0,
836,2024-04-26,4,1,4,1,2,106.0 €,2024-04-26,,106.0,
838,04/24/2024,6,3,6,3,4,108.0 €,2024-04-24,,108.0,
839,INVALID_DATE,7,4,7,4,5,109.0 €,,Fecha inválida: INVALID_DATE,109.0,
842,04/20/2024,3,3,3,3,3,112.0 €,2024-04-20,,112.0,
843,INVALID_DATE,4,4,4,4,4,58.5 USD,,Fecha inválida: INVALID_DATE,50.87,
845,17/04/2024,6,2,6,2,1,115.0 €,2024-04-17,,115.0,
846,04/16/2024,7,3,7,3,2,61.5 USD,2024-04-16,,53.48,
847,INVALID_DATE,1,4,1,4,3,117.0 €,,Fecha inválida: INVALID_DATE,117.0,
849,13/04/2024,3,2,3,2,5,64.5 USD,2024-04-13,,56.09,
850,04/12/2024,4,3,4,3,1,-150.00 €,2024-12-04,,,MontoTotal_Raw negativo: -150.00 €
851,INVALID_DATE,5,4,5,4,2,121.0 €,,Fecha inválida: INVALID_DATE,121.0,
852,2024-04-10,6,1,6,1,3,67.5 USD,2024-04-10,,58.7,
853,09/04/2024,7,2,7,2,4,123.0 €,2024-04-09,,123.0,
855,INVALID_DATE,2,4,2,4,1,70.5 USD,,Fecha inválida: INVALID_DATE,61.3,
856,2024-04-06,3,1,3,1,2,126.0 €,2024-04-06,,126.0,
857,05/04/2024,4,2,4,2,3,127.0 €,2024-04-05,,127.0,
858,04/04/2024,5,3,5,3,4,NULL,2024-04-04,,,MontoTotal_Raw nulo o vacío: NULL
859,INVALID_DATE,6,4,6,4,5,129.0 €,,Fecha inválida: INVALID_DATE,129.0,
860,2024-04-02,7,1,7,1,1,130.0 €,2024-04-02,,130.0,
863,INVALID_DATE,3,4,3,4,4,133.0 €,,Fecha inválida: INVALID_DATE,133.0,
864,2024-03-29,4,1,4,1,5,79.5 USD,2024-03-29,,69.13,
866,03/27/2024,6,3,6,3,2,136.0 €,2024-03-27,,136.0,
867,INVALID_DATE,7,4,7,4,3,82.5 USD,,Fecha inválida: INVALID_DATE,71.74,
870,03/23/2024,3,3,3,3,1,85.5 USD,2024-03-23,,74.35,
871,INVALID_DATE,4,4,4,4,2,141.0 €,,Fecha inválida: INVALID_DATE,141.0,
873,20/03/2024,6,2,6,2,4,88.5 USD,2024-03-20,,76.96,
874,03/19/2024,7,3,7,3,5,144.0 €,2024-03-19,,144.0,
875,INVALID_DATE,1,4,1,4,1,145.0 €,,Fecha inválida: INVALID_DATE,145.0,
877,16/03/2024,3,2,3,2,3,147.0 €,2024-03-16,,147.0,
878,03/15/2024,4,3,4,3,4,148.0 €,2024-03-15,,148.0,
879,INVALID_DATE,5,4,5,4,5,94.5 USD,,Fecha inválida: INVALID_DATE,82.17,
880,2024-03-13,6,1,6,1,1,150.0 €,2024-03-13,,150.0,
881,12/03/2024,7,2,7,2,2,151.0 €,2024-03-12,,151.0,
883,INVALID_DATE,2,4,2,4,4,153.0 €,,Fecha inválida: INVALID_DATE,153.0,
884,2024-03-09,3,1,3,1,5,154.0 €,2024-03-09,,154.0,
885,08/03/2024,4,2,4,2,1,100.5 USD,2024-03-08,,87.39,
887,INVALID_DATE,6,4,6,4,3,157.0 €,,Fecha inválida: INVALID_DATE,157.0,
888,2024-03-05,7,1,7,1,4,103.5 USD,2024-03-05,,90.0,
891,INVALID_DATE,3,4,3,4,2,NULL,,Fecha inválida: INVALID_DATE,,MontoTotal_Raw nulo o vacío: NULL
892,2024-03-01,4,1,4,1,3,162.0 €,2024-03-01,,162.0,
894,02/28/2024,6,3,6,3,5,109.5 USD,2024-02-28,,95.22,
895,INVALID_DATE,7,4,7,4,1,165.0 €,,Fecha inválida: INVALID_DATE,165.0,
898,02/24/2024,3,3,3,3,4,168.0 €,2024-02-24,,168.0,
899,INVALID_DATE,4,4,4,4,5,169.0 €,,Fecha inválida: INVALID_DATE,169.0,
900,2024-02-22,5,1,5,1,1,-150.00 €,2024-02-22,,,MontoTotal_Raw negativo: -150.00 €
901,21/02/2024,6,2,6,2,2,21.0 €,2024-02-21,,21.0,
902,02/20/2024,7,3,7,3,3,22.0 €,2024-02-20,,22.0,
903,INVALID_DATE,1,4,1,4,4,118.5 USD,,Fecha inválida: INVALID_DATE,103.04,
905,17/02/2024,3,2,3,2,1,25.0 €,2024-02-17,,25.0,
906,02/16/2024,4,3,4,3,2,121.5 USD,2024-02-16,,105.65,
907,INVALID_DATE,5,4,5,4,3,27.0 €,,Fecha inválida: INVALID_DATE,27.0,
908,2024-02-14,6,1,6,1,4,28.0 €,2024-02-14,,28.0,
909,13/02/2024,7,2,7,2,5,124.5 USD,2024-02-13,,108.26,
911,INVALID_DATE,2,4,2,4,2,31.0 €,,Fecha inválida: INVALID_DATE,31.0,
912,2024-02-10,3,1,3,1,3,127.5 USD,2024-02-10,,110.87,
913,09/02/2024,4,2,4,2,4,33.0 €,2024-02-09,,33.0,
915,INVALID_DATE,6,4,6,4,1,130.5 USD,,Fecha inválida: INVALID_DATE,113.48,
916,2024-02-06,7,1,7,1,2,36.0 €,2024-02-06,,36.0,
919,INVALID_DATE,3,4,3,4,5,39.0 €,,Fecha inválida: INVALID_DATE,39.0,
920,2024-02-02,4,1,4,1,1,40.0 €,2024-02-02,,40.0,
922,01/31/2024,6,3,6,3,3,42.0 €,2024-01-31,,42.0,
923,INVALID_DATE,7,4,7,4,4,43.0 €,,Fecha inválida: INVALID_DATE,43.0,
924,2024-01-29,1,1,1,1,5,NULL,2024-01-29,,,MontoTotal_Raw nulo o vacío: NULL
926,01/27/2024,3,3,3,3,2,46.0 €,2024-01-27,,46.0,
927,INVALID_DATE,4,4,4,4,3,142.5 USD,,Fecha inválida: INVALID_DATE,123.91,
929,24/01/2024,6,2,6,2,5,49.0 €,2024-01-24,,49.0,
930,01/23/2024,7,3,7,3,1,145.5 USD,2024-01-23,,126.52,
931,INVALID_DATE,1,4,1,4,2,51.0 €,,Fecha inválida: INVALID_DATE,51.0,
933,20/01/2024,3,2,3,2,4,148.5 USD,2024-01-20,,129.13,
934,01/19/2024,4,3,4,3,5,54.0 €,2024-01-19,,54.0,
935,INVALID_DATE,5,4,5,4,1,55.0 €,,Fecha inválida: INVALID_DATE,55.0,
936,2024-01-17,6,1,6,1,2,151.5 USD,2024-01-17,,131.74,
937,16/01/2024,7,2,7,2,3,57.0 €,2024-01-16,,57.0,
939,INVALID_DATE,2,4,2,4,5,154.5 USD,,Fecha inválida: INVALID_DATE,134.35,
940,2024-01-13,3,1,3,1,1,60.0 €,2024-01-13,,60.0,
941,12/01/2024,4,2,4,2,2,61.0 €,2024-01-12,,61.0,
943,INVALID_DATE,6,4,6,4,4,63.0 €,,Fecha inválida: INVALID_DATE,63.0,
944,2024-01-09,7,1,7,1,5,64.0 €,2024-01-09,,64.0,
947,INVALID_DATE,3,4,3,4,3,67.0 €,,Fecha inválida: INVALID_DATE,67.0,
948,2024-01-05,4,1,4,1,4,163.5 USD,2024-01-05,,142.17,
950,01/03/2024,6,3,6,3,1,-150.00 €,2024-03-01,,,MontoTotal_Raw negativo: -150.00 €
951,INVALID_DATE,7,4,7,4,2,166.5 USD,,Fecha inválida: INVALID_DATE,144.78,
954,12/30/2023,3,3,3,3,5,169.5 USD,2023-12-30,,147.39,
955,INVALID_DATE,4,4,4,4,1,75.0 €,,Fecha inválida: INVALID_DATE,75.0,
957,27/12/2023,6,2,6,2,3,NULL,2023-12-27,,,MontoTotal_Raw nulo o vacío: NULL
958,12/26/2023,7,3,7,3,4,78.0 €,2023-12-26,,78.0,
959,INVALID_DATE,1,4,1,4,5,79.0 €,,Fecha inválida: INVALID_DATE,79.0,
961,23/12/2023,3,2,3,2,2,81.0 €,2023-12-23,,81.0,
962,12/22/2023,4,3,4,3,3,82.0 €,2023-12-22,,82.0,
963,INVALID_DATE,5,4,5,4,4,178.5 USD,,Fecha inválida: INVALID_DATE,155.22,
964,2023-12-20,6,1,6,1,5,84.0 €,2023-12-20,,84.0,
965,19/12/2023,7,2,7,2,1,85.0 €,2023-12-19,,85.0,
967,INVALID_DATE,2,4,2,4,3,87.0 €,,Fecha inválida: INVALID_DATE,87.0,
968,2023-12-16,3,1,3,1,4,88.0 €,2023-12-16,,88.0,
969,15/12/2023,4,2,4,2,5,184.5 USD,2023-12-15,,160.43,
971,INVALID_DATE,6,4,6,4,2,91.0 €,,Fecha inválida: INVALID_DATE,91.0,
972,2023-12-12,7,1,7,1,3,187.5 USD,2023-12-12,,163.04,
975,INVALID_DATE,3,4,3,4,1,190.5 USD,,Fecha inválida: INVALID_DATE,165.65,
976,2023-12-08,4,1,4,1,2,96.0 €,2023-12-08,,96.0,
978,12/06/2023,6,3,6,3,4,193.5 USD,2023-06-12,,168.26,
979,INVALID_DATE,7,4,7,4,5,99.0 €,,Fecha inválida: INVALID_DATE,99.0,
982,12/02/2023,3,3,3,3,3,102.0 €,2023-02-12,,102.0,
983,INVALID_DATE,4,4,4,4,4,103.0 €,,Fecha inválida: INVALID_DATE,103.0,
985,29/11/2023,6,2,6,2,1,105.0 €,2023-11-29,,105.0,
986,11/28/2023,7,3,7,3,2,106.0 €,2023-11-28,,106.0,
987,INVALID_DATE,1,4,1,4,3,202.5 USD,,Fecha inválida: INVALID_DATE,176.09,
989,25/11/2023,3,2,3,2,5,109.0 €,2023-11-25,,109.0,
990,11/24/2023,4,3,4,3,1,NULL,2023-11-24,,,MontoTotal_Raw nulo o vacío: NULL
991,INVALID_DATE,5,4,5,4,2,111.0 €,,Fecha inválida: INVALID_DATE,111.0,
992,2023-11-22,6,1,6,1,3,112.0 €,2023-11-22,,112.0,
993,21/11/2023,7,2,7,2,4,208.5 USD,2023-11-21,,181.3,
995,INVALID_DATE,2,4,2,4,1,115.0 €,,Fecha inválida: INVALID_DATE,115.0,
996,2023-11-18,3,1,3,1,2,211.5 USD,2023-11-18,,183.91,
997,17/11/2023,4,2,4,2,3,117.0 €,2023-11-17,,117.0,
999,INVALID_DATE,6,4,6,4,5,214.5 USD,,Fecha inválida: INVALID_DATE,186.52,
1000,2026-08-10,7,1,7,1,1,-150.00 €,2026-08-10,,,MontoTotal_Raw negativo: -150.00 €
1003,INVALID_DATE,3,4,3,4,4,123.0 €,,Fecha inválida: INVALID_DATE,123.0,
1004,2026-08-06,4,1,4,1,5,124.0 €,2026-08-06,,124.0,
1006,08/04/2026,6,3,6,3,2,126.0 €,2026-04-08,,126.0,
1007,INVALID_DATE,7,4,7,4,3,127.0 €,,Fecha inválida: INVALID_DATE,127.0,
1010,07/31/2026,3,3,3,3,1,130.0 €,2026-07-31,,130.0,
1011,INVALID_DATE,4,4,4,4,2,26.5 USD,,Fecha inválida: INVALID_DATE,23.04,
1013,28/07/2026,6,2,6,2,4,133.0 €,2026-07-28,,133.0,
1014,07/27/2026,7,3,7,3,5,29.5 USD,2026-07-27,,25.65,
1015,INVALID_DATE,1,4,1,4,1,135.0 €,,Fecha inválida: INVALID_DATE,135.0,
1017,24/07/2026,3,2,3,2,3,32.5 USD,2026-07-24,,28.26,
1018,07/23/2026,4,3,4,3,4,138.0 €,2026-07-23,,138.0,
1019,INVALID_DATE,5,4,5,4,5,139.0 €,,Fecha inválida: INVALID_DATE,139.0,
1020,2026-07-21,6,1,6,1,1,35.5 USD,2026-07-21,,30.87,
1021,20/07/2026,7,2,7,2,2,141.0 €,2026-07-20,,141.0,
1023,INVALID_DATE,2,4,2,4,4,NULL,,Fecha inválida: INVALID_DATE,,MontoTotal_Raw nulo o vacío: NULL
1024,2026-07-17,3,1,3,1,5,144.0 €,2026-07-17,,144.0,
1025,16/07/2026,4,2,4,2,1,145.0 €,2026-07-16,,145.0,
1027,INVALID_DATE,6,4,6,4,3,147.0 €,,Fecha inválida: INVALID_DATE,147.0,
1028,2026-07-13,7,1,7,1,4,148.0 €,2026-07-13,,148.0,
1031,INVALID_DATE,3,4,3,4,2,151.0 €,,Fecha inválida: INVALID_DATE,151.0,
1032,2026-07-09,4,1,4,1,3,47.5 USD,2026-07-09,,41.3,
1034,07/07/2026,6,3,6,3,5,154.0 €,2026-07-07,,154.0,
1035,INVALID_DATE,7,4,7,4,1,50.5 USD,,Fecha inválida: INVALID_DATE,43.91,
1038,07/03/2026,3,3,3,3,4,53.5 USD,2026-03-07,,46.52,
1039,INVALID_DATE,4,4,4,4,5,159.0 €,,Fecha inválida: INVALID_DATE,159.0,
1041,30/06/2026,6,2,6,2,2,56.5 USD,2026-06-30,,49.13,
1042,06/29/2026,7,3,7,3,3,162.0 €,2026-06-29,,162.0,
1043,INVALID_DATE,1,4,1,4,4,163.0 €,,Fecha inválida: INVALID_DATE,163.0,
1045,26/06/2026,3,2,3,2,1,165.0 €,2026-06-26,,165.0,
1046,06/25/2026,4,3,4,3,2,166.0 €,2026-06-25,,166.0,
1047,INVALID_DATE,5,4,5,4,3,62.5 USD,,Fecha inválida: INVALID_DATE,54.35,
1048,2026-06-23,6,1,6,1,4,168.0 €,2026-06-23,,168.0,
1049,22/06/2026,7,2,7,2,5,169.0 €,2026-06-22,,169.0,
1050,06/21/2026,1,3,1,3,1,-150.00 €,2026-06-21,,,MontoTotal_Raw negativo: -150.00 €
1051,INVALID_DATE,2,4,2,4,2,21.0 €,,Fecha inválida: INVALID_DATE,21.0,
1052,2026-06-19,3,1,3,1,3,22.0 €,2026-06-19,,22.0,
1053,18/06/2026,4,2,4,2,4,68.5 USD,2026-06-18,,59.57,
1055,INVALID_DATE,6,4,6,4,1,25.0 €,,Fecha inválida: INVALID_DATE,25.0,
1056,2026-06-15,7,1,7,1,2,NULL,2026-06-15,,,MontoTotal_Raw nulo o vacío: NULL
1059,INVALID_DATE,3,4,3,4,5,74.5 USD,,Fecha inválida: INVALID_DATE,64.78,
1060,2026-06-11,4,1,4,1,1,30.0 €,2026-06-11,,30.0,
1062,06/09/2026,6,3,6,3,3,77.5 USD,2026-09-06,,67.39,
1063,INVALID_DATE,7,4,7,4,4,33.0 €,,Fecha inválida: INVALID_DATE,33.0,
1066,06/05/2026,3,3,3,3,2,36.0 €,2026-05-06,,36.0,
1067,INVALID_DATE,4,4,4,4,3,37.0 €,,Fecha inválida: INVALID_DATE,37.0,
1069,02/06/2026,6,2,6,2,5,39.0 €,2026-06-02,,39.0,
1070,06/01/2026,7,3,7,3,1,40.0 €,2026-01-06,,40.0,
1071,INVALID_DATE,1,4,1,4,2,86.5 USD,,Fecha inválida: INVALID_DATE,75.22,
1073,29/05/2026,3,2,3,2,4,43.0 €,2026-05-29,,43.0,
1074,05/28/2026,4,3,4,3,5,89.5 USD,2026-05-28,,77.83,
1075,INVALID_DATE,5,4,5,4,1,45.0 €,,Fecha inválida: INVALID_DATE,45.0,
1076,2026-05-26,6,1,6,1,2,46.0 €,2026-05-26,,46.0,
1077,25/05/2026,7,2,7,2,3,92.5 USD,2026-05-25,,80.43,
1079,INVALID_DATE,2,4,2,4,5,49.0 €,,Fecha inválida: INVALID_DATE,49.0,
1080,2026-05-22,3,1,3,1,1,95.5 USD,2026-05-22,,83.04,
1081,21/05/2026,4,2,4,2,2,51.0 €,2026-05-21,,51.0,
1083,INVALID_DATE,6,4,6,4,4,98.5 USD,,Fecha inválida: INVALID_DATE,85.65,
1084,2026-05-18,7,1,7,1,5,54.0 €,2026-05-18,,54.0,
1087,INVALID_DATE,3,4,3,4,3,57.0 €,,Fecha inválida: INVALID_DATE,57.0,
1088,2026-05-14,4,1,4,1,4,58.0 €,2026-05-14,,58.0,
1089,13/05/2026,5,2,5,2,5,NULL,2026-05-13,,,MontoTotal_Raw nulo o vacío: NULL
1090,05/12/2026,6,3,6,3,1,60.0 €,2026-12-05,,60.0,
1091,INVALID_DATE,7,4,7,4,2,61.0 €,,Fecha inválida: INVALID_DATE,61.0,
1094,05/08/2026,3,3,3,3,5,64.0 €,2026-08-05,,64.0,
1095,INVALID_DATE,4,4,4,4,1,110.5 USD,,Fecha inválida: INVALID_DATE,96.09,
1097,05/05/2026,6,2,6,2,3,67.0 €,2026-05-05,,67.0,
1098,05/04/2026,7,3,7,3,4,113.5 USD,2026-04-05,,98.7,
1099,INVALID_DATE,1,4,1,4,5,69.0 €,,Fecha inválida: INVALID_DATE,69.0,
1100,2026-05-02,2,1,2,1,1,-150.00 €,2026-05-02,,,MontoTotal_Raw negativo: -150.00 €
1101,01/05/2026,3,2,3,2,2,116.5 USD,2026-05-01,,101.3,
1102,04/30/2026,4,3,4,3,3,72.0 €,2026-04-30,,72.0,
1103,INVALID_DATE,5,4,5,4,4,73.0 €,,Fecha inválida: INVALID_DATE,73.0,
1104,2026-04-28,6,1,6,1,5,119.5 USD,2026-04-28,,103.91,
1105,27/04/2026,7,2,7,2,1,75.0 €,2026-04-27,,75.0,
1107,INVALID_DATE,2,4,2,4,3,122.5 USD,,Fecha inválida: INVALID_DATE,106.52,
1108,2026-04-24,3,1,3,1,4,78.0 €,2026-04-24,,78.0,
1109,23/04/2026,4,2,4,2,5,79.0 €,2026-04-23,,79.0,
1111,INVALID_DATE,6,4,6,4,2,81.0 €,,Fecha inválida: INVALID_DATE,81.0,
1112,2026-04-20,7,1,7,1,3,82.0 €,2026-04-20,,82.0,
1115,INVALID_DATE,3,4,3,4,1,85.0 €,,Fecha inválida: INVALID_DATE,85.0,
1116,2026-04-16,4,1,4,1,2,131.5 USD,2026-04-16,,114.35,
1118,04/14/2026,6,3,6,3,4,88.0 €,2026-04-14,,88.0,
1119,INVALID_DATE,7,4,7,4,5,134.5 USD,,Fecha inválida: INVALID_DATE,116.96,
1122,04/10/2026,3,3,3,3,3,NULL,2026-10-04,,,MontoTotal_Raw nulo o vacío: NULL
1123,INVALID_DATE,4,4,4,4,4,93.0 €,,Fecha inválida: INVALID_DATE,93.0,
1125,07/04/2026,6,2,6,2,1,140.5 USD,2026-04-07,,122.17,
1126,04/06/2026,7,3,7,3,2,96.0 €,2026-06-04,,96.0,
1127,INVALID_DATE,1,4,1,4,3,97.0 €,,Fecha inválida: INVALID_DATE,97.0,
1129,03/04/2026,3,2,3,2,5,99.0 €,2026-04-03,,99.0,
1130,04/02/2026,4,3,4,3,1,100.0 €,2026-02-04,,100.0,
1131,INVALID_DATE,5,4,5,4,2,146.5 USD,,Fecha inválida: INVALID_DATE,127.39,
1132,2026-03-31,6,1,6,1,3,102.0 €,2026-03-31,,102.0,
1133,30/03/2026,7,2,7,2,4,103.0 €,2026-03-30,,103.0,
1135,INVALID_DATE,2,4,2,4,1,105.0 €,,Fecha inválida: INVALID_DATE,105.0,
1136,2026-03-27,3,1,3,1,2,106.0 €,2026-03-27,,106.0,
1137,26/03/2026,4,2,4,2,3,152.5 USD,2026-03-26,,132.61,
1139,INVALID_DATE,6,4,6,4,5,109.0 €,,Fecha inválida: INVALID_DATE,109.0,
1140,2026-03-23,7,1,7,1,1,155.5 USD,2026-03-23,,135.22,
1143,INVALID_DATE,3,4,3,4,4,158.5 USD,,Fecha inválida: INVALID_DATE,137.83,
1144,2026-03-19,4,1,4,1,5,114.0 €,2026-03-19,,114.0,
1146,03/17/2026,6,3,6,3,2,161.5 USD,2026-03-17,,140.43,
1147,INVALID_DATE,7,4,7,4,3,117.0 €,,Fecha inválida: INVALID_DATE,117.0,
1150,03/13/2026,3,3,3,3,1,-150.00 €,2026-03-13,,,MontoTotal_Raw negativo: -150.00 €
1151,INVALID_DATE,4,4,4,4,2,121.0 €,,Fecha inválida: INVALID_DATE,121.0,
1153,10/03/2026,6,2,6,2,4,123.0 €,2026-03-10,,123.0,
1154,03/09/2026,7,3,7,3,5,124.0 €,2026-09-03,,124.0,
1155,INVALID_DATE,1,4,1,4,1,NULL,,Fecha inválida: INVALID_DATE,,MontoTotal_Raw nulo o vacío: NULL
1157,06/03/2026,3,2,3,2,3,127.0 €,2026-03-06,,127.0,
1158,03/05/2026,4,3,4,3,4,173.5 USD,2026-05-03,,150.87,
1159,INVALID_DATE,5,4,5,4,5,129.0 €,,Fecha inválida: INVALID_DATE,129.0,
1160,2026-03-03,6,1,6,1,1,130.0 €,2026-03-03,,130.0,
1161,02/03/2026,7,2,7,2,2,176.5 USD,2026-03-02,,153.48,
1163,INVALID_DATE,2,4,2,4,4,133.0 €,,Fecha inválida: INVALID_DATE,133.0,
1164,2026-02-27,3,1,3,1,5,179.5 USD,2026-02-27,,156.09,
1165,26/02/2026,4,2,4,2,1,135.0 €,2026-02-26,,135.0,
1167,INVALID_DATE,6,4,6,4,3,182.5 USD,,Fecha inválida: INVALID_DATE,158.7,
1168,2026-02-23,7,1,7,1,4,138.0 €,2026-02-23,,138.0,
1171,INVALID_DATE,3,4,3,4,2,141.0 €,,Fecha inválida: INVALID_DATE,141.0,
1172,2026-02-19,4,1,4,1,3,142.0 €,2026-02-19,,142.0,
1174,02/17/2026,6,3,6,3,5,144.0 €,2026-02-17,,144.0,
1175,INVALID_DATE,7,4,7,4,1,145.0 €,,Fecha inválida: INVALID_DATE,145.0,
1178,02/13/2026,3,3,3,3,4,148.0 €,2026-02-13,,148.0,
1179,INVALID_DATE,4,4,4,4,5,194.5 USD,,Fecha inválida: INVALID_DATE,169.13,
1181,10/02/2026,6,2,6,2,2,151.0 €,2026-02-10,,151.0,
1182,02/09/2026,7,3,7,3,3,197.5 USD,2026-09-02,,171.74,
1183,INVALID_DATE,1,4,1,4,4,153.0 €,,Fecha inválida: INVALID_DATE,153.0,
1185,06/02/2026,3,2,3,2,1,200.5 USD,2026-02-06,,174.35,
1186,02/05/2026,4,3,4,3,2,156.0 €,2026-05-02,,156.0,
1187,INVALID_DATE,5,4,5,4,3,157.0 €,,Fecha inválida: INVALID_DATE,157.0,
1188,2026-02-03,6,1,6,1,4,NULL,2026-02-03,,,MontoTotal_Raw nulo o vacío: NULL
1189,02/02/2026,7,2,7,2,5,159.0 €,2026-02-02,,159.0,
1191,INVALID_DATE,2,4,2,4,2,206.5 USD,,Fecha inválida: INVALID_DATE,179.57,
1192,2026-01-30,3,1,3,1,3,162.0 €,2026-01-30,,162.0,
1193,29/01/2026,4,2,4,2,4,163.0 €,2026-01-29,,163.0,
1195,INVALID_DATE,6,4,6,4,1,165.0 €,,Fecha inválida: INVALID_DATE,165.0,
1196,2026-01-26,7,1,7,1,2,166.0 €,2026-01-26,,166.0,
1199,INVALID_DATE,3,4,3,4,5,169.0 €,,Fecha inválida: INVALID_DATE,169.0,
1200,2026-01-22,4,1,4,1,1,-150.00 €,2026-01-22,,,MontoTotal_Raw negativo: -150.00 €
1202,01/20/2026,6,3,6,3,3,22.0 €,2026-01-20,,22.0,
1203,INVALID_DATE,7,4,7,4,4,18.5 USD,,Fecha inválida: INVALID_DATE,16.09,
1206,01/16/2026,3,3,3,3,2,21.5 USD,2026-01-16,,18.7,
1207,INVALID_DATE,4,4,4,4,3,27.0 €,,Fecha inválida: INVALID_DATE,27.0,
1209,13/01/2026,6,2,6,2,5,24.5 USD,2026-01-13,,21.3,
1210,01/12/2026,7,3,7,3,1,30.0 €,2026-12-01,,30.0,
1211,INVALID_DATE,1,4,1,4,2,31.0 €,,Fecha inválida: INVALID_DATE,31.0,
1213,09/01/2026,3,2,3,2,4,33.0 €,2026-01-09,,33.0,
1214,01/08/2026,4,3,4,3,5,34.0 €,2026-08-01,,34.0,
1215,INVALID_DATE,5,4,5,4,1,30.5 USD,,Fecha inválida: INVALID_DATE,26.52,
1216,2026-01-06,6,1,6,1,2,36.0 €,2026-01-06,,36.0,
1217,05/01/2026,7,2,7,2,3,37.0 €,2026-01-05,,37.0,
1219,INVALID_DATE,2,4,2,4,5,39.0 €,,Fecha inválida: INVALID_DATE,39.0,
1220,2026-01-02,3,1,3,1,1,40.0 €,2026-01-02,,40.0,
1221,01/01/2026,4,2,4,2,2,NULL,2026-01-01,,,MontoTotal_Raw nulo o vacío: NULL
1223,INVALID_DATE,6,4,6,4,4,43.0 €,,Fecha inválida: INVALID_DATE,43.0,
1224,2025-12-29,7,1,7,1,5,39.5 USD,2025-12-29,,34.35,
1227,INVALID_DATE,3,4,3,4,3,42.5 USD,,Fecha inválida: INVALID_DATE,36.96,
1228,2025-12-25,4,1,4,1,4,48.0 €,2025-12-25,,48.0,
1230,12/23/2025,6,3,6,3,1,45.5 USD,2025-12-23,,39.57,
1231,INVALID_DATE,7,4,7,4,2,51.0 €,,Fecha inválida: INVALID_DATE,51.0,
1234,12/19/2025,3,3,3,3,5,54.0 €,2025-12-19,,54.0,
1235,INVALID_DATE,4,4,4,4,1,55.0 €,,Fecha inválida: INVALID_DATE,55.0,
1237,16/12/2025,6,2,6,2,3,57.0 €,2025-12-16,,57.0,
1238,12/15/2025,7,3,7,3,4,58.0 €,2025-12-15,,58.0,
1239,INVALID_DATE,1,4,1,4,5,54.5 USD,,Fecha inválida: INVALID_DATE,47.39,
1241,12/12/2025,3,2,3,2,2,61.0 €,2025-12-12,,61.0,
1242,12/11/2025,4,3,4,3,3,57.5 USD,2025-11-12,,50.0,
1243,INVALID_DATE,5,4,5,4,4,63.0 €,,Fecha inválida: INVALID_DATE,63.0,
1244,2025-12-09,6,1,6,1,5,64.0 €,2025-12-09,,64.0,
1245,08/12/2025,7,2,7,2,1,60.5 USD,2025-12-08,,52.61,
1247,INVALID_DATE,2,4,2,4,3,67.0 €,,Fecha inválida: INVALID_DATE,67.0,
1248,2025-12-05,3,1,3,1,4,63.5 USD,2025-12-05,,55.22,
1249,04/12/2025,4,2,4,2,5,69.0 €,2025-12-04,,69.0,
1250,12/03/2025,5,3,5,3,1,-150.00 €,2025-03-12,,,MontoTotal_Raw negativo: -150.00 €
1251,INVALID_DATE,6,4,6,4,2,66.5 USD,,Fecha inválida: INVALID_DATE,57.83,
1252,2025-12-01,7,1,7,1,3,72.0 €,2025-12-01,,72.0,
1254,11/29/2025,2,3,2,3,5,NULL,2025-11-29,,,MontoTotal_Raw nulo o vacío: NULL
1255,INVALID_DATE,3,4,3,4,1,75.0 €,,Fecha inválida: INVALID_DATE,75.0,
1256,2025-11-27,4,1,4,1,2,76.0 €,2025-11-27,,76.0,
1258,11/25/2025,6,3,6,3,4,78.0 €,2025-11-25,,78.0,
1259,INVALID_DATE,7,4,7,4,5,79.0 €,,Fecha inválida: INVALID_DATE,79.0,
1262,11/21/2025,3,3,3,3,3,82.0 €,2025-11-21,,82.0,
1263,INVALID_DATE,4,4,4,4,4,78.5 USD,,Fecha inválida: INVALID_DATE,68.26,
1265,18/11/2025,6,2,6,2,1,85.0 €,2025-11-18,,85.0,
1266,11/17/2025,7,3,7,3,2,81.5 USD,2025-11-17,,70.87,
1267,INVALID_DATE,1,4,1,4,3,87.0 €,,Fecha inválida: INVALID_DATE,87.0,
1269,14/11/2025,3,2,3,2,5,84.5 USD,2025-11-14,,73.48,
1270,11/13/2025,4,3,4,3,1,90.0 €,2025-11-13,,90.0,
1271,INVALID_DATE,5,4,5,4,2,91.0 €,,Fecha inválida: INVALID_DATE,91.0,
1272,2025-11-11,6,1,6,1,3,87.5 USD,2025-11-11,,76.09,
1273,10/11/2025,7,2,7,2,4,93.0 €,2025-11-10,,93.0,
1275,INVALID_DATE,2,4,2,4,1,90.5 USD,,Fecha inválida: INVALID_DATE,78.7,
1276,2025-11-07,3,1,3,1,2,96.0 €,2025-11-07,,96.0,
1277,06/11/2025,4,2,4,2,3,97.0 €,2025-11-06,,97.0,
1279,INVALID_DATE,6,4,6,4,5,99.0 €,,Fecha inválida: INVALID_DATE,99.0,
1280,2025-11-03,7,1,7,1,1,100.0 €,2025-11-03,,100.0,
1283,INVALID_DATE,3,4,3,4,4,103.0 €,,Fecha inválida: INVALID_DATE,103.0,
1284,2025-10-30,4,1,4,1,5,99.5 USD,2025-10-30,,86.52,
1286,10/28/2025,6,3,6,3,2,106.0 €,2025-10-28,,106.0,
1287,INVALID_DATE,7,4,7,4,3,NULL,,Fecha inválida: INVALID_DATE,,MontoTotal_Raw nulo o vacío: NULL
1290,10/24/2025,3,3,3,3,1,105.5 USD,2025-10-24,,91.74,
1291,INVALID_DATE,4,4,4,4,2,111.0 €,,Fecha inválida: INVALID_DATE,111.0,
1293,21/10/2025,6,2,6,2,4,108.5 USD,2025-10-21,,94.35,
1294,10/20/2025,7,3,7,3,5,114.0 €,2025-10-20,,114.0,
1295,INVALID_DATE,1,4,1,4,1,115.0 €,,Fecha inválida: INVALID_DATE,115.0,
1297,17/10/2025,3,2,3,2,3,117.0 €,2025-10-17,,117.0,
1298,10/16/2025,4,3,4,3,4,118.0 €,2025-10-16,,118.0,
1299,INVALID_DATE,5,4,5,4,5,114.5 USD,,Fecha inválida: INVALID_DATE,99.57,
1300,2025-10-14,6,1,6,1,1,-150.00 €,2025-10-14,,,MontoTotal_Raw negativo: -150.00 €
1301,13/10/2025,7,2,7,2,2,121.0 €,2025-10-13,,121.0,
1303,INVALID_DATE,2,4,2,4,4,123.0 €,,Fecha inválida: INVALID_DATE,123.0,
1304,2025-10-10,3,1,3,1,5,124.0 €,2025-10-10,,124.0,
1305,09/10/2025,4,2,4,2,1,120.5 USD,2025-10-09,,104.78,
1307,INVALID_DATE,6,4,6,4,3,127.0 €,,Fecha inválida: INVALID_DATE,127.0,
1308,2025-10-06,7,1,7,1,4,123.5 USD,2025-10-06,,107.39,
1311,INVALID_DATE,3,4,3,4,2,126.5 USD,,Fecha inválida: INVALID_DATE,110.0,
1312,2025-10-02,4,1,4,1,3,132.0 €,2025-10-02,,132.0,
1314,09/30/2025,6,3,6,3,5,129.5 USD,2025-09-30,,112.61,
1315,INVALID_DATE,7,4,7,4,1,135.0 €,,Fecha inválida: INVALID_DATE,135.0,
1318,09/26/2025,3,3,3,3,4,138.0 €,2025-09-26,,138.0,
1319,INVALID_DATE,4,4,4,4,5,139.0 €,,Fecha inválida: INVALID_DATE,139.0,
1320,2025-09-24,5,1,5,1,1,NULL,2025-09-24,,,MontoTotal_Raw nulo o vacío: NULL
1321,23/09/2025,6,2,6,2,2,141.0 €,2025-09-23,,141.0,
1322,09/22/2025,7,3,7,3,3,142.0 €,2025-09-22,,142.0,
1323,INVALID_DATE,1,4,1,4,4,138.5 USD,,Fecha inválida: INVALID_DATE,120.43,
1325,19/09/2025,3,2,3,2,1,145.0 €,2025-09-19,,145.0,
1326,09/18/2025,4,3,4,3,2,141.5 USD,2025-09-18,,123.04,
1327,INVALID_DATE,5,4,5,4,3,147.0 €,,Fecha inválida: INVALID_DATE,147.0,
1328,2025-09-16,6,1,6,1,4,148.0 €,2025-09-16,,148.0,
1329,15/09/2025,7,2,7,2,5,144.5 USD,2025-09-15,,125.65,
1331,INVALID_DATE,2,4,2,4,2,151.0 €,,Fecha inválida: INVALID_DATE,151.0,
1332,2025-09-12,3,1,3,1,3,147.5 USD,2025-09-12,,128.26,
1333,11/09/2025,4,2,4,2,4,153.0 €,2025-09-11,,153.0,
1335,INVALID_DATE,6,4,6,4,1,150.5 USD,,Fecha inválida: INVALID_DATE,130.87,
1336,2025-09-08,7,1,7,1,2,156.0 €,2025-09-08,,156.0,
1339,INVALID_DATE,3,4,3,4,5,159.0 €,,Fecha inválida: INVALID_DATE,159.0,
1340,2025-09-04,4,1,4,1,1,160.0 €,2025-09-04,,160.0,
1342,09/02/2025,6,3,6,3,3,162.0 €,2025-02-09,,162.0,
1343,INVALID_DATE,7,4,7,4,4,163.0 €,,Fecha inválida: INVALID_DATE,163.0,
1346,08/29/2025,3,3,3,3,2,166.0 €,2025-08-29,,166.0,
1347,INVALID_DATE,4,4,4,4,3,162.5 USD,,Fecha inválida: INVALID_DATE,141.3,
1349,26/08/2025,6,2,6,2,5,169.0 €,2025-08-26,,169.0,
1350,08/25/2025,7,3,7,3,1,-150.00 €,2025-08-25,,,MontoTotal_Raw negativo: -150.00 €
1351,INVALID_DATE,1,4,1,4,2,21.0 €,,Fecha inválida: INVALID_DATE,21.0,
1353,22/08/2025,3,2,3,2,4,NULL,2025-08-22,,,MontoTotal_Raw nulo o vacío: NULL
1354,08/21/2025,4,3,4,3,5,24.0 €,2025-08-21,,24.0,
1355,INVALID_DATE,5,4,5,4,1,25.0 €,,Fecha inválida: INVALID_DATE,25.0,
1356,2025-08-19,6,1,6,1,2,171.5 USD,2025-08-19,,149.13,
1357,18/08/2025,7,2,7,2,3,27.0 €,2025-08-18,,27.0,
1359,INVALID_DATE,2,4,2,4,5,174.5 USD,,Fecha inválida: INVALID_DATE,151.74,
1360,2025-08-15,3,1,3,1,1,30.0 €,2025-08-15,,30.0,
1361,14/08/2025,4,2,4,2,2,31.0 €,2025-08-14,,31.0,
1363,INVALID_DATE,6,4,6,4,4,33.0 €,,Fecha inválida: INVALID_DATE,33.0,
1364,2025-08-11,7,1,7,1,5,34.0 €,2025-08-11,,34.0,
1367,INVALID_DATE,3,4,3,4,3,37.0 €,,Fecha inválida: INVALID_DATE,37.0,
1368,2025-08-07,4,1,4,1,4,183.5 USD,2025-08-07,,159.57,
1370,08/05/2025,6,3,6,3,1,40.0 €,2025-05-08,,40.0,
1371,INVALID_DATE,7,4,7,4,2,186.5 USD,,Fecha inválida: INVALID_DATE,162.17,
1374,08/01/2025,3,3,3,3,5,189.5 USD,2025-01-08,,164.78,
1375,INVALID_DATE,4,4,4,4,1,45.0 €,,Fecha inválida: INVALID_DATE,45.0,
1377,29/07/2025,6,2,6,2,3,192.5 USD,2025-07-29,,167.39,
1378,07/28/2025,7,3,7,3,4,48.0 €,2025-07-28,,48.0,
1379,INVALID_DATE,1,4,1,4,5,49.0 €,,Fecha inválida: INVALID_DATE,49.0,
1381,25/07/2025,3,2,3,2,2,51.0 €,2025-07-25,,51.0,
1382,07/24/2025,4,3,4,3,3,52.0 €,2025-07-24,,52.0,
1383,INVALID_DATE,5,4,5,4,4,198.5 USD,,Fecha inválida: INVALID_DATE,172.61,
1384,2025-07-22,6,1,6,1,5,54.0 €,2025-07-22,,54.0,
1385,21/07/2025,7,2,7,2,1,55.0 €,2025-07-21,,55.0,
1386,07/20/2025,1,3,1,3,2,NULL,2025-07-20,,,MontoTotal_Raw nulo o vacío: NULL
1387,INVALID_DATE,2,4,2,4,3,57.0 €,,Fecha inválida: INVALID_DATE,57.0,
1388,2025-07-18,3,1,3,1,4,58.0 €,2025-07-18,,58.0,
1389,17/07/2025,4,2,4,2,5,204.5 USD,2025-07-17,,177.83,
1391,INVALID_DATE,6,4,6,4,2,61.0 €,,Fecha inválida: INVALID_DATE,61.0,
1392,2025-07-14,7,1,7,1,3,207.5 USD,2025-07-14,,180.43,
1395,INVALID_DATE,3,4,3,4,1,210.5 USD,,Fecha inválida: INVALID_DATE,183.04,
1396,2025-07-10,4,1,4,1,2,66.0 €,2025-07-10,,66.0,
1398,07/08/2025,6,3,6,3,4,213.5 USD,2025-08-07,,185.65,
1399,INVALID_DATE,7,4,7,4,5,69.0 €,,Fecha inválida: INVALID_DATE,69.0,
1400,2025-07-06,1,1,1,1,1,-150.00 €,2025-07-06,,,MontoTotal_Raw negativo: -150.00 €
1402,07/04/2025,3,3,3,3,3,72.0 €,2025-04-07,,72.0,
1403,INVALID_DATE,4,4,4,4,4,73.0 €,,Fecha inválida: INVALID_DATE,73.0,
1405,01/07/2025,6,2,6,2,1,75.0 €,2025-07-01,,75.0,
1406,06/30/2025,7,3,7,3,2,76.0 €,2025-06-30,,76.0,
1407,INVALID_DATE,1,4,1,4,3,22.5 USD,,Fecha inválida: INVALID_DATE,19.57,
1409,27/06/2025,3,2,3,2,5,79.0 €,2025-06-27,,79.0,
1410,06/26/2025,4,3,4,3,1,25.5 USD,2025-06-26,,22.17,
1411,INVALID_DATE,5,4,5,4,2,81.0 €,,Fecha inválida: INVALID_DATE,81.0,
1412,2025-06-24,6,1,6,1,3,82.0 €,2025-06-24,,82.0,
1413,23/06/2025,7,2,7,2,4,28.5 USD,2025-06-23,,24.78,
1415,INVALID_DATE,2,4,2,4,1,85.0 €,,Fecha inválida: INVALID_DATE,85.0,
1416,2025-06-20,3,1,3,1,2,31.5 USD,2025-06-20,,27.39,
1417,19/06/2025,4,2,4,2,3,87.0 €,2025-06-19,,87.0,
1419,INVALID_DATE,6,4,6,4,5,NULL,,Fecha inválida: INVALID_DATE,,MontoTotal_Raw nulo o vacío: NULL
1420,2025-06-16,7,1,7,1,1,90.0 €,2025-06-16,,90.0,
1423,INVALID_DATE,3,4,3,4,4,93.0 €,,Fecha inválida: INVALID_DATE,93.0,
1424,2025-06-12,4,1,4,1,5,94.0 €,2025-06-12,,94.0,
1426,06/10/2025,6,3,6,3,2,96.0 €,2025-10-06,,96.0,
1427,INVALID_DATE,7,4,7,4,3,97.0 €,,Fecha inválida: INVALID_DATE,97.0,
1430,06/06/2025,3,3,3,3,1,100.0 €,2025-06-06,,100.0,
1431,INVALID_DATE,4,4,4,4,2,46.5 USD,,Fecha inválida: INVALID_DATE,40.43,
1433,03/06/2025,6,2,6,2,4,103.0 €,2025-06-03,,103.0,
1434,06/02/2025,7,3,7,3,5,49.5 USD,2025-02-06,,43.04,
1435,INVALID_DATE,1,4,1,4,1,105.0 €,,Fecha inválida: INVALID_DATE,105.0,
1437,30/05/2025,3,2,3,2,3,52.5 USD,2025-05-30,,45.65,
1438,05/29/2025,4,3,4,3,4,108.0 €,2025-05-29,,108.0,
1439,INVALID_DATE,5,4,5,4,5,109.0 €,,Fecha inválida: INVALID_DATE,109.0,
1440,2025-05-27,6,1,6,1,1,55.5 USD,2025-05-27,,48.26,
1441,26/05/2025,7,2,7,2,2,111.0 €,2025-05-26,,111.0,
1443,INVALID_DATE,2,4,2,4,4,58.5 USD,,Fecha inválida: INVALID_DATE,50.87,
1444,2025-05-23,3,1,3,1,5,114.0 €,2025-05-23,,114.0,
1445,22/05/2025,4,2,4,2,1,115.0 €,2025-05-22,,115.0,
1447,INVALID_DATE,6,4,6,4,3,117.0 €,,Fecha inválida: INVALID_DATE,117.0,
1448,2025-05-19,7,1,7,1,4,118.0 €,2025-05-19,,118.0,
1450,05/17/2025,2,3,2,3,1,-150.00 €,2025-05-17,,,MontoTotal_Raw negativo: -150.00 €
1451,INVALID_DATE,3,4,3,4,2,121.0 €,,Fecha inválida: INVALID_DATE,121.0,
1452,2025-05-15,4,1,4,1,3,NULL,2025-05-15,,,MontoTotal_Raw nulo o vacío: NULL
1454,05/13/2025,6,3,6,3,5,124.0 €,2025-05-13,,124.0,
1455,INVALID_DATE,7,4,7,4,1,70.5 USD,,Fecha inválida: INVALID_DATE,61.3,
1458,05/09/2025,3,3,3,3,4,73.5 USD,2025-09-05,,63.91,
1459,INVALID_DATE,4,4,4,4,5,129.0 €,,Fecha inválida: INVALID_DATE,129.0,
1461,06/05/2025,6,2,6,2,2,76.5 USD,2025-05-06,,66.52,
1462,05/05/2025,7,3,7,3,3,132.0 €,2025-05-05,,132.0,
1463,INVALID_DATE,1,4,1,4,4,133.0 €,,Fecha inválida: INVALID_DATE,133.0,
1465,02/05/2025,3,2,3,2,1,135.0 €,2025-05-02,,135.0,
1466,05/01/2025,4,3,4,3,2,136.0 €,2025-01-05,,136.0,
1467,INVALID_DATE,5,4,5,4,3,82.5 USD,,Fecha inválida: INVALID_DATE,71.74,
1468,2025-04-29,6,1,6,1,4,138.0 €,2025-04-29,,138.0,
1469,28/04/2025,7,2,7,2,5,139.0 €,2025-04-28,,139.0,
1471,INVALID_DATE,2,4,2,4,2,141.0 €,,Fecha inválida: INVALID_DATE,141.0,
1472,2025-04-25,3,1,3,1,3,142.0 €,2025-04-25,,142.0,
1473,24/04/2025,4,2,4,2,4,88.5 USD,2025-04-24,,76.96,
1475,INVALID_DATE,6,4,6,4,1,145.0 €,,Fecha inválida: INVALID_DATE,145.0,
1476,2025-04-21,7,1,7,1,2,91.5 USD,2025-04-21,,79.57,
1479,INVALID_DATE,3,4,3,4,5,94.5 USD,,Fecha inválida: INVALID_DATE,82.17,
1480,2025-04-17,4,1,4,1,1,150.0 €,2025-04-17,,150.0,
1482,04/15/2025,6,3,6,3,3,97.5 USD,2025-04-15,,84.78,
1483,INVALID_DATE,7,4,7,4,4,153.0 €,,Fecha inválida: INVALID_DATE,153.0,
1485,12/04/2025,2,2,2,2,1,NULL,2025-04-12,,,MontoTotal_Raw nulo o vacío: NULL
1486,04/11/2025,3,3,3,3,2,156.0 €,2025-11-04,,156.0,
1487,INVALID_DATE,4,4,4,4,3,157.0 €,,Fecha inválida: INVALID_DATE,157.0,
1489,08/04/2025,6,2,6,2,5,159.0 €,2025-04-08,,159.0,
1490,04/07/2025,7,3,7,3,1,160.0 €,2025-07-04,,160.0,
1491,INVALID_DATE,1,4,1,4,2,106.5 USD,,Fecha inválida: INVALID_DATE,92.61,
1493,04/04/2025,3,2,3,2,4,163.0 €,2025-04-04,,163.0,
1494,04/03/2025,4,3,4,3,5,109.5 USD,2025-03-04,,95.22,
1495,INVALID_DATE,5,4,5,4,1,165.0 €,,Fecha inválida: INVALID_DATE,165.0,
1496,2025-04-01,6,1,6,1,2,166.0 €,2025-04-01,,166.0,
1497,31/03/2025,7,2,7,2,3,112.5 USD,2025-03-31,,97.83,
1499,INVALID_DATE,2,4,2,4,5,169.0 €,,Fecha inválida: INVALID_DATE,169.0,
1500,2025-03-28,3,1,3,1,1,-150.00 €,2025-03-28,,,MontoTotal_Raw negativo: -150.00 €
1501,27/03/2025,4,2,4,2,2,21.0 €,2025-03-27,,21.0,
1503,INVALID_DATE,6,4,6,4,4,118.5 USD,,Fecha inválida: INVALID_DATE,103.04,
1504,2025-03-24,7,1,7,1,5,24.0 €,2025-03-24,,24.0,
1507,INVALID_DATE,3,4,3,4,3,27.0 €,,Fecha inválida: INVALID_DATE,27.0,
1508,2025-03-20,4,1,4,1,4,28.0 €,2025-03-20,,28.0,
1510,03/18/2025,6,3,6,3,1,30.0 €,2025-03-18,,30.0,
1511,INVALID_DATE,7,4,7,4,2,31.0 €,,Fecha inválida: INVALID_DATE,31.0,
1514,03/14/2025,3,3,3,3,5,34.0 €,2025-03-14,,34.0,
1515,INVALID_DATE,4,4,4,4,1,130.5 USD,,Fecha inválida: INVALID_DATE,113.48,
1517,11/03/2025,6,2,6,2,3,37.0 €,2025-03-11,,37.0,
1518,03/10/2025,7,3,7,3,4,NULL,2025-10-03,,,MontoTotal_Raw nulo o vacío: NULL
1519,INVALID_DATE,1,4,1,4,5,39.0 €,,Fecha inválida: INVALID_DATE,39.0,
1521,07/03/2025,3,2,3,2,2,136.5 USD,2025-03-07,,118.7,
1522,03/06/2025,4,3,4,3,3,42.0 €,2025-06-03,,42.0,
1523,INVALID_DATE,5,4,5,4,4,43.0 €,,Fecha inválida: INVALID_DATE,43.0,
1524,2025-03-04,6,1,6,1,5,139.5 USD,2025-03-04,,121.3,
1525,03/03/2025,7,2,7,2,1,45.0 €,2025-03-03,,45.0,
1527,INVALID_DATE,2,4,2,4,3,142.5 USD,,Fecha inválida: INVALID_DATE,123.91,
1528,2025-02-28,3,1,3,1,4,48.0 €,2025-02-28,,48.0,
1529,27/02/2025,4,2,4,2,5,49.0 €,2025-02-27,,49.0,
1531,INVALID_DATE,6,4,6,4,2,51.0 €,,Fecha inválida: INVALID_DATE,51.0,
1532,2025-02-24,7,1,7,1,3,52.0 €,2025-02-24,,52.0,
1535,INVALID_DATE,3,4,3,4,1,55.0 €,,Fecha inválida: INVALID_DATE,55.0,
1536,2025-02-20,4,1,4,1,2,151.5 USD,2025-02-20,,131.74,
1538,02/18/2025,6,3,6,3,4,58.0 €,2025-02-18,,58.0,
1539,INVALID_DATE,7,4,7,4,5,154.5 USD,,Fecha inválida: INVALID_DATE,134.35,
1542,02/14/2025,3,3,3,3,3,157.5 USD,2025-02-14,,136.96,
1543,INVALID_DATE,4,4,4,4,4,63.0 €,,Fecha inválida: INVALID_DATE,63.0,
1545,11/02/2025,6,2,6,2,1,160.5 USD,2025-02-11,,139.57,
1546,02/10/2025,7,3,7,3,2,66.0 €,2025-10-02,,66.0,
1547,INVALID_DATE,1,4,1,4,3,67.0 €,,Fecha inválida: INVALID_DATE,67.0,
1549,07/02/2025,3,2,3,2,5,69.0 €,2025-02-07,,69.0,
1550,02/06/2025,4,3,4,3,1,-150.00 €,2025-06-02,,,MontoTotal_Raw negativo: -150.00 €
1551,INVALID_DATE,5,4,5,4,2,NULL,,Fecha inválida: INVALID_DATE,,MontoTotal_Raw nulo o vacío: NULL
1552,2025-02-04,6,1,6,1,3,72.0 €,2025-02-04,,72.0,
1553,03/02/2025,7,2,7,2,4,73.0 €,2025-02-03,,73.0,
1555,INVALID_DATE,2,4,2,4,1,75.0 €,,Fecha inválida: INVALID_DATE,75.0,
1556,2025-01-31,3,1,3,1,2,76.0 €,2025-01-31,,76.0,
1557,30/01/2025,4,2,4,2,3,172.5 USD,2025-01-30,,150.0,
1559,INVALID_DATE,6,4,6,4,5,79.0 €,,Fecha inválida: INVALID_DATE,79.0,
1560,2025-01-27,7,1,7,1,1,175.5 USD,2025-01-27,,152.61,
1563,INVALID_DATE,3,4,3,4,4,178.5 USD,,Fecha inválida: INVALID_DATE,155.22,
1564,2025-01-23,4,1,4,1,5,84.0 €,2025-01-23,,84.0,
1566,01/21/2025,6,3,6,3,2,181.5 USD,2025-01-21,,157.83,
1567,INVALID_DATE,7,4,7,4,3,87.0 €,,Fecha inválida: INVALID_DATE,87.0,
1570,01/17/2025,3,3,3,3,1,90.0 €,2025-01-17,,90.0,
1571,INVALID_DATE,4,4,4,4,2,91.0 €,,Fecha inválida: INVALID_DATE,91.0,
1573,14/01/2025,6,2,6,2,4,93.0 €,2025-01-14,,93.0,
1574,01/13/2025,7,3,7,3,5,94.0 €,2025-01-13,,94.0,
1575,INVALID_DATE,1,4,1,4,1,190.5 USD,,Fecha inválida: INVALID_DATE,165.65,
1577,10/01/2025,3,2,3,2,3,97.0 €,2025-01-10,,97.0,
1578,01/09/2025,4,3,4,3,4,193.5 USD,2025-09-01,,168.26,
1579,INVALID_DATE,5,4,5,4,5,99.0 €,,Fecha inválida: INVALID_DATE,99.0,
1580,2025-01-07,6,1,6,1,1,100.0 €,2025-01-07,,100.0,
1581,06/01/2025,7,2,7,2,2,196.5 USD,2025-01-06,,170.87,
1583,INVALID_DATE,2,4,2,4,4,103.0 €,,Fecha inválida: INVALID_DATE,103.0,
1584,2025-01-03,3,1,3,1,5,NULL,2025-01-03,,,MontoTotal_Raw nulo o vacío: NULL
1585,02/01/2025,4,2,4,2,1,105.0 €,2025-01-02,,105.0,
1587,INVALID_DATE,6,4,6,4,3,202.5 USD,,Fecha inválida: INVALID_DATE,176.09,
1588,2024-12-30,7,1,7,1,4,108.0 €,2024-12-30,,108.0,
1591,INVALID_DATE,3,4,3,4,2,111.0 €,,Fecha inválida: INVALID_DATE,111.0,
1592,2024-12-26,4,1,4,1,3,112.0 €,2024-12-26,,112.0,
1594,12/24/2024,6,3,6,3,5,114.0 €,2024-12-24,,114.0,
1595,INVALID_DATE,7,4,7,4,1,115.0 €,,Fecha inválida: INVALID_DATE,115.0,
1598,12/20/2024,3,3,3,3,4,118.0 €,2024-12-20,,118.0,
1599,INVALID_DATE,4,4,4,4,5,214.5 USD,,Fecha inválida: INVALID_DATE,186.52,
1600,2024-12-18,5,1,5,1,1,-150.00 €,2024-12-18,,,MontoTotal_Raw negativo: -150.00 €
1601,17/12/2024,6,2,6,2,2,121.0 €,2024-12-17,,121.0,
1602,12/16/2024,7,3,7,3,3,17.5 USD,2024-12-16,,15.22,
1603,INVALID_DATE,1,4,1,4,4,123.0 €,,Fecha inválida: INVALID_DATE,123.0,
1605,13/12/2024,3,2,3,2,1,20.5 USD,2024-12-13,,17.83,
1606,12/12/2024,4,3,4,3,2,126.0 €,2024-12-12,,126.0,
1607,INVALID_DATE,5,4,5,4,3,127.0 €,,Fecha inválida: INVALID_DATE,127.0,
1608,2024-12-10,6,1,6,1,4,23.5 USD,2024-12-10,,20.43,
1609,09/12/2024,7,2,7,2,5,129.0 €,2024-12-09,,129.0,
1611,INVALID_DATE,2,4,2,4,2,26.5 USD,,Fecha inválida: INVALID_DATE,23.04,
1612,2024-12-06,3,1,3,1,3,132.0 €,2024-12-06,,132.0,
1613,05/12/2024,4,2,4,2,4,133.0 €,2024-12-05,,133.0,
1615,INVALID_DATE,6,4,6,4,1,135.0 €,,Fecha inválida: INVALID_DATE,135.0,
1616,2024-12-02,7,1,7,1,2,136.0 €,2024-12-02,,136.0,
1617,01/12/2024,1,2,1,2,3,NULL,2024-12-01,,,MontoTotal_Raw nulo o vacío: NULL
1619,INVALID_DATE,3,4,3,4,5,139.0 €,,Fecha inválida: INVALID_DATE,139.0,
1620,2024-11-28,4,1,4,1,1,35.5 USD,2024-11-28,,30.87,
1622,11/26/2024,6,3,6,3,3,142.0 €,2024-11-26,,142.0,
1623,INVALID_DATE,7,4,7,4,4,38.5 USD,,Fecha inválida: INVALID_DATE,33.48,
1626,11/22/2024,3,3,3,3,2,41.5 USD,2024-11-22,,36.09,
1627,INVALID_DATE,4,4,4,4,3,147.0 €,,Fecha inválida: INVALID_DATE,147.0,
1629,19/11/2024,6,2,6,2,5,44.5 USD,2024-11-19,,38.7,
1630,11/18/2024,7,3,7,3,1,150.0 €,2024-11-18,,150.0,
1631,INVALID_DATE,1,4,1,4,2,151.0 €,,Fecha inválida: INVALID_DATE,151.0,
1633,15/11/2024,3,2,3,2,4,153.0 €,2024-11-15,,153.0,
1634,11/14/2024,4,3,4,3,5,154.0 €,2024-11-14,,154.0,
1635,INVALID_DATE,5,4,5,4,1,50.5 USD,,Fecha inválida: INVALID_DATE,43.91,
1636,2024-11-12,6,1,6,1,2,156.0 €,2024-11-12,,156.0,
1637,11/11/2024,7,2,7,2,3,157.0 €,2024-11-11,,157.0,
1639,INVALID_DATE,2,4,2,4,5,159.0 €,,Fecha inválida: INVALID_DATE,159.0,
1640,2024-11-08,3,1,3,1,1,160.0 €,2024-11-08,,160.0,
1641,07/11/2024,4,2,4,2,2,56.5 USD,2024-11-07,,49.13,
1643,INVALID_DATE,6,4,6,4,4,163.0 €,,Fecha inválida: INVALID_DATE,163.0,
1644,2024-11-04,7,1,7,1,5,59.5 USD,2024-11-04,,51.74,
1647,INVALID_DATE,3,4,3,4,3,62.5 USD,,Fecha inválida: INVALID_DATE,54.35,
1648,2024-10-31,4,1,4,1,4,168.0 €,2024-10-31,,168.0,
1650,10/29/2024,6,3,6,3,1,-150.00 €,2024-10-29,,,MontoTotal_Raw negativo: -150.00 €
1651,INVALID_DATE,7,4,7,4,2,21.0 €,,Fecha inválida: INVALID_DATE,21.0,
1654,10/25/2024,3,3,3,3,5,24.0 €,2024-10-25,,24.0,
1655,INVALID_DATE,4,4,4,4,1,25.0 €,,Fecha inválida: INVALID_DATE,25.0,
1657,22/10/2024,6,2,6,2,3,27.0 €,2024-10-22,,27.0,
1658,10/21/2024,7,3,7,3,4,28.0 €,2024-10-21,,28.0,
1659,INVALID_DATE,1,4,1,4,5,74.5 USD,,Fecha inválida: INVALID_DATE,64.78,
1661,18/10/2024,3,2,3,2,2,31.0 €,2024-10-18,,31.0,
1662,10/17/2024,4,3,4,3,3,77.5 USD,2024-10-17,,67.39,
1663,INVALID_DATE,5,4,5,4,4,33.0 €,,Fecha inválida: INVALID_DATE,33.0,
1664,2024-10-15,6,1,6,1,5,34.0 €,2024-10-15,,34.0,
1665,14/10/2024,7,2,7,2,1,80.5 USD,2024-10-14,,70.0,
1667,INVALID_DATE,2,4,2,4,3,37.0 €,,Fecha inválida: INVALID_DATE,37.0,
1668,2024-10-11,3,1,3,1,4,83.5 USD,2024-10-11,,72.61,
1669,10/10/2024,4,2,4,2,5,39.0 €,2024-10-10,,39.0,
1671,INVALID_DATE,6,4,6,4,2,86.5 USD,,Fecha inválida: INVALID_DATE,75.22,
1672,2024-10-07,7,1,7,1,3,42.0 €,2024-10-07,,42.0,
1675,INVALID_DATE,3,4,3,4,1,45.0 €,,Fecha inválida: INVALID_DATE,45.0,
1676,2024-10-03,4,1,4,1,2,46.0 €,2024-10-03,,46.0,
1678,10/01/2024,6,3,6,3,4,48.0 €,2024-01-10,,48.0,
1679,INVALID_DATE,7,4,7,4,5,49.0 €,,Fecha inválida: INVALID_DATE,49.0,
1682,09/27/2024,3,3,3,3,3,52.0 €,2024-09-27,,52.0,
1683,INVALID_DATE,4,4,4,4,4,NULL,,Fecha inválida: INVALID_DATE,,MontoTotal_Raw nulo o vacío: NULL
1685,24/09/2024,6,2,6,2,1,55.0 €,2024-09-24,,55.0,
1686,09/23/2024,7,3,7,3,2,101.5 USD,2024-09-23,,88.26,
1687,INVALID_DATE,1,4,1,4,3,57.0 €,,Fecha inválida: INVALID_DATE,57.0,
1689,20/09/2024,3,2,3,2,5,104.5 USD,2024-09-20,,90.87,
1690,09/19/2024,4,3,4,3,1,60.0 €,2024-09-19,,60.0,
1691,INVALID_DATE,5,4,5,4,2,61.0 €,,Fecha inválida: INVALID_DATE,61.0,
1692,2024-09-17,6,1,6,1,3,107.5 USD,2024-09-17,,93.48,
1693,16/09/2024,7,2,7,2,4,63.0 €,2024-09-16,,63.0,
1695,INVALID_DATE,2,4,2,4,1,110.5 USD,,Fecha inválida: INVALID_DATE,96.09,
1696,2024-09-13,3,1,3,1,2,66.0 €,2024-09-13,,66.0,
1697,12/09/2024,4,2,4,2,3,67.0 €,2024-09-12,,67.0,
1699,INVALID_DATE,6,4,6,4,5,69.0 €,,Fecha inválida: INVALID_DATE,69.0,
1700,2024-09-09,7,1,7,1,1,-150.00 €,2024-09-09,,,MontoTotal_Raw negativo: -150.00 €
1703,INVALID_DATE,3,4,3,4,4,73.0 €,,Fecha inválida: INVALID_DATE,73.0,
1704,2024-09-05,4,1,4,1,5,119.5 USD,2024-09-05,,103.91,
1706,09/03/2024,6,3,6,3,2,76.0 €,2024-03-09,,76.0,
1707,INVALID_DATE,7,4,7,4,3,122.5 USD,,Fecha inválida: INVALID_DATE,106.52,
1710,08/30/2024,3,3,3,3,1,125.5 USD,2024-08-30,,109.13,
1711,INVALID_DATE,4,4,4,4,2,81.0 €,,Fecha inválida: INVALID_DATE,81.0,
1713,27/08/2024,6,2,6,2,4,128.5 USD,2024-08-27,,111.74,
1714,08/26/2024,7,3,7,3,5,84.0 €,2024-08-26,,84.0,
1715,INVALID_DATE,1,4,1,4,1,85.0 €,,Fecha inválida: INVALID_DATE,85.0,
1716,2024-08-24,2,1,2,1,2,NULL,2024-08-24,,,MontoTotal_Raw nulo o vacío: NULL
1717,23/08/2024,3,2,3,2,3,87.0 €,2024-08-23,,87.0,
1718,08/22/2024,4,3,4,3,4,88.0 €,2024-08-22,,88.0,
1719,INVALID_DATE,5,4,5,4,5,134.5 USD,,Fecha inválida: INVALID_DATE,116.96,
1720,2024-08-20,6,1,6,1,1,90.0 €,2024-08-20,,90.0,
1721,19/08/2024,7,2,7,2,2,91.0 €,2024-08-19,,91.0,
1723,INVALID_DATE,2,4,2,4,4,93.0 €,,Fecha inválida: INVALID_DATE,93.0,
1724,2024-08-16,3,1,3,1,5,94.0 €,2024-08-16,,94.0,
1725,15/08/2024,4,2,4,2,1,140.5 USD,2024-08-15,,122.17,
1727,INVALID_DATE,6,4,6,4,3,97.0 €,,Fecha inválida: INVALID_DATE,97.0,
1728,2024-08-12,7,1,7,1,4,143.5 USD,2024-08-12,,124.78,
1731,INVALID_DATE,3,4,3,4,2,146.5 USD,,Fecha inválida: INVALID_DATE,127.39,
1732,2024-08-08,4,1,4,1,3,102.0 €,2024-08-08,,102.0,
1734,08/06/2024,6,3,6,3,5,149.5 USD,2024-06-08,,130.0,
1735,INVALID_DATE,7,4,7,4,1,105.0 €,,Fecha inválida: INVALID_DATE,105.0,
1738,08/02/2024,3,3,3,3,4,108.0 €,2024-02-08,,108.0,
1739,INVALID_DATE,4,4,4,4,5,109.0 €,,Fecha inválida: INVALID_DATE,109.0,
1741,30/07/2024,6,2,6,2,2,111.0 €,2024-07-30,,111.0,
1742,07/29/2024,7,3,7,3,3,112.0 €,2024-07-29,,112.0,
1743,INVALID_DATE,1,4,1,4,4,158.5 USD,,Fecha inválida: INVALID_DATE,137.83,
1745,26/07/2024,3,2,3,2,1,115.0 €,2024-07-26,,115.0,
1746,07/25/2024,4,3,4,3,2,161.5 USD,2024-07-25,,140.43,
1747,INVALID_DATE,5,4,5,4,3,117.0 €,,Fecha inválida: INVALID_DATE,117.0,
1748,2024-07-23,6,1,6,1,4,118.0 €,2024-07-23,,118.0,
1749,22/07/2024,7,2,7,2,5,NULL,2024-07-22,,,MontoTotal_Raw nulo o vacío: NULL
1750,07/21/2024,1,3,1,3,1,-150.00 €,2024-07-21,,,MontoTotal_Raw negativo: -150.00 €
1751,INVALID_DATE,2,4,2,4,2,121.0 €,,Fecha inválida: INVALID_DATE,121.0,
1752,2024-07-19,3,1,3,1,3,167.5 USD,2024-07-19,,145.65,
1753,18/07/2024,4,2,4,2,4,123.0 €,2024-07-18,,123.0,
1755,INVALID_DATE,6,4,6,4,1,170.5 USD,,Fecha inválida: INVALID_DATE,148.26,
1756,2024-07-15,7,1,7,1,2,126.0 €,2024-07-15,,126.0,
1759,INVALID_DATE,3,4,3,4,5,129.0 €,,Fecha inválida: INVALID_DATE,129.0,
1760,2024-07-11,4,1,4,1,1,130.0 €,2024-07-11,,130.0,
1762,07/09/2024,6,3,6,3,3,132.0 €,2024-09-07,,132.0,
1763,INVALID_DATE,7,4,7,4,4,133.0 €,,Fecha inválida: INVALID_DATE,133.0,
1766,07/05/2024,3,3,3,3,2,136.0 €,2024-05-07,,136.0,
1767,INVALID_DATE,4,4,4,4,3,182.5 USD,,Fecha inválida: INVALID_DATE,158.7,
1769,02/07/2024,6,2,6,2,5,139.0 €,2024-07-02,,139.0,
1770,07/01/2024,7,3,7,3,1,185.5 USD,2024-01-07,,161.3,
1771,INVALID_DATE,1,4,1,4,2,141.0 €,,Fecha inválida: INVALID_DATE,141.0,
1773,28/06/2024,3,2,3,2,4,188.5 USD,2024-06-28,,163.91,
1774,06/27/2024,4,3,4,3,5,144.0 €,2024-06-27,,144.0,
1775,INVALID_DATE,5,4,5,4,1,145.0 €,,Fecha inválida: INVALID_DATE,145.0,
1776,2024-06-25,6,1,6,1,2,191.5 USD,2024-06-25,,166.52,
1777,24/06/2024,7,2,7,2,3,147.0 €,2024-06-24,,147.0,
1779,INVALID_DATE,2,4,2,4,5,194.5 USD,,Fecha inválida: INVALID_DATE,169.13,
1780,2024-06-21,3,1,3,1,1,150.0 €,2024-06-21,,150.0,
1781,20/06/2024,4,2,4,2,2,151.0 €,2024-06-20,,151.0,
1782,06/19/2024,5,3,5,3,3,NULL,2024-06-19,,,MontoTotal_Raw nulo o vacío: NULL
1783,INVALID_DATE,6,4,6,4,4,153.0 €,,Fecha inválida: INVALID_DATE,153.0,
1784,2024-06-17,7,1,7,1,5,154.0 €,2024-06-17,,154.0,
1787,INVALID_DATE,3,4,3,4,3,157.0 €,,Fecha inválida: INVALID_DATE,157.0,
1788,2024-06-13,4,1,4,1,4,203.5 USD,2024-06-13,,176.96,
1790,06/11/2024,6,3,6,3,1,160.0 €,2024-11-06,,160.0,
1791,INVALID_DATE,7,4,7,4,2,206.5 USD,,Fecha inválida: INVALID_DATE,179.57,
1794,06/07/2024,3,3,3,3,5,209.5 USD,2024-07-06,,182.17,
1795,INVALID_DATE,4,4,4,4,1,165.0 €,,Fecha inválida: INVALID_DATE,165.0,
1797,04/06/2024,6,2,6,2,3,212.5 USD,2024-06-04,,184.78,
1798,06/03/2024,7,3,7,3,4,168.0 €,2024-03-06,,168.0,
1799,INVALID_DATE,1,4,1,4,5,169.0 €,,Fecha inválida: INVALID_DATE,169.0,
1800,2024-06-01,2,1,2,1,1,-150.00 €,2024-06-01,,,MontoTotal_Raw negativo: -150.00 €
1801,31/05/2024,3,2,3,2,2,21.0 €,2024-05-31,,21.0,
1802,05/30/2024,4,3,4,3,3,22.0 €,2024-05-30,,22.0,
1803,INVALID_DATE,5,4,5,4,4,18.5 USD,,Fecha inválida: INVALID_DATE,16.09,
1804,2024-05-28,6,1,6,1,5,24.0 €,2024-05-28,,24.0,
1805,27/05/2024,7,2,7,2,1,25.0 €,2024-05-27,,25.0,
1807,INVALID_DATE,2,4,2,4,3,27.0 €,,Fecha inválida: INVALID_DATE,27.0,
1808,2024-05-24,3,1,3,1,4,28.0 €,2024-05-24,,28.0,
1809,23/05/2024,4,2,4,2,5,24.5 USD,2024-05-23,,21.3,
1811,INVALID_DATE,6,4,6,4,2,31.0 €,,Fecha inválida: INVALID_DATE,31.0,
1812,2024-05-20,7,1,7,1,3,27.5 USD,2024-05-20,,23.91,
1815,INVALID_DATE,3,4,3,4,1,NULL,,Fecha inválida: INVALID_DATE,,MontoTotal_Raw nulo o vacío: NULL
1816,2024-05-16,4,1,4,1,2,36.0 €,2024-05-16,,36.0,
1818,05/14/2024,6,3,6,3,4,33.5 USD,2024-05-14,,29.13,
1819,INVALID_DATE,7,4,7,4,5,39.0 €,,Fecha inválida: INVALID_DATE,39.0,
1822,05/10/2024,3,3,3,3,3,42.0 €,2024-10-05,,42.0,
1823,INVALID_DATE,4,4,4,4,4,43.0 €,,Fecha inválida: INVALID_DATE,43.0,
1825,07/05/2024,6,2,6,2,1,45.0 €,2024-05-07,,45.0,
1826,05/06/2024,7,3,7,3,2,46.0 €,2024-06-05,,46.0,
1827,INVALID_DATE,1,4,1,4,3,42.5 USD,,Fecha inválida: INVALID_DATE,36.96,
1829,03/05/2024,3,2,3,2,5,49.0 €,2024-05-03,,49.0,
1830,05/02/2024,4,3,4,3,1,45.5 USD,2024-02-05,,39.57,
1831,INVALID_DATE,5,4,5,4,2,51.0 €,,Fecha inválida: INVALID_DATE,51.0,
1832,2024-04-30,6,1,6,1,3,52.0 €,2024-04-30,,52.0,
1833,29/04/2024,7,2,7,2,4,48.5 USD,2024-04-29,,42.17,
1835,INVALID_DATE,2,4,2,4,1,55.0 €,,Fecha inválida: INVALID_DATE,55.0,
1836,2024-04-26,3,1,3,1,2,51.5 USD,2024-04-26,,44.78,
1837,25/04/2024,4,2,4,2,3,57.0 €,2024-04-25,,57.0,
1839,INVALID_DATE,6,4,6,4,5,54.5 USD,,Fecha inválida: INVALID_DATE,47.39,
1840,2024-04-22,7,1,7,1,1,60.0 €,2024-04-22,,60.0,
1843,INVALID_DATE,3,4,3,4,4,63.0 €,,Fecha inválida: INVALID_DATE,63.0,
1844,2024-04-18,4,1,4,1,5,64.0 €,2024-04-18,,64.0,
1846,04/16/2024,6,3,6,3,2,66.0 €,2024-04-16,,66.0,
1847,INVALID_DATE,7,4,7,4,3,67.0 €,,Fecha inválida: INVALID_DATE,67.0,
1848,2024-04-14,1,1,1,1,4,NULL,2024-04-14,,,MontoTotal_Raw nulo o vacío: NULL
1850,04/12/2024,3,3,3,3,1,-150.00 €,2024-12-04,,,MontoTotal_Raw negativo: -150.00 €
1851,INVALID_DATE,4,4,4,4,2,66.5 USD,,Fecha inválida: INVALID_DATE,57.83,
1853,09/04/2024,6,2,6,2,4,73.0 €,2024-04-09,,73.0,
1854,04/08/2024,7,3,7,3,5,69.5 USD,2024-08-04,,60.43,
1855,INVALID_DATE,1,4,1,4,1,75.0 €,,Fecha inválida: INVALID_DATE,75.0,
1857,05/04/2024,3,2,3,2,3,72.5 USD,2024-04-05,,63.04,
1858,04/04/2024,4,3,4,3,4,78.0 €,2024-04-04,,78.0,
1859,INVALID_DATE,5,4,5,4,5,79.0 €,,Fecha inválida: INVALID_DATE,79.0,
1860,2024-04-02,6,1,6,1,1,75.5 USD,2024-04-02,,65.65,
1861,01/04/2024,7,2,7,2,2,81.0 €,2024-04-01,,81.0,
1863,INVALID_DATE,2,4,2,4,4,78.5 USD,,Fecha inválida: INVALID_DATE,68.26,
1864,2024-03-29,3,1,3,1,5,84.0 €,2024-03-29,,84.0,
1865,28/03/2024,4,2,4,2,1,85.0 €,2024-03-28,,85.0,
1867,INVALID_DATE,6,4,6,4,3,87.0 €,,Fecha inválida: INVALID_DATE,87.0,
1868,2024-03-25,7,1,7,1,4,88.0 €,2024-03-25,,88.0,
1871,INVALID_DATE,3,4,3,4,2,91.0 €,,Fecha inválida: INVALID_DATE,91.0,
1872,2024-03-21,4,1,4,1,3,87.5 USD,2024-03-21,,76.09,
1874,03/19/2024,6,3,6,3,5,94.0 €,2024-03-19,,94.0,
1875,INVALID_DATE,7,4,7,4,1,90.5 USD,,Fecha inválida: INVALID_DATE,78.7,
1878,03/15/2024,3,3,3,3,4,93.5 USD,2024-03-15,,81.3,
1879,INVALID_DATE,4,4,4,4,5,99.0 €,,Fecha inválida: INVALID_DATE,99.0,
1881,12/03/2024,6,2,6,2,2,NULL,2024-03-12,,,MontoTotal_Raw nulo o vacío: NULL
1882,03/11/2024,7,3,7,3,3,102.0 €,2024-11-03,,102.0,
1883,INVALID_DATE,1,4,1,4,4,103.0 €,,Fecha inválida: INVALID_DATE,103.0,
1885,08/03/2024,3,2,3,2,1,105.0 €,2024-03-08,,105.0,
1886,03/07/2024,4,3,4,3,2,106.0 €,2024-07-03,,106.0,
1887,INVALID_DATE,5,4,5,4,3,102.5 USD,,Fecha inválida: INVALID_DATE,89.13,
1888,2024-03-05,6,1,6,1,4,108.0 €,2024-03-05,,108.0,
1889,04/03/2024,7,2,7,2,5,109.0 €,2024-03-04,,109.0,
1891,INVALID_DATE,2,4,2,4,2,111.0 €,,Fecha inválida: INVALID_DATE,111.0,
1892,2024-03-01,3,1,3,1,3,112.0 €,2024-03-01,,112.0,
1893,29/02/2024,4,2,4,2,4,108.5 USD,2024-02-29,,94.35,
1895,INVALID_DATE,6,4,6,4,1,115.0 €,,Fecha inválida: INVALID_DATE,115.0,
1896,2024-02-26,7,1,7,1,2,111.5 USD,2024-02-26,,96.96,
1899,INVALID_DATE,3,4,3,4,5,114.5 USD,,Fecha inválida: INVALID_DATE,99.57,
1900,2024-02-22,4,1,4,1,1,-150.00 €,2024-02-22,,,MontoTotal_Raw negativo: -150.00 €
1902,02/20/2024,6,3,6,3,3,117.5 USD,2024-02-20,,102.17,
1903,INVALID_DATE,7,4,7,4,4,123.0 €,,Fecha inválida: INVALID_DATE,123.0,
1906,02/16/2024,3,3,3,3,2,126.0 €,2024-02-16,,126.0,
1907,INVALID_DATE,4,4,4,4,3,127.0 €,,Fecha inválida: INVALID_DATE,127.0,
1909,13/02/2024,6,2,6,2,5,129.0 €,2024-02-13,,129.0,
1910,02/12/2024,7,3,7,3,1,130.0 €,2024-12-02,,130.0,
1911,INVALID_DATE,1,4,1,4,2,126.5 USD,,Fecha inválida: INVALID_DATE,110.0,
1913,09/02/2024,3,2,3,2,4,133.0 €,2024-02-09,,133.0,
1914,02/08/2024,4,3,4,3,5,NULL,2024-08-02,,,MontoTotal_Raw nulo o vacío: NULL
1915,INVALID_DATE,5,4,5,4,1,135.0 €,,Fecha inválida: INVALID_DATE,135.0,
1916,2024-02-06,6,1,6,1,2,136.0 €,2024-02-06,,136.0,
1917,05/02/2024,7,2,7,2,3,132.5 USD,2024-02-05,,115.22,
1919,INVALID_DATE,2,4,2,4,5,139.0 €,,Fecha inválida: INVALID_DATE,139.0,
1920,2024-02-02,3,1,3,1,1,135.5 USD,2024-02-02,,117.83,
1921,01/02/2024,4,2,4,2,2,141.0 €,2024-02-01,,141.0,
1923,INVALID_DATE,6,4,6,4,4,138.5 USD,,Fecha inválida: INVALID_DATE,120.43,
1924,2024-01-29,7,1,7,1,5,144.0 €,2024-01-29,,144.0,
1927,INVALID_DATE,3,4,3,4,3,147.0 €,,Fecha inválida: INVALID_DATE,147.0,
1928,2024-01-25,4,1,4,1,4,148.0 €,2024-01-25,,148.0,
1930,01/23/2024,6,3,6,3,1,150.0 €,2024-01-23,,150.0,
1931,INVALID_DATE,7,4,7,4,2,151.0 €,,Fecha inválida: INVALID_DATE,151.0,
1934,01/19/2024,3,3,3,3,5,154.0 €,2024-01-19,,154.0,
1935,INVALID_DATE,4,4,4,4,1,150.5 USD,,Fecha inválida: INVALID_DATE,130.87,
1937,16/01/2024,6,2,6,2,3,157.0 €,2024-01-16,,157.0,
1938,01/15/2024,7,3,7,3,4,153.5 USD,2024-01-15,,133.48,
1939,INVALID_DATE,1,4,1,4,5,159.0 €,,Fecha inválida: INVALID_DATE,159.0,
1941,12/01/2024,3,2,3,2,2,156.5 USD,2024-01-12,,136.09,
1942,01/11/2024,4,3,4,3,3,162.0 €,2024-11-01,,162.0,
1943,INVALID_DATE,5,4,5,4,4,163.0 €,,Fecha inválida: INVALID_DATE,163.0,
1944,2024-01-09,6,1,6,1,5,159.5 USD,2024-01-09,,138.7,
1945,08/01/2024,7,2,7,2,1,165.0 €,2024-01-08,,165.0,
1947,INVALID_DATE,2,4,2,4,3,NULL,,Fecha inválida: INVALID_DATE,,MontoTotal_Raw nulo o vacío: NULL
1948,2024-01-05,3,1,3,1,4,168.0 €,2024-01-05,,168.0,
1949,04/01/2024,4,2,4,2,5,169.0 €,2024-01-04,,169.0,
1950,01/03/2024,5,3,5,3,1,-150.00 €,2024-03-01,,,MontoTotal_Raw negativo: -150.00 €
1951,INVALID_DATE,6,4,6,4,2,21.0 €,,Fecha inválida: INVALID_DATE,21.0,
1952,2024-01-01,7,1,7,1,3,22.0 €,2024-01-01,,22.0,
1955,INVALID_DATE,3,4,3,4,1,25.0 €,,Fecha inválida: INVALID_DATE,25.0,
1956,2023-12-28,4,1,4,1,2,171.5 USD,2023-12-28,,149.13,
1958,12/26/2023,6,3,6,3,4,28.0 €,2023-12-26,,28.0,
1959,INVALID_DATE,7,4,7,4,5,174.5 USD,,Fecha inválida: INVALID_DATE,151.74,
1962,12/22/2023,3,3,3,3,3,177.5 USD,2023-12-22,,154.35,
1963,INVALID_DATE,4,4,4,4,4,33.0 €,,Fecha inválida: INVALID_DATE,33.0,
1965,19/12/2023,6,2,6,2,1,180.5 USD,2023-12-19,,156.96,
1966,12/18/2023,7,3,7,3,2,36.0 €,2023-12-18,,36.0,
1967,INVALID_DATE,1,4,1,4,3,37.0 €,,Fecha inválida: INVALID_DATE,37.0,
1969,15/12/2023,3,2,3,2,5,39.0 €,2023-12-15,,39.0,
1970,12/14/2023,4,3,4,3,1,40.0 €,2023-12-14,,40.0,
1971,INVALID_DATE,5,4,5,4,2,186.5 USD,,Fecha inválida: INVALID_DATE,162.17,
1972,2023-12-12,6,1,6,1,3,42.0 €,2023-12-12,,42.0,
1973,11/12/2023,7,2,7,2,4,43.0 €,2023-12-11,,43.0,
1975,INVALID_DATE,2,4,2,4,1,45.0 €,,Fecha inválida: INVALID_DATE,45.0,
1976,2023-12-08,3,1,3,1,2,46.0 €,2023-12-08,,46.0,
1977,07/12/2023,4,2,4,2,3,192.5 USD,2023-12-07,,167.39,
1979,INVALID_DATE,6,4,6,4,5,49.0 €,,Fecha inválida: INVALID_DATE,49.0,
1980,2023-12-04,7,1,7,1,1,NULL,2023-12-04,,,MontoTotal_Raw nulo o vacío: NULL
1983,INVALID_DATE,3,4,3,4,4,198.5 USD,,Fecha inválida: INVALID_DATE,172.61,
1984,2023-11-30,4,1,4,1,5,54.0 €,2023-11-30,,54.0,
1986,11/28/2023,6,3,6,3,2,201.5 USD,2023-11-28,,175.22,
1987,INVALID_DATE,7,4,7,4,3,57.0 €,,Fecha inválida: INVALID_DATE,57.0,
1990,11/24/2023,3,3,3,3,1,60.0 €,2023-11-24,,60.0,
1991,INVALID_DATE,4,4,4,4,2,61.0 €,,Fecha inválida: INVALID_DATE,61.0,
1993,21/11/2023,6,2,6,2,4,63.0 €,2023-11-21,,63.0,
1994,11/20/2023,7,3,7,3,5,64.0 €,2023-11-20,,64.0,
1995,INVALID_DATE,1,4,1,4,1,210.5 USD,,Fecha inválida: INVALID_DATE,183.04,
1997,17/11/2023,3,2,3,2,3,67.0 €,2023-11-17,,67.0,
1998,11/16/2023,4,3,4,3,4,213.5 USD,2023-11-16,,185.65,
1999,INVALID_DATE,5,4,5,4,5,69.0 €,,Fecha inválida: INVALID_DATE,69.0,
2000,2026-08-10,6,1,6,1,1,-150.00 €,2026-08-10,,,MontoTotal_Raw negativo: -150.00 €
2001,09/08/2026,7,2,7,2,2,16.5 USD,2026-08-09,,14.35,
2003,INVALID_DATE,2,4,2,4,4,73.0 €,,Fecha inválida: INVALID_DATE,73.0,
2004,2026-08-06,3,1,3,1,5,19.5 USD,2026-08-06,,16.96,
2005,05/08/2026,4,2,4,2,1,75.0 €,2026-08-05,,75.0,
2007,INVALID_DATE,6,4,6,4,3,22.5 USD,,Fecha inválida: INVALID_DATE,19.57,
2008,2026-08-02,7,1,7,1,4,78.0 €,2026-08-02,,78.0,
2011,INVALID_DATE,3,4,3,4,2,81.0 €,,Fecha inválida: INVALID_DATE,81.0,
2012,2026-07-29,4,1,4,1,3,82.0 €,2026-07-29,,82.0,
2013,28/07/2026,5,2,5,2,4,NULL,2026-07-28,,,MontoTotal_Raw nulo o vacío: NULL
2014,07/27/2026,6,3,6,3,5,84.0 €,2026-07-27,,84.0,
2015,INVALID_DATE,7,4,7,4,1,85.0 €,,Fecha inválida: INVALID_DATE,85.0,
2018,07/23/2026,3,3,3,3,4,88.0 €,2026-07-23,,88.0,
2019,INVALID_DATE,4,4,4,4,5,34.5 USD,,Fecha inválida: INVALID_DATE,30.0,
2021,20/07/2026,6,2,6,2,2,91.0 €,2026-07-20,,91.0,
2022,07/19/2026,7,3,7,3,3,37.5 USD,2026-07-19,,32.61,
2023,INVALID_DATE,1,4,1,4,4,93.0 €,,Fecha inválida: INVALID_DATE,93.0,
2025,16/07/2026,3,2,3,2,1,40.5 USD,2026-07-16,,35.22,
2026,07/15/2026,4,3,4,3,2,96.0 €,2026-07-15,,96.0,
2027,INVALID_DATE,5,4,5,4,3,97.0 €,,Fecha inválida: INVALID_DATE,97.0,
2028,2026-07-13,6,1,6,1,4,43.5 USD,2026-07-13,,37.83,
2029,12/07/2026,7,2,7,2,5,99.0 €,2026-07-12,,99.0,
2031,INVALID_DATE,2,4,2,4,2,46.5 USD,,Fecha inválida: INVALID_DATE,40.43,
2032,2026-07-09,3,1,3,1,3,102.0 €,2026-07-09,,102.0,
2033,08/07/2026,4,2,4,2,4,103.0 €,2026-07-08,,103.0,
2035,INVALID_DATE,6,4,6,4,1,105.0 €,,Fecha inválida: INVALID_DATE,105.0,
2036,2026-07-05,7,1,7,1,2,106.0 €,2026-07-05,,106.0,
2039,INVALID_DATE,3,4,3,4,5,109.0 €,,Fecha inválida: INVALID_DATE,109.0,
2040,2026-07-01,4,1,4,1,1,55.5 USD,2026-07-01,,48.26,
2042,06/29/2026,6,3,6,3,3,112.0 €,2026-06-29,,112.0,
2043,INVALID_DATE,7,4,7,4,4,58.5 USD,,Fecha inválida: INVALID_DATE,50.87,
2046,06/25/2026,3,3,3,3,2,NULL,2026-06-25,,,MontoTotal_Raw nulo o vacío: NULL
2047,INVALID_DATE,4,4,4,4,3,117.0 €,,Fecha inválida: INVALID_DATE,117.0,
2049,22/06/2026,6,2,6,2,5,64.5 USD,2026-06-22,,56.09,
2050,06/21/2026,7,3,7,3,1,-150.00 €,2026-06-21,,,MontoTotal_Raw negativo: -150.00 €
2051,INVALID_DATE,1,4,1,4,2,121.0 €,,Fecha inválida: INVALID_DATE,121.0,
2053,18/06/2026,3,2,3,2,4,123.0 €,2026-06-18,,123.0,
2054,06/17/2026,4,3,4,3,5,124.0 €,2026-06-17,,124.0,
2055,INVALID_DATE,5,4,5,4,1,70.5 USD,,Fecha inválida: INVALID_DATE,61.3,
2056,2026-06-15,6,1,6,1,2,126.0 €,2026-06-15,,126.0,
2057,14/06/2026,7,2,7,2,3,127.0 €,2026-06-14,,127.0,
2059,INVALID_DATE,2,4,2,4,5,129.0 €,,Fecha inválida: INVALID_DATE,129.0,
2060,2026-06-11,3,1,3,1,1,130.0 €,2026-06-11,,130.0,
2061,10/06/2026,4,2,4,2,2,76.5 USD,2026-06-10,,66.52,
2063,INVALID_DATE,6,4,6,4,4,133.0 €,,Fecha inválida: INVALID_DATE,133.0,
2064,2026-06-07,7,1,7,1,5,79.5 USD,2026-06-07,,69.13,
2067,INVALID_DATE,3,4,3,4,3,82.5 USD,,Fecha inválida: INVALID_DATE,71.74,
2068,2026-06-03,4,1,4,1,4,138.0 €,2026-06-03,,138.0,
2070,06/01/2026,6,3,6,3,1,85.5 USD,2026-01-06,,74.35,
2071,INVALID_DATE,7,4,7,4,2,141.0 €,,Fecha inválida: INVALID_DATE,141.0,
2074,05/28/2026,3,3,3,3,5,144.0 €,2026-05-28,,144.0,
2075,INVALID_DATE,4,4,4,4,1,145.0 €,,Fecha inválida: INVALID_DATE,145.0,
2077,25/05/2026,6,2,6,2,3,147.0 €,2026-05-25,,147.0,
2078,05/24/2026,7,3,7,3,4,148.0 €,2026-05-24,,148.0,
2079,INVALID_DATE,1,4,1,4,5,NULL,,Fecha inválida: INVALID_DATE,,MontoTotal_Raw nulo o vacío: NULL
2081,21/05/2026,3,2,3,2,2,151.0 €,2026-05-21,,151.0,
2082,05/20/2026,4,3,4,3,3,97.5 USD,2026-05-20,,84.78,
2083,INVALID_DATE,5,4,5,4,4,153.0 €,,Fecha inválida: INVALID_DATE,153.0,
2084,2026-05-18,6,1,6,1,5,154.0 €,2026-05-18,,154.0,
2085,17/05/2026,7,2,7,2,1,100.5 USD,2026-05-17,,87.39,
2087,INVALID_DATE,2,4,2,4,3,157.0 €,,Fecha inválida: INVALID_DATE,157.0,
2088,2026-05-14,3,1,3,1,4,103.5 USD,2026-05-14,,90.0,
2089,13/05/2026,4,2,4,2,5,159.0 €,2026-05-13,,159.0,
2091,INVALID_DATE,6,4,6,4,2,106.5 USD,,Fecha inválida: INVALID_DATE,92.61,
2092,2026-05-10,7,1,7,1,3,162.0 €,2026-05-10,,162.0,
2095,INVALID_DATE,3,4,3,4,1,165.0 €,,Fecha inválida: INVALID_DATE,165.0,
2096,2026-05-06,4,1,4,1,2,166.0 €,2026-05-06,,166.0,
2098,05/04/2026,6,3,6,3,4,168.0 €,2026-04-05,,168.0,
2099,INVALID_DATE,7,4,7,4,5,169.0 €,,Fecha inválida: INVALID_DATE,169.0,
2100,2026-05-02,1,1,1,1,1,-150.00 €,2026-05-02,,,MontoTotal_Raw negativo: -150.00 €
2102,04/30/2026,3,3,3,3,3,22.0 €,2026-04-30,,22.0,
2103,INVALID_DATE,4,4,4,4,4,118.5 USD,,Fecha inválida: INVALID_DATE,103.04,
2105,27/04/2026,6,2,6,2,1,25.0 €,2026-04-27,,25.0,
2106,04/26/2026,7,3,7,3,2,121.5 USD,2026-04-26,,105.65,
2107,INVALID_DATE,1,4,1,4,3,27.0 €,,Fecha inválida: INVALID_DATE,27.0,
2109,23/04/2026,3,2,3,2,5,124.5 USD,2026-04-23,,108.26,
2110,04/22/2026,4,3,4,3,1,30.0 €,2026-04-22,,30.0,
2111,INVALID_DATE,5,4,5,4,2,31.0 €,,Fecha inválida: INVALID_DATE,31.0,
2112,2026-04-20,6,1,6,1,3,NULL,2026-04-20,,,MontoTotal_Raw nulo o vacío: NULL
2113,19/04/2026,7,2,7,2,4,33.0 €,2026-04-19,,33.0,
2115,INVALID_DATE,2,4,2,4,1,130.5 USD,,Fecha inválida: INVALID_DATE,113.48,
2116,2026-04-16,3,1,3,1,2,36.0 €,2026-04-16,,36.0,
2117,15/04/2026,4,2,4,2,3,37.0 €,2026-04-15,,37.0,
2119,INVALID_DATE,6,4,6,4,5,39.0 €,,Fecha inválida: INVALID_DATE,39.0,
2120,2026-04-12,7,1,7,1,1,40.0 €,2026-04-12,,40.0,
2123,INVALID_DATE,3,4,3,4,4,43.0 €,,Fecha inválida: INVALID_DATE,43.0,
2124,2026-04-08,4,1,4,1,5,139.5 USD,2026-04-08,,121.3,
2126,04/06/2026,6,3,6,3,2,46.0 €,2026-06-04,,46.0,
2127,INVALID_DATE,7,4,7,4,3,142.5 USD,,Fecha inválida: INVALID_DATE,123.91,
2130,04/02/2026,3,3,3,3,1,145.5 USD,2026-02-04,,126.52,
2131,INVALID_DATE,4,4,4,4,2,51.0 €,,Fecha inválida: INVALID_DATE,51.0,
2133,30/03/2026,6,2,6,2,4,148.5 USD,2026-03-30,,129.13,
2134,03/29/2026,7,3,7,3,5,54.0 €,2026-03-29,,54.0,
2135,INVALID_DATE,1,4,1,4,1,55.0 €,,Fecha inválida: INVALID_DATE,55.0,
2137,26/03/2026,3,2,3,2,3,57.0 €,2026-03-26,,57.0,
2138,03/25/2026,4,3,4,3,4,58.0 €,2026-03-25,,58.0,
2139,INVALID_DATE,5,4,5,4,5,154.5 USD,,Fecha inválida: INVALID_DATE,134.35,
2140,2026-03-23,6,1,6,1,1,60.0 €,2026-03-23,,60.0,
2141,22/03/2026,7,2,7,2,2,61.0 €,2026-03-22,,61.0,
2143,INVALID_DATE,2,4,2,4,4,63.0 €,,Fecha inválida: INVALID_DATE,63.0,
2144,2026-03-19,3,1,3,1,5,64.0 €,2026-03-19,,64.0,
2145,18/03/2026,4,2,4,2,1,NULL,2026-03-18,,,MontoTotal_Raw nulo o vacío: NULL
2147,INVALID_DATE,6,4,6,4,3,67.0 €,,Fecha inválida: INVALID_DATE,67.0,
2148,2026-03-15,7,1,7,1,4,163.5 USD,2026-03-15,,142.17,
2150,03/13/2026,2,3,2,3,1,-150.00 €,2026-03-13,,,MontoTotal_Raw negativo: -150.00 €
2151,INVALID_DATE,3,4,3,4,2,166.5 USD,,Fecha inválida: INVALID_DATE,144.78,
2152,2026-03-11,4,1,4,1,3,72.0 €,2026-03-11,,72.0,
2154,03/09/2026,6,3,6,3,5,169.5 USD,2026-09-03,,147.39,
2155,INVALID_DATE,7,4,7,4,1,75.0 €,,Fecha inválida: INVALID_DATE,75.0,
2158,03/05/2026,3,3,3,3,4,78.0 €,2026-05-03,,78.0,
2159,INVALID_DATE,4,4,4,4,5,79.0 €,,Fecha inválida: INVALID_DATE,79.0,
2161,02/03/2026,6,2,6,2,2,81.0 €,2026-03-02,,81.0,
2162,03/01/2026,7,3,7,3,3,82.0 €,2026-01-03,,82.0,
2163,INVALID_DATE,1,4,1,4,4,178.5 USD,,Fecha inválida: INVALID_DATE,155.22,
2165,26/02/2026,3,2,3,2,1,85.0 €,2026-02-26,,85.0,
2166,02/25/2026,4,3,4,3,2,181.5 USD,2026-02-25,,157.83,
2167,INVALID_DATE,5,4,5,4,3,87.0 €,,Fecha inválida: INVALID_DATE,87.0,
2168,2026-02-23,6,1,6,1,4,88.0 €,2026-02-23,,88.0,
2169,22/02/2026,7,2,7,2,5,184.5 USD,2026-02-22,,160.43,
2171,INVALID_DATE,2,4,2,4,2,91.0 €,,Fecha inválida: INVALID_DATE,91.0,
2172,2026-02-19,3,1,3,1,3,187.5 USD,2026-02-19,,163.04,
2173,18/02/2026,4,2,4,2,4,93.0 €,2026-02-18,,93.0,
2175,INVALID_DATE,6,4,6,4,1,190.5 USD,,Fecha inválida: INVALID_DATE,165.65,
2176,2026-02-15,7,1,7,1,2,96.0 €,2026-02-15,,96.0,
2178,02/13/2026,2,3,2,3,4,NULL,2026-02-13,,,MontoTotal_Raw nulo o vacío: NULL
2179,INVALID_DATE,3,4,3,4,5,99.0 €,,Fecha inválida: INVALID_DATE,99.0,
2180,2026-02-11,4,1,4,1,1,100.0 €,2026-02-11,,100.0,
2182,02/09/2026,6,3,6,3,3,102.0 €,2026-09-02,,102.0,
2183,INVALID_DATE,7,4,7,4,4,103.0 €,,Fecha inválida: INVALID_DATE,103.0,
2186,02/05/2026,3,3,3,3,2,106.0 €,2026-05-02,,106.0,
2187,INVALID_DATE,4,4,4,4,3,202.5 USD,,Fecha inválida: INVALID_DATE,176.09,
2189,02/02/2026,6,2,6,2,5,109.0 €,2026-02-02,,109.0,
2190,02/01/2026,7,3,7,3,1,205.5 USD,2026-01-02,,178.7,
2191,INVALID_DATE,1,4,1,4,2,111.0 €,,Fecha inválida: INVALID_DATE,111.0,
2193,29/01/2026,3,2,3,2,4,208.5 USD,2026-01-29,,181.3,
2194,01/28/2026,4,3,4,3,5,114.0 €,2026-01-28,,114.0,
2195,INVALID_DATE,5,4,5,4,1,115.0 €,,Fecha inválida: INVALID_DATE,115.0,
2196,2026-01-26,6,1,6,1,2,211.5 USD,2026-01-26,,183.91,
2197,25/01/2026,7,2,7,2,3,117.0 €,2026-01-25,,117.0,
2199,INVALID_DATE,2,4,2,4,5,214.5 USD,,Fecha inválida: INVALID_DATE,186.52,
2200,2026-01-22,3,1,3,1,1,-150.00 €,2026-01-22,,,MontoTotal_Raw negativo: -150.00 €
2201,21/01/2026,4,2,4,2,2,121.0 €,2026-01-21,,121.0,
2203,INVALID_DATE,6,4,6,4,4,123.0 €,,Fecha inválida: INVALID_DATE,123.0,
2204,2026-01-18,7,1,7,1,5,124.0 €,2026-01-18,,124.0,
2207,INVALID_DATE,3,4,3,4,3,127.0 €,,Fecha inválida: INVALID_DATE,127.0,
2208,2026-01-14,4,1,4,1,4,23.5 USD,2026-01-14,,20.43,
2210,01/12/2026,6,3,6,3,1,130.0 €,2026-12-01,,130.0,
2211,INVALID_DATE,7,4,7,4,2,NULL,,Fecha inválida: INVALID_DATE,,MontoTotal_Raw nulo o vacío: NULL
2214,01/08/2026,3,3,3,3,5,29.5 USD,2026-08-01,,25.65,
2215,INVALID_DATE,4,4,4,4,1,135.0 €,,Fecha inválida: INVALID_DATE,135.0,
2217,05/01/2026,6,2,6,2,3,32.5 USD,2026-01-05,,28.26,
2218,01/04/2026,7,3,7,3,4,138.0 €,2026-04-01,,138.0,
2219,INVALID_DATE,1,4,1,4,5,139.0 €,,Fecha inválida: INVALID_DATE,139.0,
2221,01/01/2026,3,2,3,2,2,141.0 €,2026-01-01,,141.0,
2222,12/31/2025,4,3,4,3,3,142.0 €,2025-12-31,,142.0,
2223,INVALID_DATE,5,4,5,4,4,38.5 USD,,Fecha inválida: INVALID_DATE,33.48,
2224,2025-12-29,6,1,6,1,5,144.0 €,2025-12-29,,144.0,
2225,28/12/2025,7,2,7,2,1,145.0 €,2025-12-28,,145.0,
2227,INVALID_DATE,2,4,2,4,3,147.0 €,,Fecha inválida: INVALID_DATE,147.0,
2228,2025-12-25,3,1,3,1,4,148.0 €,2025-12-25,,148.0,
2229,24/12/2025,4,2,4,2,5,44.5 USD,2025-12-24,,38.7,
2231,INVALID_DATE,6,4,6,4,2,151.0 €,,Fecha inválida: INVALID_DATE,151.0,
2232,2025-12-21,7,1,7,1,3,47.5 USD,2025-12-21,,41.3,
2235,INVALID_DATE,3,4,3,4,1,50.5 USD,,Fecha inválida: INVALID_DATE,43.91,
2236,2025-12-17,4,1,4,1,2,156.0 €,2025-12-17,,156.0,
2238,12/15/2025,6,3,6,3,4,53.5 USD,2025-12-15,,46.52,
2239,INVALID_DATE,7,4,7,4,5,159.0 €,,Fecha inválida: INVALID_DATE,159.0,
2242,12/11/2025,3,3,3,3,3,162.0 €,2025-11-12,,162.0,
2243,INVALID_DATE,4,4,4,4,4,163.0 €,,Fecha inválida: INVALID_DATE,163.0,
2244,2025-12-09,5,1,5,1,5,NULL,2025-12-09,,,MontoTotal_Raw nulo o vacío: NULL
2245,08/12/2025,6,2,6,2,1,165.0 €,2025-12-08,,165.0,
2246,12/07/2025,7,3,7,3,2,166.0 €,2025-07-12,,166.0,
2247,INVALID_DATE,1,4,1,4,3,62.5 USD,,Fecha inválida: INVALID_DATE,54.35,
2249,04/12/2025,3,2,3,2,5,169.0 €,2025-12-04,,169.0,
2250,12/03/2025,4,3,4,3,1,-150.00 €,2025-03-12,,,MontoTotal_Raw negativo: -150.00 €
2251,INVALID_DATE,5,4,5,4,2,21.0 €,,Fecha inválida: INVALID_DATE,21.0,
2252,2025-12-01,6,1,6,1,3,22.0 €,2025-12-01,,22.0,
2253,30/11/2025,7,2,7,2,4,68.5 USD,2025-11-30,,59.57,
2255,INVALID_DATE,2,4,2,4,1,25.0 €,,Fecha inválida: INVALID_DATE,25.0,
2256,2025-11-27,3,1,3,1,2,71.5 USD,2025-11-27,,62.17,
2257,26/11/2025,4,2,4,2,3,27.0 €,2025-11-26,,27.0,
2259,INVALID_DATE,6,4,6,4,5,74.5 USD,,Fecha inválida: INVALID_DATE,64.78,
2260,2025-11-23,7,1,7,1,1,30.0 €,2025-11-23,,30.0,
2263,INVALID_DATE,3,4,3,4,4,33.0 €,,Fecha inválida: INVALID_DATE,33.0,
2264,2025-11-19,4,1,4,1,5,34.0 €,2025-11-19,,34.0,
2266,11/17/2025,6,3,6,3,2,36.0 €,2025-11-17,,36.0,
2267,INVALID_DATE,7,4,7,4,3,37.0 €,,Fecha inválida: INVALID_DATE,37.0,
2270,11/13/2025,3,3,3,3,1,40.0 €,2025-11-13,,40.0,
2271,INVALID_DATE,4,4,4,4,2,86.5 USD,,Fecha inválida: INVALID_DATE,75.22,
2273,10/11/2025,6,2,6,2,4,43.0 €,2025-11-10,,43.0,
2274,11/09/2025,7,3,7,3,5,89.5 USD,2025-09-11,,77.83,
2275,INVALID_DATE,1,4,1,4,1,45.0 €,,Fecha inválida: INVALID_DATE,45.0,
2277,06/11/2025,3,2,3,2,3,NULL,2025-11-06,,,MontoTotal_Raw nulo o vacío: NULL
2278,11/05/2025,4,3,4,3,4,48.0 €,2025-05-11,,48.0,
2279,INVALID_DATE,5,4,5,4,5,49.0 €,,Fecha inválida: INVALID_DATE,49.0,
2280,2025-11-03,6,1,6,1,1,95.5 USD,2025-11-03,,83.04,
2281,02/11/2025,7,2,7,2,2,51.0 €,2025-11-02,,51.0,
2283,INVALID_DATE,2,4,2,4,4,98.5 USD,,Fecha inválida: INVALID_DATE,85.65,
2284,2025-10-30,3,1,3,1,5,54.0 €,2025-10-30,,54.0,
2285,29/10/2025,4,2,4,2,1,55.0 €,2025-10-29,,55.0,
2287,INVALID_DATE,6,4,6,4,3,57.0 €,,Fecha inválida: INVALID_DATE,57.0,
2288,2025-10-26,7,1,7,1,4,58.0 €,2025-10-26,,58.0,
2291,INVALID_DATE,3,4,3,4,2,61.0 €,,Fecha inválida: INVALID_DATE,61.0,
2292,2025-10-22,4,1,4,1,3,107.5 USD,2025-10-22,,93.48,
2294,10/20/2025,6,3,6,3,5,64.0 €,2025-10-20,,64.0,
2295,INVALID_DATE,7,4,7,4,1,110.5 USD,,Fecha inválida: INVALID_DATE,96.09,
2298,10/16/2025,3,3,3,3,4,113.5 USD,2025-10-16,,98.7,
2299,INVALID_DATE,4,4,4,4,5,69.0 €,,Fecha inválida: INVALID_DATE,69.0,
2300,2025-10-14,5,1,5,1,1,-150.00 €,2025-10-14,,,MontoTotal_Raw negativo: -150.00 €
2301,13/10/2025,6,2,6,2,2,116.5 USD,2025-10-13,,101.3,
2302,10/12/2025,7,3,7,3,3,72.0 €,2025-12-10,,72.0,
2303,INVALID_DATE,1,4,1,4,4,73.0 €,,Fecha inválida: INVALID_DATE,73.0,
2305,09/10/2025,3,2,3,2,1,75.0 €,2025-10-09,,75.0,
2306,10/08/2025,4,3,4,3,2,76.0 €,2025-08-10,,76.0,
2307,INVALID_DATE,5,4,5,4,3,122.5 USD,,Fecha inválida: INVALID_DATE,106.52,
2308,2025-10-06,6,1,6,1,4,78.0 €,2025-10-06,,78.0,
2309,05/10/2025,7,2,7,2,5,79.0 €,2025-10-05,,79.0,
2310,10/04/2025,1,3,1,3,1,NULL,2025-04-10,,,MontoTotal_Raw nulo o vacío: NULL
2311,INVALID_DATE,2,4,2,4,2,81.0 €,,Fecha inválida: INVALID_DATE,81.0,
2312,2025-10-02,3,1,3,1,3,82.0 €,2025-10-02,,82.0,
2313,01/10/2025,4,2,4,2,4,128.5 USD,2025-10-01,,111.74,
2315,INVALID_DATE,6,4,6,4,1,85.0 €,,Fecha inválida: INVALID_DATE,85.0,
2316,2025-09-28,7,1,7,1,2,131.5 USD,2025-09-28,,114.35,
2319,INVALID_DATE,3,4,3,4,5,134.5 USD,,Fecha inválida: INVALID_DATE,116.96,
2320,2025-09-24,4,1,4,1,1,90.0 €,2025-09-24,,90.0,
2322,09/22/2025,6,3,6,3,3,137.5 USD,2025-09-22,,119.57,
2323,INVALID_DATE,7,4,7,4,4,93.0 €,,Fecha inválida: INVALID_DATE,93.0,
2326,09/18/2025,3,3,3,3,2,96.0 €,2025-09-18,,96.0,
2327,INVALID_DATE,4,4,4,4,3,97.0 €,,Fecha inválida: INVALID_DATE,97.0,
2329,15/09/2025,6,2,6,2,5,99.0 €,2025-09-15,,99.0,
2330,09/14/2025,7,3,7,3,1,100.0 €,2025-09-14,,100.0,
2331,INVALID_DATE,1,4,1,4,2,146.5 USD,,Fecha inválida: INVALID_DATE,127.39,
2333,11/09/2025,3,2,3,2,4,103.0 €,2025-09-11,,103.0,
2334,09/10/2025,4,3,4,3,5,149.5 USD,2025-10-09,,130.0,
2335,INVALID_DATE,5,4,5,4,1,105.0 €,,Fecha inválida: INVALID_DATE,105.0,
2336,2025-09-08,6,1,6,1,2,106.0 €,2025-09-08,,106.0,
2337,07/09/2025,7,2,7,2,3,152.5 USD,2025-09-07,,132.61,
2339,INVALID_DATE,2,4,2,4,5,109.0 €,,Fecha inválida: INVALID_DATE,109.0,
2340,2025-09-04,3,1,3,1,1,155.5 USD,2025-09-04,,135.22,
2341,03/09/2025,4,2,4,2,2,111.0 €,2025-09-03,,111.0,
2343,INVALID_DATE,6,4,6,4,4,NULL,,Fecha inválida: INVALID_DATE,,MontoTotal_Raw nulo o vacío: NULL
2344,2025-08-31,7,1,7,1,5,114.0 €,2025-08-31,,114.0,
2347,INVALID_DATE,3,4,3,4,3,117.0 €,,Fecha inválida: INVALID_DATE,117.0,
2348,2025-08-27,4,1,4,1,4,118.0 €,2025-08-27,,118.0,
2350,08/25/2025,6,3,6,3,1,-150.00 €,2025-08-25,,,MontoTotal_Raw negativo: -150.00 €
2351,INVALID_DATE,7,4,7,4,2,121.0 €,,Fecha inválida: INVALID_DATE,121.0,
2354,08/21/2025,3,3,3,3,5,124.0 €,2025-08-21,,124.0,
2355,INVALID_DATE,4,4,4,4,1,170.5 USD,,Fecha inválida: INVALID_DATE,148.26,
2357,18/08/2025,6,2,6,2,3,127.0 €,2025-08-18,,127.0,
2358,08/17/2025,7,3,7,3,4,173.5 USD,2025-08-17,,150.87,
2359,INVALID_DATE,1,4,1,4,5,129.0 €,,Fecha inválida: INVALID_DATE,129.0,
2361,14/08/2025,3,2,3,2,2,176.5 USD,2025-08-14,,153.48,
2362,08/13/2025,4,3,4,3,3,132.0 €,2025-08-13,,132.0,
2363,INVALID_DATE,5,4,5,4,4,133.0 €,,Fecha inválida: INVALID_DATE,133.0,
2364,2025-08-11,6,1,6,1,5,179.5 USD,2025-08-11,,156.09,
2365,10/08/2025,7,2,7,2,1,135.0 €,2025-08-10,,135.0,
2367,INVALID_DATE,2,4,2,4,3,182.5 USD,,Fecha inválida: INVALID_DATE,158.7,
2368,2025-08-07,3,1,3,1,4,138.0 €,2025-08-07,,138.0,
2369,06/08/2025,4,2,4,2,5,139.0 €,2025-08-06,,139.0,
2371,INVALID_DATE,6,4,6,4,2,141.0 €,,Fecha inválida: INVALID_DATE,141.0,
2372,2025-08-03,7,1,7,1,3,142.0 €,2025-08-03,,142.0,
2375,INVALID_DATE,3,4,3,4,1,145.0 €,,Fecha inválida: INVALID_DATE,145.0,
2376,2025-07-30,4,1,4,1,2,NULL,2025-07-30,,,MontoTotal_Raw nulo o vacío: NULL
2378,07/28/2025,6,3,6,3,4,148.0 €,2025-07-28,,148.0,
2379,INVALID_DATE,7,4,7,4,5,194.5 USD,,Fecha inválida: INVALID_DATE,169.13,
2382,07/24/2025,3,3,3,3,3,197.5 USD,2025-07-24,,171.74,
2383,INVALID_DATE,4,4,4,4,4,153.0 €,,Fecha inválida: INVALID_DATE,153.0,
2385,21/07/2025,6,2,6,2,1,200.5 USD,2025-07-21,,174.35,
2386,07/20/2025,7,3,7,3,2,156.0 €,2025-07-20,,156.0,
2387,INVALID_DATE,1,4,1,4,3,157.0 €,,Fecha inválida: INVALID_DATE,157.0,
2389,17/07/2025,3,2,3,2,5,159.0 €,2025-07-17,,159.0,
2390,07/16/2025,4,3,4,3,1,160.0 €,2025-07-16,,160.0,
2391,INVALID_DATE,5,4,5,4,2,206.5 USD,,Fecha inválida: INVALID_DATE,179.57,
2392,2025-07-14,6,1,6,1,3,162.0 €,2025-07-14,,162.0,
2393,13/07/2025,7,2,7,2,4,163.0 €,2025-07-13,,163.0,
2395,INVALID_DATE,2,4,2,4,1,165.0 €,,Fecha inválida: INVALID_DATE,165.0,
2396,2025-07-10,3,1,3,1,2,166.0 €,2025-07-10,,166.0,
2397,09/07/2025,4,2,4,2,3,212.5 USD,2025-07-09,,184.78,
2399,INVALID_DATE,6,4,6,4,5,169.0 €,,Fecha inválida: INVALID_DATE,169.0,
2400,2025-07-06,7,1,7,1,1,-150.00 €,2025-07-06,,,MontoTotal_Raw negativo: -150.00 €
2403,INVALID_DATE,3,4,3,4,4,18.5 USD,,Fecha inválida: INVALID_DATE,16.09,
2404,2025-07-02,4,1,4,1,5,24.0 €,2025-07-02,,24.0,
2406,06/30/2025,6,3,6,3,2,21.5 USD,2025-06-30,,18.7,
2407,INVALID_DATE,7,4,7,4,3,27.0 €,,Fecha inválida: INVALID_DATE,27.0,
2409,27/06/2025,2,2,2,2,5,NULL,2025-06-27,,,MontoTotal_Raw nulo o vacío: NULL
2410,06/26/2025,3,3,3,3,1,30.0 €,2025-06-26,,30.0,
2411,INVALID_DATE,4,4,4,4,2,31.0 €,,Fecha inválida: INVALID_DATE,31.0,
2413,23/06/2025,6,2,6,2,4,33.0 €,2025-06-23,,33.0,
2414,06/22/2025,7,3,7,3,5,34.0 €,2025-06-22,,34.0,
2415,INVALID_DATE,1,4,1,4,1,30.5 USD,,Fecha inválida: INVALID_DATE,26.52,
2417,19/06/2025,3,2,3,2,3,37.0 €,2025-06-19,,37.0,
2418,06/18/2025,4,3,4,3,4,33.5 USD,2025-06-18,,29.13,
2419,INVALID_DATE,5,4,5,4,5,39.0 €,,Fecha inválida: INVALID_DATE,39.0,
2420,2025-06-16,6,1,6,1,1,40.0 €,2025-06-16,,40.0,
2421,15/06/2025,7,2,7,2,2,36.5 USD,2025-06-15,,31.74,
2423,INVALID_DATE,2,4,2,4,4,43.0 €,,Fecha inválida: INVALID_DATE,43.0,
2424,2025-06-12,3,1,3,1,5,39.5 USD,2025-06-12,,34.35,
2425,11/06/2025,4,2,4,2,1,45.0 €,2025-06-11,,45.0,
2427,INVALID_DATE,6,4,6,4,3,42.5 USD,,Fecha inválida: INVALID_DATE,36.96,
2428,2025-06-08,7,1,7,1,4,48.0 €,2025-06-08,,48.0,
2431,INVALID_DATE,3,4,3,4,2,51.0 €,,Fecha inválida: INVALID_DATE,51.0,
2432,2025-06-04,4,1,4,1,3,52.0 €,2025-06-04,,52.0,
2434,06/02/2025,6,3,6,3,5,54.0 €,2025-02-06,,54.0,
2435,INVALID_DATE,7,4,7,4,1,55.0 €,,Fecha inválida: INVALID_DATE,55.0,
2438,05/29/2025,3,3,3,3,4,58.0 €,2025-05-29,,58.0,
2439,INVALID_DATE,4,4,4,4,5,54.5 USD,,Fecha inválida: INVALID_DATE,47.39,
2441,26/05/2025,6,2,6,2,2,61.0 €,2025-05-26,,61.0,
2442,05/25/2025,7,3,7,3,3,NULL,2025-05-25,,,MontoTotal_Raw nulo o vacío: NULL
2443,INVALID_DATE,1,4,1,4,4,63.0 €,,Fecha inválida: INVALID_DATE,63.0,
2445,22/05/2025,3,2,3,2,1,60.5 USD,2025-05-22,,52.61,
2446,05/21/2025,4,3,4,3,2,66.0 €,2025-05-21,,66.0,
2447,INVALID_DATE,5,4,5,4,3,67.0 €,,Fecha inválida: INVALID_DATE,67.0,
2448,2025-05-19,6,1,6,1,4,63.5 USD,2025-05-19,,55.22,
2449,18/05/2025,7,2,7,2,5,69.0 €,2025-05-18,,69.0,
2450,05/17/2025,1,3,1,3,1,-150.00 €,2025-05-17,,,MontoTotal_Raw negativo: -150.00 €
2451,INVALID_DATE,2,4,2,4,2,66.5 USD,,Fecha inválida: INVALID_DATE,57.83,
2452,2025-05-15,3,1,3,1,3,72.0 €,2025-05-15,,72.0,
2453,14/05/2025,4,2,4,2,4,73.0 €,2025-05-14,,73.0,
2455,INVALID_DATE,6,4,6,4,1,75.0 €,,Fecha inválida: INVALID_DATE,75.0,
2456,2025-05-11,7,1,7,1,2,76.0 €,2025-05-11,,76.0,
2459,INVALID_DATE,3,4,3,4,5,79.0 €,,Fecha inválida: INVALID_DATE,79.0,
2460,2025-05-07,4,1,4,1,1,75.5 USD,2025-05-07,,65.65,
2462,05/05/2025,6,3,6,3,3,82.0 €,2025-05-05,,82.0,
2463,INVALID_DATE,7,4,7,4,4,78.5 USD,,Fecha inválida: INVALID_DATE,68.26,
2466,05/01/2025,3,3,3,3,2,81.5 USD,2025-01-05,,70.87,
2467,INVALID_DATE,4,4,4,4,3,87.0 €,,Fecha inválida: INVALID_DATE,87.0,
2469,28/04/2025,6,2,6,2,5,84.5 USD,2025-04-28,,73.48,
2470,04/27/2025,7,3,7,3,1,90.0 €,2025-04-27,,90.0,
2471,INVALID_DATE,1,4,1,4,2,91.0 €,,Fecha inválida: INVALID_DATE,91.0,
2473,24/04/2025,3,2,3,2,4,93.0 €,2025-04-24,,93.0,
2474,04/23/2025,4,3,4,3,5,94.0 €,2025-04-23,,94.0,
2475,INVALID_DATE,5,4,5,4,1,NULL,,Fecha inválida: INVALID_DATE,,MontoTotal_Raw nulo o vacío: NULL
2476,2025-04-21,6,1,6,1,2,96.0 €,2025-04-21,,96.0,
2477,20/04/2025,7,2,7,2,3,97.0 €,2025-04-20,,97.0,
2479,INVALID_DATE,2,4,2,4,5,99.0 €,,Fecha inválida: INVALID_DATE,99.0,
2480,2025-04-17,3,1,3,1,1,100.0 €,2025-04-17,,100.0,
2481,16/04/2025,4,2,4,2,2,96.5 USD,2025-04-16,,83.91,
2483,INVALID_DATE,6,4,6,4,4,103.0 €,,Fecha inválida: INVALID_DATE,103.0,
2484,2025-04-13,7,1,7,1,5,99.5 USD,2025-04-13,,86.52,
2487,INVALID_DATE,3,4,3,4,3,102.5 USD,,Fecha inválida: INVALID_DATE,89.13,
2488,2025-04-09,4,1,4,1,4,108.0 €,2025-04-09,,108.0,
2490,04/07/2025,6,3,6,3,1,105.5 USD,2025-07-04,,91.74,
2491,INVALID_DATE,7,4,7,4,2,111.0 €,,Fecha inválida: INVALID_DATE,111.0,
2494,04/03/2025,3,3,3,3,5,114.0 €,2025-03-04,,114.0,
2495,INVALID_DATE,4,4,4,4,1,115.0 €,,Fecha inválida: INVALID_DATE,115.0,
2497,31/03/2025,6,2,6,2,3,117.0 €,2025-03-31,,117.0,
2498,03/30/2025,7,3,7,3,4,118.0 €,2025-03-30,,118.0,
2499,INVALID_DATE,1,4,1,4,5,114.5 USD,,Fecha inválida: INVALID_DATE,99.57,
2500,2025-03-28,2,1,2,1,1,-150.00 €,2025-03-28,,,MontoTotal_Raw negativo: -150.00 €
2501,27/03/2025,3,2,3,2,2,121.0 €,2025-03-27,,121.0,
2502,03/26/2025,4,3,4,3,3,117.5 USD,2025-03-26,,102.17,
2503,INVALID_DATE,5,4,5,4,4,123.0 €,,Fecha inválida: INVALID_DATE,123.0,
2504,2025-03-24,6,1,6,1,5,124.0 €,2025-03-24,,124.0,
2505,23/03/2025,7,2,7,2,1,120.5 USD,2025-03-23,,104.78,
2507,INVALID_DATE,2,4,2,4,3,127.0 €,,Fecha inválida: INVALID_DATE,127.0,
2508,2025-03-20,3,1,3,1,4,NULL,2025-03-20,,,MontoTotal_Raw nulo o vacío: NULL
2509,19/03/2025,4,2,4,2,5,129.0 €,2025-03-19,,129.0,
2511,INVALID_DATE,6,4,6,4,2,126.5 USD,,Fecha inválida: INVALID_DATE,110.0,
2512,2025-03-16,7,1,7,1,3,132.0 €,2025-03-16,,132.0,
2515,INVALID_DATE,3,4,3,4,1,135.0 €,,Fecha inválida: INVALID_DATE,135.0,
2516,2025-03-12,4,1,4,1,2,136.0 €,2025-03-12,,136.0,
2518,03/10/2025,6,3,6,3,4,138.0 €,2025-10-03,,138.0,
2519,INVALID_DATE,7,4,7,4,5,139.0 €,,Fecha inválida: INVALID_DATE,139.0,
2522,03/06/2025,3,3,3,3,3,142.0 €,2025-06-03,,142.0,
2523,INVALID_DATE,4,4,4,4,4,138.5 USD,,Fecha inválida: INVALID_DATE,120.43,
2525,03/03/2025,6,2,6,2,1,145.0 €,2025-03-03,,145.0,
2526,03/02/2025,7,3,7,3,2,141.5 USD,2025-02-03,,123.04,
2527,INVALID_DATE,1,4,1,4,3,147.0 €,,Fecha inválida: INVALID_DATE,147.0,
2529,27/02/2025,3,2,3,2,5,144.5 USD,2025-02-27,,125.65,
2530,02/26/2025,4,3,4,3,1,150.0 €,2025-02-26,,150.0,
2531,INVALID_DATE,5,4,5,4,2,151.0 €,,Fecha inválida: INVALID_DATE,151.0,
2532,2025-02-24,6,1,6,1,3,147.5 USD,2025-02-24,,128.26,
2533,23/02/2025,7,2,7,2,4,153.0 €,2025-02-23,,153.0,
2535,INVALID_DATE,2,4,2,4,1,150.5 USD,,Fecha inválida: INVALID_DATE,130.87,
2536,2025-02-20,3,1,3,1,2,156.0 €,2025-02-20,,156.0,
2537,19/02/2025,4,2,4,2,3,157.0 €,2025-02-19,,157.0,
2539,INVALID_DATE,6,4,6,4,5,159.0 €,,Fecha inválida: INVALID_DATE,159.0,
2540,2025-02-16,7,1,7,1,1,160.0 €,2025-02-16,,160.0,
2541,15/02/2025,1,2,1,2,2,NULL,2025-02-15,,,MontoTotal_Raw nulo o vacío: NULL
2543,INVALID_DATE,3,4,3,4,4,163.0 €,,Fecha inválida: INVALID_DATE,163.0,
2544,2025-02-12,4,1,4,1,5,159.5 USD,2025-02-12,,138.7,
2546,02/10/2025,6,3,6,3,2,166.0 €,2025-10-02,,166.0,
2547,INVALID_DATE,7,4,7,4,3,162.5 USD,,Fecha inválida: INVALID_DATE,141.3,
2550,02/06/2025,3,3,3,3,1,-150.00 €,2025-06-02,,,MontoTotal_Raw negativo: -150.00 €
2551,INVALID_DATE,4,4,4,4,2,21.0 €,,Fecha inválida: INVALID_DATE,21.0,
2553,03/02/2025,6,2,6,2,4,168.5 USD,2025-02-03,,146.52,
2554,02/02/2025,7,3,7,3,5,24.0 €,2025-02-02,,24.0,
2555,INVALID_DATE,1,4,1,4,1,25.0 €,,Fecha inválida: INVALID_DATE,25.0,
2557,30/01/2025,3,2,3,2,3,27.0 €,2025-01-30,,27.0,
2558,01/29/2025,4,3,4,3,4,28.0 €,2025-01-29,,28.0,
2559,INVALID_DATE,5,4,5,4,5,174.5 USD,,Fecha inválida: INVALID_DATE,151.74,
2560,2025-01-27,6,1,6,1,1,30.0 €,2025-01-27,,30.0,
2561,26/01/2025,7,2,7,2,2,31.0 €,2025-01-26,,31.0,
2563,INVALID_DATE,2,4,2,4,4,33.0 €,,Fecha inválida: INVALID_DATE,33.0,
2564,2025-01-23,3,1,3,1,5,34.0 €,2025-01-23,,34.0,
2565,22/01/2025,4,2,4,2,1,180.5 USD,2025-01-22,,156.96,
2567,INVALID_DATE,6,4,6,4,3,37.0 €,,Fecha inválida: INVALID_DATE,37.0,
2568,2025-01-19,7,1,7,1,4,183.5 USD,2025-01-19,,159.57,
2571,INVALID_DATE,3,4,3,4,2,186.5 USD,,Fecha inválida: INVALID_DATE,162.17,
2572,2025-01-15,4,1,4,1,3,42.0 €,2025-01-15,,42.0,
2574,01/13/2025,6,3,6,3,5,NULL,2025-01-13,,,MontoTotal_Raw nulo o vacío: NULL
2575,INVALID_DATE,7,4,7,4,1,45.0 €,,Fecha inválida: INVALID_DATE,45.0,
2578,01/09/2025,3,3,3,3,4,48.0 €,2025-09-01,,48.0,
2579,INVALID_DATE,4,4,4,4,5,49.0 €,,Fecha inválida: INVALID_DATE,49.0,
2581,06/01/2025,6,2,6,2,2,51.0 €,2025-01-06,,51.0,
2582,01/05/2025,7,3,7,3,3,52.0 €,2025-05-01,,52.0,
2583,INVALID_DATE,1,4,1,4,4,198.5 USD,,Fecha inválida: INVALID_DATE,172.61,
2585,02/01/2025,3,2,3,2,1,55.0 €,2025-01-02,,55.0,
2586,01/01/2025,4,3,4,3,2,201.5 USD,2025-01-01,,175.22,
2587,INVALID_DATE,5,4,5,4,3,57.0 €,,Fecha inválida: INVALID_DATE,57.0,
2588,2024-12-30,6,1,6,1,4,58.0 €,2024-12-30,,58.0,
2589,29/12/2024,7,2,7,2,5,204.5 USD,2024-12-29,,177.83,
2591,INVALID_DATE,2,4,2,4,2,61.0 €,,Fecha inválida: INVALID_DATE,61.0,
2592,2024-12-26,3,1,3,1,3,207.5 USD,2024-12-26,,180.43,
2593,25/12/2024,4,2,4,2,4,63.0 €,2024-12-25,,63.0,
2595,INVALID_DATE,6,4,6,4,1,210.5 USD,,Fecha inválida: INVALID_DATE,183.04,
2596,2024-12-22,7,1,7,1,2,66.0 €,2024-12-22,,66.0,
2599,INVALID_DATE,3,4,3,4,5,69.0 €,,Fecha inválida: INVALID_DATE,69.0,
2600,2024-12-18,4,1,4,1,1,-150.00 €,2024-12-18,,,MontoTotal_Raw negativo: -150.00 €
2602,12/16/2024,6,3,6,3,3,72.0 €,2024-12-16,,72.0,
2603,INVALID_DATE,7,4,7,4,4,73.0 €,,Fecha inválida: INVALID_DATE,73.0,
2606,12/12/2024,3,3,3,3,2,76.0 €,2024-12-12,,76.0,
2607,INVALID_DATE,4,4,4,4,3,NULL,,Fecha inválida: INVALID_DATE,,MontoTotal_Raw nulo o vacío: NULL
2609,09/12/2024,6,2,6,2,5,79.0 €,2024-12-09,,79.0,
2610,12/08/2024,7,3,7,3,1,25.5 USD,2024-08-12,,22.17,
2611,INVALID_DATE,1,4,1,4,2,81.0 €,,Fecha inválida: INVALID_DATE,81.0,
2613,05/12/2024,3,2,3,2,4,28.5 USD,2024-12-05,,24.78,
2614,12/04/2024,4,3,4,3,5,84.0 €,2024-04-12,,84.0,
2615,INVALID_DATE,5,4,5,4,1,85.0 €,,Fecha inválida: INVALID_DATE,85.0,
2616,2024-12-02,6,1,6,1,2,31.5 USD,2024-12-02,,27.39,
2617,01/12/2024,7,2,7,2,3,87.0 €,2024-12-01,,87.0,
2619,INVALID_DATE,2,4,2,4,5,34.5 USD,,Fecha inválida: INVALID_DATE,30.0,
2620,2024-11-28,3,1,3,1,1,90.0 €,2024-11-28,,90.0,
2621,27/11/2024,4,2,4,2,2,91.0 €,2024-11-27,,91.0,
2623,INVALID_DATE,6,4,6,4,4,93.0 €,,Fecha inválida: INVALID_DATE,93.0,
2624,2024-11-24,7,1,7,1,5,94.0 €,2024-11-24,,94.0,
2627,INVALID_DATE,3,4,3,4,3,97.0 €,,Fecha inválida: INVALID_DATE,97.0,
2628,2024-11-20,4,1,4,1,4,43.5 USD,2024-11-20,,37.83,
2630,11/18/2024,6,3,6,3,1,100.0 €,2024-11-18,,100.0,
2631,INVALID_DATE,7,4,7,4,2,46.5 USD,,Fecha inválida: INVALID_DATE,40.43,
2634,11/14/2024,3,3,3,3,5,49.5 USD,2024-11-14,,43.04,
2635,INVALID_DATE,4,4,4,4,1,105.0 €,,Fecha inválida: INVALID_DATE,105.0,
2637,11/11/2024,6,2,6,2,3,52.5 USD,2024-11-11,,45.65,
2638,11/10/2024,7,3,7,3,4,108.0 €,2024-10-11,,108.0,
2639,INVALID_DATE,1,4,1,4,5,109.0 €,,Fecha inválida: INVALID_DATE,109.0,
2640,2024-11-08,2,1,2,1,1,NULL,2024-11-08,,,MontoTotal_Raw nulo o vacío: NULL
2641,07/11/2024,3,2,3,2,2,111.0 €,2024-11-07,,111.0,
2642,11/06/2024,4,3,4,3,3,112.0 €,2024-06-11,,112.0,
2643,INVALID_DATE,5,4,5,4,4,58.5 USD,,Fecha inválida: INVALID_DATE,50.87,
2644,2024-11-04,6,1,6,1,5,114.0 €,2024-11-04,,114.0,
2645,03/11/2024,7,2,7,2,1,115.0 €,2024-11-03,,115.0,
2647,INVALID_DATE,2,4,2,4,3,117.0 €,,Fecha inválida: INVALID_DATE,117.0,
2648,2024-10-31,3,1,3,1,4,118.0 €,2024-10-31,,118.0,
2649,30/10/2024,4,2,4,2,5,64.5 USD,2024-10-30,,56.09,
2650,10/29/2024,5,3,5,3,1,-150.00 €,2024-10-29,,,MontoTotal_Raw negativo: -150.00 €
2651,INVALID_DATE,6,4,6,4,2,121.0 €,,Fecha inválida: INVALID_DATE,121.0,
2652,2024-10-27,7,1,7,1,3,67.5 USD,2024-10-27,,58.7,
2655,INVALID_DATE,3,4,3,4,1,70.5 USD,,Fecha inválida: INVALID_DATE,61.3,
2656,2024-10-23,4,1,4,1,2,126.0 €,2024-10-23,,126.0,
2658,10/21/2024,6,3,6,3,4,73.5 USD,2024-10-21,,63.91,
2659,INVALID_DATE,7,4,7,4,5,129.0 €,,Fecha inválida: INVALID_DATE,129.0,
2662,10/17/2024,3,3,3,3,3,132.0 €,2024-10-17,,132.0,
2663,INVALID_DATE,4,4,4,4,4,133.0 €,,Fecha inválida: INVALID_DATE,133.0,
2665,14/10/2024,6,2,6,2,1,135.0 €,2024-10-14,,135.0,
2666,10/13/2024,7,3,7,3,2,136.0 €,2024-10-13,,136.0,
2667,INVALID_DATE,1,4,1,4,3,82.5 USD,,Fecha inválida: INVALID_DATE,71.74,
2669,10/10/2024,3,2,3,2,5,139.0 €,2024-10-10,,139.0,
2670,10/09/2024,4,3,4,3,1,85.5 USD,2024-09-10,,74.35,
2671,INVALID_DATE,5,4,5,4,2,141.0 €,,Fecha inválida: INVALID_DATE,141.0,
2672,2024-10-07,6,1,6,1,3,142.0 €,2024-10-07,,142.0,
2673,06/10/2024,7,2,7,2,4,NULL,2024-10-06,,,MontoTotal_Raw nulo o vacío: NULL
2675,INVALID_DATE,2,4,2,4,1,145.0 €,,Fecha inválida: INVALID_DATE,145.0,
2676,2024-10-03,3,1,3,1,2,91.5 USD,2024-10-03,,79.57,
2677,02/10/2024,4,2,4,2,3,147.0 €,2024-10-02,,147.0,
2679,INVALID_DATE,6,4,6,4,5,94.5 USD,,Fecha inválida: INVALID_DATE,82.17,
2680,2024-09-29,7,1,7,1,1,150.0 €,2024-09-29,,150.0,
2683,INVALID_DATE,3,4,3,4,4,153.0 €,,Fecha inválida: INVALID_DATE,153.0,
2684,2024-09-25,4,1,4,1,5,154.0 €,2024-09-25,,154.0,
2686,09/23/2024,6,3,6,3,2,156.0 €,2024-09-23,,156.0,
2687,INVALID_DATE,7,4,7,4,3,157.0 €,,Fecha inválida: INVALID_DATE,157.0,
2690,09/19/2024,3,3,3,3,1,160.0 €,2024-09-19,,160.0,
2691,INVALID_DATE,4,4,4,4,2,106.5 USD,,Fecha inválida: INVALID_DATE,92.61,
2693,16/09/2024,6,2,6,2,4,163.0 €,2024-09-16,,163.0,
2694,09/15/2024,7,3,7,3,5,109.5 USD,2024-09-15,,95.22,
2695,INVALID_DATE,1,4,1,4,1,165.0 €,,Fecha inválida: INVALID_DATE,165.0,
2697,12/09/2024,3,2,3,2,3,112.5 USD,2024-09-12,,97.83,
2698,09/11/2024,4,3,4,3,4,168.0 €,2024-11-09,,168.0,
2699,INVALID_DATE,5,4,5,4,5,169.0 €,,Fecha inválida: INVALID_DATE,169.0,
2700,2024-09-09,6,1,6,1,1,-150.00 €,2024-09-09,,,MontoTotal_Raw negativo: -150.00 €
2701,08/09/2024,7,2,7,2,2,21.0 €,2024-09-08,,21.0,
2703,INVALID_DATE,2,4,2,4,4,118.5 USD,,Fecha inválida: INVALID_DATE,103.04,
2704,2024-09-05,3,1,3,1,5,24.0 €,2024-09-05,,24.0,
2705,04/09/2024,4,2,4,2,1,25.0 €,2024-09-04,,25.0,
2706,09/03/2024,5,3,5,3,2,NULL,2024-03-09,,,MontoTotal_Raw nulo o vacío: NULL
2707,INVALID_DATE,6,4,6,4,3,27.0 €,,Fecha inválida: INVALID_DATE,27.0,
2708,2024-09-01,7,1,7,1,4,28.0 €,2024-09-01,,28.0,
2711,INVALID_DATE,3,4,3,4,2,31.0 €,,Fecha inválida: INVALID_DATE,31.0,
2712,2024-08-28,4,1,4,1,3,127.5 USD,2024-08-28,,110.87,
2714,08/26/2024,6,3,6,3,5,34.0 €,2024-08-26,,34.0,
2715,INVALID_DATE,7,4,7,4,1,130.5 USD,,Fecha inválida: INVALID_DATE,113.48,
2718,08/22/2024,3,3,3,3,4,133.5 USD,2024-08-22,,116.09,
2719,INVALID_DATE,4,4,4,4,5,39.0 €,,Fecha inválida: INVALID_DATE,39.0,
2721,19/08/2024,6,2,6,2,2,136.5 USD,2024-08-19,,118.7,
2722,08/18/2024,7,3,7,3,3,42.0 €,2024-08-18,,42.0,
2723,INVALID_DATE,1,4,1,4,4,43.0 €,,Fecha inválida: INVALID_DATE,43.0,
2725,15/08/2024,3,2,3,2,1,45.0 €,2024-08-15,,45.0,
2726,08/14/2024,4,3,4,3,2,46.0 €,2024-08-14,,46.0,
2727,INVALID_DATE,5,4,5,4,3,142.5 USD,,Fecha inválida: INVALID_DATE,123.91,
2728,2024-08-12,6,1,6,1,4,48.0 €,2024-08-12,,48.0,
2729,11/08/2024,7,2,7,2,5,49.0 €,2024-08-11,,49.0,
2731,INVALID_DATE,2,4,2,4,2,51.0 €,,Fecha inválida: INVALID_DATE,51.0,
2732,2024-08-08,3,1,3,1,3,52.0 €,2024-08-08,,52.0,
2733,07/08/2024,4,2,4,2,4,148.5 USD,2024-08-07,,129.13,
2735,INVALID_DATE,6,4,6,4,1,55.0 €,,Fecha inválida: INVALID_DATE,55.0,
2736,2024-08-04,7,1,7,1,2,151.5 USD,2024-08-04,,131.74,
2739,INVALID_DATE,3,4,3,4,5,NULL,,Fecha inválida: INVALID_DATE,,MontoTotal_Raw nulo o vacío: NULL
2740,2024-07-31,4,1,4,1,1,60.0 €,2024-07-31,,60.0,
2742,07/29/2024,6,3,6,3,3,157.5 USD,2024-07-29,,136.96,
2743,INVALID_DATE,7,4,7,4,4,63.0 €,,Fecha inválida: INVALID_DATE,63.0,
2746,07/25/2024,3,3,3,3,2,66.0 €,2024-07-25,,66.0,
2747,INVALID_DATE,4,4,4,4,3,67.0 €,,Fecha inválida: INVALID_DATE,67.0,
2749,22/07/2024,6,2,6,2,5,69.0 €,2024-07-22,,69.0,
2750,07/21/2024,7,3,7,3,1,-150.00 €,2024-07-21,,,MontoTotal_Raw negativo: -150.00 €
2751,INVALID_DATE,1,4,1,4,2,166.5 USD,,Fecha inválida: INVALID_DATE,144.78,
2753,18/07/2024,3,2,3,2,4,73.0 €,2024-07-18,,73.0,
2754,07/17/2024,4,3,4,3,5,169.5 USD,2024-07-17,,147.39,
2755,INVALID_DATE,5,4,5,4,1,75.0 €,,Fecha inválida: INVALID_DATE,75.0,
2756,2024-07-15,6,1,6,1,2,76.0 €,2024-07-15,,76.0,
2757,14/07/2024,7,2,7,2,3,172.5 USD,2024-07-14,,150.0,
2759,INVALID_DATE,2,4,2,4,5,79.0 €,,Fecha inválida: INVALID_DATE,79.0,
2760,2024-07-11,3,1,3,1,1,175.5 USD,2024-07-11,,152.61,
2761,10/07/2024,4,2,4,2,2,81.0 €,2024-07-10,,81.0,
2763,INVALID_DATE,6,4,6,4,4,178.5 USD,,Fecha inválida: INVALID_DATE,155.22,
2764,2024-07-07,7,1,7,1,5,84.0 €,2024-07-07,,84.0,
2767,INVALID_DATE,3,4,3,4,3,87.0 €,,Fecha inválida: INVALID_DATE,87.0,
2768,2024-07-03,4,1,4,1,4,88.0 €,2024-07-03,,88.0,
2770,07/01/2024,6,3,6,3,1,90.0 €,2024-01-07,,90.0,
2771,INVALID_DATE,7,4,7,4,2,91.0 €,,Fecha inválida: INVALID_DATE,91.0,
2772,2024-06-29,1,1,1,1,3,NULL,2024-06-29,,,MontoTotal_Raw nulo o vacío: NULL
2774,06/27/2024,3,3,3,3,5,94.0 €,2024-06-27,,94.0,
2775,INVALID_DATE,4,4,4,4,1,190.5 USD,,Fecha inválida: INVALID_DATE,165.65,
2777,24/06/2024,6,2,6,2,3,97.0 €,2024-06-24,,97.0,
2778,06/23/2024,7,3,7,3,4,193.5 USD,2024-06-23,,168.26,
2779,INVALID_DATE,1,4,1,4,5,99.0 €,,Fecha inválida: INVALID_DATE,99.0,
2781,20/06/2024,3,2,3,2,2,196.5 USD,2024-06-20,,170.87,
2782,06/19/2024,4,3,4,3,3,102.0 €,2024-06-19,,102.0,
2783,INVALID_DATE,5,4,5,4,4,103.0 €,,Fecha inválida: INVALID_DATE,103.0,
2784,2024-06-17,6,1,6,1,5,199.5 USD,2024-06-17,,173.48,
2785,16/06/2024,7,2,7,2,1,105.0 €,2024-06-16,,105.0,
2787,INVALID_DATE,2,4,2,4,3,202.5 USD,,Fecha inválida: INVALID_DATE,176.09,
2788,2024-06-13,3,1,3,1,4,108.0 €,2024-06-13,,108.0,
2789,12/06/2024,4,2,4,2,5,109.0 €,2024-06-12,,109.0,
2791,INVALID_DATE,6,4,6,4,2,111.0 €,,Fecha inválida: INVALID_DATE,111.0,
2792,2024-06-09,7,1,7,1,3,112.0 €,2024-06-09,,112.0,
2795,INVALID_DATE,3,4,3,4,1,115.0 €,,Fecha inválida: INVALID_DATE,115.0,
2796,2024-06-05,4,1,4,1,2,211.5 USD,2024-06-05,,183.91,
2798,06/03/2024,6,3,6,3,4,118.0 €,2024-03-06,,118.0,
2799,INVALID_DATE,7,4,7,4,5,214.5 USD,,Fecha inválida: INVALID_DATE,186.52,
2800,2024-06-01,1,1,1,1,1,-150.00 €,2024-06-01,,,MontoTotal_Raw negativo: -150.00 €
2802,05/30/2024,3,3,3,3,3,17.5 USD,2024-05-30,,15.22,
2803,INVALID_DATE,4,4,4,4,4,123.0 €,,Fecha inválida: INVALID_DATE,123.0,
2805,27/05/2024,6,2,6,2,1,NULL,2024-05-27,,,MontoTotal_Raw nulo o vacío: NULL
2806,05/26/2024,7,3,7,3,2,126.0 €,2024-05-26,,126.0,
2807,INVALID_DATE,1,4,1,4,3,127.0 €,,Fecha inválida: INVALID_DATE,127.0,
2809,23/05/2024,3,2,3,2,5,129.0 €,2024-05-23,,129.0,
2810,05/22/2024,4,3,4,3,1,130.0 €,2024-05-22,,130.0,
2811,INVALID_DATE,5,4,5,4,2,26.5 USD,,Fecha inválida: INVALID_DATE,23.04,
2812,2024-05-20,6,1,6,1,3,132.0 €,2024-05-20,,132.0,
2813,19/05/2024,7,2,7,2,4,133.0 €,2024-05-19,,133.0,
2815,INVALID_DATE,2,4,2,4,1,135.0 €,,Fecha inválida: INVALID_DATE,135.0,
2816,2024-05-16,3,1,3,1,2,136.0 €,2024-05-16,,136.0,
2817,15/05/2024,4,2,4,2,3,32.5 USD,2024-05-15,,28.26,
2819,INVALID_DATE,6,4,6,4,5,139.0 €,,Fecha inválida: INVALID_DATE,139.0,
2820,2024-05-12,7,1,7,1,1,35.5 USD,2024-05-12,,30.87,
2823,INVALID_DATE,3,4,3,4,4,38.5 USD,,Fecha inválida: INVALID_DATE,33.48,
2824,2024-05-08,4,1,4,1,5,144.0 €,2024-05-08,,144.0,
2826,05/06/2024,6,3,6,3,2,41.5 USD,2024-06-05,,36.09,
2827,INVALID_DATE,7,4,7,4,3,147.0 €,,Fecha inválida: INVALID_DATE,147.0,
2830,05/02/2024,3,3,3,3,1,150.0 €,2024-02-05,,150.0,
2831,INVALID_DATE,4,4,4,4,2,151.0 €,,Fecha inválida: INVALID_DATE,151.0,
2833,29/04/2024,6,2,6,2,4,153.0 €,2024-04-29,,153.0,
2834,04/28/2024,7,3,7,3,5,154.0 €,2024-04-28,,154.0,
2835,INVALID_DATE,1,4,1,4,1,50.5 USD,,Fecha inválida: INVALID_DATE,43.91,
2837,25/04/2024,3,2,3,2,3,157.0 €,2024-04-25,,157.0,
2838,04/24/2024,4,3,4,3,4,NULL,2024-04-24,,,MontoTotal_Raw nulo o vacío: NULL
2839,INVALID_DATE,5,4,5,4,5,159.0 €,,Fecha inválida: INVALID_DATE,159.0,
2840,2024-04-22,6,1,6,1,1,160.0 €,2024-04-22,,160.0,
2841,21/04/2024,7,2,7,2,2,56.5 USD,2024-04-21,,49.13,
2843,INVALID_DATE,2,4,2,4,4,163.0 €,,Fecha inválida: INVALID_DATE,163.0,
2844,2024-04-18,3,1,3,1,5,59.5 USD,2024-04-18,,51.74,
2845,17/04/2024,4,2,4,2,1,165.0 €,2024-04-17,,165.0,
2847,INVALID_DATE,6,4,6,4,3,62.5 USD,,Fecha inválida: INVALID_DATE,54.35,
2848,2024-04-14,7,1,7,1,4,168.0 €,2024-04-14,,168.0,
2850,04/12/2024,2,3,2,3,1,-150.00 €,2024-12-04,,,MontoTotal_Raw negativo: -150.00 €
2851,INVALID_DATE,3,4,3,4,2,21.0 €,,Fecha inválida: INVALID_DATE,21.0,
2852,2024-04-10,4,1,4,1,3,22.0 €,2024-04-10,,22.0,
2854,04/08/2024,6,3,6,3,5,24.0 €,2024-08-04,,24.0,
2855,INVALID_DATE,7,4,7,4,1,25.0 €,,Fecha inválida: INVALID_DATE,25.0,
2858,04/04/2024,3,3,3,3,4,28.0 €,2024-04-04,,28.0,
2859,INVALID_DATE,4,4,4,4,5,74.5 USD,,Fecha inválida: INVALID_DATE,64.78,
2861,01/04/2024,6,2,6,2,2,31.0 €,2024-04-01,,31.0,
2862,03/31/2024,7,3,7,3,3,77.5 USD,2024-03-31,,67.39,
2863,INVALID_DATE,1,4,1,4,4,33.0 €,,Fecha inválida: INVALID_DATE,33.0,
2865,28/03/2024,3,2,3,2,1,80.5 USD,2024-03-28,,70.0,
2866,03/27/2024,4,3,4,3,2,36.0 €,2024-03-27,,36.0,
2867,INVALID_DATE,5,4,5,4,3,37.0 €,,Fecha inválida: INVALID_DATE,37.0,
2868,2024-03-25,6,1,6,1,4,83.5 USD,2024-03-25,,72.61,
2869,24/03/2024,7,2,7,2,5,39.0 €,2024-03-24,,39.0,
2871,INVALID_DATE,2,4,2,4,2,NULL,,Fecha inválida: INVALID_DATE,,MontoTotal_Raw nulo o vacío: NULL
2872,2024-03-21,3,1,3,1,3,42.0 €,2024-03-21,,42.0,
2873,20/03/2024,4,2,4,2,4,43.0 €,2024-03-20,,43.0,
2875,INVALID_DATE,6,4,6,4,1,45.0 €,,Fecha inválida: INVALID_DATE,45.0,
2876,2024-03-17,7,1,7,1,2,46.0 €,2024-03-17,,46.0,
2879,INVALID_DATE,3,4,3,4,5,49.0 €,,Fecha inválida: INVALID_DATE,49.0,
2880,2024-03-13,4,1,4,1,1,95.5 USD,2024-03-13,,83.04,
2882,03/11/2024,6,3,6,3,3,52.0 €,2024-11-03,,52.0,
2883,INVALID_DATE,7,4,7,4,4,98.5 USD,,Fecha inválida: INVALID_DATE,85.65,
2886,03/07/2024,3,3,3,3,2,101.5 USD,2024-07-03,,88.26,
2887,INVALID_DATE,4,4,4,4,3,57.0 €,,Fecha inválida: INVALID_DATE,57.0,
2889,04/03/2024,6,2,6,2,5,104.5 USD,2024-03-04,,90.87,
2890,03/03/2024,7,3,7,3,1,60.0 €,2024-03-03,,60.0,
2891,INVALID_DATE,1,4,1,4,2,61.0 €,,Fecha inválida: INVALID_DATE,61.0,
2893,29/02/2024,3,2,3,2,4,63.0 €,2024-02-29,,63.0,
2894,02/28/2024,4,3,4,3,5,64.0 €,2024-02-28,,64.0,
2895,INVALID_DATE,5,4,5,4,1,110.5 USD,,Fecha inválida: INVALID_DATE,96.09,
2896,2024-02-26,6,1,6,1,2,66.0 €,2024-02-26,,66.0,
2897,25/02/2024,7,2,7,2,3,67.0 €,2024-02-25,,67.0,
2899,INVALID_DATE,2,4,2,4,5,69.0 €,,Fecha inválida: INVALID_DATE,69.0,
2900,2024-02-22,3,1,3,1,1,-150.00 €,2024-02-22,,,MontoTotal_Raw negativo: -150.00 €
2901,21/02/2024,4,2,4,2,2,116.5 USD,2024-02-21,,101.3,
2903,INVALID_DATE,6,4,6,4,4,73.0 €,,Fecha inválida: INVALID_DATE,73.0,
2904,2024-02-18,7,1,7,1,5,NULL,2024-02-18,,,MontoTotal_Raw nulo o vacío: NULL
2907,INVALID_DATE,3,4,3,4,3,122.5 USD,,Fecha inválida: INVALID_DATE,106.52,
2908,2024-02-14,4,1,4,1,4,78.0 €,2024-02-14,,78.0,
2910,02/12/2024,6,3,6,3,1,125.5 USD,2024-12-02,,109.13,
2911,INVALID_DATE,7,4,7,4,2,81.0 €,,Fecha inválida: INVALID_DATE,81.0,
2914,02/08/2024,3,3,3,3,5,84.0 €,2024-08-02,,84.0,
2915,INVALID_DATE,4,4,4,4,1,85.0 €,,Fecha inválida: INVALID_DATE,85.0,
2917,05/02/2024,6,2,6,2,3,87.0 €,2024-02-05,,87.0,
2918,02/04/2024,7,3,7,3,4,88.0 €,2024-04-02,,88.0,
2919,INVALID_DATE,1,4,1,4,5,134.5 USD,,Fecha inválida: INVALID_DATE,116.96,
2921,01/02/2024,3,2,3,2,2,91.0 €,2024-02-01,,91.0,
2922,01/31/2024,4,3,4,3,3,137.5 USD,2024-01-31,,119.57,
2923,INVALID_DATE,5,4,5,4,4,93.0 €,,Fecha inválida: INVALID_DATE,93.0,
2924,2024-01-29,6,1,6,1,5,94.0 €,2024-01-29,,94.0,
2925,28/01/2024,7,2,7,2,1,140.5 USD,2024-01-28,,122.17,
2927,INVALID_DATE,2,4,2,4,3,97.0 €,,Fecha inválida: INVALID_DATE,97.0,
2928,2024-01-25,3,1,3,1,4,143.5 USD,2024-01-25,,124.78,
2929,24/01/2024,4,2,4,2,5,99.0 €,2024-01-24,,99.0,
2931,INVALID_DATE,6,4,6,4,2,146.5 USD,,Fecha inválida: INVALID_DATE,127.39,
2932,2024-01-21,7,1,7,1,3,102.0 €,2024-01-21,,102.0,
2935,INVALID_DATE,3,4,3,4,1,105.0 €,,Fecha inválida: INVALID_DATE,105.0,
2936,2024-01-17,4,1,4,1,2,106.0 €,2024-01-17,,106.0,
2937,16/01/2024,5,2,5,2,3,NULL,2024-01-16,,,MontoTotal_Raw nulo o vacío: NULL
2938,01/15/2024,6,3,6,3,4,108.0 €,2024-01-15,,108.0,
2939,INVALID_DATE,7,4,7,4,5,109.0 €,,Fecha inválida: INVALID_DATE,109.0,
2942,01/11/2024,3,3,3,3,3,112.0 €,2024-11-01,,112.0,
2943,INVALID_DATE,4,4,4,4,4,158.5 USD,,Fecha inválida: INVALID_DATE,137.83,
2945,08/01/2024,6,2,6,2,1,115.0 €,2024-01-08,,115.0,
2946,01/07/2024,7,3,7,3,2,161.5 USD,2024-07-01,,140.43,
2947,INVALID_DATE,1,4,1,4,3,117.0 €,,Fecha inválida: INVALID_DATE,117.0,
2949,04/01/2024,3,2,3,2,5,164.5 USD,2024-01-04,,143.04,
2950,01/03/2024,4,3,4,3,1,-150.00 €,2024-03-01,,,MontoTotal_Raw negativo: -150.00 €
2951,INVALID_DATE,5,4,5,4,2,121.0 €,,Fecha inválida: INVALID_DATE,121.0,
2952,2024-01-01,6,1,6,1,3,167.5 USD,2024-01-01,,145.65,
2953,31/12/2023,7,2,7,2,4,123.0 €,2023-12-31,,123.0,
2955,INVALID_DATE,2,4,2,4,1,170.5 USD,,Fecha inválida: INVALID_DATE,148.26,
2956,2023-12-28,3,1,3,1,2,126.0 €,2023-12-28,,126.0,
2957,27/12/2023,4,2,4,2,3,127.0 €,2023-12-27,,127.0,
2959,INVALID_DATE,6,4,6,4,5,129.0 €,,Fecha inválida: INVALID_DATE,129.0,
2960,2023-12-24,7,1,7,1,1,130.0 €,2023-12-24,,130.0,
2963,INVALID_DATE,3,4,3,4,4,133.0 €,,Fecha inválida: INVALID_DATE,133.0,
2964,2023-12-20,4,1,4,1,5,179.5 USD,2023-12-20,,156.09,
2966,12/18/2023,6,3,6,3,2,136.0 €,2023-12-18,,136.0,
2967,INVALID_DATE,7,4,7,4,3,182.5 USD,,Fecha inválida: INVALID_DATE,158.7,
2970,12/14/2023,3,3,3,3,1,NULL,2023-12-14,,,MontoTotal_Raw nulo o vacío: NULL
2971,INVALID_DATE,4,4,4,4,2,141.0 €,,Fecha inválida: INVALID_DATE,141.0,
2973,11/12/2023,6,2,6,2,4,188.5 USD,2023-12-11,,163.91,
2974,12/10/2023,7,3,7,3,5,144.0 €,2023-10-12,,144.0,
2975,INVALID_DATE,1,4,1,4,1,145.0 €,,Fecha inválida: INVALID_DATE,145.0,
2977,07/12/2023,3,2,3,2,3,147.0 €,2023-12-07,,147.0,
2978,12/06/2023,4,3,4,3,4,148.0 €,2023-06-12,,148.0,
2979,INVALID_DATE,5,4,5,4,5,194.5 USD,,Fecha inválida: INVALID_DATE,169.13,
2980,2023-12-04,6,1,6,1,1,150.0 €,2023-12-04,,150.0,
2981,03/12/2023,7,2,7,2,2,151.0 €,2023-12-03,,151.0,
2983,INVALID_DATE,2,4,2,4,4,153.0 €,,Fecha inválida: INVALID_DATE,153.0,
2984,2023-11-30,3,1,3,1,5,154.0 €,2023-11-30,,154.0,
2985,29/11/2023,4,2,4,2,1,200.5 USD,2023-11-29,,174.35,
2987,INVALID_DATE,6,4,6,4,3,157.0 €,,Fecha inválida: INVALID_DATE,157.0,
2988,2023-11-26,7,1,7,1,4,203.5 USD,2023-11-26,,176.96,
2991,INVALID_DATE,3,4,3,4,2,206.5 USD,,Fecha inválida: INVALID_DATE,179.57,
2992,2023-11-22,4,1,4,1,3,162.0 €,2023-11-22,,162.0,
2994,11/20/2023,6,3,6,3,5,209.5 USD,2023-11-20,,182.17,
2995,INVALID_DATE,7,4,7,4,1,165.0 €,,Fecha inválida: INVALID_DATE,165.0,
2998,11/16/2023,3,3,3,3,4,168.0 €,2023-11-16,,168.0,
2999,INVALID_DATE,4,4,4,4,5,169.0 €,,Fecha inválida: INVALID_DATE,169.0,
3000,2026-08-10,5,1,5,1,1,-150.00 €,2026-08-10,,,MontoTotal_Raw negativo: -150.00 €
3001,09/08/2026,6,2,6,2,2,21.0 €,2026-08-09,,21.0,
3002,08/08/2026,7,3,7,3,3,22.0 €,2026-08-08,,22.0,
3003,INVALID_DATE,1,4,1,4,4,NULL,,Fecha inválida: INVALID_DATE,,MontoTotal_Raw nulo o vacío: NULL
3005,05/08/2026,3,2,3,2,1,25.0 €,2026-08-05,,25.0,
3006,08/04/2026,4,3,4,3,2,21.5 USD,2026-04-08,,18.7,
3007,INVALID_DATE,5,4,5,4,3,27.0 €,,Fecha inválida: INVALID_DATE,27.0,
3008,2026-08-02,6,1,6,1,4,28.0 €,2026-08-02,,28.0,
3009,01/08/2026,7,2,7,2,5,24.5 USD,2026-08-01,,21.3,
3011,INVALID_DATE,2,4,2,4,2,31.0 €,,Fecha inválida: INVALID_DATE,31.0,
3012,2026-07-29,3,1,3,1,3,27.5 USD,2026-07-29,,23.91,
3013,28/07/2026,4,2,4,2,4,33.0 €,2026-07-28,,33.0,
3015,INVALID_DATE,6,4,6,4,1,30.5 USD,,Fecha inválida: INVALID_DATE,26.52,
3016,2026-07-25,7,1,7,1,2,36.0 €,2026-07-25,,36.0,
3019,INVALID_DATE,3,4,3,4,5,39.0 €,,Fecha inválida: INVALID_DATE,39.0,
3020,2026-07-21,4,1,4,1,1,40.0 €,2026-07-21,,40.0,
3022,07/19/2026,6,3,6,3,3,42.0 €,2026-07-19,,42.0,
3023,INVALID_DATE,7,4,7,4,4,43.0 €,,Fecha inválida: INVALID_DATE,43.0,
3026,07/15/2026,3,3,3,3,2,46.0 €,2026-07-15,,46.0,
3027,INVALID_DATE,4,4,4,4,3,42.5 USD,,Fecha inválida: INVALID_DATE,36.96,
3029,12/07/2026,6,2,6,2,5,49.0 €,2026-07-12,,49.0,
3030,07/11/2026,7,3,7,3,1,45.5 USD,2026-11-07,,39.57,
3031,INVALID_DATE,1,4,1,4,2,51.0 €,,Fecha inválida: INVALID_DATE,51.0,
3033,08/07/2026,3,2,3,2,4,48.5 USD,2026-07-08,,42.17,
3034,07/07/2026,4,3,4,3,5,54.0 €,2026-07-07,,54.0,
3035,INVALID_DATE,5,4,5,4,1,55.0 €,,Fecha inválida: INVALID_DATE,55.0,
3036,2026-07-05,6,1,6,1,2,NULL,2026-07-05,,,MontoTotal_Raw nulo o vacío: NULL
3037,04/07/2026,7,2,7,2,3,57.0 €,2026-07-04,,57.0,
3039,INVALID_DATE,2,4,2,4,5,54.5 USD,,Fecha inválida: INVALID_DATE,47.39,
3040,2026-07-01,3,1,3,1,1,60.0 €,2026-07-01,,60.0,
3041,30/06/2026,4,2,4,2,2,61.0 €,2026-06-30,,61.0,
3043,INVALID_DATE,6,4,6,4,4,63.0 €,,Fecha inválida: INVALID_DATE,63.0,
3044,2026-06-27,7,1,7,1,5,64.0 €,2026-06-27,,64.0,
3047,INVALID_DATE,3,4,3,4,3,67.0 €,,Fecha inválida: INVALID_DATE,67.0,
3048,2026-06-23,4,1,4,1,4,63.5 USD,2026-06-23,,55.22,
3050,06/21/2026,6,3,6,3,1,-150.00 €,2026-06-21,,,MontoTotal_Raw negativo: -150.00 €
3051,INVALID_DATE,7,4,7,4,2,66.5 USD,,Fecha inválida: INVALID_DATE,57.83,
3054,06/17/2026,3,3,3,3,5,69.5 USD,2026-06-17,,60.43,
3055,INVALID_DATE,4,4,4,4,1,75.0 €,,Fecha inválida: INVALID_DATE,75.0,
3057,14/06/2026,6,2,6,2,3,72.5 USD,2026-06-14,,63.04,
3058,06/13/2026,7,3,7,3,4,78.0 €,2026-06-13,,78.0,
3059,INVALID_DATE,1,4,1,4,5,79.0 €,,Fecha inválida: INVALID_DATE,79.0,
3061,10/06/2026,3,2,3,2,2,81.0 €,2026-06-10,,81.0,
3062,06/09/2026,4,3,4,3,3,82.0 €,2026-09-06,,82.0,
3063,INVALID_DATE,5,4,5,4,4,78.5 USD,,Fecha inválida: INVALID_DATE,68.26,
3064,2026-06-07,6,1,6,1,5,84.0 €,2026-06-07,,84.0,
3065,06/06/2026,7,2,7,2,1,85.0 €,2026-06-06,,85.0,
3067,INVALID_DATE,2,4,2,4,3,87.0 €,,Fecha inválida: INVALID_DATE,87.0,
3068,2026-06-03,3,1,3,1,4,88.0 €,2026-06-03,,88.0,
3069,02/06/2026,4,2,4,2,5,NULL,2026-06-02,,,MontoTotal_Raw nulo o vacío: NULL
3071,INVALID_DATE,6,4,6,4,2,91.0 €,,Fecha inválida: INVALID_DATE,91.0,
3072,2026-05-30,7,1,7,1,3,87.5 USD,2026-05-30,,76.09,
3075,INVALID_DATE,3,4,3,4,1,90.5 USD,,Fecha inválida: INVALID_DATE,78.7,
3076,2026-05-26,4,1,4,1,2,96.0 €,2026-05-26,,96.0,
3078,05/24/2026,6,3,6,3,4,93.5 USD,2026-05-24,,81.3,
3079,INVALID_DATE,7,4,7,4,5,99.0 €,,Fecha inválida: INVALID_DATE,99.0,
3082,05/20/2026,3,3,3,3,3,102.0 €,2026-05-20,,102.0,
3083,INVALID_DATE,4,4,4,4,4,103.0 €,,Fecha inválida: INVALID_DATE,103.0,
3085,17/05/2026,6,2,6,2,1,105.0 €,2026-05-17,,105.0,
3086,05/16/2026,7,3,7,3,2,106.0 €,2026-05-16,,106.0,
3087,INVALID_DATE,1,4,1,4,3,102.5 USD,,Fecha inválida: INVALID_DATE,89.13,
3089,13/05/2026,3,2,3,2,5,109.0 €,2026-05-13,,109.0,
3090,05/12/2026,4,3,4,3,1,105.5 USD,2026-12-05,,91.74,
3091,INVALID_DATE,5,4,5,4,2,111.0 €,,Fecha inválida: INVALID_DATE,111.0,
3092,2026-05-10,6,1,6,1,3,112.0 €,2026-05-10,,112.0,
3093,09/05/2026,7,2,7,2,4,108.5 USD,2026-05-09,,94.35,
3095,INVALID_DATE,2,4,2,4,1,115.0 €,,Fecha inválida: INVALID_DATE,115.0,
3096,2026-05-06,3,1,3,1,2,111.5 USD,2026-05-06,,96.96,
3097,05/05/2026,4,2,4,2,3,117.0 €,2026-05-05,,117.0,
3099,INVALID_DATE,6,4,6,4,5,114.5 USD,,Fecha inválida: INVALID_DATE,99.57,
3100,2026-05-02,7,1,7,1,1,-150.00 €,2026-05-02,,,MontoTotal_Raw negativo: -150.00 €
3102,04/30/2026,2,3,2,3,3,NULL,2026-04-30,,,MontoTotal_Raw nulo o vacío: NULL
3103,INVALID_DATE,3,4,3,4,4,123.0 €,,Fecha inválida: INVALID_DATE,123.0,
3104,2026-04-28,4,1,4,1,5,124.0 €,2026-04-28,,124.0,
3106,04/26/2026,6,3,6,3,2,126.0 €,2026-04-26,,126.0,
3107,INVALID_DATE,7,4,7,4,3,127.0 €,,Fecha inválida: INVALID_DATE,127.0,
3110,04/22/2026,3,3,3,3,1,130.0 €,2026-04-22,,130.0,
3111,INVALID_DATE,4,4,4,4,2,126.5 USD,,Fecha inválida: INVALID_DATE,110.0,
3113,19/04/2026,6,2,6,2,4,133.0 €,2026-04-19,,133.0,
3114,04/18/2026,7,3,7,3,5,129.5 USD,2026-04-18,,112.61,
3115,INVALID_DATE,1,4,1,4,1,135.0 €,,Fecha inválida: INVALID_DATE,135.0,
3117,15/04/2026,3,2,3,2,3,132.5 USD,2026-04-15,,115.22,
3118,04/14/2026,4,3,4,3,4,138.0 €,2026-04-14,,138.0,
3119,INVALID_DATE,5,4,5,4,5,139.0 €,,Fecha inválida: INVALID_DATE,139.0,
3120,2026-04-12,6,1,6,1,1,135.5 USD,2026-04-12,,117.83,
3121,11/04/2026,7,2,7,2,2,141.0 €,2026-04-11,,141.0,
3123,INVALID_DATE,2,4,2,4,4,138.5 USD,,Fecha inválida: INVALID_DATE,120.43,
3124,2026-04-08,3,1,3,1,5,144.0 €,2026-04-08,,144.0,
3125,07/04/2026,4,2,4,2,1,145.0 €,2026-04-07,,145.0,
3127,INVALID_DATE,6,4,6,4,3,147.0 €,,Fecha inválida: INVALID_DATE,147.0,
3128,2026-04-04,7,1,7,1,4,148.0 €,2026-04-04,,148.0,
3131,INVALID_DATE,3,4,3,4,2,151.0 €,,Fecha inválida: INVALID_DATE,151.0,
3132,2026-03-31,4,1,4,1,3,147.5 USD,2026-03-31,,128.26,
3134,03/29/2026,6,3,6,3,5,154.0 €,2026-03-29,,154.0,
3135,INVALID_DATE,7,4,7,4,1,NULL,,Fecha inválida: INVALID_DATE,,MontoTotal_Raw nulo o vacío: NULL
3138,03/25/2026,3,3,3,3,4,153.5 USD,2026-03-25,,133.48,
3139,INVALID_DATE,4,4,4,4,5,159.0 €,,Fecha inválida: INVALID_DATE,159.0,
3141,22/03/2026,6,2,6,2,2,156.5 USD,2026-03-22,,136.09,
3142,03/21/2026,7,3,7,3,3,162.0 €,2026-03-21,,162.0,
3143,INVALID_DATE,1,4,1,4,4,163.0 €,,Fecha inválida: INVALID_DATE,163.0,
3145,18/03/2026,3,2,3,2,1,165.0 €,2026-03-18,,165.0,
3146,03/17/2026,4,3,4,3,2,166.0 €,2026-03-17,,166.0,
3147,INVALID_DATE,5,4,5,4,3,162.5 USD,,Fecha inválida: INVALID_DATE,141.3,
3148,2026-03-15,6,1,6,1,4,168.0 €,2026-03-15,,168.0,
3149,14/03/2026,7,2,7,2,5,169.0 €,2026-03-14,,169.0,
3150,03/13/2026,1,3,1,3,1,-150.00 €,2026-03-13,,,MontoTotal_Raw negativo: -150.00 €
3151,INVALID_DATE,2,4,2,4,2,21.0 €,,Fecha inválida: INVALID_DATE,21.0,
3152,2026-03-11,3,1,3,1,3,22.0 €,2026-03-11,,22.0,
3153,10/03/2026,4,2,4,2,4,168.5 USD,2026-03-10,,146.52,
3155,INVALID_DATE,6,4,6,4,1,25.0 €,,Fecha inválida: INVALID_DATE,25.0,
3156,2026-03-07,7,1,7,1,2,171.5 USD,2026-03-07,,149.13,
3159,INVALID_DATE,3,4,3,4,5,174.5 USD,,Fecha inválida: INVALID_DATE,151.74,
3160,2026-03-03,4,1,4,1,1,30.0 €,2026-03-03,,30.0,
3162,03/01/2026,6,3,6,3,3,177.5 USD,2026-01-03,,154.35,
3163,INVALID_DATE,7,4,7,4,4,33.0 €,,Fecha inválida: INVALID_DATE,33.0,
3166,02/25/2026,3,3,3,3,2,36.0 €,2026-02-25,,36.0,
3167,INVALID_DATE,4,4,4,4,3,37.0 €,,Fecha inválida: INVALID_DATE,37.0,
3168,2026-02-23,5,1,5,1,4,NULL,2026-02-23,,,MontoTotal_Raw nulo o vacío: NULL
3169,22/02/2026,6,2,6,2,5,39.0 €,2026-02-22,,39.0,
3170,02/21/2026,7,3,7,3,1,40.0 €,2026-02-21,,40.0,
3171,INVALID_DATE,1,4,1,4,2,186.5 USD,,Fecha inválida: INVALID_DATE,162.17,
3173,18/02/2026,3,2,3,2,4,43.0 €,2026-02-18,,43.0,
3174,02/17/2026,4,3,4,3,5,189.5 USD,2026-02-17,,164.78,
3175,INVALID_DATE,5,4,5,4,1,45.0 €,,Fecha inválida: INVALID_DATE,45.0,
3176,2026-02-15,6,1,6,1,2,46.0 €,2026-02-15,,46.0,
3177,14/02/2026,7,2,7,2,3,192.5 USD,2026-02-14,,167.39,
3179,INVALID_DATE,2,4,2,4,5,49.0 €,,Fecha inválida: INVALID_DATE,49.0,
3180,2026-02-11,3,1,3,1,1,195.5 USD,2026-02-11,,170.0,
3181,10/02/2026,4,2,4,2,2,51.0 €,2026-02-10,,51.0,
3183,INVALID_DATE,6,4,6,4,4,198.5 USD,,Fecha inválida: INVALID_DATE,172.61,
3184,2026-02-07,7,1,7,1,5,54.0 €,2026-02-07,,54.0,
3187,INVALID_DATE,3,4,3,4,3,57.0 €,,Fecha inválida: INVALID_DATE,57.0,
3188,2026-02-03,4,1,4,1,4,58.0 €,2026-02-03,,58.0,
3190,02/01/2026,6,3,6,3,1,60.0 €,2026-01-02,,60.0,
3191,INVALID_DATE,7,4,7,4,2,61.0 €,,Fecha inválida: INVALID_DATE,61.0,
3194,01/28/2026,3,3,3,3,5,64.0 €,2026-01-28,,64.0,
3195,INVALID_DATE,4,4,4,4,1,210.5 USD,,Fecha inválida: INVALID_DATE,183.04,
3197,25/01/2026,6,2,6,2,3,67.0 €,2026-01-25,,67.0,
3198,01/24/2026,7,3,7,3,4,213.5 USD,2026-01-24,,185.65,
3199,INVALID_DATE,1,4,1,4,5,69.0 €,,Fecha inválida: INVALID_DATE,69.0,
3200,2026-01-22,2,1,2,1,1,-150.00 €,2026-01-22,,,MontoTotal_Raw negativo: -150.00 €
3201,21/01/2026,3,2,3,2,2,NULL,2026-01-21,,,MontoTotal_Raw nulo o vacío: NULL
3202,01/20/2026,4,3,4,3,3,72.0 €,2026-01-20,,72.0,
3203,INVALID_DATE,5,4,5,4,4,73.0 €,,Fecha inválida: INVALID_DATE,73.0,
3204,2026-01-18,6,1,6,1,5,19.5 USD,2026-01-18,,16.96,
3205,17/01/2026,7,2,7,2,1,75.0 €,2026-01-17,,75.0,
3207,INVALID_DATE,2,4,2,4,3,22.5 USD,,Fecha inválida: INVALID_DATE,19.57,
3208,2026-01-14,3,1,3,1,4,78.0 €,2026-01-14,,78.0,
3209,13/01/2026,4,2,4,2,5,79.0 €,2026-01-13,,79.0,
3211,INVALID_DATE,6,4,6,4,2,81.0 €,,Fecha inválida: INVALID_DATE,81.0,
3212,2026-01-10,7,1,7,1,3,82.0 €,2026-01-10,,82.0,
3215,INVALID_DATE,3,4,3,4,1,85.0 €,,Fecha inválida: INVALID_DATE,85.0,
3216,2026-01-06,4,1,4,1,2,31.5 USD,2026-01-06,,27.39,
3218,01/04/2026,6,3,6,3,4,88.0 €,2026-04-01,,88.0,
3219,INVALID_DATE,7,4,7,4,5,34.5 USD,,Fecha inválida: INVALID_DATE,30.0,
3222,12/31/2025,3,3,3,3,3,37.5 USD,2025-12-31,,32.61,
3223,INVALID_DATE,4,4,4,4,4,93.0 €,,Fecha inválida: INVALID_DATE,93.0,
3225,28/12/2025,6,2,6,2,1,40.5 USD,2025-12-28,,35.22,
3226,12/27/2025,7,3,7,3,2,96.0 €,2025-12-27,,96.0,
3227,INVALID_DATE,1,4,1,4,3,97.0 €,,Fecha inválida: INVALID_DATE,97.0,
3229,24/12/2025,3,2,3,2,5,99.0 €,2025-12-24,,99.0,
3230,12/23/2025,4,3,4,3,1,100.0 €,2025-12-23,,100.0,
3231,INVALID_DATE,5,4,5,4,2,46.5 USD,,Fecha inválida: INVALID_DATE,40.43,
3232,2025-12-21,6,1,6,1,3,102.0 €,2025-12-21,,102.0,
3233,20/12/2025,7,2,7,2,4,103.0 €,2025-12-20,,103.0,
3234,12/19/2025,1,3,1,3,5,NULL,2025-12-19,,,MontoTotal_Raw nulo o vacío: NULL
3235,INVALID_DATE,2,4,2,4,1,105.0 €,,Fecha inválida: INVALID_DATE,105.0,
3236,2025-12-17,3,1,3,1,2,106.0 €,2025-12-17,,106.0,
3237,16/12/2025,4,2,4,2,3,52.5 USD,2025-12-16,,45.65,
3239,INVALID_DATE,6,4,6,4,5,109.0 €,,Fecha inválida: INVALID_DATE,109.0,
3240,2025-12-13,7,1,7,1,1,55.5 USD,2025-12-13,,48.26,
3243,INVALID_DATE,3,4,3,4,4,58.5 USD,,Fecha inválida: INVALID_DATE,50.87,
3244,2025-12-09,4,1,4,1,5,114.0 €,2025-12-09,,114.0,
3246,12/07/2025,6,3,6,3,2,61.5 USD,2025-07-12,,53.48,
3247,INVALID_DATE,7,4,7,4,3,117.0 €,,Fecha inválida: INVALID_DATE,117.0,
3250,12/03/2025,3,3,3,3,1,-150.00 €,2025-03-12,,,MontoTotal_Raw negativo: -150.00 €
3251,INVALID_DATE,4,4,4,4,2,121.0 €,,Fecha inválida: INVALID_DATE,121.0,
3253,30/11/2025,6,2,6,2,4,123.0 €,2025-11-30,,123.0,
3254,11/29/2025,7,3,7,3,5,124.0 €,2025-11-29,,124.0,
3255,INVALID_DATE,1,4,1,4,1,70.5 USD,,Fecha inválida: INVALID_DATE,61.3,
3257,26/11/2025,3,2,3,2,3,127.0 €,2025-11-26,,127.0,
3258,11/25/2025,4,3,4,3,4,73.5 USD,2025-11-25,,63.91,
3259,INVALID_DATE,5,4,5,4,5,129.0 €,,Fecha inválida: INVALID_DATE,129.0,
3260,2025-11-23,6,1,6,1,1,130.0 €,2025-11-23,,130.0,
3261,22/11/2025,7,2,7,2,2,76.5 USD,2025-11-22,,66.52,
3263,INVALID_DATE,2,4,2,4,4,133.0 €,,Fecha inválida: INVALID_DATE,133.0,
3264,2025-11-19,3,1,3,1,5,79.5 USD,2025-11-19,,69.13,
3265,18/11/2025,4,2,4,2,1,135.0 €,2025-11-18,,135.0,
3267,INVALID_DATE,6,4,6,4,3,NULL,,Fecha inválida: INVALID_DATE,,MontoTotal_Raw nulo o vacío: NULL
3268,2025-11-15,7,1,7,1,4,138.0 €,2025-11-15,,138.0,
3271,INVALID_DATE,3,4,3,4,2,141.0 €,,Fecha inválida: INVALID_DATE,141.0,
3272,2025-11-11,4,1,4,1,3,142.0 €,2025-11-11,,142.0,
3274,11/09/2025,6,3,6,3,5,144.0 €,2025-09-11,,144.0,
3275,INVALID_DATE,7,4,7,4,1,145.0 €,,Fecha inválida: INVALID_DATE,145.0,
3278,11/05/2025,3,3,3,3,4,148.0 €,2025-05-11,,148.0,
3279,INVALID_DATE,4,4,4,4,5,94.5 USD,,Fecha inválida: INVALID_DATE,82.17,
3281,02/11/2025,6,2,6,2,2,151.0 €,2025-11-02,,151.0,
3282,11/01/2025,7,3,7,3,3,97.5 USD,2025-01-11,,84.78,
3283,INVALID_DATE,1,4,1,4,4,153.0 €,,Fecha inválida: INVALID_DATE,153.0,
3285,29/10/2025,3,2,3,2,1,100.5 USD,2025-10-29,,87.39,
3286,10/28/2025,4,3,4,3,2,156.0 €,2025-10-28,,156.0,
3287,INVALID_DATE,5,4,5,4,3,157.0 €,,Fecha inválida: INVALID_DATE,157.0,
3288,2025-10-26,6,1,6,1,4,103.5 USD,2025-10-26,,90.0,
3289,25/10/2025,7,2,7,2,5,159.0 €,2025-10-25,,159.0,
3291,INVALID_DATE,2,4,2,4,2,106.5 USD,,Fecha inválida: INVALID_DATE,92.61,
3292,2025-10-22,3,1,3,1,3,162.0 €,2025-10-22,,162.0,
3293,21/10/2025,4,2,4,2,4,163.0 €,2025-10-21,,163.0,
3295,INVALID_DATE,6,4,6,4,1,165.0 €,,Fecha inválida: INVALID_DATE,165.0,
3296,2025-10-18,7,1,7,1,2,166.0 €,2025-10-18,,166.0,
3299,INVALID_DATE,3,4,3,4,5,169.0 €,,Fecha inválida: INVALID_DATE,169.0,
3300,2025-10-14,4,1,4,1,1,-150.00 €,2025-10-14,,,MontoTotal_Raw negativo: -150.00 €
3302,10/12/2025,6,3,6,3,3,22.0 €,2025-12-10,,22.0,
3303,INVALID_DATE,7,4,7,4,4,118.5 USD,,Fecha inválida: INVALID_DATE,103.04,
3306,10/08/2025,3,3,3,3,2,121.5 USD,2025-08-10,,105.65,
3307,INVALID_DATE,4,4,4,4,3,27.0 €,,Fecha inválida: INVALID_DATE,27.0,
3309,05/10/2025,6,2,6,2,5,124.5 USD,2025-10-05,,108.26,
3310,10/04/2025,7,3,7,3,1,30.0 €,2025-04-10,,30.0,
3311,INVALID_DATE,1,4,1,4,2,31.0 €,,Fecha inválida: INVALID_DATE,31.0,
3313,01/10/2025,3,2,3,2,4,33.0 €,2025-10-01,,33.0,
3314,09/30/2025,4,3,4,3,5,34.0 €,2025-09-30,,34.0,
3315,INVALID_DATE,5,4,5,4,1,130.5 USD,,Fecha inválida: INVALID_DATE,113.48,
3316,2025-09-28,6,1,6,1,2,36.0 €,2025-09-28,,36.0,
3317,27/09/2025,7,2,7,2,3,37.0 €,2025-09-27,,37.0,
3319,INVALID_DATE,2,4,2,4,5,39.0 €,,Fecha inválida: INVALID_DATE,39.0,
3320,2025-09-24,3,1,3,1,1,40.0 €,2025-09-24,,40.0,
3321,23/09/2025,4,2,4,2,2,136.5 USD,2025-09-23,,118.7,
3323,INVALID_DATE,6,4,6,4,4,43.0 €,,Fecha inválida: INVALID_DATE,43.0,
3324,2025-09-20,7,1,7,1,5,139.5 USD,2025-09-20,,121.3,
3327,INVALID_DATE,3,4,3,4,3,142.5 USD,,Fecha inválida: INVALID_DATE,123.91,
3328,2025-09-16,4,1,4,1,4,48.0 €,2025-09-16,,48.0,
3330,09/14/2025,6,3,6,3,1,145.5 USD,2025-09-14,,126.52,
3331,INVALID_DATE,7,4,7,4,2,51.0 €,,Fecha inválida: INVALID_DATE,51.0,
3333,11/09/2025,2,2,2,2,4,NULL,2025-09-11,,,MontoTotal_Raw nulo o vacío: NULL
3334,09/10/2025,3,3,3,3,5,54.0 €,2025-10-09,,54.0,
3335,INVALID_DATE,4,4,4,4,1,55.0 €,,Fecha inválida: INVALID_DATE,55.0,
3337,07/09/2025,6,2,6,2,3,57.0 €,2025-09-07,,57.0,
3338,09/06/2025,7,3,7,3,4,58.0 €,2025-06-09,,58.0,
3339,INVALID_DATE,1,4,1,4,5,154.5 USD,,Fecha inválida: INVALID_DATE,134.35,
3341,03/09/2025,3,2,3,2,2,61.0 €,2025-09-03,,61.0,
3342,09/02/2025,4,3,4,3,3,157.5 USD,2025-02-09,,136.96,
3343,INVALID_DATE,5,4,5,4,4,63.0 €,,Fecha inválida: INVALID_DATE,63.0,
3344,2025-08-31,6,1,6,1,5,64.0 €,2025-08-31,,64.0,
3345,30/08/2025,7,2,7,2,1,160.5 USD,2025-08-30,,139.57,
3347,INVALID_DATE,2,4,2,4,3,67.0 €,,Fecha inválida: INVALID_DATE,67.0,
3348,2025-08-27,3,1,3,1,4,163.5 USD,2025-08-27,,142.17,
3349,26/08/2025,4,2,4,2,5,69.0 €,2025-08-26,,69.0,
3350,08/25/2025,5,3,5,3,1,-150.00 €,2025-08-25,,,MontoTotal_Raw negativo: -150.00 €
3351,INVALID_DATE,6,4,6,4,2,166.5 USD,,Fecha inválida: INVALID_DATE,144.78,
3352,2025-08-23,7,1,7,1,3,72.0 €,2025-08-23,,72.0,
3355,INVALID_DATE,3,4,3,4,1,75.0 €,,Fecha inválida: INVALID_DATE,75.0,
3356,2025-08-19,4,1,4,1,2,76.0 €,2025-08-19,,76.0,
3358,08/17/2025,6,3,6,3,4,78.0 €,2025-08-17,,78.0,
3359,INVALID_DATE,7,4,7,4,5,79.0 €,,Fecha inválida: INVALID_DATE,79.0,
3362,08/13/2025,3,3,3,3,3,82.0 €,2025-08-13,,82.0,
3363,INVALID_DATE,4,4,4,4,4,178.5 USD,,Fecha inválida: INVALID_DATE,155.22,
3365,10/08/2025,6,2,6,2,1,85.0 €,2025-08-10,,85.0,
3366,08/09/2025,7,3,7,3,2,NULL,2025-09-08,,,MontoTotal_Raw nulo o vacío: NULL
3367,INVALID_DATE,1,4,1,4,3,87.0 €,,Fecha inválida: INVALID_DATE,87.0,
3369,06/08/2025,3,2,3,2,5,184.5 USD,2025-08-06,,160.43,
3370,08/05/2025,4,3,4,3,1,90.0 €,2025-05-08,,90.0,
3371,INVALID_DATE,5,4,5,4,2,91.0 €,,Fecha inválida: INVALID_DATE,91.0,
3372,2025-08-03,6,1,6,1,3,187.5 USD,2025-08-03,,163.04,
3373,02/08/2025,7,2,7,2,4,93.0 €,2025-08-02,,93.0,
3375,INVALID_DATE,2,4,2,4,1,190.5 USD,,Fecha inválida: INVALID_DATE,165.65,
3376,2025-07-30,3,1,3,1,2,96.0 €,2025-07-30,,96.0,
3377,29/07/2025,4,2,4,2,3,97.0 €,2025-07-29,,97.0,
3379,INVALID_DATE,6,4,6,4,5,99.0 €,,Fecha inválida: INVALID_DATE,99.0,
3380,2025-07-26,7,1,7,1,1,100.0 €,2025-07-26,,100.0,
3383,INVALID_DATE,3,4,3,4,4,103.0 €,,Fecha inválida: INVALID_DATE,103.0,
3384,2025-07-22,4,1,4,1,5,199.5 USD,2025-07-22,,173.48,
3386,07/20/2025,6,3,6,3,2,106.0 €,2025-07-20,,106.0,
3387,INVALID_DATE,7,4,7,4,3,202.5 USD,,Fecha inválida: INVALID_DATE,176.09,
3390,07/16/2025,3,3,3,3,1,205.5 USD,2025-07-16,,178.7,
3391,INVALID_DATE,4,4,4,4,2,111.0 €,,Fecha inválida: INVALID_DATE,111.0,
3393,13/07/2025,6,2,6,2,4,208.5 USD,2025-07-13,,181.3,
3394,07/12/2025,7,3,7,3,5,114.0 €,2025-12-07,,114.0,
3395,INVALID_DATE,1,4,1,4,1,115.0 €,,Fecha inválida: INVALID_DATE,115.0,
3397,09/07/2025,3,2,3,2,3,117.0 €,2025-07-09,,117.0,
3398,07/08/2025,4,3,4,3,4,118.0 €,2025-08-07,,118.0,
3399,INVALID_DATE,5,4,5,4,5,NULL,,Fecha inválida: INVALID_DATE,,MontoTotal_Raw nulo o vacío: NULL
3400,2025-07-06,6,1,6,1,1,-150.00 €,2025-07-06,,,MontoTotal_Raw negativo: -150.00 €
3401,05/07/2025,7,2,7,2,2,121.0 €,2025-07-05,,121.0,
3403,INVALID_DATE,2,4,2,4,4,123.0 €,,Fecha inválida: INVALID_DATE,123.0,
3404,2025-07-02,3,1,3,1,5,124.0 €,2025-07-02,,124.0,
3405,01/07/2025,4,2,4,2,1,20.5 USD,2025-07-01,,17.83,
3407,INVALID_DATE,6,4,6,4,3,127.0 €,,Fecha inválida: INVALID_DATE,127.0,
3408,2025-06-28,7,1,7,1,4,23.5 USD,2025-06-28,,20.43,
3411,INVALID_DATE,3,4,3,4,2,26.5 USD,,Fecha inválida: INVALID_DATE,23.04,
3412,2025-06-24,4,1,4,1,3,132.0 €,2025-06-24,,132.0,
3414,06/22/2025,6,3,6,3,5,29.5 USD,2025-06-22,,25.65,
3415,INVALID_DATE,7,4,7,4,1,135.0 €,,Fecha inválida: INVALID_DATE,135.0,
3418,06/18/2025,3,3,3,3,4,138.0 €,2025-06-18,,138.0,
3419,INVALID_DATE,4,4,4,4,5,139.0 €,,Fecha inválida: INVALID_DATE,139.0,
3421,15/06/2025,6,2,6,2,2,141.0 €,2025-06-15,,141.0,
3422,06/14/2025,7,3,7,3,3,142.0 €,2025-06-14,,142.0,
3423,INVALID_DATE,1,4,1,4,4,38.5 USD,,Fecha inválida: INVALID_DATE,33.48,
3425,11/06/2025,3,2,3,2,1,145.0 €,2025-06-11,,145.0,
3426,06/10/2025,4,3,4,3,2,41.5 USD,2025-10-06,,36.09,
3427,INVALID_DATE,5,4,5,4,3,147.0 €,,Fecha inválida: INVALID_DATE,147.0,
3428,2025-06-08,6,1,6,1,4,148.0 €,2025-06-08,,148.0,
3429,07/06/2025,7,2,7,2,5,44.5 USD,2025-06-07,,38.7,
3431,INVALID_DATE,2,4,2,4,2,151.0 €,,Fecha inválida: INVALID_DATE,151.0,
3432,2025-06-04,3,1,3,1,3,NULL,2025-06-04,,,MontoTotal_Raw nulo o vacío: NULL
3433,03/06/2025,4,2,4,2,4,153.0 €,2025-06-03,,153.0,
3435,INVALID_DATE,6,4,6,4,1,50.5 USD,,Fecha inválida: INVALID_DATE,43.91,
3436,2025-05-31,7,1,7,1,2,156.0 €,2025-05-31,,156.0,
3439,INVALID_DATE,3,4,3,4,5,159.0 €,,Fecha inválida: INVALID_DATE,159.0,
3440,2025-05-27,4,1,4,1,1,160.0 €,2025-05-27,,160.0,
3442,05/25/2025,6,3,6,3,3,162.0 €,2025-05-25,,162.0,
3443,INVALID_DATE,7,4,7,4,4,163.0 €,,Fecha inválida: INVALID_DATE,163.0,
3446,05/21/2025,3,3,3,3,2,166.0 €,2025-05-21,,166.0,
3447,INVALID_DATE,4,4,4,4,3,62.5 USD,,Fecha inválida: INVALID_DATE,54.35,
3449,18/05/2025,6,2,6,2,5,169.0 €,2025-05-18,,169.0,
3450,05/17/2025,7,3,7,3,1,-150.00 €,2025-05-17,,,MontoTotal_Raw negativo: -150.00 €
3451,INVALID_DATE,1,4,1,4,2,21.0 €,,Fecha inválida: INVALID_DATE,21.0,
3453,14/05/2025,3,2,3,2,4,68.5 USD,2025-05-14,,59.57,
3454,05/13/2025,4,3,4,3,5,24.0 €,2025-05-13,,24.0,
3455,INVALID_DATE,5,4,5,4,1,25.0 €,,Fecha inválida: INVALID_DATE,25.0,
3456,2025-05-11,6,1,6,1,2,71.5 USD,2025-05-11,,62.17,
3457,10/05/2025,7,2,7,2,3,27.0 €,2025-05-10,,27.0,
3459,INVALID_DATE,2,4,2,4,5,74.5 USD,,Fecha inválida: INVALID_DATE,64.78,
3460,2025-05-07,3,1,3,1,1,30.0 €,2025-05-07,,30.0,
3461,06/05/2025,4,2,4,2,2,31.0 €,2025-05-06,,31.0,
3463,INVALID_DATE,6,4,6,4,4,33.0 €,,Fecha inválida: INVALID_DATE,33.0,
3464,2025-05-03,7,1,7,1,5,34.0 €,2025-05-03,,34.0,
3465,02/05/2025,1,2,1,2,1,NULL,2025-05-02,,,MontoTotal_Raw nulo o vacío: NULL
3467,INVALID_DATE,3,4,3,4,3,37.0 €,,Fecha inválida: INVALID_DATE,37.0,
3468,2025-04-29,4,1,4,1,4,83.5 USD,2025-04-29,,72.61,
3470,04/27/2025,6,3,6,3,1,40.0 €,2025-04-27,,40.0,
3471,INVALID_DATE,7,4,7,4,2,86.5 USD,,Fecha inválida: INVALID_DATE,75.22,
3474,04/23/2025,3,3,3,3,5,89.5 USD,2025-04-23,,77.83,
3475,INVALID_DATE,4,4,4,4,1,45.0 €,,Fecha inválida: INVALID_DATE,45.0,
3477,20/04/2025,6,2,6,2,3,92.5 USD,2025-04-20,,80.43,
3478,04/19/2025,7,3,7,3,4,48.0 €,2025-04-19,,48.0,
3479,INVALID_DATE,1,4,1,4,5,49.0 €,,Fecha inválida: INVALID_DATE,49.0,
3481,16/04/2025,3,2,3,2,2,51.0 €,2025-04-16,,51.0,
3482,04/15/2025,4,3,4,3,3,52.0 €,2025-04-15,,52.0,
3483,INVALID_DATE,5,4,5,4,4,98.5 USD,,Fecha inválida: INVALID_DATE,85.65,
3484,2025-04-13,6,1,6,1,5,54.0 €,2025-04-13,,54.0,
3485,12/04/2025,7,2,7,2,1,55.0 €,2025-04-12,,55.0,
3487,INVALID_DATE,2,4,2,4,3,57.0 €,,Fecha inválida: INVALID_DATE,57.0,
3488,2025-04-09,3,1,3,1,4,58.0 €,2025-04-09,,58.0,
3489,08/04/2025,4,2,4,2,5,104.5 USD,2025-04-08,,90.87,
3491,INVALID_DATE,6,4,6,4,2,61.0 €,,Fecha inválida: INVALID_DATE,61.0,
3492,2025-04-05,7,1,7,1,3,107.5 USD,2025-04-05,,93.48,
3495,INVALID_DATE,3,4,3,4,1,110.5 USD,,Fecha inválida: INVALID_DATE,96.09,
3496,2025-04-01,4,1,4,1,2,66.0 €,2025-04-01,,66.0,
3498,03/30/2025,6,3,6,3,4,NULL,2025-03-30,,,MontoTotal_Raw nulo o vacío: NULL
3499,INVALID_DATE,7,4,7,4,5,69.0 €,,Fecha inválida: INVALID_DATE,69.0,
3500,2025-03-28,1,1,1,1,1,-150.00 €,2025-03-28,,,MontoTotal_Raw negativo: -150.00 €
3502,03/26/2025,3,3,3,3,3,72.0 €,2025-03-26,,72.0,
3503,INVALID_DATE,4,4,4,4,4,73.0 €,,Fecha inválida: INVALID_DATE,73.0,
3505,23/03/2025,6,2,6,2,1,75.0 €,2025-03-23,,75.0,
3506,03/22/2025,7,3,7,3,2,76.0 €,2025-03-22,,76.0,
3507,INVALID_DATE,1,4,1,4,3,122.5 USD,,Fecha inválida: INVALID_DATE,106.52,
3509,19/03/2025,3,2,3,2,5,79.0 €,2025-03-19,,79.0,
3510,03/18/2025,4,3,4,3,1,125.5 USD,2025-03-18,,109.13,
3511,INVALID_DATE,5,4,5,4,2,81.0 €,,Fecha inválida: INVALID_DATE,81.0,
3512,2025-03-16,6,1,6,1,3,82.0 €,2025-03-16,,82.0,
3513,15/03/2025,7,2,7,2,4,128.5 USD,2025-03-15,,111.74,
3515,INVALID_DATE,2,4,2,4,1,85.0 €,,Fecha inválida: INVALID_DATE,85.0,
3516,2025-03-12,3,1,3,1,2,131.5 USD,2025-03-12,,114.35,
3517,11/03/2025,4,2,4,2,3,87.0 €,2025-03-11,,87.0,
3519,INVALID_DATE,6,4,6,4,5,134.5 USD,,Fecha inválida: INVALID_DATE,116.96,
3520,2025-03-08,7,1,7,1,1,90.0 €,2025-03-08,,90.0,
3523,INVALID_DATE,3,4,3,4,4,93.0 €,,Fecha inválida: INVALID_DATE,93.0,
3524,2025-03-04,4,1,4,1,5,94.0 €,2025-03-04,,94.0,
3526,03/02/2025,6,3,6,3,2,96.0 €,2025-02-03,,96.0,
3527,INVALID_DATE,7,4,7,4,3,97.0 €,,Fecha inválida: INVALID_DATE,97.0,
3530,02/26/2025,3,3,3,3,1,100.0 €,2025-02-26,,100.0,
3531,INVALID_DATE,4,4,4,4,2,NULL,,Fecha inválida: INVALID_DATE,,MontoTotal_Raw nulo o vacío: NULL
3533,23/02/2025,6,2,6,2,4,103.0 €,2025-02-23,,103.0,
3534,02/22/2025,7,3,7,3,5,149.5 USD,2025-02-22,,130.0,
3535,INVALID_DATE,1,4,1,4,1,105.0 €,,Fecha inválida: INVALID_DATE,105.0,
3537,19/02/2025,3,2,3,2,3,152.5 USD,2025-02-19,,132.61,
3538,02/18/2025,4,3,4,3,4,108.0 €,2025-02-18,,108.0,
3539,INVALID_DATE,5,4,5,4,5,109.0 €,,Fecha inválida: INVALID_DATE,109.0,
3540,2025-02-16,6,1,6,1,1,155.5 USD,2025-02-16,,135.22,
3541,15/02/2025,7,2,7,2,2,111.0 €,2025-02-15,,111.0,
3543,INVALID_DATE,2,4,2,4,4,158.5 USD,,Fecha inválida: INVALID_DATE,137.83,
3544,2025-02-12,3,1,3,1,5,114.0 €,2025-02-12,,114.0,
3545,11/02/2025,4,2,4,2,1,115.0 €,2025-02-11,,115.0,
3547,INVALID_DATE,6,4,6,4,3,117.0 €,,Fecha inválida: INVALID_DATE,117.0,
3548,2025-02-08,7,1,7,1,4,118.0 €,2025-02-08,,118.0,
3550,02/06/2025,2,3,2,3,1,-150.00 €,2025-06-02,,,MontoTotal_Raw negativo: -150.00 €
3551,INVALID_DATE,3,4,3,4,2,121.0 €,,Fecha inválida: INVALID_DATE,121.0,
3552,2025-02-04,4,1,4,1,3,167.5 USD,2025-02-04,,145.65,
3554,02/02/2025,6,3,6,3,5,124.0 €,2025-02-02,,124.0,
3555,INVALID_DATE,7,4,7,4,1,170.5 USD,,Fecha inválida: INVALID_DATE,148.26,
3558,01/29/2025,3,3,3,3,4,173.5 USD,2025-01-29,,150.87,
3559,INVALID_DATE,4,4,4,4,5,129.0 €,,Fecha inválida: INVALID_DATE,129.0,
3561,26/01/2025,6,2,6,2,2,176.5 USD,2025-01-26,,153.48,
3562,01/25/2025,7,3,7,3,3,132.0 €,2025-01-25,,132.0,
3563,INVALID_DATE,1,4,1,4,4,133.0 €,,Fecha inválida: INVALID_DATE,133.0,
3564,2025-01-23,2,1,2,1,5,NULL,2025-01-23,,,MontoTotal_Raw nulo o vacío: NULL
3565,22/01/2025,3,2,3,2,1,135.0 €,2025-01-22,,135.0,
3566,01/21/2025,4,3,4,3,2,136.0 €,2025-01-21,,136.0,
3567,INVALID_DATE,5,4,5,4,3,182.5 USD,,Fecha inválida: INVALID_DATE,158.7,
3568,2025-01-19,6,1,6,1,4,138.0 €,2025-01-19,,138.0,
3569,18/01/2025,7,2,7,2,5,139.0 €,2025-01-18,,139.0,
3571,INVALID_DATE,2,4,2,4,2,141.0 €,,Fecha inválida: INVALID_DATE,141.0,
3572,2025-01-15,3,1,3,1,3,142.0 €,2025-01-15,,142.0,
3573,14/01/2025,4,2,4,2,4,188.5 USD,2025-01-14,,163.91,
3575,INVALID_DATE,6,4,6,4,1,145.0 €,,Fecha inválida: INVALID_DATE,145.0,
3576,2025-01-11,7,1,7,1,2,191.5 USD,2025-01-11,,166.52,
3579,INVALID_DATE,3,4,3,4,5,194.5 USD,,Fecha inválida: INVALID_DATE,169.13,
3580,2025-01-07,4,1,4,1,1,150.0 €,2025-01-07,,150.0,
3582,01/05/2025,6,3,6,3,3,197.5 USD,2025-05-01,,171.74,
3583,INVALID_DATE,7,4,7,4,4,153.0 €,,Fecha inválida: INVALID_DATE,153.0,
3586,01/01/2025,3,3,3,3,2,156.0 €,2025-01-01,,156.0,
3587,INVALID_DATE,4,4,4,4,3,157.0 €,,Fecha inválida: INVALID_DATE,157.0,
3589,29/12/2024,6,2,6,2,5,159.0 €,2024-12-29,,159.0,
3590,12/28/2024,7,3,7,3,1,160.0 €,2024-12-28,,160.0,
3591,INVALID_DATE,1,4,1,4,2,206.5 USD,,Fecha inválida: INVALID_DATE,179.57,
3593,25/12/2024,3,2,3,2,4,163.0 €,2024-12-25,,163.0,
3594,12/24/2024,4,3,4,3,5,209.5 USD,2024-12-24,,182.17,
3595,INVALID_DATE,5,4,5,4,1,165.0 €,,Fecha inválida: INVALID_DATE,165.0,
3596,2024-12-22,6,1,6,1,2,166.0 €,2024-12-22,,166.0,
3597,21/12/2024,7,2,7,2,3,NULL,2024-12-21,,,MontoTotal_Raw nulo o vacío: NULL
3599,INVALID_DATE,2,4,2,4,5,169.0 €,,Fecha inválida: INVALID_DATE,169.0,
3600,2024-12-18,3,1,3,1,1,-150.00 €,2024-12-18,,,MontoTotal_Raw negativo: -150.00 €
3601,17/12/2024,4,2,4,2,2,21.0 €,2024-12-17,,21.0,
3603,INVALID_DATE,6,4,6,4,4,18.5 USD,,Fecha inválida: INVALID_DATE,16.09,
3604,2024-12-14,7,1,7,1,5,24.0 €,2024-12-14,,24.0,
3607,INVALID_DATE,3,4,3,4,3,27.0 €,,Fecha inválida: INVALID_DATE,27.0,
3608,2024-12-10,4,1,4,1,4,28.0 €,2024-12-10,,28.0,
3610,12/08/2024,6,3,6,3,1,30.0 €,2024-08-12,,30.0,
3611,INVALID_DATE,7,4,7,4,2,31.0 €,,Fecha inválida: INVALID_DATE,31.0,
3614,12/04/2024,3,3,3,3,5,34.0 €,2024-04-12,,34.0,
3615,INVALID_DATE,4,4,4,4,1,30.5 USD,,Fecha inválida: INVALID_DATE,26.52,
3617,01/12/2024,6,2,6,2,3,37.0 €,2024-12-01,,37.0,
3618,11/30/2024,7,3,7,3,4,33.5 USD,2024-11-30,,29.13,
3619,INVALID_DATE,1,4,1,4,5,39.0 €,,Fecha inválida: INVALID_DATE,39.0,
3621,27/11/2024,3,2,3,2,2,36.5 USD,2024-11-27,,31.74,
3622,11/26/2024,4,3,4,3,3,42.0 €,2024-11-26,,42.0,
3623,INVALID_DATE,5,4,5,4,4,43.0 €,,Fecha inválida: INVALID_DATE,43.0,
3624,2024-11-24,6,1,6,1,5,39.5 USD,2024-11-24,,34.35,
3625,23/11/2024,7,2,7,2,1,45.0 €,2024-11-23,,45.0,
3627,INVALID_DATE,2,4,2,4,3,42.5 USD,,Fecha inválida: INVALID_DATE,36.96,
3628,2024-11-20,3,1,3,1,4,48.0 €,2024-11-20,,48.0,
3629,19/11/2024,4,2,4,2,5,49.0 €,2024-11-19,,49.0,
3630,11/18/2024,5,3,5,3,1,NULL,2024-11-18,,,MontoTotal_Raw nulo o vacío: NULL
3631,INVALID_DATE,6,4,6,4,2,51.0 €,,Fecha inválida: INVALID_DATE,51.0,
3632,2024-11-16,7,1,7,1,3,52.0 €,2024-11-16,,52.0,
3635,INVALID_DATE,3,4,3,4,1,55.0 €,,Fecha inválida: INVALID_DATE,55.0,
3636,2024-11-12,4,1,4,1,2,51.5 USD,2024-11-12,,44.78,
3638,11/10/2024,6,3,6,3,4,58.0 €,2024-10-11,,58.0,
3639,INVALID_DATE,7,4,7,4,5,54.5 USD,,Fecha inválida: INVALID_DATE,47.39,
3642,11/06/2024,3,3,3,3,3,57.5 USD,2024-06-11,,50.0,
3643,INVALID_DATE,4,4,4,4,4,63.0 €,,Fecha inválida: INVALID_DATE,63.0,
3645,03/11/2024,6,2,6,2,1,60.5 USD,2024-11-03,,52.61,
3646,11/02/2024,7,3,7,3,2,66.0 €,2024-02-11,,66.0,
3647,INVALID_DATE,1,4,1,4,3,67.0 €,,Fecha inválida: INVALID_DATE,67.0,
3649,30/10/2024,3,2,3,2,5,69.0 €,2024-10-30,,69.0,
3650,10/29/2024,4,3,4,3,1,-150.00 €,2024-10-29,,,MontoTotal_Raw negativo: -150.00 €
3651,INVALID_DATE,5,4,5,4,2,66.5 USD,,Fecha inválida: INVALID_DATE,57.83,
3652,2024-10-27,6,1,6,1,3,72.0 €,2024-10-27,,72.0,
3653,26/10/2024,7,2,7,2,4,73.0 €,2024-10-26,,73.0,
3655,INVALID_DATE,2,4,2,4,1,75.0 €,,Fecha inválida: INVALID_DATE,75.0,
3656,2024-10-23,3,1,3,1,2,76.0 €,2024-10-23,,76.0,
3657,22/10/2024,4,2,4,2,3,72.5 USD,2024-10-22,,63.04,
3659,INVALID_DATE,6,4,6,4,5,79.0 €,,Fecha inválida: INVALID_DATE,79.0,
3660,2024-10-19,7,1,7,1,1,75.5 USD,2024-10-19,,65.65,
3663,INVALID_DATE,3,4,3,4,4,NULL,,Fecha inválida: INVALID_DATE,,MontoTotal_Raw nulo o vacío: NULL
3664,2024-10-15,4,1,4,1,5,84.0 €,2024-10-15,,84.0,
3666,10/13/2024,6,3,6,3,2,81.5 USD,2024-10-13,,70.87,
3667,INVALID_DATE,7,4,7,4,3,87.0 €,,Fecha inválida: INVALID_DATE,87.0,
3670,10/09/2024,3,3,3,3,1,90.0 €,2024-09-10,,90.0,
3671,INVALID_DATE,4,4,4,4,2,91.0 €,,Fecha inválida: INVALID_DATE,91.0,
3673,06/10/2024,6,2,6,2,4,93.0 €,2024-10-06,,93.0,
3674,10/05/2024,7,3,7,3,5,94.0 €,2024-05-10,,94.0,
3675,INVALID_DATE,1,4,1,4,1,90.5 USD,,Fecha inválida: INVALID_DATE,78.7,
3677,02/10/2024,3,2,3,2,3,97.0 €,2024-10-02,,97.0,
3678,10/01/2024,4,3,4,3,4,93.5 USD,2024-01-10,,81.3,
3679,INVALID_DATE,5,4,5,4,5,99.0 €,,Fecha inválida: INVALID_DATE,99.0,
3680,2024-09-29,6,1,6,1,1,100.0 €,2024-09-29,,100.0,
3681,28/09/2024,7,2,7,2,2,96.5 USD,2024-09-28,,83.91,
3683,INVALID_DATE,2,4,2,4,4,103.0 €,,Fecha inválida: INVALID_DATE,103.0,
3684,2024-09-25,3,1,3,1,5,99.5 USD,2024-09-25,,86.52,
3685,24/09/2024,4,2,4,2,1,105.0 €,2024-09-24,,105.0,
3687,INVALID_DATE,6,4,6,4,3,102.5 USD,,Fecha inválida: INVALID_DATE,89.13,
3688,2024-09-21,7,1,7,1,4,108.0 €,2024-09-21,,108.0,
3691,INVALID_DATE,3,4,3,4,2,111.0 €,,Fecha inválida: INVALID_DATE,111.0,
3692,2024-09-17,4,1,4,1,3,112.0 €,2024-09-17,,112.0,
3694,09/15/2024,6,3,6,3,5,114.0 €,2024-09-15,,114.0,
3695,INVALID_DATE,7,4,7,4,1,115.0 €,,Fecha inválida: INVALID_DATE,115.0,
3696,2024-09-13,1,1,1,1,2,NULL,2024-09-13,,,MontoTotal_Raw nulo o vacío: NULL
3698,09/11/2024,3,3,3,3,4,118.0 €,2024-11-09,,118.0,
3699,INVALID_DATE,4,4,4,4,5,114.5 USD,,Fecha inválida: INVALID_DATE,99.57,
3700,2024-09-09,5,1,5,1,1,-150.00 €,2024-09-09,,,MontoTotal_Raw negativo: -150.00 €
3701,08/09/2024,6,2,6,2,2,121.0 €,2024-09-08,,121.0,
3702,09/07/2024,7,3,7,3,3,117.5 USD,2024-07-09,,102.17,
3703,INVALID_DATE,1,4,1,4,4,123.0 €,,Fecha inválida: INVALID_DATE,123.0,
3705,04/09/2024,3,2,3,2,1,120.5 USD,2024-09-04,,104.78,
3706,09/03/2024,4,3,4,3,2,126.0 €,2024-03-09,,126.0,
3707,INVALID_DATE,5,4,5,4,3,127.0 €,,Fecha inválida: INVALID_DATE,127.0,
3708,2024-09-01,6,1,6,1,4,123.5 USD,2024-09-01,,107.39,
3709,31/08/2024,7,2,7,2,5,129.0 €,2024-08-31,,129.0,
3711,INVALID_DATE,2,4,2,4,2,126.5 USD,,Fecha inválida: INVALID_DATE,110.0,
3712,2024-08-28,3,1,3,1,3,132.0 €,2024-08-28,,132.0,
3713,27/08/2024,4,2,4,2,4,133.0 €,2024-08-27,,133.0,
3715,INVALID_DATE,6,4,6,4,1,135.0 €,,Fecha inválida: INVALID_DATE,135.0,
3716,2024-08-24,7,1,7,1,2,136.0 €,2024-08-24,,136.0,
3719,INVALID_DATE,3,4,3,4,5,139.0 €,,Fecha inválida: INVALID_DATE,139.0,
3720,2024-08-20,4,1,4,1,1,135.5 USD,2024-08-20,,117.83,
3722,08/18/2024,6,3,6,3,3,142.0 €,2024-08-18,,142.0,
3723,INVALID_DATE,7,4,7,4,4,138.5 USD,,Fecha inválida: INVALID_DATE,120.43,
3726,08/14/2024,3,3,3,3,2,141.5 USD,2024-08-14,,123.04,
3727,INVALID_DATE,4,4,4,4,3,147.0 €,,Fecha inválida: INVALID_DATE,147.0,
3729,11/08/2024,6,2,6,2,5,NULL,2024-08-11,,,MontoTotal_Raw nulo o vacío: NULL
3730,08/10/2024,7,3,7,3,1,150.0 €,2024-10-08,,150.0,
3731,INVALID_DATE,1,4,1,4,2,151.0 €,,Fecha inválida: INVALID_DATE,151.0,
3733,07/08/2024,3,2,3,2,4,153.0 €,2024-08-07,,153.0,
3734,08/06/2024,4,3,4,3,5,154.0 €,2024-06-08,,154.0,
3735,INVALID_DATE,5,4,5,4,1,150.5 USD,,Fecha inválida: INVALID_DATE,130.87,
3736,2024-08-04,6,1,6,1,2,156.0 €,2024-08-04,,156.0,
3737,03/08/2024,7,2,7,2,3,157.0 €,2024-08-03,,157.0,
3739,INVALID_DATE,2,4,2,4,5,159.0 €,,Fecha inválida: INVALID_DATE,159.0,
3740,2024-07-31,3,1,3,1,1,160.0 €,2024-07-31,,160.0,
3741,30/07/2024,4,2,4,2,2,156.5 USD,2024-07-30,,136.09,
3743,INVALID_DATE,6,4,6,4,4,163.0 €,,Fecha inválida: INVALID_DATE,163.0,
3744,2024-07-27,7,1,7,1,5,159.5 USD,2024-07-27,,138.7,
3747,INVALID_DATE,3,4,3,4,3,162.5 USD,,Fecha inválida: INVALID_DATE,141.3,
3748,2024-07-23,4,1,4,1,4,168.0 €,2024-07-23,,168.0,
3750,07/21/2024,6,3,6,3,1,-150.00 €,2024-07-21,,,MontoTotal_Raw negativo: -150.00 €
3751,INVALID_DATE,7,4,7,4,2,21.0 €,,Fecha inválida: INVALID_DATE,21.0,
3754,07/17/2024,3,3,3,3,5,24.0 €,2024-07-17,,24.0,
3755,INVALID_DATE,4,4,4,4,1,25.0 €,,Fecha inválida: INVALID_DATE,25.0,
3757,14/07/2024,6,2,6,2,3,27.0 €,2024-07-14,,27.0,
3758,07/13/2024,7,3,7,3,4,28.0 €,2024-07-13,,28.0,
3759,INVALID_DATE,1,4,1,4,5,174.5 USD,,Fecha inválida: INVALID_DATE,151.74,
3761,10/07/2024,3,2,3,2,2,31.0 €,2024-07-10,,31.0,
3762,07/09/2024,4,3,4,3,3,NULL,2024-09-07,,,MontoTotal_Raw nulo o vacío: NULL
3763,INVALID_DATE,5,4,5,4,4,33.0 €,,Fecha inválida: INVALID_DATE,33.0,
3764,2024-07-07,6,1,6,1,5,34.0 €,2024-07-07,,34.0,
3765,06/07/2024,7,2,7,2,1,180.5 USD,2024-07-06,,156.96,
3767,INVALID_DATE,2,4,2,4,3,37.0 €,,Fecha inválida: INVALID_DATE,37.0,
3768,2024-07-03,3,1,3,1,4,183.5 USD,2024-07-03,,159.57,
3769,02/07/2024,4,2,4,2,5,39.0 €,2024-07-02,,39.0,
3771,INVALID_DATE,6,4,6,4,2,186.5 USD,,Fecha inválida: INVALID_DATE,162.17,
3772,2024-06-29,7,1,7,1,3,42.0 €,2024-06-29,,42.0,
3775,INVALID_DATE,3,4,3,4,1,45.0 €,,Fecha inválida: INVALID_DATE,45.0,
3776,2024-06-25,4,1,4,1,2,46.0 €,2024-06-25,,46.0,
3778,06/23/2024,6,3,6,3,4,48.0 €,2024-06-23,,48.0,
3779,INVALID_DATE,7,4,7,4,5,49.0 €,,Fecha inválida: INVALID_DATE,49.0,
3782,06/19/2024,3,3,3,3,3,52.0 €,2024-06-19,,52.0,
3783,INVALID_DATE,4,4,4,4,4,198.5 USD,,Fecha inválida: INVALID_DATE,172.61,
3785,16/06/2024,6,2,6,2,1,55.0 €,2024-06-16,,55.0,
3786,06/15/2024,7,3,7,3,2,201.5 USD,2024-06-15,,175.22,
3787,INVALID_DATE,1,4,1,4,3,57.0 €,,Fecha inválida: INVALID_DATE,57.0,
3789,12/06/2024,3,2,3,2,5,204.5 USD,2024-06-12,,177.83,
3790,06/11/2024,4,3,4,3,1,60.0 €,2024-11-06,,60.0,
3791,INVALID_DATE,5,4,5,4,2,61.0 €,,Fecha inválida: INVALID_DATE,61.0,
3792,2024-06-09,6,1,6,1,3,207.5 USD,2024-06-09,,180.43,
3793,08/06/2024,7,2,7,2,4,63.0 €,2024-06-08,,63.0,
3795,INVALID_DATE,2,4,2,4,1,NULL,,Fecha inválida: INVALID_DATE,,MontoTotal_Raw nulo o vacío: NULL
3796,2024-06-05,3,1,3,1,2,66.0 €,2024-06-05,,66.0,
3797,04/06/2024,4,2,4,2,3,67.0 €,2024-06-04,,67.0,
3799,INVALID_DATE,6,4,6,4,5,69.0 €,,Fecha inválida: INVALID_DATE,69.0,
3800,2024-06-01,7,1,7,1,1,-150.00 €,2024-06-01,,,MontoTotal_Raw negativo: -150.00 €
3803,INVALID_DATE,3,4,3,4,4,73.0 €,,Fecha inválida: INVALID_DATE,73.0,
3804,2024-05-28,4,1,4,1,5,19.5 USD,2024-05-28,,16.96,
3806,05/26/2024,6,3,6,3,2,76.0 €,2024-05-26,,76.0,
3807,INVALID_DATE,7,4,7,4,3,22.5 USD,,Fecha inválida: INVALID_DATE,19.57,
3810,05/22/2024,3,3,3,3,1,25.5 USD,2024-05-22,,22.17,
3811,INVALID_DATE,4,4,4,4,2,81.0 €,,Fecha inválida: INVALID_DATE,81.0,
3813,19/05/2024,6,2,6,2,4,28.5 USD,2024-05-19,,24.78,
3814,05/18/2024,7,3,7,3,5,84.0 €,2024-05-18,,84.0,
3815,INVALID_DATE,1,4,1,4,1,85.0 €,,Fecha inválida: INVALID_DATE,85.0,
3817,15/05/2024,3,2,3,2,3,87.0 €,2024-05-15,,87.0,
3818,05/14/2024,4,3,4,3,4,88.0 €,2024-05-14,,88.0,
3819,INVALID_DATE,5,4,5,4,5,34.5 USD,,Fecha inválida: INVALID_DATE,30.0,
3820,2024-05-12,6,1,6,1,1,90.0 €,2024-05-12,,90.0,
3821,11/05/2024,7,2,7,2,2,91.0 €,2024-05-11,,91.0,
3823,INVALID_DATE,2,4,2,4,4,93.0 €,,Fecha inválida: INVALID_DATE,93.0,
3824,2024-05-08,3,1,3,1,5,94.0 €,2024-05-08,,94.0,
3825,07/05/2024,4,2,4,2,1,40.5 USD,2024-05-07,,35.22,
3827,INVALID_DATE,6,4,6,4,3,97.0 €,,Fecha inválida: INVALID_DATE,97.0,
3828,2024-05-04,7,1,7,1,4,NULL,2024-05-04,,,MontoTotal_Raw nulo o vacío: NULL
3831,INVALID_DATE,3,4,3,4,2,46.5 USD,,Fecha inválida: INVALID_DATE,40.43,
3832,2024-04-30,4,1,4,1,3,102.0 €,2024-04-30,,102.0,
3834,04/28/2024,6,3,6,3,5,49.5 USD,2024-04-28,,43.04,
3835,INVALID_DATE,7,4,7,4,1,105.0 €,,Fecha inválida: INVALID_DATE,105.0,
3838,04/24/2024,3,3,3,3,4,108.0 €,2024-04-24,,108.0,
3839,INVALID_DATE,4,4,4,4,5,109.0 €,,Fecha inválida: INVALID_DATE,109.0,
3841,21/04/2024,6,2,6,2,2,111.0 €,2024-04-21,,111.0,
3842,04/20/2024,7,3,7,3,3,112.0 €,2024-04-20,,112.0,
3843,INVALID_DATE,1,4,1,4,4,58.5 USD,,Fecha inválida: INVALID_DATE,50.87,
3845,17/04/2024,3,2,3,2,1,115.0 €,2024-04-17,,115.0,
3846,04/16/2024,4,3,4,3,2,61.5 USD,2024-04-16,,53.48,
3847,INVALID_DATE,5,4,5,4,3,117.0 €,,Fecha inválida: INVALID_DATE,117.0,
3848,2024-04-14,6,1,6,1,4,118.0 €,2024-04-14,,118.0,
3849,13/04/2024,7,2,7,2,5,64.5 USD,2024-04-13,,56.09,
3850,04/12/2024,1,3,1,3,1,-150.00 €,2024-12-04,,,MontoTotal_Raw negativo: -150.00 €
3851,INVALID_DATE,2,4,2,4,2,121.0 €,,Fecha inválida: INVALID_DATE,121.0,
3852,2024-04-10,3,1,3,1,3,67.5 USD,2024-04-10,,58.7,
3853,09/04/2024,4,2,4,2,4,123.0 €,2024-04-09,,123.0,
3855,INVALID_DATE,6,4,6,4,1,70.5 USD,,Fecha inválida: INVALID_DATE,61.3,
3856,2024-04-06,7,1,7,1,2,126.0 €,2024-04-06,,126.0,
3859,INVALID_DATE,3,4,3,4,5,129.0 €,,Fecha inválida: INVALID_DATE,129.0,
3860,2024-04-02,4,1,4,1,1,130.0 €,2024-04-02,,130.0,
3861,01/04/2024,5,2,5,2,2,NULL,2024-04-01,,,MontoTotal_Raw nulo o vacío: NULL
3862,03/31/2024,6,3,6,3,3,132.0 €,2024-03-31,,132.0,
3863,INVALID_DATE,7,4,7,4,4,133.0 €,,Fecha inválida: INVALID_DATE,133.0,
3866,03/27/2024,3,3,3,3,2,136.0 €,2024-03-27,,136.0,
3867,INVALID_DATE,4,4,4,4,3,82.5 USD,,Fecha inválida: INVALID_DATE,71.74,
3869,24/03/2024,6,2,6,2,5,139.0 €,2024-03-24,,139.0,
3870,03/23/2024,7,3,7,3,1,85.5 USD,2024-03-23,,74.35,
3871,INVALID_DATE,1,4,1,4,2,141.0 €,,Fecha inválida: INVALID_DATE,141.0,
3873,20/03/2024,3,2,3,2,4,88.5 USD,2024-03-20,,76.96,
3874,03/19/2024,4,3,4,3,5,144.0 €,2024-03-19,,144.0,
3875,INVALID_DATE,5,4,5,4,1,145.0 €,,Fecha inválida: INVALID_DATE,145.0,
3876,2024-03-17,6,1,6,1,2,91.5 USD,2024-03-17,,79.57,
3877,16/03/2024,7,2,7,2,3,147.0 €,2024-03-16,,147.0,
3879,INVALID_DATE,2,4,2,4,5,94.5 USD,,Fecha inválida: INVALID_DATE,82.17,
3880,2024-03-13,3,1,3,1,1,150.0 €,2024-03-13,,150.0,
3881,12/03/2024,4,2,4,2,2,151.0 €,2024-03-12,,151.0,
3883,INVALID_DATE,6,4,6,4,4,153.0 €,,Fecha inválida: INVALID_DATE,153.0,
3884,2024-03-09,7,1,7,1,5,154.0 €,2024-03-09,,154.0,
3887,INVALID_DATE,3,4,3,4,3,157.0 €,,Fecha inválida: INVALID_DATE,157.0,
3888,2024-03-05,4,1,4,1,4,103.5 USD,2024-03-05,,90.0,
3890,03/03/2024,6,3,6,3,1,160.0 €,2024-03-03,,160.0,
3891,INVALID_DATE,7,4,7,4,2,106.5 USD,,Fecha inválida: INVALID_DATE,92.61,
3894,02/28/2024,3,3,3,3,5,NULL,2024-02-28,,,MontoTotal_Raw nulo o vacío: NULL
3895,INVALID_DATE,4,4,4,4,1,165.0 €,,Fecha inválida: INVALID_DATE,165.0,
3897,25/02/2024,6,2,6,2,3,112.5 USD,2024-02-25,,97.83,
3898,02/24/2024,7,3,7,3,4,168.0 €,2024-02-24,,168.0,
3899,INVALID_DATE,1,4,1,4,5,169.0 €,,Fecha inválida: INVALID_DATE,169.0,
3900,2024-02-22,2,1,2,1,1,-150.00 €,2024-02-22,,,MontoTotal_Raw negativo: -150.00 €
3901,21/02/2024,3,2,3,2,2,21.0 €,2024-02-21,,21.0,
3902,02/20/2024,4,3,4,3,3,22.0 €,2024-02-20,,22.0,
3903,INVALID_DATE,5,4,5,4,4,118.5 USD,,Fecha inválida: INVALID_DATE,103.04,
3904,2024-02-18,6,1,6,1,5,24.0 €,2024-02-18,,24.0,
3905,17/02/2024,7,2,7,2,1,25.0 €,2024-02-17,,25.0,
3907,INVALID_DATE,2,4,2,4,3,27.0 €,,Fecha inválida: INVALID_DATE,27.0,
3908,2024-02-14,3,1,3,1,4,28.0 €,2024-02-14,,28.0,
3909,13/02/2024,4,2,4,2,5,124.5 USD,2024-02-13,,108.26,
3911,INVALID_DATE,6,4,6,4,2,31.0 €,,Fecha inválida: INVALID_DATE,31.0,
3912,2024-02-10,7,1,7,1,3,127.5 USD,2024-02-10,,110.87,
3915,INVALID_DATE,3,4,3,4,1,130.5 USD,,Fecha inválida: INVALID_DATE,113.48,
3916,2024-02-06,4,1,4,1,2,36.0 €,2024-02-06,,36.0,
3918,02/04/2024,6,3,6,3,4,133.5 USD,2024-04-02,,116.09,
3919,INVALID_DATE,7,4,7,4,5,39.0 €,,Fecha inválida: INVALID_DATE,39.0,
3922,01/31/2024,3,3,3,3,3,42.0 €,2024-01-31,,42.0,
3923,INVALID_DATE,4,4,4,4,4,43.0 €,,Fecha inválida: INVALID_DATE,43.0,
3925,28/01/2024,6,2,6,2,1,45.0 €,2024-01-28,,45.0,
3926,01/27/2024,7,3,7,3,2,46.0 €,2024-01-27,,46.0,
3927,INVALID_DATE,1,4,1,4,3,NULL,,Fecha inválida: INVALID_DATE,,MontoTotal_Raw nulo o vacío: NULL
3929,24/01/2024,3,2,3,2,5,49.0 €,2024-01-24,,49.0,
3930,01/23/2024,4,3,4,3,1,145.5 USD,2024-01-23,,126.52,
3931,INVALID_DATE,5,4,5,4,2,51.0 €,,Fecha inválida: INVALID_DATE,51.0,
3932,2024-01-21,6,1,6,1,3,52.0 €,2024-01-21,,52.0,
3933,20/01/2024,7,2,7,2,4,148.5 USD,2024-01-20,,129.13,
3935,INVALID_DATE,2,4,2,4,1,55.0 €,,Fecha inválida: INVALID_DATE,55.0,
3936,2024-01-17,3,1,3,1,2,151.5 USD,2024-01-17,,131.74,
3937,16/01/2024,4,2,4,2,3,57.0 €,2024-01-16,,57.0,
3939,INVALID_DATE,6,4,6,4,5,154.5 USD,,Fecha inválida: INVALID_DATE,134.35,
3940,2024-01-13,7,1,7,1,1,60.0 €,2024-01-13,,60.0,
3943,INVALID_DATE,3,4,3,4,4,63.0 €,,Fecha inválida: INVALID_DATE,63.0,
3944,2024-01-09,4,1,4,1,5,64.0 €,2024-01-09,,64.0,
3946,01/07/2024,6,3,6,3,2,66.0 €,2024-07-01,,66.0,
3947,INVALID_DATE,7,4,7,4,3,67.0 €,,Fecha inválida: INVALID_DATE,67.0,
3950,01/03/2024,3,3,3,3,1,-150.00 €,2024-03-01,,,MontoTotal_Raw negativo: -150.00 €
3951,INVALID_DATE,4,4,4,4,2,166.5 USD,,Fecha inválida: INVALID_DATE,144.78,
3953,31/12/2023,6,2,6,2,4,73.0 €,2023-12-31,,73.0,
3954,12/30/2023,7,3,7,3,5,169.5 USD,2023-12-30,,147.39,
3955,INVALID_DATE,1,4,1,4,1,75.0 €,,Fecha inválida: INVALID_DATE,75.0,
3957,27/12/2023,3,2,3,2,3,172.5 USD,2023-12-27,,150.0,
3958,12/26/2023,4,3,4,3,4,78.0 €,2023-12-26,,78.0,
3959,INVALID_DATE,5,4,5,4,5,79.0 €,,Fecha inválida: INVALID_DATE,79.0,
3960,2023-12-24,6,1,6,1,1,NULL,2023-12-24,,,MontoTotal_Raw nulo o vacío: NULL
3961,23/12/2023,7,2,7,2,2,81.0 €,2023-12-23,,81.0,
3963,INVALID_DATE,2,4,2,4,4,178.5 USD,,Fecha inválida: INVALID_DATE,155.22,
3964,2023-12-20,3,1,3,1,5,84.0 €,2023-12-20,,84.0,
3965,19/12/2023,4,2,4,2,1,85.0 €,2023-12-19,,85.0,
3967,INVALID_DATE,6,4,6,4,3,87.0 €,,Fecha inválida: INVALID_DATE,87.0,
3968,2023-12-16,7,1,7,1,4,88.0 €,2023-12-16,,88.0,
3971,INVALID_DATE,3,4,3,4,2,91.0 €,,Fecha inválida: INVALID_DATE,91.0,
3972,2023-12-12,4,1,4,1,3,187.5 USD,2023-12-12,,163.04,
3974,12/10/2023,6,3,6,3,5,94.0 €,2023-10-12,,94.0,
3975,INVALID_DATE,7,4,7,4,1,190.5 USD,,Fecha inválida: INVALID_DATE,165.65,
3978,12/06/2023,3,3,3,3,4,193.5 USD,2023-06-12,,168.26,
3979,INVALID_DATE,4,4,4,4,5,99.0 €,,Fecha inválida: INVALID_DATE,99.0,
3981,03/12/2023,6,2,6,2,2,196.5 USD,2023-12-03,,170.87,
3982,12/02/2023,7,3,7,3,3,102.0 €,2023-02-12,,102.0,
3983,INVALID_DATE,1,4,1,4,4,103.0 €,,Fecha inválida: INVALID_DATE,103.0,
3985,29/11/2023,3,2,3,2,1,105.0 €,2023-11-29,,105.0,
3986,11/28/2023,4,3,4,3,2,106.0 €,2023-11-28,,106.0,
3987,INVALID_DATE,5,4,5,4,3,202.5 USD,,Fecha inválida: INVALID_DATE,176.09,
3988,2023-11-26,6,1,6,1,4,108.0 €,2023-11-26,,108.0,
3989,25/11/2023,7,2,7,2,5,109.0 €,2023-11-25,,109.0,
3991,INVALID_DATE,2,4,2,4,2,111.0 €,,Fecha inválida: INVALID_DATE,111.0,
3992,2023-11-22,3,1,3,1,3,112.0 €,2023-11-22,,112.0,
3993,21/11/2023,4,2,4,2,4,NULL,2023-11-21,,,MontoTotal_Raw nulo o vacío: NULL
3995,INVALID_DATE,6,4,6,4,1,115.0 €,,Fecha inválida: INVALID_DATE,115.0,
3996,2023-11-18,7,1,7,1,2,211.5 USD,2023-11-18,,183.91,
3999,INVALID_DATE,3,4,3,4,5,214.5 USD,,Fecha inválida: INVALID_DATE,186.52,
4000,2026-08-10,4,1,4,1,1,-150.00 €,2026-08-10,,,MontoTotal_Raw negativo: -150.00 €
4002,08/08/2026,6,3,6,3,3,17.5 USD,2026-08-08,,15.22,
4003,INVALID_DATE,7,4,7,4,4,123.0 €,,Fecha inválida: INVALID_DATE,123.0,
4006,08/04/2026,3,3,3,3,2,126.0 €,2026-04-08,,126.0,
4007,INVALID_DATE,4,4,4,4,3,127.0 €,,Fecha inválida: INVALID_DATE,127.0,
4009,01/08/2026,6,2,6,2,5,129.0 €,2026-08-01,,129.0,
4010,07/31/2026,7,3,7,3,1,130.0 €,2026-07-31,,130.0,
4011,INVALID_DATE,1,4,1,4,2,26.5 USD,,Fecha inválida: INVALID_DATE,23.04,
4013,28/07/2026,3,2,3,2,4,133.0 €,2026-07-28,,133.0,
4014,07/27/2026,4,3,4,3,5,29.5 USD,2026-07-27,,25.65,
4015,INVALID_DATE,5,4,5,4,1,135.0 €,,Fecha inválida: INVALID_DATE,135.0,
4016,2026-07-25,6,1,6,1,2,136.0 €,2026-07-25,,136.0,
4017,24/07/2026,7,2,7,2,3,32.5 USD,2026-07-24,,28.26,
4019,INVALID_DATE,2,4,2,4,5,139.0 €,,Fecha inválida: INVALID_DATE,139.0,
4020,2026-07-21,3,1,3,1,1,35.5 USD,2026-07-21,,30.87,
4021,20/07/2026,4,2,4,2,2,141.0 €,2026-07-20,,141.0,
4023,INVALID_DATE,6,4,6,4,4,38.5 USD,,Fecha inválida: INVALID_DATE,33.48,
4024,2026-07-17,7,1,7,1,5,144.0 €,2026-07-17,,144.0,
4026,07/15/2026,2,3,2,3,2,NULL,2026-07-15,,,MontoTotal_Raw nulo o vacío: NULL
4027,INVALID_DATE,3,4,3,4,3,147.0 €,,Fecha inválida: INVALID_DATE,147.0,
4028,2026-07-13,4,1,4,1,4,148.0 €,2026-07-13,,148.0,
4030,07/11/2026,6,3,6,3,1,150.0 €,2026-11-07,,150.0,
4031,INVALID_DATE,7,4,7,4,2,151.0 €,,Fecha inválida: INVALID_DATE,151.0,
4034,07/07/2026,3,3,3,3,5,154.0 €,2026-07-07,,154.0,
4035,INVALID_DATE,4,4,4,4,1,50.5 USD,,Fecha inválida: INVALID_DATE,43.91,
4037,04/07/2026,6,2,6,2,3,157.0 €,2026-07-04,,157.0,
4038,07/03/2026,7,3,7,3,4,53.5 USD,2026-03-07,,46.52,
4039,INVALID_DATE,1,4,1,4,5,159.0 €,,Fecha inválida: INVALID_DATE,159.0,
4041,30/06/2026,3,2,3,2,2,56.5 USD,2026-06-30,,49.13,
4042,06/29/2026,4,3,4,3,3,162.0 €,2026-06-29,,162.0,
4043,INVALID_DATE,5,4,5,4,4,163.0 €,,Fecha inválida: INVALID_DATE,163.0,
4044,2026-06-27,6,1,6,1,5,59.5 USD,2026-06-27,,51.74,
4045,26/06/2026,7,2,7,2,1,165.0 €,2026-06-26,,165.0,
4047,INVALID_DATE,2,4,2,4,3,62.5 USD,,Fecha inválida: INVALID_DATE,54.35,
4048,2026-06-23,3,1,3,1,4,168.0 €,2026-06-23,,168.0,
4049,22/06/2026,4,2,4,2,5,169.0 €,2026-06-22,,169.0,
4050,06/21/2026,5,3,5,3,1,-150.00 €,2026-06-21,,,MontoTotal_Raw negativo: -150.00 €
4051,INVALID_DATE,6,4,6,4,2,21.0 €,,Fecha inválida: INVALID_DATE,21.0,
4052,2026-06-19,7,1,7,1,3,22.0 €,2026-06-19,,22.0,
4055,INVALID_DATE,3,4,3,4,1,25.0 €,,Fecha inválida: INVALID_DATE,25.0,
4056,2026-06-15,4,1,4,1,2,71.5 USD,2026-06-15,,62.17,
4058,06/13/2026,6,3,6,3,4,28.0 €,2026-06-13,,28.0,
4059,INVALID_DATE,7,4,7,4,5,NULL,,Fecha inválida: INVALID_DATE,,MontoTotal_Raw nulo o vacío: NULL
4062,06/09/2026,3,3,3,3,3,77.5 USD,2026-09-06,,67.39,
4063,INVALID_DATE,4,4,4,4,4,33.0 €,,Fecha inválida: INVALID_DATE,33.0,
4065,06/06/2026,6,2,6,2,1,80.5 USD,2026-06-06,,70.0,
4066,06/05/2026,7,3,7,3,2,36.0 €,2026-05-06,,36.0,
4067,INVALID_DATE,1,4,1,4,3,37.0 €,,Fecha inválida: INVALID_DATE,37.0,
4069,02/06/2026,3,2,3,2,5,39.0 €,2026-06-02,,39.0,
4070,06/01/2026,4,3,4,3,1,40.0 €,2026-01-06,,40.0,
4071,INVALID_DATE,5,4,5,4,2,86.5 USD,,Fecha inválida: INVALID_DATE,75.22,
4072,2026-05-30,6,1,6,1,3,42.0 €,2026-05-30,,42.0,
4073,29/05/2026,7,2,7,2,4,43.0 €,2026-05-29,,43.0,
4075,INVALID_DATE,2,4,2,4,1,45.0 €,,Fecha inválida: INVALID_DATE,45.0,
4076,2026-05-26,3,1,3,1,2,46.0 €,2026-05-26,,46.0,
4077,25/05/2026,4,2,4,2,3,92.5 USD,2026-05-25,,80.43,
4079,INVALID_DATE,6,4,6,4,5,49.0 €,,Fecha inválida: INVALID_DATE,49.0,
4080,2026-05-22,7,1,7,1,1,95.5 USD,2026-05-22,,83.04,
4083,INVALID_DATE,3,4,3,4,4,98.5 USD,,Fecha inválida: INVALID_DATE,85.65,
4084,2026-05-18,4,1,4,1,5,54.0 €,2026-05-18,,54.0,
4086,05/16/2026,6,3,6,3,2,101.5 USD,2026-05-16,,88.26,
4087,INVALID_DATE,7,4,7,4,3,57.0 €,,Fecha inválida: INVALID_DATE,57.0,
4090,05/12/2026,3,3,3,3,1,60.0 €,2026-12-05,,60.0,
4091,INVALID_DATE,4,4,4,4,2,61.0 €,,Fecha inválida: INVALID_DATE,61.0,
4092,2026-05-10,5,1,5,1,3,NULL,2026-05-10,,,MontoTotal_Raw nulo o vacío: NULL
4093,09/05/2026,6,2,6,2,4,63.0 €,2026-05-09,,63.0,
4094,05/08/2026,7,3,7,3,5,64.0 €,2026-08-05,,64.0,
4095,INVALID_DATE,1,4,1,4,1,110.5 USD,,Fecha inválida: INVALID_DATE,96.09,
4097,05/05/2026,3,2,3,2,3,67.0 €,2026-05-05,,67.0,
4098,05/04/2026,4,3,4,3,4,113.5 USD,2026-04-05,,98.7,
4099,INVALID_DATE,5,4,5,4,5,69.0 €,,Fecha inválida: INVALID_DATE,69.0,
4100,2026-05-02,6,1,6,1,1,-150.00 €,2026-05-02,,,MontoTotal_Raw negativo: -150.00 €
4101,01/05/2026,7,2,7,2,2,116.5 USD,2026-05-01,,101.3,
4103,INVALID_DATE,2,4,2,4,4,73.0 €,,Fecha inválida: INVALID_DATE,73.0,
4104,2026-04-28,3,1,3,1,5,119.5 USD,2026-04-28,,103.91,
4105,27/04/2026,4,2,4,2,1,75.0 €,2026-04-27,,75.0,
4107,INVALID_DATE,6,4,6,4,3,122.5 USD,,Fecha inválida: INVALID_DATE,106.52,
4108,2026-04-24,7,1,7,1,4,78.0 €,2026-04-24,,78.0,
4111,INVALID_DATE,3,4,3,4,2,81.0 €,,Fecha inválida: INVALID_DATE,81.0,
4112,2026-04-20,4,1,4,1,3,82.0 €,2026-04-20,,82.0,
4114,04/18/2026,6,3,6,3,5,84.0 €,2026-04-18,,84.0,
4115,INVALID_DATE,7,4,7,4,1,85.0 €,,Fecha inválida: INVALID_DATE,85.0,
4118,04/14/2026,3,3,3,3,4,88.0 €,2026-04-14,,88.0,
4119,INVALID_DATE,4,4,4,4,5,134.5 USD,,Fecha inválida: INVALID_DATE,116.96,
4121,11/04/2026,6,2,6,2,2,91.0 €,2026-04-11,,91.0,
4122,04/10/2026,7,3,7,3,3,137.5 USD,2026-10-04,,119.57,
4123,INVALID_DATE,1,4,1,4,4,93.0 €,,Fecha inválida: INVALID_DATE,93.0,
4125,07/04/2026,3,2,3,2,1,NULL,2026-04-07,,,MontoTotal_Raw nulo o vacío: NULL
4126,04/06/2026,4,3,4,3,2,96.0 €,2026-06-04,,96.0,
4127,INVALID_DATE,5,4,5,4,3,97.0 €,,Fecha inválida: INVALID_DATE,97.0,
4128,2026-04-04,6,1,6,1,4,143.5 USD,2026-04-04,,124.78,
4129,03/04/2026,7,2,7,2,5,99.0 €,2026-04-03,,99.0,
4131,INVALID_DATE,2,4,2,4,2,146.5 USD,,Fecha inválida: INVALID_DATE,127.39,
4132,2026-03-31,3,1,3,1,3,102.0 €,2026-03-31,,102.0,
4133,30/03/2026,4,2,4,2,4,103.0 €,2026-03-30,,103.0,
4135,INVALID_DATE,6,4,6,4,1,105.0 €,,Fecha inválida: INVALID_DATE,105.0,
4136,2026-03-27,7,1,7,1,2,106.0 €,2026-03-27,,106.0,
4139,INVALID_DATE,3,4,3,4,5,109.0 €,,Fecha inválida: INVALID_DATE,109.0,
4140,2026-03-23,4,1,4,1,1,155.5 USD,2026-03-23,,135.22,
4142,03/21/2026,6,3,6,3,3,112.0 €,2026-03-21,,112.0,
4143,INVALID_DATE,7,4,7,4,4,158.5 USD,,Fecha inválida: INVALID_DATE,137.83,
4146,03/17/2026,3,3,3,3,2,161.5 USD,2026-03-17,,140.43,
4147,INVALID_DATE,4,4,4,4,3,117.0 €,,Fecha inválida: INVALID_DATE,117.0,
4149,14/03/2026,6,2,6,2,5,164.5 USD,2026-03-14,,143.04,
4150,03/13/2026,7,3,7,3,1,-150.00 €,2026-03-13,,,MontoTotal_Raw negativo: -150.00 €
4151,INVALID_DATE,1,4,1,4,2,121.0 €,,Fecha inválida: INVALID_DATE,121.0,
4153,10/03/2026,3,2,3,2,4,123.0 €,2026-03-10,,123.0,
4154,03/09/2026,4,3,4,3,5,124.0 €,2026-09-03,,124.0,
4155,INVALID_DATE,5,4,5,4,1,170.5 USD,,Fecha inválida: INVALID_DATE,148.26,
4156,2026-03-07,6,1,6,1,2,126.0 €,2026-03-07,,126.0,
4157,06/03/2026,7,2,7,2,3,127.0 €,2026-03-06,,127.0,
4158,03/05/2026,1,3,1,3,4,NULL,2026-05-03,,,MontoTotal_Raw nulo o vacío: NULL
4159,INVALID_DATE,2,4,2,4,5,129.0 €,,Fecha inválida: INVALID_DATE,129.0,
4160,2026-03-03,3,1,3,1,1,130.0 €,2026-03-03,,130.0,
4161,02/03/2026,4,2,4,2,2,176.5 USD,2026-03-02,,153.48,
4163,INVALID_DATE,6,4,6,4,4,133.0 €,,Fecha inválida: INVALID_DATE,133.0,
4164,2026-02-27,7,1,7,1,5,179.5 USD,2026-02-27,,156.09,
4167,INVALID_DATE,3,4,3,4,3,182.5 USD,,Fecha inválida: INVALID_DATE,158.7,
4168,2026-02-23,4,1,4,1,4,138.0 €,2026-02-23,,138.0,
4170,02/21/2026,6,3,6,3,1,185.5 USD,2026-02-21,,161.3,
4171,INVALID_DATE,7,4,7,4,2,141.0 €,,Fecha inválida: INVALID_DATE,141.0,
4174,02/17/2026,3,3,3,3,5,144.0 €,2026-02-17,,144.0,
4175,INVALID_DATE,4,4,4,4,1,145.0 €,,Fecha inválida: INVALID_DATE,145.0,
4177,14/02/2026,6,2,6,2,3,147.0 €,2026-02-14,,147.0,
4178,02/13/2026,7,3,7,3,4,148.0 €,2026-02-13,,148.0,
4179,INVALID_DATE,1,4,1,4,5,194.5 USD,,Fecha inválida: INVALID_DATE,169.13,
4181,10/02/2026,3,2,3,2,2,151.0 €,2026-02-10,,151.0,
4182,02/09/2026,4,3,4,3,3,197.5 USD,2026-09-02,,171.74,
4183,INVALID_DATE,5,4,5,4,4,153.0 €,,Fecha inválida: INVALID_DATE,153.0,
4184,2026-02-07,6,1,6,1,5,154.0 €,2026-02-07,,154.0,
4185,06/02/2026,7,2,7,2,1,200.5 USD,2026-02-06,,174.35,
4187,INVALID_DATE,2,4,2,4,3,157.0 €,,Fecha inválida: INVALID_DATE,157.0,
4188,2026-02-03,3,1,3,1,4,203.5 USD,2026-02-03,,176.96,
4189,02/02/2026,4,2,4,2,5,159.0 €,2026-02-02,,159.0,
4191,INVALID_DATE,6,4,6,4,2,NULL,,Fecha inválida: INVALID_DATE,,MontoTotal_Raw nulo o vacío: NULL
4192,2026-01-30,7,1,7,1,3,162.0 €,2026-01-30,,162.0,
4195,INVALID_DATE,3,4,3,4,1,165.0 €,,Fecha inválida: INVALID_DATE,165.0,
4196,2026-01-26,4,1,4,1,2,166.0 €,2026-01-26,,166.0,
4198,01/24/2026,6,3,6,3,4,168.0 €,2026-01-24,,168.0,
4199,INVALID_DATE,7,4,7,4,5,169.0 €,,Fecha inválida: INVALID_DATE,169.0,
4200,2026-01-22,1,1,1,1,1,-150.00 €,2026-01-22,,,MontoTotal_Raw negativo: -150.00 €
4202,01/20/2026,3,3,3,3,3,22.0 €,2026-01-20,,22.0,
4203,INVALID_DATE,4,4,4,4,4,18.5 USD,,Fecha inválida: INVALID_DATE,16.09,
4205,17/01/2026,6,2,6,2,1,25.0 €,2026-01-17,,25.0,
4206,01/16/2026,7,3,7,3,2,21.5 USD,2026-01-16,,18.7,
4207,INVALID_DATE,1,4,1,4,3,27.0 €,,Fecha inválida: INVALID_DATE,27.0,
4209,13/01/2026,3,2,3,2,5,24.5 USD,2026-01-13,,21.3,
4210,01/12/2026,4,3,4,3,1,30.0 €,2026-12-01,,30.0,
4211,INVALID_DATE,5,4,5,4,2,31.0 €,,Fecha inválida: INVALID_DATE,31.0,
4212,2026-01-10,6,1,6,1,3,27.5 USD,2026-01-10,,23.91,
4213,09/01/2026,7,2,7,2,4,33.0 €,2026-01-09,,33.0,
4215,INVALID_DATE,2,4,2,4,1,30.5 USD,,Fecha inválida: INVALID_DATE,26.52,
4216,2026-01-06,3,1,3,1,2,36.0 €,2026-01-06,,36.0,
4217,05/01/2026,4,2,4,2,3,37.0 €,2026-01-05,,37.0,
4219,INVALID_DATE,6,4,6,4,5,39.0 €,,Fecha inválida: INVALID_DATE,39.0,
4220,2026-01-02,7,1,7,1,1,40.0 €,2026-01-02,,40.0,
4223,INVALID_DATE,3,4,3,4,4,43.0 €,,Fecha inválida: INVALID_DATE,43.0,
4224,2025-12-29,4,1,4,1,5,NULL,2025-12-29,,,MontoTotal_Raw nulo o vacío: NULL
4226,12/27/2025,6,3,6,3,2,46.0 €,2025-12-27,,46.0,
4227,INVALID_DATE,7,4,7,4,3,42.5 USD,,Fecha inválida: INVALID_DATE,36.96,
4230,12/23/2025,3,3,3,3,1,45.5 USD,2025-12-23,,39.57,
4231,INVALID_DATE,4,4,4,4,2,51.0 €,,Fecha inválida: INVALID_DATE,51.0,
4233,20/12/2025,6,2,6,2,4,48.5 USD,2025-12-20,,42.17,
4234,12/19/2025,7,3,7,3,5,54.0 €,2025-12-19,,54.0,
4235,INVALID_DATE,1,4,1,4,1,55.0 €,,Fecha inválida: INVALID_DATE,55.0,
4237,16/12/2025,3,2,3,2,3,57.0 €,2025-12-16,,57.0,
4238,12/15/2025,4,3,4,3,4,58.0 €,2025-12-15,,58.0,
4239,INVALID_DATE,5,4,5,4,5,54.5 USD,,Fecha inválida: INVALID_DATE,47.39,
4240,2025-12-13,6,1,6,1,1,60.0 €,2025-12-13,,60.0,
4241,12/12/2025,7,2,7,2,2,61.0 €,2025-12-12,,61.0,
4243,INVALID_DATE,2,4,2,4,4,63.0 €,,Fecha inválida: INVALID_DATE,63.0,
4244,2025-12-09,3,1,3,1,5,64.0 €,2025-12-09,,64.0,
4245,08/12/2025,4,2,4,2,1,60.5 USD,2025-12-08,,52.61,
4247,INVALID_DATE,6,4,6,4,3,67.0 €,,Fecha inválida: INVALID_DATE,67.0,
4248,2025-12-05,7,1,7,1,4,63.5 USD,2025-12-05,,55.22,
4250,12/03/2025,2,3,2,3,1,-150.00 €,2025-03-12,,,MontoTotal_Raw negativo: -150.00 €
4251,INVALID_DATE,3,4,3,4,2,66.5 USD,,Fecha inválida: INVALID_DATE,57.83,
4252,2025-12-01,4,1,4,1,3,72.0 €,2025-12-01,,72.0,
4254,11/29/2025,6,3,6,3,5,69.5 USD,2025-11-29,,60.43,
4255,INVALID_DATE,7,4,7,4,1,75.0 €,,Fecha inválida: INVALID_DATE,75.0,
4257,26/11/2025,2,2,2,2,3,NULL,2025-11-26,,,MontoTotal_Raw nulo o vacío: NULL
4258,11/25/2025,3,3,3,3,4,78.0 €,2025-11-25,,78.0,
4259,INVALID_DATE,4,4,4,4,5,79.0 €,,Fecha inválida: INVALID_DATE,79.0,
4261,22/11/2025,6,2,6,2,2,81.0 €,2025-11-22,,81.0,
4262,11/21/2025,7,3,7,3,3,82.0 €,2025-11-21,,82.0,
4263,INVALID_DATE,1,4,1,4,4,78.5 USD,,Fecha inválida: INVALID_DATE,68.26,
4265,18/11/2025,3,2,3,2,1,85.0 €,2025-11-18,,85.0,
4266,11/17/2025,4,3,4,3,2,81.5 USD,2025-11-17,,70.87,
4267,INVALID_DATE,5,4,5,4,3,87.0 €,,Fecha inválida: INVALID_DATE,87.0,
4268,2025-11-15,6,1,6,1,4,88.0 €,2025-11-15,,88.0,
4269,14/11/2025,7,2,7,2,5,84.5 USD,2025-11-14,,73.48,
4271,INVALID_DATE,2,4,2,4,2,91.0 €,,Fecha inválida: INVALID_DATE,91.0,
4272,2025-11-11,3,1,3,1,3,87.5 USD,2025-11-11,,76.09,
4273,10/11/2025,4,2,4,2,4,93.0 €,2025-11-10,,93.0,
4275,INVALID_DATE,6,4,6,4,1,90.5 USD,,Fecha inválida: INVALID_DATE,78.7,
4276,2025-11-07,7,1,7,1,2,96.0 €,2025-11-07,,96.0,
4279,INVALID_DATE,3,4,3,4,5,99.0 €,,Fecha inválida: INVALID_DATE,99.0,
4280,2025-11-03,4,1,4,1,1,100.0 €,2025-11-03,,100.0,
4282,11/01/2025,6,3,6,3,3,102.0 €,2025-01-11,,102.0,
4283,INVALID_DATE,7,4,7,4,4,103.0 €,,Fecha inválida: INVALID_DATE,103.0,
4286,10/28/2025,3,3,3,3,2,106.0 €,2025-10-28,,106.0,
4287,INVALID_DATE,4,4,4,4,3,102.5 USD,,Fecha inválida: INVALID_DATE,89.13,
4289,25/10/2025,6,2,6,2,5,109.0 €,2025-10-25,,109.0,
4290,10/24/2025,7,3,7,3,1,NULL,2025-10-24,,,MontoTotal_Raw nulo o vacío: NULL
4291,INVALID_DATE,1,4,1,4,2,111.0 €,,Fecha inválida: INVALID_DATE,111.0,
4293,21/10/2025,3,2,3,2,4,108.5 USD,2025-10-21,,94.35,
4294,10/20/2025,4,3,4,3,5,114.0 €,2025-10-20,,114.0,
4295,INVALID_DATE,5,4,5,4,1,115.0 €,,Fecha inválida: INVALID_DATE,115.0,
4296,2025-10-18,6,1,6,1,2,111.5 USD,2025-10-18,,96.96,
4297,17/10/2025,7,2,7,2,3,117.0 €,2025-10-17,,117.0,
4299,INVALID_DATE,2,4,2,4,5,114.5 USD,,Fecha inválida: INVALID_DATE,99.57,
4300,2025-10-14,3,1,3,1,1,-150.00 €,2025-10-14,,,MontoTotal_Raw negativo: -150.00 €
4301,13/10/2025,4,2,4,2,2,121.0 €,2025-10-13,,121.0,
4303,INVALID_DATE,6,4,6,4,4,123.0 €,,Fecha inválida: INVALID_DATE,123.0,
4304,2025-10-10,7,1,7,1,5,124.0 €,2025-10-10,,124.0,
4307,INVALID_DATE,3,4,3,4,3,127.0 €,,Fecha inválida: INVALID_DATE,127.0,
4308,2025-10-06,4,1,4,1,4,123.5 USD,2025-10-06,,107.39,
4310,10/04/2025,6,3,6,3,1,130.0 €,2025-04-10,,130.0,
4311,INVALID_DATE,7,4,7,4,2,126.5 USD,,Fecha inválida: INVALID_DATE,110.0,
4314,09/30/2025,3,3,3,3,5,129.5 USD,2025-09-30,,112.61,
4315,INVALID_DATE,4,4,4,4,1,135.0 €,,Fecha inválida: INVALID_DATE,135.0,
4317,27/09/2025,6,2,6,2,3,132.5 USD,2025-09-27,,115.22,
4318,09/26/2025,7,3,7,3,4,138.0 €,2025-09-26,,138.0,
4319,INVALID_DATE,1,4,1,4,5,139.0 €,,Fecha inválida: INVALID_DATE,139.0,
4321,23/09/2025,3,2,3,2,2,141.0 €,2025-09-23,,141.0,
4322,09/22/2025,4,3,4,3,3,142.0 €,2025-09-22,,142.0,
4323,INVALID_DATE,5,4,5,4,4,NULL,,Fecha inválida: INVALID_DATE,,MontoTotal_Raw nulo o vacío: NULL
4324,2025-09-20,6,1,6,1,5,144.0 €,2025-09-20,,144.0,
4325,19/09/2025,7,2,7,2,1,145.0 €,2025-09-19,,145.0,
4327,INVALID_DATE,2,4,2,4,3,147.0 €,,Fecha inválida: INVALID_DATE,147.0,
4328,2025-09-16,3,1,3,1,4,148.0 €,2025-09-16,,148.0,
4329,15/09/2025,4,2,4,2,5,144.5 USD,2025-09-15,,125.65,
4331,INVALID_DATE,6,4,6,4,2,151.0 €,,Fecha inválida: INVALID_DATE,151.0,
4332,2025-09-12,7,1,7,1,3,147.5 USD,2025-09-12,,128.26,
4335,INVALID_DATE,3,4,3,4,1,150.5 USD,,Fecha inválida: INVALID_DATE,130.87,
4336,2025-09-08,4,1,4,1,2,156.0 €,2025-09-08,,156.0,
4338,09/06/2025,6,3,6,3,4,153.5 USD,2025-06-09,,133.48,
4339,INVALID_DATE,7,4,7,4,5,159.0 €,,Fecha inválida: INVALID_DATE,159.0,
4342,09/02/2025,3,3,3,3,3,162.0 €,2025-02-09,,162.0,
4343,INVALID_DATE,4,4,4,4,4,163.0 €,,Fecha inválida: INVALID_DATE,163.0,
4345,30/08/2025,6,2,6,2,1,165.0 €,2025-08-30,,165.0,
4346,08/29/2025,7,3,7,3,2,166.0 €,2025-08-29,,166.0,
4347,INVALID_DATE,1,4,1,4,3,162.5 USD,,Fecha inválida: INVALID_DATE,141.3,
4349,26/08/2025,3,2,3,2,5,169.0 €,2025-08-26,,169.0,
4350,08/25/2025,4,3,4,3,1,-150.00 €,2025-08-25,,,MontoTotal_Raw negativo: -150.00 €
4351,INVALID_DATE,5,4,5,4,2,21.0 €,,Fecha inválida: INVALID_DATE,21.0,
4352,2025-08-23,6,1,6,1,3,22.0 €,2025-08-23,,22.0,
4353,22/08/2025,7,2,7,2,4,168.5 USD,2025-08-22,,146.52,
4355,INVALID_DATE,2,4,2,4,1,25.0 €,,Fecha inválida: INVALID_DATE,25.0,
4356,2025-08-19,3,1,3,1,2,NULL,2025-08-19,,,MontoTotal_Raw nulo o vacío: NULL
4357,18/08/2025,4,2,4,2,3,27.0 €,2025-08-18,,27.0,
4359,INVALID_DATE,6,4,6,4,5,174.5 USD,,Fecha inválida: INVALID_DATE,151.74,
4360,2025-08-15,7,1,7,1,1,30.0 €,2025-08-15,,30.0,
4363,INVALID_DATE,3,4,3,4,4,33.0 €,,Fecha inválida: INVALID_DATE,33.0,
4364,2025-08-11,4,1,4,1,5,34.0 €,2025-08-11,,34.0,
4366,08/09/2025,6,3,6,3,2,36.0 €,2025-09-08,,36.0,
4367,INVALID_DATE,7,4,7,4,3,37.0 €,,Fecha inválida: INVALID_DATE,37.0,
4370,08/05/2025,3,3,3,3,1,40.0 €,2025-05-08,,40.0,
4371,INVALID_DATE,4,4,4,4,2,186.5 USD,,Fecha inválida: INVALID_DATE,162.17,
4373,02/08/2025,6,2,6,2,4,43.0 €,2025-08-02,,43.0,
4374,08/01/2025,7,3,7,3,5,189.5 USD,2025-01-08,,164.78,
4375,INVALID_DATE,1,4,1,4,1,45.0 €,,Fecha inválida: INVALID_DATE,45.0,
4377,29/07/2025,3,2,3,2,3,192.5 USD,2025-07-29,,167.39,
4378,07/28/2025,4,3,4,3,4,48.0 €,2025-07-28,,48.0,
4379,INVALID_DATE,5,4,5,4,5,49.0 €,,Fecha inválida: INVALID_DATE,49.0,
4380,2025-07-26,6,1,6,1,1,195.5 USD,2025-07-26,,170.0,
4381,25/07/2025,7,2,7,2,2,51.0 €,2025-07-25,,51.0,
4383,INVALID_DATE,2,4,2,4,4,198.5 USD,,Fecha inválida: INVALID_DATE,172.61,
4384,2025-07-22,3,1,3,1,5,54.0 €,2025-07-22,,54.0,
4385,21/07/2025,4,2,4,2,1,55.0 €,2025-07-21,,55.0,
4387,INVALID_DATE,6,4,6,4,3,57.0 €,,Fecha inválida: INVALID_DATE,57.0,
4388,2025-07-18,7,1,7,1,4,58.0 €,2025-07-18,,58.0,
4389,17/07/2025,1,2,1,2,5,NULL,2025-07-17,,,MontoTotal_Raw nulo o vacío: NULL
4391,INVALID_DATE,3,4,3,4,2,61.0 €,,Fecha inválida: INVALID_DATE,61.0,
4392,2025-07-14,4,1,4,1,3,207.5 USD,2025-07-14,,180.43,
4394,07/12/2025,6,3,6,3,5,64.0 €,2025-12-07,,64.0,
4395,INVALID_DATE,7,4,7,4,1,210.5 USD,,Fecha inválida: INVALID_DATE,183.04,
4398,07/08/2025,3,3,3,3,4,213.5 USD,2025-08-07,,185.65,
4399,INVALID_DATE,4,4,4,4,5,69.0 €,,Fecha inválida: INVALID_DATE,69.0,
4400,2025-07-06,5,1,5,1,1,-150.00 €,2025-07-06,,,MontoTotal_Raw negativo: -150.00 €
4401,05/07/2025,6,2,6,2,2,16.5 USD,2025-07-05,,14.35,
4402,07/04/2025,7,3,7,3,3,72.0 €,2025-04-07,,72.0,
4403,INVALID_DATE,1,4,1,4,4,73.0 €,,Fecha inválida: INVALID_DATE,73.0,
4405,01/07/2025,3,2,3,2,1,75.0 €,2025-07-01,,75.0,
4406,06/30/2025,4,3,4,3,2,76.0 €,2025-06-30,,76.0,
4407,INVALID_DATE,5,4,5,4,3,22.5 USD,,Fecha inválida: INVALID_DATE,19.57,
4408,2025-06-28,6,1,6,1,4,78.0 €,2025-06-28,,78.0,
4409,27/06/2025,7,2,7,2,5,79.0 €,2025-06-27,,79.0,
4411,INVALID_DATE,2,4,2,4,2,81.0 €,,Fecha inválida: INVALID_DATE,81.0,
4412,2025-06-24,3,1,3,1,3,82.0 €,2025-06-24,,82.0,
4413,23/06/2025,4,2,4,2,4,28.5 USD,2025-06-23,,24.78,
4415,INVALID_DATE,6,4,6,4,1,85.0 €,,Fecha inválida: INVALID_DATE,85.0,
4416,2025-06-20,7,1,7,1,2,31.5 USD,2025-06-20,,27.39,
4419,INVALID_DATE,3,4,3,4,5,34.5 USD,,Fecha inválida: INVALID_DATE,30.0,
4420,2025-06-16,4,1,4,1,1,90.0 €,2025-06-16,,90.0,
4422,06/14/2025,6,3,6,3,3,NULL,2025-06-14,,,MontoTotal_Raw nulo o vacío: NULL
4423,INVALID_DATE,7,4,7,4,4,93.0 €,,Fecha inválida: INVALID_DATE,93.0,
4426,06/10/2025,3,3,3,3,2,96.0 €,2025-10-06,,96.0,
4427,INVALID_DATE,4,4,4,4,3,97.0 €,,Fecha inválida: INVALID_DATE,97.0,
4429,07/06/2025,6,2,6,2,5,99.0 €,2025-06-07,,99.0,
4430,06/06/2025,7,3,7,3,1,100.0 €,2025-06-06,,100.0,
4431,INVALID_DATE,1,4,1,4,2,46.5 USD,,Fecha inválida: INVALID_DATE,40.43,
4433,03/06/2025,3,2,3,2,4,103.0 €,2025-06-03,,103.0,
4434,06/02/2025,4,3,4,3,5,49.5 USD,2025-02-06,,43.04,
4435,INVALID_DATE,5,4,5,4,1,105.0 €,,Fecha inválida: INVALID_DATE,105.0,
4436,2025-05-31,6,1,6,1,2,106.0 €,2025-05-31,,106.0,
4437,30/05/2025,7,2,7,2,3,52.5 USD,2025-05-30,,45.65,
4439,INVALID_DATE,2,4,2,4,5,109.0 €,,Fecha inválida: INVALID_DATE,109.0,
4440,2025-05-27,3,1,3,1,1,55.5 USD,2025-05-27,,48.26,
4441,26/05/2025,4,2,4,2,2,111.0 €,2025-05-26,,111.0,
4443,INVALID_DATE,6,4,6,4,4,58.5 USD,,Fecha inválida: INVALID_DATE,50.87,
4444,2025-05-23,7,1,7,1,5,114.0 €,2025-05-23,,114.0,
4447,INVALID_DATE,3,4,3,4,3,117.0 €,,Fecha inválida: INVALID_DATE,117.0,
4448,2025-05-19,4,1,4,1,4,118.0 €,2025-05-19,,118.0,
4450,05/17/2025,6,3,6,3,1,-150.00 €,2025-05-17,,,MontoTotal_Raw negativo: -150.00 €
4451,INVALID_DATE,7,4,7,4,2,121.0 €,,Fecha inválida: INVALID_DATE,121.0,
4454,05/13/2025,3,3,3,3,5,124.0 €,2025-05-13,,124.0,
4455,INVALID_DATE,4,4,4,4,1,NULL,,Fecha inválida: INVALID_DATE,,MontoTotal_Raw nulo o vacío: NULL
4457,10/05/2025,6,2,6,2,3,127.0 €,2025-05-10,,127.0,
4458,05/09/2025,7,3,7,3,4,73.5 USD,2025-09-05,,63.91,
4459,INVALID_DATE,1,4,1,4,5,129.0 €,,Fecha inválida: INVALID_DATE,129.0,
4461,06/05/2025,3,2,3,2,2,76.5 USD,2025-05-06,,66.52,
4462,05/05/2025,4,3,4,3,3,132.0 €,2025-05-05,,132.0,
4463,INVALID_DATE,5,4,5,4,4,133.0 €,,Fecha inválida: INVALID_DATE,133.0,
4464,2025-05-03,6,1,6,1,5,79.5 USD,2025-05-03,,69.13,
4465,02/05/2025,7,2,7,2,1,135.0 €,2025-05-02,,135.0,
4467,INVALID_DATE,2,4,2,4,3,82.5 USD,,Fecha inválida: INVALID_DATE,71.74,
4468,2025-04-29,3,1,3,1,4,138.0 €,2025-04-29,,138.0,
4469,28/04/2025,4,2,4,2,5,139.0 €,2025-04-28,,139.0,
4471,INVALID_DATE,6,4,6,4,2,141.0 €,,Fecha inválida: INVALID_DATE,141.0,
4472,2025-04-25,7,1,7,1,3,142.0 €,2025-04-25,,142.0,
4475,INVALID_DATE,3,4,3,4,1,145.0 €,,Fecha inválida: INVALID_DATE,145.0,
4476,2025-04-21,4,1,4,1,2,91.5 USD,2025-04-21,,79.57,
4478,04/19/2025,6,3,6,3,4,148.0 €,2025-04-19,,148.0,
4479,INVALID_DATE,7,4,7,4,5,94.5 USD,,Fecha inválida: INVALID_DATE,82.17,
4482,04/15/2025,3,3,3,3,3,97.5 USD,2025-04-15,,84.78,
4483,INVALID_DATE,4,4,4,4,4,153.0 €,,Fecha inválida: INVALID_DATE,153.0,
4485,12/04/2025,6,2,6,2,1,100.5 USD,2025-04-12,,87.39,
4486,04/11/2025,7,3,7,3,2,156.0 €,2025-11-04,,156.0,
4487,INVALID_DATE,1,4,1,4,3,157.0 €,,Fecha inválida: INVALID_DATE,157.0,
4488,2025-04-09,2,1,2,1,4,NULL,2025-04-09,,,MontoTotal_Raw nulo o vacío: NULL
4489,08/04/2025,3,2,3,2,5,159.0 €,2025-04-08,,159.0,
4490,04/07/2025,4,3,4,3,1,160.0 €,2025-07-04,,160.0,
4491,INVALID_DATE,5,4,5,4,2,106.5 USD,,Fecha inválida: INVALID_DATE,92.61,
4492,2025-04-05,6,1,6,1,3,162.0 €,2025-04-05,,162.0,
4493,04/04/2025,7,2,7,2,4,163.0 €,2025-04-04,,163.0,
4495,INVALID_DATE,2,4,2,4,1,165.0 €,,Fecha inválida: INVALID_DATE,165.0,
4496,2025-04-01,3,1,3,1,2,166.0 €,2025-04-01,,166.0,
4497,31/03/2025,4,2,4,2,3,112.5 USD,2025-03-31,,97.83,
4499,INVALID_DATE,6,4,6,4,5,169.0 €,,Fecha inválida: INVALID_DATE,169.0,
4500,2025-03-28,7,1,7,1,1,-150.00 €,2025-03-28,,,MontoTotal_Raw negativo: -150.00 €
4503,INVALID_DATE,3,4,3,4,4,118.5 USD,,Fecha inválida: INVALID_DATE,103.04,
4504,2025-03-24,4,1,4,1,5,24.0 €,2025-03-24,,24.0,
4506,03/22/2025,6,3,6,3,2,121.5 USD,2025-03-22,,105.65,
4507,INVALID_DATE,7,4,7,4,3,27.0 €,,Fecha inválida: INVALID_DATE,27.0,
4510,03/18/2025,3,3,3,3,1,30.0 €,2025-03-18,,30.0,
4511,INVALID_DATE,4,4,4,4,2,31.0 €,,Fecha inválida: INVALID_DATE,31.0,
4513,15/03/2025,6,2,6,2,4,33.0 €,2025-03-15,,33.0,
4514,03/14/2025,7,3,7,3,5,34.0 €,2025-03-14,,34.0,
4515,INVALID_DATE,1,4,1,4,1,130.5 USD,,Fecha inválida: INVALID_DATE,113.48,
4517,11/03/2025,3,2,3,2,3,37.0 €,2025-03-11,,37.0,
4518,03/10/2025,4,3,4,3,4,133.5 USD,2025-10-03,,116.09,
4519,INVALID_DATE,5,4,5,4,5,39.0 €,,Fecha inválida: INVALID_DATE,39.0,
4520,2025-03-08,6,1,6,1,1,40.0 €,2025-03-08,,40.0,
4521,07/03/2025,7,2,7,2,2,NULL,2025-03-07,,,MontoTotal_Raw nulo o vacío: NULL
4523,INVALID_DATE,2,4,2,4,4,43.0 €,,Fecha inválida: INVALID_DATE,43.0,
4524,2025-03-04,3,1,3,1,5,139.5 USD,2025-03-04,,121.3,
4525,03/03/2025,4,2,4,2,1,45.0 €,2025-03-03,,45.0,
4527,INVALID_DATE,6,4,6,4,3,142.5 USD,,Fecha inválida: INVALID_DATE,123.91,
4528,2025-02-28,7,1,7,1,4,48.0 €,2025-02-28,,48.0,
4531,INVALID_DATE,3,4,3,4,2,51.0 €,,Fecha inválida: INVALID_DATE,51.0,
4532,2025-02-24,4,1,4,1,3,52.0 €,2025-02-24,,52.0,
4534,02/22/2025,6,3,6,3,5,54.0 €,2025-02-22,,54.0,
4535,INVALID_DATE,7,4,7,4,1,55.0 €,,Fecha inválida: INVALID_DATE,55.0,
4538,02/18/2025,3,3,3,3,4,58.0 €,2025-02-18,,58.0,
4539,INVALID_DATE,4,4,4,4,5,154.5 USD,,Fecha inválida: INVALID_DATE,134.35,
4541,15/02/2025,6,2,6,2,2,61.0 €,2025-02-15,,61.0,
4542,02/14/2025,7,3,7,3,3,157.5 USD,2025-02-14,,136.96,
4543,INVALID_DATE,1,4,1,4,4,63.0 €,,Fecha inválida: INVALID_DATE,63.0,
4545,11/02/2025,3,2,3,2,1,160.5 USD,2025-02-11,,139.57,
4546,02/10/2025,4,3,4,3,2,66.0 €,2025-10-02,,66.0,
4547,INVALID_DATE,5,4,5,4,3,67.0 €,,Fecha inválida: INVALID_DATE,67.0,
4548,2025-02-08,6,1,6,1,4,163.5 USD,2025-02-08,,142.17,
4549,07/02/2025,7,2,7,2,5,69.0 €,2025-02-07,,69.0,
4550,02/06/2025,1,3,1,3,1,-150.00 €,2025-06-02,,,MontoTotal_Raw negativo: -150.00 €
4551,INVALID_DATE,2,4,2,4,2,166.5 USD,,Fecha inválida: INVALID_DATE,144.78,
4552,2025-02-04,3,1,3,1,3,72.0 €,2025-02-04,,72.0,
4553,03/02/2025,4,2,4,2,4,73.0 €,2025-02-03,,73.0,
4554,02/02/2025,5,3,5,3,5,NULL,2025-02-02,,,MontoTotal_Raw nulo o vacío: NULL
4555,INVALID_DATE,6,4,6,4,1,75.0 €,,Fecha inválida: INVALID_DATE,75.0,
4556,2025-01-31,7,1,7,1,2,76.0 €,2025-01-31,,76.0,
4559,INVALID_DATE,3,4,3,4,5,79.0 €,,Fecha inválida: INVALID_DATE,79.0,
4560,2025-01-27,4,1,4,1,1,175.5 USD,2025-01-27,,152.61,
4562,01/25/2025,6,3,6,3,3,82.0 €,2025-01-25,,82.0,
4563,INVALID_DATE,7,4,7,4,4,178.5 USD,,Fecha inválida: INVALID_DATE,155.22,
4566,01/21/2025,3,3,3,3,2,181.5 USD,2025-01-21,,157.83,
4567,INVALID_DATE,4,4,4,4,3,87.0 €,,Fecha inválida: INVALID_DATE,87.0,
4569,18/01/2025,6,2,6,2,5,184.5 USD,2025-01-18,,160.43,
4570,01/17/2025,7,3,7,3,1,90.0 €,2025-01-17,,90.0,
4571,INVALID_DATE,1,4,1,4,2,91.0 €,,Fecha inválida: INVALID_DATE,91.0,
4573,14/01/2025,3,2,3,2,4,93.0 €,2025-01-14,,93.0,
4574,01/13/2025,4,3,4,3,5,94.0 €,2025-01-13,,94.0,
4575,INVALID_DATE,5,4,5,4,1,190.5 USD,,Fecha inválida: INVALID_DATE,165.65,
4576,2025-01-11,6,1,6,1,2,96.0 €,2025-01-11,,96.0,
4577,10/01/2025,7,2,7,2,3,97.0 €,2025-01-10,,97.0,
4579,INVALID_DATE,2,4,2,4,5,99.0 €,,Fecha inválida: INVALID_DATE,99.0,
4580,2025-01-07,3,1,3,1,1,100.0 €,2025-01-07,,100.0,
4581,06/01/2025,4,2,4,2,2,196.5 USD,2025-01-06,,170.87,
4583,INVALID_DATE,6,4,6,4,4,103.0 €,,Fecha inválida: INVALID_DATE,103.0,
4584,2025-01-03,7,1,7,1,5,199.5 USD,2025-01-03,,173.48,
4587,INVALID_DATE,3,4,3,4,3,NULL,,Fecha inválida: INVALID_DATE,,MontoTotal_Raw nulo o vacío: NULL
4588,2024-12-30,4,1,4,1,4,108.0 €,2024-12-30,,108.0,
4590,12/28/2024,6,3,6,3,1,205.5 USD,2024-12-28,,178.7,
4591,INVALID_DATE,7,4,7,4,2,111.0 €,,Fecha inválida: INVALID_DATE,111.0,
4594,12/24/2024,3,3,3,3,5,114.0 €,2024-12-24,,114.0,
4595,INVALID_DATE,4,4,4,4,1,115.0 €,,Fecha inválida: INVALID_DATE,115.0,
4597,21/12/2024,6,2,6,2,3,117.0 €,2024-12-21,,117.0,
4598,12/20/2024,7,3,7,3,4,118.0 €,2024-12-20,,118.0,
4599,INVALID_DATE,1,4,1,4,5,214.5 USD,,Fecha inválida: INVALID_DATE,186.52,
4600,2024-12-18,2,1,2,1,1,-150.00 €,2024-12-18,,,MontoTotal_Raw negativo: -150.00 €
4601,17/12/2024,3,2,3,2,2,121.0 €,2024-12-17,,121.0,
4602,12/16/2024,4,3,4,3,3,17.5 USD,2024-12-16,,15.22,
4603,INVALID_DATE,5,4,5,4,4,123.0 €,,Fecha inválida: INVALID_DATE,123.0,
4604,2024-12-14,6,1,6,1,5,124.0 €,2024-12-14,,124.0,
4605,13/12/2024,7,2,7,2,1,20.5 USD,2024-12-13,,17.83,
4607,INVALID_DATE,2,4,2,4,3,127.0 €,,Fecha inválida: INVALID_DATE,127.0,
4608,2024-12-10,3,1,3,1,4,23.5 USD,2024-12-10,,20.43,
4609,09/12/2024,4,2,4,2,5,129.0 €,2024-12-09,,129.0,
4611,INVALID_DATE,6,4,6,4,2,26.5 USD,,Fecha inválida: INVALID_DATE,23.04,
4612,2024-12-06,7,1,7,1,3,132.0 €,2024-12-06,,132.0,
4615,INVALID_DATE,3,4,3,4,1,135.0 €,,Fecha inválida: INVALID_DATE,135.0,
4616,2024-12-02,4,1,4,1,2,136.0 €,2024-12-02,,136.0,
4618,11/30/2024,6,3,6,3,4,138.0 €,2024-11-30,,138.0,
4619,INVALID_DATE,7,4,7,4,5,139.0 €,,Fecha inválida: INVALID_DATE,139.0,
4620,2024-11-28,1,1,1,1,1,NULL,2024-11-28,,,MontoTotal_Raw nulo o vacío: NULL
4622,11/26/2024,3,3,3,3,3,142.0 €,2024-11-26,,142.0,
4623,INVALID_DATE,4,4,4,4,4,38.5 USD,,Fecha inválida: INVALID_DATE,33.48,
4625,23/11/2024,6,2,6,2,1,145.0 €,2024-11-23,,145.0,
4626,11/22/2024,7,3,7,3,2,41.5 USD,2024-11-22,,36.09,
4627,INVALID_DATE,1,4,1,4,3,147.0 €,,Fecha inválida: INVALID_DATE,147.0,
4629,19/11/2024,3,2,3,2,5,44.5 USD,2024-11-19,,38.7,
4630,11/18/2024,4,3,4,3,1,150.0 €,2024-11-18,,150.0,
4631,INVALID_DATE,5,4,5,4,2,151.0 €,,Fecha inválida: INVALID_DATE,151.0,
4632,2024-11-16,6,1,6,1,3,47.5 USD,2024-11-16,,41.3,
4633,15/11/2024,7,2,7,2,4,153.0 €,2024-11-15,,153.0,
4635,INVALID_DATE,2,4,2,4,1,50.5 USD,,Fecha inválida: INVALID_DATE,43.91,
4636,2024-11-12,3,1,3,1,2,156.0 €,2024-11-12,,156.0,
4637,11/11/2024,4,2,4,2,3,157.0 €,2024-11-11,,157.0,
4639,INVALID_DATE,6,4,6,4,5,159.0 €,,Fecha inválida: INVALID_DATE,159.0,
4640,2024-11-08,7,1,7,1,1,160.0 €,2024-11-08,,160.0,
4643,INVALID_DATE,3,4,3,4,4,163.0 €,,Fecha inválida: INVALID_DATE,163.0,
4644,2024-11-04,4,1,4,1,5,59.5 USD,2024-11-04,,51.74,
4646,11/02/2024,6,3,6,3,2,166.0 €,2024-02-11,,166.0,
4647,INVALID_DATE,7,4,7,4,3,62.5 USD,,Fecha inválida: INVALID_DATE,54.35,
4650,10/29/2024,3,3,3,3,1,-150.00 €,2024-10-29,,,MontoTotal_Raw negativo: -150.00 €
4651,INVALID_DATE,4,4,4,4,2,21.0 €,,Fecha inválida: INVALID_DATE,21.0,
4653,26/10/2024,6,2,6,2,4,NULL,2024-10-26,,,MontoTotal_Raw nulo o vacío: NULL
4654,10/25/2024,7,3,7,3,5,24.0 €,2024-10-25,,24.0,
4655,INVALID_DATE,1,4,1,4,1,25.0 €,,Fecha inválida: INVALID_DATE,25.0,
4657,22/10/2024,3,2,3,2,3,27.0 €,2024-10-22,,27.0,
4658,10/21/2024,4,3,4,3,4,28.0 €,2024-10-21,,28.0,
4659,INVALID_DATE,5,4,5,4,5,74.5 USD,,Fecha inválida: INVALID_DATE,64.78,
4660,2024-10-19,6,1,6,1,1,30.0 €,2024-10-19,,30.0,
4661,18/10/2024,7,2,7,2,2,31.0 €,2024-10-18,,31.0,
4663,INVALID_DATE,2,4,2,4,4,33.0 €,,Fecha inválida: INVALID_DATE,33.0,
4664,2024-10-15,3,1,3,1,5,34.0 €,2024-10-15,,34.0,
4665,14/10/2024,4,2,4,2,1,80.5 USD,2024-10-14,,70.0,
4667,INVALID_DATE,6,4,6,4,3,37.0 €,,Fecha inválida: INVALID_DATE,37.0,
4668,2024-10-11,7,1,7,1,4,83.5 USD,2024-10-11,,72.61,
4671,INVALID_DATE,3,4,3,4,2,86.5 USD,,Fecha inválida: INVALID_DATE,75.22,
4672,2024-10-07,4,1,4,1,3,42.0 €,2024-10-07,,42.0,
4674,10/05/2024,6,3,6,3,5,89.5 USD,2024-05-10,,77.83,
4675,INVALID_DATE,7,4,7,4,1,45.0 €,,Fecha inválida: INVALID_DATE,45.0,
4678,10/01/2024,3,3,3,3,4,48.0 €,2024-01-10,,48.0,
4679,INVALID_DATE,4,4,4,4,5,49.0 €,,Fecha inválida: INVALID_DATE,49.0,
4681,28/09/2024,6,2,6,2,2,51.0 €,2024-09-28,,51.0,
4682,09/27/2024,7,3,7,3,3,52.0 €,2024-09-27,,52.0,
4683,INVALID_DATE,1,4,1,4,4,98.5 USD,,Fecha inválida: INVALID_DATE,85.65,
4685,24/09/2024,3,2,3,2,1,55.0 €,2024-09-24,,55.0,
4686,09/23/2024,4,3,4,3,2,NULL,2024-09-23,,,MontoTotal_Raw nulo o vacío: NULL
4687,INVALID_DATE,5,4,5,4,3,57.0 €,,Fecha inválida: INVALID_DATE,57.0,
4688,2024-09-21,6,1,6,1,4,58.0 €,2024-09-21,,58.0,
4689,20/09/2024,7,2,7,2,5,104.5 USD,2024-09-20,,90.87,
4691,INVALID_DATE,2,4,2,4,2,61.0 €,,Fecha inválida: INVALID_DATE,61.0,
4692,2024-09-17,3,1,3,1,3,107.5 USD,2024-09-17,,93.48,
4693,16/09/2024,4,2,4,2,4,63.0 €,2024-09-16,,63.0,
4695,INVALID_DATE,6,4,6,4,1,110.5 USD,,Fecha inválida: INVALID_DATE,96.09,
4696,2024-09-13,7,1,7,1,2,66.0 €,2024-09-13,,66.0,
4699,INVALID_DATE,3,4,3,4,5,69.0 €,,Fecha inválida: INVALID_DATE,69.0,
4700,2024-09-09,4,1,4,1,1,-150.00 €,2024-09-09,,,MontoTotal_Raw negativo: -150.00 €
4702,09/07/2024,6,3,6,3,3,72.0 €,2024-07-09,,72.0,
4703,INVALID_DATE,7,4,7,4,4,73.0 €,,Fecha inválida: INVALID_DATE,73.0,
4706,09/03/2024,3,3,3,3,2,76.0 €,2024-03-09,,76.0,
4707,INVALID_DATE,4,4,4,4,3,122.5 USD,,Fecha inválida: INVALID_DATE,106.52,
4709,31/08/2024,6,2,6,2,5,79.0 €,2024-08-31,,79.0,
4710,08/30/2024,7,3,7,3,1,125.5 USD,2024-08-30,,109.13,
4711,INVALID_DATE,1,4,1,4,2,81.0 €,,Fecha inválida: INVALID_DATE,81.0,
4713,27/08/2024,3,2,3,2,4,128.5 USD,2024-08-27,,111.74,
4714,08/26/2024,4,3,4,3,5,84.0 €,2024-08-26,,84.0,
4715,INVALID_DATE,5,4,5,4,1,85.0 €,,Fecha inválida: INVALID_DATE,85.0,
4716,2024-08-24,6,1,6,1,2,131.5 USD,2024-08-24,,114.35,
4717,23/08/2024,7,2,7,2,3,87.0 €,2024-08-23,,87.0,
4719,INVALID_DATE,2,4,2,4,5,NULL,,Fecha inválida: INVALID_DATE,,MontoTotal_Raw nulo o vacío: NULL
4720,2024-08-20,3,1,3,1,1,90.0 €,2024-08-20,,90.0,
4721,19/08/2024,4,2,4,2,2,91.0 €,2024-08-19,,91.0,
4723,INVALID_DATE,6,4,6,4,4,93.0 €,,Fecha inválida: INVALID_DATE,93.0,
4724,2024-08-16,7,1,7,1,5,94.0 €,2024-08-16,,94.0,
4727,INVALID_DATE,3,4,3,4,3,97.0 €,,Fecha inválida: INVALID_DATE,97.0,
4728,2024-08-12,4,1,4,1,4,143.5 USD,2024-08-12,,124.78,
4730,08/10/2024,6,3,6,3,1,100.0 €,2024-10-08,,100.0,
4731,INVALID_DATE,7,4,7,4,2,146.5 USD,,Fecha inválida: INVALID_DATE,127.39,
4734,08/06/2024,3,3,3,3,5,149.5 USD,2024-06-08,,130.0,
4735,INVALID_DATE,4,4,4,4,1,105.0 €,,Fecha inválida: INVALID_DATE,105.0,
4737,03/08/2024,6,2,6,2,3,152.5 USD,2024-08-03,,132.61,
4738,08/02/2024,7,3,7,3,4,108.0 €,2024-02-08,,108.0,
4739,INVALID_DATE,1,4,1,4,5,109.0 €,,Fecha inválida: INVALID_DATE,109.0,
4741,30/07/2024,3,2,3,2,2,111.0 €,2024-07-30,,111.0,
4742,07/29/2024,4,3,4,3,3,112.0 €,2024-07-29,,112.0,
4743,INVALID_DATE,5,4,5,4,4,158.5 USD,,Fecha inválida: INVALID_DATE,137.83,
4744,2024-07-27,6,1,6,1,5,114.0 €,2024-07-27,,114.0,
4745,26/07/2024,7,2,7,2,1,115.0 €,2024-07-26,,115.0,
4747,INVALID_DATE,2,4,2,4,3,117.0 €,,Fecha inválida: INVALID_DATE,117.0,
4748,2024-07-23,3,1,3,1,4,118.0 €,2024-07-23,,118.0,
4749,22/07/2024,4,2,4,2,5,164.5 USD,2024-07-22,,143.04,
4750,07/21/2024,5,3,5,3,1,-150.00 €,2024-07-21,,,MontoTotal_Raw negativo: -150.00 €
4751,INVALID_DATE,6,4,6,4,2,121.0 €,,Fecha inválida: INVALID_DATE,121.0,
4752,2024-07-19,7,1,7,1,3,NULL,2024-07-19,,,MontoTotal_Raw nulo o vacío: NULL
4755,INVALID_DATE,3,4,3,4,1,170.5 USD,,Fecha inválida: INVALID_DATE,148.26,
4756,2024-07-15,4,1,4,1,2,126.0 €,2024-07-15,,126.0,
4758,07/13/2024,6,3,6,3,4,173.5 USD,2024-07-13,,150.87,
4759,INVALID_DATE,7,4,7,4,5,129.0 €,,Fecha inválida: INVALID_DATE,129.0,
4762,07/09/2024,3,3,3,3,3,132.0 €,2024-09-07,,132.0,
4763,INVALID_DATE,4,4,4,4,4,133.0 €,,Fecha inválida: INVALID_DATE,133.0,
4765,06/07/2024,6,2,6,2,1,135.0 €,2024-07-06,,135.0,
4766,07/05/2024,7,3,7,3,2,136.0 €,2024-05-07,,136.0,
4767,INVALID_DATE,1,4,1,4,3,182.5 USD,,Fecha inválida: INVALID_DATE,158.7,
4769,02/07/2024,3,2,3,2,5,139.0 €,2024-07-02,,139.0,
4770,07/01/2024,4,3,4,3,1,185.5 USD,2024-01-07,,161.3,
4771,INVALID_DATE,5,4,5,4,2,141.0 €,,Fecha inválida: INVALID_DATE,141.0,
4772,2024-06-29,6,1,6,1,3,142.0 €,2024-06-29,,142.0,
4773,28/06/2024,7,2,7,2,4,188.5 USD,2024-06-28,,163.91,
4775,INVALID_DATE,2,4,2,4,1,145.0 €,,Fecha inválida: INVALID_DATE,145.0,
4776,2024-06-25,3,1,3,1,2,191.5 USD,2024-06-25,,166.52,
4777,24/06/2024,4,2,4,2,3,147.0 €,2024-06-24,,147.0,
4779,INVALID_DATE,6,4,6,4,5,194.5 USD,,Fecha inválida: INVALID_DATE,169.13,
4780,2024-06-21,7,1,7,1,1,150.0 €,2024-06-21,,150.0,
4783,INVALID_DATE,3,4,3,4,4,153.0 €,,Fecha inválida: INVALID_DATE,153.0,
4784,2024-06-17,4,1,4,1,5,154.0 €,2024-06-17,,154.0,
4785,16/06/2024,5,2,5,2,1,NULL,2024-06-16,,,MontoTotal_Raw nulo o vacío: NULL
4786,06/15/2024,6,3,6,3,2,156.0 €,2024-06-15,,156.0,
4787,INVALID_DATE,7,4,7,4,3,157.0 €,,Fecha inválida: INVALID_DATE,157.0,
4790,06/11/2024,3,3,3,3,1,160.0 €,2024-11-06,,160.0,
4791,INVALID_DATE,4,4,4,4,2,206.5 USD,,Fecha inválida: INVALID_DATE,179.57,
4793,08/06/2024,6,2,6,2,4,163.0 €,2024-06-08,,163.0,
4794,06/07/2024,7,3,7,3,5,209.5 USD,2024-07-06,,182.17,
4795,INVALID_DATE,1,4,1,4,1,165.0 €,,Fecha inválida: INVALID_DATE,165.0,
4797,04/06/2024,3,2,3,2,3,212.5 USD,2024-06-04,,184.78,
4798,06/03/2024,4,3,4,3,4,168.0 €,2024-03-06,,168.0,
4799,INVALID_DATE,5,4,5,4,5,169.0 €,,Fecha inválida: INVALID_DATE,169.0,
4800,2024-06-01,6,1,6,1,1,-150.00 €,2024-06-01,,,MontoTotal_Raw negativo: -150.00 €
4801,31/05/2024,7,2,7,2,2,21.0 €,2024-05-31,,21.0,
4803,INVALID_DATE,2,4,2,4,4,18.5 USD,,Fecha inválida: INVALID_DATE,16.09,
4804,2024-05-28,3,1,3,1,5,24.0 €,2024-05-28,,24.0,
4805,27/05/2024,4,2,4,2,1,25.0 €,2024-05-27,,25.0,
4807,INVALID_DATE,6,4,6,4,3,27.0 €,,Fecha inválida: INVALID_DATE,27.0,
4808,2024-05-24,7,1,7,1,4,28.0 €,2024-05-24,,28.0,
4811,INVALID_DATE,3,4,3,4,2,31.0 €,,Fecha inválida: INVALID_DATE,31.0,
4812,2024-05-20,4,1,4,1,3,27.5 USD,2024-05-20,,23.91,
4814,05/18/2024,6,3,6,3,5,34.0 €,2024-05-18,,34.0,
4815,INVALID_DATE,7,4,7,4,1,30.5 USD,,Fecha inválida: INVALID_DATE,26.52,
4818,05/14/2024,3,3,3,3,4,NULL,2024-05-14,,,MontoTotal_Raw nulo o vacío: NULL
4819,INVALID_DATE,4,4,4,4,5,39.0 €,,Fecha inválida: INVALID_DATE,39.0,
4821,11/05/2024,6,2,6,2,2,36.5 USD,2024-05-11,,31.74,
4822,05/10/2024,7,3,7,3,3,42.0 €,2024-10-05,,42.0,
4823,INVALID_DATE,1,4,1,4,4,43.0 €,,Fecha inválida: INVALID_DATE,43.0,
4825,07/05/2024,3,2,3,2,1,45.0 €,2024-05-07,,45.0,
4826,05/06/2024,4,3,4,3,2,46.0 €,2024-06-05,,46.0,
4827,INVALID_DATE,5,4,5,4,3,42.5 USD,,Fecha inválida: INVALID_DATE,36.96,
4828,2024-05-04,6,1,6,1,4,48.0 €,2024-05-04,,48.0,
4829,03/05/2024,7,2,7,2,5,49.0 €,2024-05-03,,49.0,
4831,INVALID_DATE,2,4,2,4,2,51.0 €,,Fecha inválida: INVALID_DATE,51.0,
4832,2024-04-30,3,1,3,1,3,52.0 €,2024-04-30,,52.0,
4833,29/04/2024,4,2,4,2,4,48.5 USD,2024-04-29,,42.17,
4835,INVALID_DATE,6,4,6,4,1,55.0 €,,Fecha inválida: INVALID_DATE,55.0,
4836,2024-04-26,7,1,7,1,2,51.5 USD,2024-04-26,,44.78,
4839,INVALID_DATE,3,4,3,4,5,54.5 USD,,Fecha inválida: INVALID_DATE,47.39,
4840,2024-04-22,4,1,4,1,1,60.0 €,2024-04-22,,60.0,
4842,04/20/2024,6,3,6,3,3,57.5 USD,2024-04-20,,50.0,
4843,INVALID_DATE,7,4,7,4,4,63.0 €,,Fecha inválida: INVALID_DATE,63.0,
4846,04/16/2024,3,3,3,3,2,66.0 €,2024-04-16,,66.0,
4847,INVALID_DATE,4,4,4,4,3,67.0 €,,Fecha inválida: INVALID_DATE,67.0,
4849,13/04/2024,6,2,6,2,5,69.0 €,2024-04-13,,69.0,
4850,04/12/2024,7,3,7,3,1,-150.00 €,2024-12-04,,,MontoTotal_Raw negativo: -150.00 €
4851,INVALID_DATE,1,4,1,4,2,NULL,,Fecha inválida: INVALID_DATE,,MontoTotal_Raw nulo o vacío: NULL
4853,09/04/2024,3,2,3,2,4,73.0 €,2024-04-09,,73.0,
4854,04/08/2024,4,3,4,3,5,69.5 USD,2024-08-04,,60.43,
4855,INVALID_DATE,5,4,5,4,1,75.0 €,,Fecha inválida: INVALID_DATE,75.0,
4856,2024-04-06,6,1,6,1,2,76.0 €,2024-04-06,,76.0,
4857,05/04/2024,7,2,7,2,3,72.5 USD,2024-04-05,,63.04,
4859,INVALID_DATE,2,4,2,4,5,79.0 €,,Fecha inválida: INVALID_DATE,79.0,
4860,2024-04-02,3,1,3,1,1,75.5 USD,2024-04-02,,65.65,
4861,01/04/2024,4,2,4,2,2,81.0 €,2024-04-01,,81.0,
4863,INVALID_DATE,6,4,6,4,4,78.5 USD,,Fecha inválida: INVALID_DATE,68.26,
4864,2024-03-29,7,1,7,1,5,84.0 €,2024-03-29,,84.0,
4867,INVALID_DATE,3,4,3,4,3,87.0 €,,Fecha inválida: INVALID_DATE,87.0,
4868,2024-03-25,4,1,4,1,4,88.0 €,2024-03-25,,88.0,
4870,03/23/2024,6,3,6,3,1,90.0 €,2024-03-23,,90.0,
4871,INVALID_DATE,7,4,7,4,2,91.0 €,,Fecha inválida: INVALID_DATE,91.0,
4874,03/19/2024,3,3,3,3,5,94.0 €,2024-03-19,,94.0,
4875,INVALID_DATE,4,4,4,4,1,90.5 USD,,Fecha inválida: INVALID_DATE,78.7,
4877,16/03/2024,6,2,6,2,3,97.0 €,2024-03-16,,97.0,
4878,03/15/2024,7,3,7,3,4,93.5 USD,2024-03-15,,81.3,
4879,INVALID_DATE,1,4,1,4,5,99.0 €,,Fecha inválida: INVALID_DATE,99.0,
4881,12/03/2024,3,2,3,2,2,96.5 USD,2024-03-12,,83.91,
4882,03/11/2024,4,3,4,3,3,102.0 €,2024-11-03,,102.0,
4883,INVALID_DATE,5,4,5,4,4,103.0 €,,Fecha inválida: INVALID_DATE,103.0,
4884,2024-03-09,6,1,6,1,5,NULL,2024-03-09,,,MontoTotal_Raw nulo o vacío: NULL
4885,08/03/2024,7,2,7,2,1,105.0 €,2024-03-08,,105.0,
4887,INVALID_DATE,2,4,2,4,3,102.5 USD,,Fecha inválida: INVALID_DATE,89.13,
4888,2024-03-05,3,1,3,1,4,108.0 €,2024-03-05,,108.0,
4889,04/03/2024,4,2,4,2,5,109.0 €,2024-03-04,,109.0,
4891,INVALID_DATE,6,4,6,4,2,111.0 €,,Fecha inválida: INVALID_DATE,111.0,
4892,2024-03-01,7,1,7,1,3,112.0 €,2024-03-01,,112.0,
4895,INVALID_DATE,3,4,3,4,1,115.0 €,,Fecha inválida: INVALID_DATE,115.0,
4896,2024-02-26,4,1,4,1,2,111.5 USD,2024-02-26,,96.96,
4898,02/24/2024,6,3,6,3,4,118.0 €,2024-02-24,,118.0,
4899,INVALID_DATE,7,4,7,4,5,114.5 USD,,Fecha inválida: INVALID_DATE,99.57,
4900,2024-02-22,1,1,1,1,1,-150.00 €,2024-02-22,,,MontoTotal_Raw negativo: -150.00 €
4902,02/20/2024,3,3,3,3,3,117.5 USD,2024-02-20,,102.17,
4903,INVALID_DATE,4,4,4,4,4,123.0 €,,Fecha inválida: INVALID_DATE,123.0,
4905,17/02/2024,6,2,6,2,1,120.5 USD,2024-02-17,,104.78,
4906,02/16/2024,7,3,7,3,2,126.0 €,2024-02-16,,126.0,
4907,INVALID_DATE,1,4,1,4,3,127.0 €,,Fecha inválida: INVALID_DATE,127.0,
4909,13/02/2024,3,2,3,2,5,129.0 €,2024-02-13,,129.0,
4910,02/12/2024,4,3,4,3,1,130.0 €,2024-12-02,,130.0,
4911,INVALID_DATE,5,4,5,4,2,126.5 USD,,Fecha inválida: INVALID_DATE,110.0,
4912,2024-02-10,6,1,6,1,3,132.0 €,2024-02-10,,132.0,
4913,09/02/2024,7,2,7,2,4,133.0 €,2024-02-09,,133.0,
4915,INVALID_DATE,2,4,2,4,1,135.0 €,,Fecha inválida: INVALID_DATE,135.0,
4916,2024-02-06,3,1,3,1,2,136.0 €,2024-02-06,,136.0,
4917,05/02/2024,4,2,4,2,3,NULL,2024-02-05,,,MontoTotal_Raw nulo o vacío: NULL
4919,INVALID_DATE,6,4,6,4,5,139.0 €,,Fecha inválida: INVALID_DATE,139.0,
4920,2024-02-02,7,1,7,1,1,135.5 USD,2024-02-02,,117.83,
4923,INVALID_DATE,3,4,3,4,4,138.5 USD,,Fecha inválida: INVALID_DATE,120.43,
4924,2024-01-29,4,1,4,1,5,144.0 €,2024-01-29,,144.0,
4926,01/27/2024,6,3,6,3,2,141.5 USD,2024-01-27,,123.04,
4927,INVALID_DATE,7,4,7,4,3,147.0 €,,Fecha inválida: INVALID_DATE,147.0,
4930,01/23/2024,3,3,3,3,1,150.0 €,2024-01-23,,150.0,
4931,INVALID_DATE,4,4,4,4,2,151.0 €,,Fecha inválida: INVALID_DATE,151.0,
4933,20/01/2024,6,2,6,2,4,153.0 €,2024-01-20,,153.0,
4934,01/19/2024,7,3,7,3,5,154.0 €,2024-01-19,,154.0,
4935,INVALID_DATE,1,4,1,4,1,150.5 USD,,Fecha inválida: INVALID_DATE,130.87,
4937,16/01/2024,3,2,3,2,3,157.0 €,2024-01-16,,157.0,
4938,01/15/2024,4,3,4,3,4,153.5 USD,2024-01-15,,133.48,
4939,INVALID_DATE,5,4,5,4,5,159.0 €,,Fecha inválida: INVALID_DATE,159.0,
4940,2024-01-13,6,1,6,1,1,160.0 €,2024-01-13,,160.0,
4941,12/01/2024,7,2,7,2,2,156.5 USD,2024-01-12,,136.09,
4943,INVALID_DATE,2,4,2,4,4,163.0 €,,Fecha inválida: INVALID_DATE,163.0,
4944,2024-01-09,3,1,3,1,5,159.5 USD,2024-01-09,,138.7,
4945,08/01/2024,4,2,4,2,1,165.0 €,2024-01-08,,165.0,
4947,INVALID_DATE,6,4,6,4,3,162.5 USD,,Fecha inválida: INVALID_DATE,141.3,
4948,2024-01-05,7,1,7,1,4,168.0 €,2024-01-05,,168.0,
4950,01/03/2024,2,3,2,3,1,-150.00 €,2024-03-01,,,MontoTotal_Raw negativo: -150.00 €
4951,INVALID_DATE,3,4,3,4,2,21.0 €,,Fecha inválida: INVALID_DATE,21.0,
4952,2024-01-01,4,1,4,1,3,22.0 €,2024-01-01,,22.0,
4954,12/30/2023,6,3,6,3,5,24.0 €,2023-12-30,,24.0,
4955,INVALID_DATE,7,4,7,4,1,25.0 €,,Fecha inválida: INVALID_DATE,25.0,
4958,12/26/2023,3,3,3,3,4,28.0 €,2023-12-26,,28.0,
4959,INVALID_DATE,4,4,4,4,5,174.5 USD,,Fecha inválida: INVALID_DATE,151.74,
4961,23/12/2023,6,2,6,2,2,31.0 €,2023-12-23,,31.0,
4962,12/22/2023,7,3,7,3,3,177.5 USD,2023-12-22,,154.35,
4963,INVALID_DATE,1,4,1,4,4,33.0 €,,Fecha inválida: INVALID_DATE,33.0,
4965,19/12/2023,3,2,3,2,1,180.5 USD,2023-12-19,,156.96,
4966,12/18/2023,4,3,4,3,2,36.0 €,2023-12-18,,36.0,
4967,INVALID_DATE,5,4,5,4,3,37.0 €,,Fecha inválida: INVALID_DATE,37.0,
4968,2023-12-16,6,1,6,1,4,183.5 USD,2023-12-16,,159.57,
4969,15/12/2023,7,2,7,2,5,39.0 €,2023-12-15,,39.0,
4971,INVALID_DATE,2,4,2,4,2,186.5 USD,,Fecha inválida: INVALID_DATE,162.17,
4972,2023-12-12,3,1,3,1,3,42.0 €,2023-12-12,,42.0,
4973,11/12/2023,4,2,4,2,4,43.0 €,2023-12-11,,43.0,
4975,INVALID_DATE,6,4,6,4,1,45.0 €,,Fecha inválida: INVALID_DATE,45.0,
4976,2023-12-08,7,1,7,1,2,46.0 €,2023-12-08,,46.0,
4979,INVALID_DATE,3,4,3,4,5,49.0 €,,Fecha inválida: INVALID_DATE,49.0,
4980,2023-12-04,4,1,4,1,1,195.5 USD,2023-12-04,,170.0,
4982,12/02/2023,6,3,6,3,3,52.0 €,2023-02-12,,52.0,
4983,INVALID_DATE,7,4,7,4,4,NULL,,Fecha inválida: INVALID_DATE,,MontoTotal_Raw nulo o vacío: NULL
4986,11/28/2023,3,3,3,3,2,201.5 USD,2023-11-28,,175.22,
4987,INVALID_DATE,4,4,4,4,3,57.0 €,,Fecha inválida: INVALID_DATE,57.0,
4989,25/11/2023,6,2,6,2,5,204.5 USD,2023-11-25,,177.83,
4990,11/24/2023,7,3,7,3,1,60.0 €,2023-11-24,,60.0,
4991,INVALID_DATE,1,4,1,4,2,61.0 €,,Fecha inválida: INVALID_DATE,61.0,
4993,21/11/2023,3,2,3,2,4,63.0 €,2023-11-21,,63.0,
4994,11/20/2023,4,3,4,3,5,64.0 €,2023-11-20,,64.0,
4995,INVALID_DATE,5,4,5,4,1,210.5 USD,,Fecha inválida: INVALID_DATE,183.04,
4996,2023-11-18,6,1,6,1,2,66.0 €,2023-11-18,,66.0,
4997,17/11/2023,7,2,7,2,3,67.0 €,2023-11-17,,67.0,
4999,INVALID_DATE,2,4,2,4,5,69.0 €,,Fecha inválida: INVALID_DATE,69.0,
5000,2026-08-10,3,1,3,1,1,-150.00 €,2026-08-10,,,MontoTotal_Raw negativo: -150.00 €
5001,09/08/2026,4,2,4,2,2,16.5 USD,2026-08-09,,14.35,
5003,INVALID_DATE,6,4,6,4,4,73.0 €,,Fecha inválida: INVALID_DATE,73.0,
5004,2026-08-06,7,1,7,1,5,19.5 USD,2026-08-06,,16.96,
5007,INVALID_DATE,3,4,3,4,3,22.5 USD,,Fecha inválida: INVALID_DATE,19.57,
5008,2026-08-02,4,1,4,1,4,78.0 €,2026-08-02,,78.0,
5010,07/31/2026,6,3,6,3,1,25.5 USD,2026-07-31,,22.17,
5011,INVALID_DATE,7,4,7,4,2,81.0 €,,Fecha inválida: INVALID_DATE,81.0,
5014,07/27/2026,3,3,3,3,5,84.0 €,2026-07-27,,84.0,
5015,INVALID_DATE,4,4,4,4,1,85.0 €,,Fecha inválida: INVALID_DATE,85.0,
5016,2026-07-25,5,1,5,1,2,NULL,2026-07-25,,,MontoTotal_Raw nulo o vacío: NULL
5017,24/07/2026,6,2,6,2,3,87.0 €,2026-07-24,,87.0,
5018,07/23/2026,7,3,7,3,4,88.0 €,2026-07-23,,88.0,
5019,INVALID_DATE,1,4,1,4,5,34.5 USD,,Fecha inválida: INVALID_DATE,30.0,
5021,20/07/2026,3,2,3,2,2,91.0 €,2026-07-20,,91.0,
5022,07/19/2026,4,3,4,3,3,37.5 USD,2026-07-19,,32.61,
5023,INVALID_DATE,5,4,5,4,4,93.0 €,,Fecha inválida: INVALID_DATE,93.0,
5024,2026-07-17,6,1,6,1,5,94.0 €,2026-07-17,,94.0,
5025,16/07/2026,7,2,7,2,1,40.5 USD,2026-07-16,,35.22,
5027,INVALID_DATE,2,4,2,4,3,97.0 €,,Fecha inválida: INVALID_DATE,97.0,
5028,2026-07-13,3,1,3,1,4,43.5 USD,2026-07-13,,37.83,
5029,12/07/2026,4,2,4,2,5,99.0 €,2026-07-12,,99.0,
5031,INVALID_DATE,6,4,6,4,2,46.5 USD,,Fecha inválida: INVALID_DATE,40.43,
5032,2026-07-09,7,1,7,1,3,102.0 €,2026-07-09,,102.0,
5035,INVALID_DATE,3,4,3,4,1,105.0 €,,Fecha inválida: INVALID_DATE,105.0,
5036,2026-07-05,4,1,4,1,2,106.0 €,2026-07-05,,106.0,
5038,07/03/2026,6,3,6,3,4,108.0 €,2026-03-07,,108.0,
5039,INVALID_DATE,7,4,7,4,5,109.0 €,,Fecha inválida: INVALID_DATE,109.0,
5042,06/29/2026,3,3,3,3,3,112.0 €,2026-06-29,,112.0,
5043,INVALID_DATE,4,4,4,4,4,58.5 USD,,Fecha inválida: INVALID_DATE,50.87,
5045,26/06/2026,6,2,6,2,1,115.0 €,2026-06-26,,115.0,
5046,06/25/2026,7,3,7,3,2,61.5 USD,2026-06-25,,53.48,
5047,INVALID_DATE,1,4,1,4,3,117.0 €,,Fecha inválida: INVALID_DATE,117.0,
5049,22/06/2026,3,2,3,2,5,NULL,2026-06-22,,,MontoTotal_Raw nulo o vacío: NULL
5050,06/21/2026,4,3,4,3,1,-150.00 €,2026-06-21,,,MontoTotal_Raw negativo: -150.00 €
5051,INVALID_DATE,5,4,5,4,2,121.0 €,,Fecha inválida: INVALID_DATE,121.0,
5052,2026-06-19,6,1,6,1,3,67.5 USD,2026-06-19,,58.7,
5053,18/06/2026,7,2,7,2,4,123.0 €,2026-06-18,,123.0,
5055,INVALID_DATE,2,4,2,4,1,70.5 USD,,Fecha inválida: INVALID_DATE,61.3,
5056,2026-06-15,3,1,3,1,2,126.0 €,2026-06-15,,126.0,
5057,14/06/2026,4,2,4,2,3,127.0 €,2026-06-14,,127.0,
5059,INVALID_DATE,6,4,6,4,5,129.0 €,,Fecha inválida: INVALID_DATE,129.0,
5060,2026-06-11,7,1,7,1,1,130.0 €,2026-06-11,,130.0,
5063,INVALID_DATE,3,4,3,4,4,133.0 €,,Fecha inválida: INVALID_DATE,133.0,
5064,2026-06-07,4,1,4,1,5,79.5 USD,2026-06-07,,69.13,
5066,06/05/2026,6,3,6,3,2,136.0 €,2026-05-06,,136.0,
5067,INVALID_DATE,7,4,7,4,3,82.5 USD,,Fecha inválida: INVALID_DATE,71.74,
5070,06/01/2026,3,3,3,3,1,85.5 USD,2026-01-06,,74.35,
5071,INVALID_DATE,4,4,4,4,2,141.0 €,,Fecha inválida: INVALID_DATE,141.0,
5073,29/05/2026,6,2,6,2,4,88.5 USD,2026-05-29,,76.96,
5074,05/28/2026,7,3,7,3,5,144.0 €,2026-05-28,,144.0,
5075,INVALID_DATE,1,4,1,4,1,145.0 €,,Fecha inválida: INVALID_DATE,145.0,
5077,25/05/2026,3,2,3,2,3,147.0 €,2026-05-25,,147.0,
5078,05/24/2026,4,3,4,3,4,148.0 €,2026-05-24,,148.0,
5079,INVALID_DATE,5,4,5,4,5,94.5 USD,,Fecha inválida: INVALID_DATE,82.17,
5080,2026-05-22,6,1,6,1,1,150.0 €,2026-05-22,,150.0,
5081,21/05/2026,7,2,7,2,2,151.0 €,2026-05-21,,151.0,
5082,05/20/2026,1,3,1,3,3,NULL,2026-05-20,,,MontoTotal_Raw nulo o vacío: NULL
5083,INVALID_DATE,2,4,2,4,4,153.0 €,,Fecha inválida: INVALID_DATE,153.0,
5084,2026-05-18,3,1,3,1,5,154.0 €,2026-05-18,,154.0,
5085,17/05/2026,4,2,4,2,1,100.5 USD,2026-05-17,,87.39,
5087,INVALID_DATE,6,4,6,4,3,157.0 €,,Fecha inválida: INVALID_DATE,157.0,
5088,2026-05-14,7,1,7,1,4,103.5 USD,2026-05-14,,90.0,
5091,INVALID_DATE,3,4,3,4,2,106.5 USD,,Fecha inválida: INVALID_DATE,92.61,
5092,2026-05-10,4,1,4,1,3,162.0 €,2026-05-10,,162.0,
5094,05/08/2026,6,3,6,3,5,109.5 USD,2026-08-05,,95.22,
5095,INVALID_DATE,7,4,7,4,1,165.0 €,,Fecha inválida: INVALID_DATE,165.0,
5098,05/04/2026,3,3,3,3,4,168.0 €,2026-04-05,,168.0,
5099,INVALID_DATE,4,4,4,4,5,169.0 €,,Fecha inválida: INVALID_DATE,169.0,
5100,2026-05-02,5,1,5,1,1,-150.00 €,2026-05-02,,,MontoTotal_Raw negativo: -150.00 €
5101,01/05/2026,6,2,6,2,2,21.0 €,2026-05-01,,21.0,
5102,04/30/2026,7,3,7,3,3,22.0 €,2026-04-30,,22.0,
5103,INVALID_DATE,1,4,1,4,4,118.5 USD,,Fecha inválida: INVALID_DATE,103.04,
5105,27/04/2026,3,2,3,2,1,25.0 €,2026-04-27,,25.0,
5106,04/26/2026,4,3,4,3,2,121.5 USD,2026-04-26,,105.65,
5107,INVALID_DATE,5,4,5,4,3,27.0 €,,Fecha inválida: INVALID_DATE,27.0,
5108,2026-04-24,6,1,6,1,4,28.0 €,2026-04-24,,28.0,
5109,23/04/2026,7,2,7,2,5,124.5 USD,2026-04-23,,108.26,
5111,INVALID_DATE,2,4,2,4,2,31.0 €,,Fecha inválida: INVALID_DATE,31.0,
5112,2026-04-20,3,1,3,1,3,127.5 USD,2026-04-20,,110.87,
5113,19/04/2026,4,2,4,2,4,33.0 €,2026-04-19,,33.0,
5115,INVALID_DATE,6,4,6,4,1,NULL,,Fecha inválida: INVALID_DATE,,MontoTotal_Raw nulo o vacío: NULL
5116,2026-04-16,7,1,7,1,2,36.0 €,2026-04-16,,36.0,
5119,INVALID_DATE,3,4,3,4,5,39.0 €,,Fecha inválida: INVALID_DATE,39.0,
5120,2026-04-12,4,1,4,1,1,40.0 €,2026-04-12,,40.0,
5122,04/10/2026,6,3,6,3,3,42.0 €,2026-10-04,,42.0,
5123,INVALID_DATE,7,4,7,4,4,43.0 €,,Fecha inválida: INVALID_DATE,43.0,
5126,04/06/2026,3,3,3,3,2,46.0 €,2026-06-04,,46.0,
5127,INVALID_DATE,4,4,4,4,3,142.5 USD,,Fecha inválida: INVALID_DATE,123.91,
5129,03/04/2026,6,2,6,2,5,49.0 €,2026-04-03,,49.0,
5130,04/02/2026,7,3,7,3,1,145.5 USD,2026-02-04,,126.52,
5131,INVALID_DATE,1,4,1,4,2,51.0 €,,Fecha inválida: INVALID_DATE,51.0,
5133,30/03/2026,3,2,3,2,4,148.5 USD,2026-03-30,,129.13,
5134,03/29/2026,4,3,4,3,5,54.0 €,2026-03-29,,54.0,
5135,INVALID_DATE,5,4,5,4,1,55.0 €,,Fecha inválida: INVALID_DATE,55.0,
5136,2026-03-27,6,1,6,1,2,151.5 USD,2026-03-27,,131.74,
5137,26/03/2026,7,2,7,2,3,57.0 €,2026-03-26,,57.0,
5139,INVALID_DATE,2,4,2,4,5,154.5 USD,,Fecha inválida: INVALID_DATE,134.35,
5140,2026-03-23,3,1,3,1,1,60.0 €,2026-03-23,,60.0,
5141,22/03/2026,4,2,4,2,2,61.0 €,2026-03-22,,61.0,
5143,INVALID_DATE,6,4,6,4,4,63.0 €,,Fecha inválida: INVALID_DATE,63.0,
5144,2026-03-19,7,1,7,1,5,64.0 €,2026-03-19,,64.0,
5147,INVALID_DATE,3,4,3,4,3,67.0 €,,Fecha inválida: INVALID_DATE,67.0,
5148,2026-03-15,4,1,4,1,4,NULL,2026-03-15,,,MontoTotal_Raw nulo o vacío: NULL
5150,03/13/2026,6,3,6,3,1,-150.00 €,2026-03-13,,,MontoTotal_Raw negativo: -150.00 €
5151,INVALID_DATE,7,4,7,4,2,166.5 USD,,Fecha inválida: INVALID_DATE,144.78,
5154,03/09/2026,3,3,3,3,5,169.5 USD,2026-09-03,,147.39,
5155,INVALID_DATE,4,4,4,4,1,75.0 €,,Fecha inválida: INVALID_DATE,75.0,
5157,06/03/2026,6,2,6,2,3,172.5 USD,2026-03-06,,150.0,
5158,03/05/2026,7,3,7,3,4,78.0 €,2026-05-03,,78.0,
5159,INVALID_DATE,1,4,1,4,5,79.0 €,,Fecha inválida: INVALID_DATE,79.0,
5161,02/03/2026,3,2,3,2,2,81.0 €,2026-03-02,,81.0,
5162,03/01/2026,4,3,4,3,3,82.0 €,2026-01-03,,82.0,
5163,INVALID_DATE,5,4,5,4,4,178.5 USD,,Fecha inválida: INVALID_DATE,155.22,
5164,2026-02-27,6,1,6,1,5,84.0 €,2026-02-27,,84.0,
5165,26/02/2026,7,2,7,2,1,85.0 €,2026-02-26,,85.0,
5167,INVALID_DATE,2,4,2,4,3,87.0 €,,Fecha inválida: INVALID_DATE,87.0,
5168,2026-02-23,3,1,3,1,4,88.0 €,2026-02-23,,88.0,
5169,22/02/2026,4,2,4,2,5,184.5 USD,2026-02-22,,160.43,
5171,INVALID_DATE,6,4,6,4,2,91.0 €,,Fecha inválida: INVALID_DATE,91.0,
5172,2026-02-19,7,1,7,1,3,187.5 USD,2026-02-19,,163.04,
5175,INVALID_DATE,3,4,3,4,1,190.5 USD,,Fecha inválida: INVALID_DATE,165.65,
5176,2026-02-15,4,1,4,1,2,96.0 €,2026-02-15,,96.0,
5178,02/13/2026,6,3,6,3,4,193.5 USD,2026-02-13,,168.26,
5179,INVALID_DATE,7,4,7,4,5,99.0 €,,Fecha inválida: INVALID_DATE,99.0,
5181,10/02/2026,2,2,2,2,2,NULL,2026-02-10,,,MontoTotal_Raw nulo o vacío: NULL
5182,02/09/2026,3,3,3,3,3,102.0 €,2026-09-02,,102.0,
5183,INVALID_DATE,4,4,4,4,4,103.0 €,,Fecha inválida: INVALID_DATE,103.0,
5185,06/02/2026,6,2,6,2,1,105.0 €,2026-02-06,,105.0,
5186,02/05/2026,7,3,7,3,2,106.0 €,2026-05-02,,106.0,
5187,INVALID_DATE,1,4,1,4,3,202.5 USD,,Fecha inválida: INVALID_DATE,176.09,
5189,02/02/2026,3,2,3,2,5,109.0 €,2026-02-02,,109.0,
5190,02/01/2026,4,3,4,3,1,205.5 USD,2026-01-02,,178.7,
5191,INVALID_DATE,5,4,5,4,2,111.0 €,,Fecha inválida: INVALID_DATE,111.0,
5192,2026-01-30,6,1,6,1,3,112.0 €,2026-01-30,,112.0,
5193,29/01/2026,7,2,7,2,4,208.5 USD,2026-01-29,,181.3,
5195,INVALID_DATE,2,4,2,4,1,115.0 €,,Fecha inválida: INVALID_DATE,115.0,
5196,2026-01-26,3,1,3,1,2,211.5 USD,2026-01-26,,183.91,
5197,25/01/2026,4,2,4,2,3,117.0 €,2026-01-25,,117.0,
5199,INVALID_DATE,6,4,6,4,5,214.5 USD,,Fecha inválida: INVALID_DATE,186.52,
5200,2026-01-22,7,1,7,1,1,-150.00 €,2026-01-22,,,MontoTotal_Raw negativo: -150.00 €
5203,INVALID_DATE,3,4,3,4,4,123.0 €,,Fecha inválida: INVALID_DATE,123.0,
5204,2026-01-18,4,1,4,1,5,124.0 €,2026-01-18,,124.0,
5206,01/16/2026,6,3,6,3,2,126.0 €,2026-01-16,,126.0,
5207,INVALID_DATE,7,4,7,4,3,127.0 €,,Fecha inválida: INVALID_DATE,127.0,
5210,01/12/2026,3,3,3,3,1,130.0 €,2026-12-01,,130.0,
5211,INVALID_DATE,4,4,4,4,2,26.5 USD,,Fecha inválida: INVALID_DATE,23.04,
5213,09/01/2026,6,2,6,2,4,133.0 €,2026-01-09,,133.0,
5214,01/08/2026,7,3,7,3,5,NULL,2026-08-01,,,MontoTotal_Raw nulo o vacío: NULL
5215,INVALID_DATE,1,4,1,4,1,135.0 €,,Fecha inválida: INVALID_DATE,135.0,
5217,05/01/2026,3,2,3,2,3,32.5 USD,2026-01-05,,28.26,
5218,01/04/2026,4,3,4,3,4,138.0 €,2026-04-01,,138.0,
5219,INVALID_DATE,5,4,5,4,5,139.0 €,,Fecha inválida: INVALID_DATE,139.0,
5220,2026-01-02,6,1,6,1,1,35.5 USD,2026-01-02,,30.87,
5221,01/01/2026,7,2,7,2,2,141.0 €,2026-01-01,,141.0,
5223,INVALID_DATE,2,4,2,4,4,38.5 USD,,Fecha inválida: INVALID_DATE,33.48,
5224,2025-12-29,3,1,3,1,5,144.0 €,2025-12-29,,144.0,
5225,28/12/2025,4,2,4,2,1,145.0 €,2025-12-28,,145.0,
5227,INVALID_DATE,6,4,6,4,3,147.0 €,,Fecha inválida: INVALID_DATE,147.0,
5228,2025-12-25,7,1,7,1,4,148.0 €,2025-12-25,,148.0,
5231,INVALID_DATE,3,4,3,4,2,151.0 €,,Fecha inválida: INVALID_DATE,151.0,
5232,2025-12-21,4,1,4,1,3,47.5 USD,2025-12-21,,41.3,
5234,12/19/2025,6,3,6,3,5,154.0 €,2025-12-19,,154.0,
5235,INVALID_DATE,7,4,7,4,1,50.5 USD,,Fecha inválida: INVALID_DATE,43.91,
5238,12/15/2025,3,3,3,3,4,53.5 USD,2025-12-15,,46.52,
5239,INVALID_DATE,4,4,4,4,5,159.0 €,,Fecha inválida: INVALID_DATE,159.0,
5241,12/12/2025,6,2,6,2,2,56.5 USD,2025-12-12,,49.13,
5242,12/11/2025,7,3,7,3,3,162.0 €,2025-11-12,,162.0,
5243,INVALID_DATE,1,4,1,4,4,163.0 €,,Fecha inválida: INVALID_DATE,163.0,
5245,08/12/2025,3,2,3,2,1,165.0 €,2025-12-08,,165.0,
5246,12/07/2025,4,3,4,3,2,166.0 €,2025-07-12,,166.0,
5247,INVALID_DATE,5,4,5,4,3,NULL,,Fecha inválida: INVALID_DATE,,MontoTotal_Raw nulo o vacío: NULL
5248,2025-12-05,6,1,6,1,4,168.0 €,2025-12-05,,168.0,
5249,04/12/2025,7,2,7,2,5,169.0 €,2025-12-04,,169.0,
5250,12/03/2025,1,3,1,3,1,-150.00 €,2025-03-12,,,MontoTotal_Raw negativo: -150.00 €
5251,INVALID_DATE,2,4,2,4,2,21.0 €,,Fecha inválida: INVALID_DATE,21.0,
5252,2025-12-01,3,1,3,1,3,22.0 €,2025-12-01,,22.0,
5253,30/11/2025,4,2,4,2,4,68.5 USD,2025-11-30,,59.57,
5255,INVALID_DATE,6,4,6,4,1,25.0 €,,Fecha inválida: INVALID_DATE,25.0,
5256,2025-11-27,7,1,7,1,2,71.5 USD,2025-11-27,,62.17,
5259,INVALID_DATE,3,4,3,4,5,74.5 USD,,Fecha inválida: INVALID_DATE,64.78,
5260,2025-11-23,4,1,4,1,1,30.0 €,2025-11-23,,30.0,
5262,11/21/2025,6,3,6,3,3,77.5 USD,2025-11-21,,67.39,
5263,INVALID_DATE,7,4,7,4,4,33.0 €,,Fecha inválida: INVALID_DATE,33.0,
5266,11/17/2025,3,3,3,3,2,36.0 €,2025-11-17,,36.0,
5267,INVALID_DATE,4,4,4,4,3,37.0 €,,Fecha inválida: INVALID_DATE,37.0,
5269,14/11/2025,6,2,6,2,5,39.0 €,2025-11-14,,39.0,
5270,11/13/2025,7,3,7,3,1,40.0 €,2025-11-13,,40.0,
5271,INVALID_DATE,1,4,1,4,2,86.5 USD,,Fecha inválida: INVALID_DATE,75.22,
5273,10/11/2025,3,2,3,2,4,43.0 €,2025-11-10,,43.0,
5274,11/09/2025,4,3,4,3,5,89.5 USD,2025-09-11,,77.83,
5275,INVALID_DATE,5,4,5,4,1,45.0 €,,Fecha inválida: INVALID_DATE,45.0,
5276,2025-11-07,6,1,6,1,2,46.0 €,2025-11-07,,46.0,
5277,06/11/2025,7,2,7,2,3,92.5 USD,2025-11-06,,80.43,
5279,INVALID_DATE,2,4,2,4,5,49.0 €,,Fecha inválida: INVALID_DATE,49.0,
5280,2025-11-03,3,1,3,1,1,NULL,2025-11-03,,,MontoTotal_Raw nulo o vacío: NULL
5281,02/11/2025,4,2,4,2,2,51.0 €,2025-11-02,,51.0,
5283,INVALID_DATE,6,4,6,4,4,98.5 USD,,Fecha inválida: INVALID_DATE,85.65,
5284,2025-10-30,7,1,7,1,5,54.0 €,2025-10-30,,54.0,
5287,INVALID_DATE,3,4,3,4,3,57.0 €,,Fecha inválida: INVALID_DATE,57.0,
5288,2025-10-26,4,1,4,1,4,58.0 €,2025-10-26,,58.0,
5290,10/24/2025,6,3,6,3,1,60.0 €,2025-10-24,,60.0,
5291,INVALID_DATE,7,4,7,4,2,61.0 €,,Fecha inválida: INVALID_DATE,61.0,
5294,10/20/2025,3,3,3,3,5,64.0 €,2025-10-20,,64.0,
5295,INVALID_DATE,4,4,4,4,1,110.5 USD,,Fecha inválida: INVALID_DATE,96.09,
5297,17/10/2025,6,2,6,2,3,67.0 €,2025-10-17,,67.0,
5298,10/16/2025,7,3,7,3,4,113.5 USD,2025-10-16,,98.7,
5299,INVALID_DATE,1,4,1,4,5,69.0 €,,Fecha inválida: INVALID_DATE,69.0,
5300,2025-10-14,2,1,2,1,1,-150.00 €,2025-10-14,,,MontoTotal_Raw negativo: -150.00 €
5301,13/10/2025,3,2,3,2,2,116.5 USD,2025-10-13,,101.3,
5302,10/12/2025,4,3,4,3,3,72.0 €,2025-12-10,,72.0,
5303,INVALID_DATE,5,4,5,4,4,73.0 €,,Fecha inválida: INVALID_DATE,73.0,
5304,2025-10-10,6,1,6,1,5,119.5 USD,2025-10-10,,103.91,
5305,09/10/2025,7,2,7,2,1,75.0 €,2025-10-09,,75.0,
5307,INVALID_DATE,2,4,2,4,3,122.5 USD,,Fecha inválida: INVALID_DATE,106.52,
5308,2025-10-06,3,1,3,1,4,78.0 €,2025-10-06,,78.0,
5309,05/10/2025,4,2,4,2,5,79.0 €,2025-10-05,,79.0,
5311,INVALID_DATE,6,4,6,4,2,81.0 €,,Fecha inválida: INVALID_DATE,81.0,
5312,2025-10-02,7,1,7,1,3,82.0 €,2025-10-02,,82.0,
5313,01/10/2025,1,2,1,2,4,NULL,2025-10-01,,,MontoTotal_Raw nulo o vacío: NULL
5315,INVALID_DATE,3,4,3,4,1,85.0 €,,Fecha inválida: INVALID_DATE,85.0,
5316,2025-09-28,4,1,4,1,2,131.5 USD,2025-09-28,,114.35,
5318,09/26/2025,6,3,6,3,4,88.0 €,2025-09-26,,88.0,
5319,INVALID_DATE,7,4,7,4,5,134.5 USD,,Fecha inválida: INVALID_DATE,116.96,
5322,09/22/2025,3,3,3,3,3,137.5 USD,2025-09-22,,119.57,
5323,INVALID_DATE,4,4,4,4,4,93.0 €,,Fecha inválida: INVALID_DATE,93.0,
5325,19/09/2025,6,2,6,2,1,140.5 USD,2025-09-19,,122.17,
5326,09/18/2025,7,3,7,3,2,96.0 €,2025-09-18,,96.0,
5327,INVALID_DATE,1,4,1,4,3,97.0 €,,Fecha inválida: INVALID_DATE,97.0,
5329,15/09/2025,3,2,3,2,5,99.0 €,2025-09-15,,99.0,
5330,09/14/2025,4,3,4,3,1,100.0 €,2025-09-14,,100.0,
5331,INVALID_DATE,5,4,5,4,2,146.5 USD,,Fecha inválida: INVALID_DATE,127.39,
5332,2025-09-12,6,1,6,1,3,102.0 €,2025-09-12,,102.0,
5333,11/09/2025,7,2,7,2,4,103.0 €,2025-09-11,,103.0,
5335,INVALID_DATE,2,4,2,4,1,105.0 €,,Fecha inválida: INVALID_DATE,105.0,
5336,2025-09-08,3,1,3,1,2,106.0 €,2025-09-08,,106.0,
5337,07/09/2025,4,2,4,2,3,152.5 USD,2025-09-07,,132.61,
5339,INVALID_DATE,6,4,6,4,5,109.0 €,,Fecha inválida: INVALID_DATE,109.0,
5340,2025-09-04,7,1,7,1,1,155.5 USD,2025-09-04,,135.22,
5343,INVALID_DATE,3,4,3,4,4,158.5 USD,,Fecha inválida: INVALID_DATE,137.83,
5344,2025-08-31,4,1,4,1,5,114.0 €,2025-08-31,,114.0,
5346,08/29/2025,6,3,6,3,2,NULL,2025-08-29,,,MontoTotal_Raw nulo o vacío: NULL
5347,INVALID_DATE,7,4,7,4,3,117.0 €,,Fecha inválida: INVALID_DATE,117.0,
5350,08/25/2025,3,3,3,3,1,-150.00 €,2025-08-25,,,MontoTotal_Raw negativo: -150.00 €
5351,INVALID_DATE,4,4,4,4,2,121.0 €,,Fecha inválida: INVALID_DATE,121.0,
5353,22/08/2025,6,2,6,2,4,123.0 €,2025-08-22,,123.0,
5354,08/21/2025,7,3,7,3,5,124.0 €,2025-08-21,,124.0,
5355,INVALID_DATE,1,4,1,4,1,170.5 USD,,Fecha inválida: INVALID_DATE,148.26,
5357,18/08/2025,3,2,3,2,3,127.0 €,2025-08-18,,127.0,
5358,08/17/2025,4,3,4,3,4,173.5 USD,2025-08-17,,150.87,
5359,INVALID_DATE,5,4,5,4,5,129.0 €,,Fecha inválida: INVALID_DATE,129.0,
5360,2025-08-15,6,1,6,1,1,130.0 €,2025-08-15,,130.0,
5361,14/08/2025,7,2,7,2,2,176.5 USD,2025-08-14,,153.48,
5363,INVALID_DATE,2,4,2,4,4,133.0 €,,Fecha inválida: INVALID_DATE,133.0,
5364,2025-08-11,3,1,3,1,5,179.5 USD,2025-08-11,,156.09,
5365,10/08/2025,4,2,4,2,1,135.0 €,2025-08-10,,135.0,
5367,INVALID_DATE,6,4,6,4,3,182.5 USD,,Fecha inválida: INVALID_DATE,158.7,
5368,2025-08-07,7,1,7,1,4,138.0 €,2025-08-07,,138.0,
5371,INVALID_DATE,3,4,3,4,2,141.0 €,,Fecha inválida: INVALID_DATE,141.0,
5372,2025-08-03,4,1,4,1,3,142.0 €,2025-08-03,,142.0,
5374,08/01/2025,6,3,6,3,5,144.0 €,2025-01-08,,144.0,
5375,INVALID_DATE,7,4,7,4,1,145.0 €,,Fecha inválida: INVALID_DATE,145.0,
5378,07/28/2025,3,3,3,3,4,148.0 €,2025-07-28,,148.0,
5379,INVALID_DATE,4,4,4,4,5,NULL,,Fecha inválida: INVALID_DATE,,MontoTotal_Raw nulo o vacío: NULL
5381,25/07/2025,6,2,6,2,2,151.0 €,2025-07-25,,151.0,
5382,07/24/2025,7,3,7,3,3,197.5 USD,2025-07-24,,171.74,
5383,INVALID_DATE,1,4,1,4,4,153.0 €,,Fecha inválida: INVALID_DATE,153.0,
5385,21/07/2025,3,2,3,2,1,200.5 USD,2025-07-21,,174.35,
5386,07/20/2025,4,3,4,3,2,156.0 €,2025-07-20,,156.0,
5387,INVALID_DATE,5,4,5,4,3,157.0 €,,Fecha inválida: INVALID_DATE,157.0,
5388,2025-07-18,6,1,6,1,4,203.5 USD,2025-07-18,,176.96,
5389,17/07/2025,7,2,7,2,5,159.0 €,2025-07-17,,159.0,
5391,INVALID_DATE,2,4,2,4,2,206.5 USD,,Fecha inválida: INVALID_DATE,179.57,
5392,2025-07-14,3,1,3,1,3,162.0 €,2025-07-14,,162.0,
5393,13/07/2025,4,2,4,2,4,163.0 €,2025-07-13,,163.0,
5395,INVALID_DATE,6,4,6,4,1,165.0 €,,Fecha inválida: INVALID_DATE,165.0,
5396,2025-07-10,7,1,7,1,2,166.0 €,2025-07-10,,166.0,
5399,INVALID_DATE,3,4,3,4,5,169.0 €,,Fecha inválida: INVALID_DATE,169.0,
5400,2025-07-06,4,1,4,1,1,-150.00 €,2025-07-06,,,MontoTotal_Raw negativo: -150.00 €
5402,07/04/2025,6,3,6,3,3,22.0 €,2025-04-07,,22.0,
5403,INVALID_DATE,7,4,7,4,4,18.5 USD,,Fecha inválida: INVALID_DATE,16.09,
5406,06/30/2025,3,3,3,3,2,21.5 USD,2025-06-30,,18.7,
5407,INVALID_DATE,4,4,4,4,3,27.0 €,,Fecha inválida: INVALID_DATE,27.0,
5409,27/06/2025,6,2,6,2,5,24.5 USD,2025-06-27,,21.3,
5410,06/26/2025,7,3,7,3,1,30.0 €,2025-06-26,,30.0,
5411,INVALID_DATE,1,4,1,4,2,31.0 €,,Fecha inválida: INVALID_DATE,31.0,
5412,2025-06-24,2,1,2,1,3,NULL,2025-06-24,,,MontoTotal_Raw nulo o vacío: NULL
5413,23/06/2025,3,2,3,2,4,33.0 €,2025-06-23,,33.0,
5414,06/22/2025,4,3,4,3,5,34.0 €,2025-06-22,,34.0,
5415,INVALID_DATE,5,4,5,4,1,30.5 USD,,Fecha inválida: INVALID_DATE,26.52,
5416,2025-06-20,6,1,6,1,2,36.0 €,2025-06-20,,36.0,
5417,19/06/2025,7,2,7,2,3,37.0 €,2025-06-19,,37.0,
5419,INVALID_DATE,2,4,2,4,5,39.0 €,,Fecha inválida: INVALID_DATE,39.0,
5420,2025-06-16,3,1,3,1,1,40.0 €,2025-06-16,,40.0,
5421,15/06/2025,4,2,4,2,2,36.5 USD,2025-06-15,,31.74,
5423,INVALID_DATE,6,4,6,4,4,43.0 €,,Fecha inválida: INVALID_DATE,43.0,
5424,2025-06-12,7,1,7,1,5,39.5 USD,2025-06-12,,34.35,
5427,INVALID_DATE,3,4,3,4,3,42.5 USD,,Fecha inválida: INVALID_DATE,36.96,
5428,2025-06-08,4,1,4,1,4,48.0 €,2025-06-08,,48.0,
5430,06/06/2025,6,3,6,3,1,45.5 USD,2025-06-06,,39.57,
5431,INVALID_DATE,7,4,7,4,2,51.0 €,,Fecha inválida: INVALID_DATE,51.0,
5434,06/02/2025,3,3,3,3,5,54.0 €,2025-02-06,,54.0,
5435,INVALID_DATE,4,4,4,4,1,55.0 €,,Fecha inválida: INVALID_DATE,55.0,
5437,30/05/2025,6,2,6,2,3,57.0 €,2025-05-30,,57.0,
5438,05/29/2025,7,3,7,3,4,58.0 €,2025-05-29,,58.0,
5439,INVALID_DATE,1,4,1,4,5,54.5 USD,,Fecha inválida: INVALID_DATE,47.39,
5441,26/05/2025,3,2,3,2,2,61.0 €,2025-05-26,,61.0,
5442,05/25/2025,4,3,4,3,3,57.5 USD,2025-05-25,,50.0,
5443,INVALID_DATE,5,4,5,4,4,63.0 €,,Fecha inválida: INVALID_DATE,63.0,
5444,2025-05-23,6,1,6,1,5,64.0 €,2025-05-23,,64.0,
5445,22/05/2025,7,2,7,2,1,NULL,2025-05-22,,,MontoTotal_Raw nulo o vacío: NULL
5447,INVALID_DATE,2,4,2,4,3,67.0 €,,Fecha inválida: INVALID_DATE,67.0,
5448,2025-05-19,3,1,3,1,4,63.5 USD,2025-05-19,,55.22,
5449,18/05/2025,4,2,4,2,5,69.0 €,2025-05-18,,69.0,
5450,05/17/2025,5,3,5,3,1,-150.00 €,2025-05-17,,,MontoTotal_Raw negativo: -150.00 €
5451,INVALID_DATE,6,4,6,4,2,66.5 USD,,Fecha inválida: INVALID_DATE,57.83,
5452,2025-05-15,7,1,7,1,3,72.0 €,2025-05-15,,72.0,
5455,INVALID_DATE,3,4,3,4,1,75.0 €,,Fecha inválida: INVALID_DATE,75.0,
5456,2025-05-11,4,1,4,1,2,76.0 €,2025-05-11,,76.0,
5458,05/09/2025,6,3,6,3,4,78.0 €,2025-09-05,,78.0,
5459,INVALID_DATE,7,4,7,4,5,79.0 €,,Fecha inválida: INVALID_DATE,79.0,
5462,05/05/2025,3,3,3,3,3,82.0 €,2025-05-05,,82.0,
5463,INVALID_DATE,4,4,4,4,4,78.5 USD,,Fecha inválida: INVALID_DATE,68.26,
5465,02/05/2025,6,2,6,2,1,85.0 €,2025-05-02,,85.0,
5466,05/01/2025,7,3,7,3,2,81.5 USD,2025-01-05,,70.87,
5467,INVALID_DATE,1,4,1,4,3,87.0 €,,Fecha inválida: INVALID_DATE,87.0,
5469,28/04/2025,3,2,3,2,5,84.5 USD,2025-04-28,,73.48,
5470,04/27/2025,4,3,4,3,1,90.0 €,2025-04-27,,90.0,
5471,INVALID_DATE,5,4,5,4,2,91.0 €,,Fecha inválida: INVALID_DATE,91.0,
5472,2025-04-25,6,1,6,1,3,87.5 USD,2025-04-25,,76.09,
5473,24/04/2025,7,2,7,2,4,93.0 €,2025-04-24,,93.0,
5475,INVALID_DATE,2,4,2,4,1,90.5 USD,,Fecha inválida: INVALID_DATE,78.7,
5476,2025-04-21,3,1,3,1,2,96.0 €,2025-04-21,,96.0,
5477,20/04/2025,4,2,4,2,3,97.0 €,2025-04-20,,97.0,
5478,04/19/2025,5,3,5,3,4,NULL,2025-04-19,,,MontoTotal_Raw nulo o vacío: NULL
5479,INVALID_DATE,6,4,6,4,5,99.0 €,,Fecha inválida: INVALID_DATE,99.0,
5480,2025-04-17,7,1,7,1,1,100.0 €,2025-04-17,,100.0,
5483,INVALID_DATE,3,4,3,4,4,103.0 €,,Fecha inválida: INVALID_DATE,103.0,
5484,2025-04-13,4,1,4,1,5,99.5 USD,2025-04-13,,86.52,
5486,04/11/2025,6,3,6,3,2,106.0 €,2025-11-04,,106.0,
5487,INVALID_DATE,7,4,7,4,3,102.5 USD,,Fecha inválida: INVALID_DATE,89.13,
5490,04/07/2025,3,3,3,3,1,105.5 USD,2025-07-04,,91.74,
5491,INVALID_DATE,4,4,4,4,2,111.0 €,,Fecha inválida: INVALID_DATE,111.0,
5493,04/04/2025,6,2,6,2,4,108.5 USD,2025-04-04,,94.35,
5494,04/03/2025,7,3,7,3,5,114.0 €,2025-03-04,,114.0,
5495,INVALID_DATE,1,4,1,4,1,115.0 €,,Fecha inválida: INVALID_DATE,115.0,
5497,31/03/2025,3,2,3,2,3,117.0 €,2025-03-31,,117.0,
5498,03/30/2025,4,3,4,3,4,118.0 €,2025-03-30,,118.0,
5499,INVALID_DATE,5,4,5,4,5,114.5 USD,,Fecha inválida: INVALID_DATE,99.57,
5500,2025-03-28,6,1,6,1,1,-150.00 €,2025-03-28,,,MontoTotal_Raw negativo: -150.00 €
5501,27/03/2025,7,2,7,2,2,121.0 €,2025-03-27,,121.0,
5503,INVALID_DATE,2,4,2,4,4,123.0 €,,Fecha inválida: INVALID_DATE,123.0,
5504,2025-03-24,3,1,3,1,5,124.0 €,2025-03-24,,124.0,
5505,23/03/2025,4,2,4,2,1,120.5 USD,2025-03-23,,104.78,
5507,INVALID_DATE,6,4,6,4,3,127.0 €,,Fecha inválida: INVALID_DATE,127.0,
5508,2025-03-20,7,1,7,1,4,123.5 USD,2025-03-20,,107.39,
5511,INVALID_DATE,3,4,3,4,2,NULL,,Fecha inválida: INVALID_DATE,,MontoTotal_Raw nulo o vacío: NULL
5512,2025-03-16,4,1,4,1,3,132.0 €,2025-03-16,,132.0,
5514,03/14/2025,6,3,6,3,5,129.5 USD,2025-03-14,,112.61,
5515,INVALID_DATE,7,4,7,4,1,135.0 €,,Fecha inválida: INVALID_DATE,135.0,
5518,03/10/2025,3,3,3,3,4,138.0 €,2025-10-03,,138.0,
5519,INVALID_DATE,4,4,4,4,5,139.0 €,,Fecha inválida: INVALID_DATE,139.0,
5521,07/03/2025,6,2,6,2,2,141.0 €,2025-03-07,,141.0,
5522,03/06/2025,7,3,7,3,3,142.0 €,2025-06-03,,142.0,
5523,INVALID_DATE,1,4,1,4,4,138.5 USD,,Fecha inválida: INVALID_DATE,120.43,
5525,03/03/2025,3,2,3,2,1,145.0 €,2025-03-03,,145.0,
5526,03/02/2025,4,3,4,3,2,141.5 USD,2025-02-03,,123.04,
5527,INVALID_DATE,5,4,5,4,3,147.0 €,,Fecha inválida: INVALID_DATE,147.0,
5528,2025-02-28,6,1,6,1,4,148.0 €,2025-02-28,,148.0,
5529,27/02/2025,7,2,7,2,5,144.5 USD,2025-02-27,,125.65,
5531,INVALID_DATE,2,4,2,4,2,151.0 €,,Fecha inválida: INVALID_DATE,151.0,
5532,2025-02-24,3,1,3,1,3,147.5 USD,2025-02-24,,128.26,
5533,23/02/2025,4,2,4,2,4,153.0 €,2025-02-23,,153.0,
5535,INVALID_DATE,6,4,6,4,1,150.5 USD,,Fecha inválida: INVALID_DATE,130.87,
5536,2025-02-20,7,1,7,1,2,156.0 €,2025-02-20,,156.0,
5539,INVALID_DATE,3,4,3,4,5,159.0 €,,Fecha inválida: INVALID_DATE,159.0,
5540,2025-02-16,4,1,4,1,1,160.0 €,2025-02-16,,160.0,
5542,02/14/2025,6,3,6,3,3,162.0 €,2025-02-14,,162.0,
5543,INVALID_DATE,7,4,7,4,4,163.0 €,,Fecha inválida: INVALID_DATE,163.0,
5544,2025-02-12,1,1,1,1,5,NULL,2025-02-12,,,MontoTotal_Raw nulo o vacío: NULL
5546,02/10/2025,3,3,3,3,2,166.0 €,2025-10-02,,166.0,
5547,INVALID_DATE,4,4,4,4,3,162.5 USD,,Fecha inválida: INVALID_DATE,141.3,
5549,07/02/2025,6,2,6,2,5,169.0 €,2025-02-07,,169.0,
5550,02/06/2025,7,3,7,3,1,-150.00 €,2025-06-02,,,MontoTotal_Raw negativo: -150.00 €
5551,INVALID_DATE,1,4,1,4,2,21.0 €,,Fecha inválida: INVALID_DATE,21.0,
5553,03/02/2025,3,2,3,2,4,168.5 USD,2025-02-03,,146.52,
5554,02/02/2025,4,3,4,3,5,24.0 €,2025-02-02,,24.0,
5555,INVALID_DATE,5,4,5,4,1,25.0 €,,Fecha inválida: INVALID_DATE,25.0,
5556,2025-01-31,6,1,6,1,2,171.5 USD,2025-01-31,,149.13,
5557,30/01/2025,7,2,7,2,3,27.0 €,2025-01-30,,27.0,
5559,INVALID_DATE,2,4,2,4,5,174.5 USD,,Fecha inválida: INVALID_DATE,151.74,
5560,2025-01-27,3,1,3,1,1,30.0 €,2025-01-27,,30.0,
5561,26/01/2025,4,2,4,2,2,31.0 €,2025-01-26,,31.0,
5563,INVALID_DATE,6,4,6,4,4,33.0 €,,Fecha inválida: INVALID_DATE,33.0,
5564,2025-01-23,7,1,7,1,5,34.0 €,2025-01-23,,34.0,
5567,INVALID_DATE,3,4,3,4,3,37.0 €,,Fecha inválida: INVALID_DATE,37.0,
5568,2025-01-19,4,1,4,1,4,183.5 USD,2025-01-19,,159.57,
5570,01/17/2025,6,3,6,3,1,40.0 €,2025-01-17,,40.0,
5571,INVALID_DATE,7,4,7,4,2,186.5 USD,,Fecha inválida: INVALID_DATE,162.17,
5574,01/13/2025,3,3,3,3,5,189.5 USD,2025-01-13,,164.78,
5575,INVALID_DATE,4,4,4,4,1,45.0 €,,Fecha inválida: INVALID_DATE,45.0,
5577,10/01/2025,6,2,6,2,3,NULL,2025-01-10,,,MontoTotal_Raw nulo o vacío: NULL
5578,01/09/2025,7,3,7,3,4,48.0 €,2025-09-01,,48.0,
5579,INVALID_DATE,1,4,1,4,5,49.0 €,,Fecha inválida: INVALID_DATE,49.0,
5581,06/01/2025,3,2,3,2,2,51.0 €,2025-01-06,,51.0,
5582,01/05/2025,4,3,4,3,3,52.0 €,2025-05-01,,52.0,
5583,INVALID_DATE,5,4,5,4,4,198.5 USD,,Fecha inválida: INVALID_DATE,172.61,
5584,2025-01-03,6,1,6,1,5,54.0 €,2025-01-03,,54.0,
5585,02/01/2025,7,2,7,2,1,55.0 €,2025-01-02,,55.0,
5587,INVALID_DATE,2,4,2,4,3,57.0 €,,Fecha inválida: INVALID_DATE,57.0,
5588,2024-12-30,3,1,3,1,4,58.0 €,2024-12-30,,58.0,
5589,29/12/2024,4,2,4,2,5,204.5 USD,2024-12-29,,177.83,
5591,INVALID_DATE,6,4,6,4,2,61.0 €,,Fecha inválida: INVALID_DATE,61.0,
5592,2024-12-26,7,1,7,1,3,207.5 USD,2024-12-26,,180.43,
5595,INVALID_DATE,3,4,3,4,1,210.5 USD,,Fecha inválida: INVALID_DATE,183.04,
5596,2024-12-22,4,1,4,1,2,66.0 €,2024-12-22,,66.0,
5598,12/20/2024,6,3,6,3,4,213.5 USD,2024-12-20,,185.65,
5599,INVALID_DATE,7,4,7,4,5,69.0 €,,Fecha inválida: INVALID_DATE,69.0,
5600,2024-12-18,1,1,1,1,1,-150.00 €,2024-12-18,,,MontoTotal_Raw negativo: -150.00 €
5602,12/16/2024,3,3,3,3,3,72.0 €,2024-12-16,,72.0,
5603,INVALID_DATE,4,4,4,4,4,73.0 €,,Fecha inválida: INVALID_DATE,73.0,
5605,13/12/2024,6,2,6,2,1,75.0 €,2024-12-13,,75.0,
5606,12/12/2024,7,3,7,3,2,76.0 €,2024-12-12,,76.0,
5607,INVALID_DATE,1,4,1,4,3,22.5 USD,,Fecha inválida: INVALID_DATE,19.57,
5609,09/12/2024,3,2,3,2,5,79.0 €,2024-12-09,,79.0,
5610,12/08/2024,4,3,4,3,1,NULL,2024-08-12,,,MontoTotal_Raw nulo o vacío: NULL
5611,INVALID_DATE,5,4,5,4,2,81.0 €,,Fecha inválida: INVALID_DATE,81.0,
5612,2024-12-06,6,1,6,1,3,82.0 €,2024-12-06,,82.0,
5613,05/12/2024,7,2,7,2,4,28.5 USD,2024-12-05,,24.78,
5615,INVALID_DATE,2,4,2,4,1,85.0 €,,Fecha inválida: INVALID_DATE,85.0,
5616,2024-12-02,3,1,3,1,2,31.5 USD,2024-12-02,,27.39,
5617,01/12/2024,4,2,4,2,3,87.0 €,2024-12-01,,87.0,
5619,INVALID_DATE,6,4,6,4,5,34.5 USD,,Fecha inválida: INVALID_DATE,30.0,
5620,2024-11-28,7,1,7,1,1,90.0 €,2024-11-28,,90.0,
5623,INVALID_DATE,3,4,3,4,4,93.0 €,,Fecha inválida: INVALID_DATE,93.0,
5624,2024-11-24,4,1,4,1,5,94.0 €,2024-11-24,,94.0,
5626,11/22/2024,6,3,6,3,2,96.0 €,2024-11-22,,96.0,
5627,INVALID_DATE,7,4,7,4,3,97.0 €,,Fecha inválida: INVALID_DATE,97.0,
5630,11/18/2024,3,3,3,3,1,100.0 €,2024-11-18,,100.0,
5631,INVALID_DATE,4,4,4,4,2,46.5 USD,,Fecha inválida: INVALID_DATE,40.43,
5633,15/11/2024,6,2,6,2,4,103.0 €,2024-11-15,,103.0,
5634,11/14/2024,7,3,7,3,5,49.5 USD,2024-11-14,,43.04,
5635,INVALID_DATE,1,4,1,4,1,105.0 €,,Fecha inválida: INVALID_DATE,105.0,
5637,11/11/2024,3,2,3,2,3,52.5 USD,2024-11-11,,45.65,
5638,11/10/2024,4,3,4,3,4,108.0 €,2024-10-11,,108.0,
5639,INVALID_DATE,5,4,5,4,5,109.0 €,,Fecha inválida: INVALID_DATE,109.0,
5640,2024-11-08,6,1,6,1,1,55.5 USD,2024-11-08,,48.26,
5641,07/11/2024,7,2,7,2,2,111.0 €,2024-11-07,,111.0,
5643,INVALID_DATE,2,4,2,4,4,NULL,,Fecha inválida: INVALID_DATE,,MontoTotal_Raw nulo o vacío: NULL
5644,2024-11-04,3,1,3,1,5,114.0 €,2024-11-04,,114.0,
5645,03/11/2024,4,2,4,2,1,115.0 €,2024-11-03,,115.0,
5647,INVALID_DATE,6,4,6,4,3,117.0 €,,Fecha inválida: INVALID_DATE,117.0,
5648,2024-10-31,7,1,7,1,4,118.0 €,2024-10-31,,118.0,
5650,10/29/2024,2,3,2,3,1,-150.00 €,2024-10-29,,,MontoTotal_Raw negativo: -150.00 €
5651,INVALID_DATE,3,4,3,4,2,121.0 €,,Fecha inválida: INVALID_DATE,121.0,
5652,2024-10-27,4,1,4,1,3,67.5 USD,2024-10-27,,58.7,
5654,10/25/2024,6,3,6,3,5,124.0 €,2024-10-25,,124.0,
5655,INVALID_DATE,7,4,7,4,1,70.5 USD,,Fecha inválida: INVALID_DATE,61.3,
5658,10/21/2024,3,3,3,3,4,73.5 USD,2024-10-21,,63.91,
5659,INVALID_DATE,4,4,4,4,5,129.0 €,,Fecha inválida: INVALID_DATE,129.0,
5661,18/10/2024,6,2,6,2,2,76.5 USD,2024-10-18,,66.52,
5662,10/17/2024,7,3,7,3,3,132.0 €,2024-10-17,,132.0,
5663,INVALID_DATE,1,4,1,4,4,133.0 €,,Fecha inválida: INVALID_DATE,133.0,
5665,14/10/2024,3,2,3,2,1,135.0 €,2024-10-14,,135.0,
5666,10/13/2024,4,3,4,3,2,136.0 €,2024-10-13,,136.0,
5667,INVALID_DATE,5,4,5,4,3,82.5 USD,,Fecha inválida: INVALID_DATE,71.74,
5668,2024-10-11,6,1,6,1,4,138.0 €,2024-10-11,,138.0,
5669,10/10/2024,7,2,7,2,5,139.0 €,2024-10-10,,139.0,
5671,INVALID_DATE,2,4,2,4,2,141.0 €,,Fecha inválida: INVALID_DATE,141.0,
5672,2024-10-07,3,1,3,1,3,142.0 €,2024-10-07,,142.0,
5673,06/10/2024,4,2,4,2,4,88.5 USD,2024-10-06,,76.96,
5675,INVALID_DATE,6,4,6,4,1,145.0 €,,Fecha inválida: INVALID_DATE,145.0,
5676,2024-10-03,7,1,7,1,2,NULL,2024-10-03,,,MontoTotal_Raw nulo o vacío: NULL
5679,INVALID_DATE,3,4,3,4,5,94.5 USD,,Fecha inválida: INVALID_DATE,82.17,
5680,2024-09-29,4,1,4,1,1,150.0 €,2024-09-29,,150.0,
5682,09/27/2024,6,3,6,3,3,97.5 USD,2024-09-27,,84.78,
5683,INVALID_DATE,7,4,7,4,4,153.0 €,,Fecha inválida: INVALID_DATE,153.0,
5686,09/23/2024,3,3,3,3,2,156.0 €,2024-09-23,,156.0,
5687,INVALID_DATE,4,4,4,4,3,157.0 €,,Fecha inválida: INVALID_DATE,157.0,
5689,20/09/2024,6,2,6,2,5,159.0 €,2024-09-20,,159.0,
5690,09/19/2024,7,3,7,3,1,160.0 €,2024-09-19,,160.0,
5691,INVALID_DATE,1,4,1,4,2,106.5 USD,,Fecha inválida: INVALID_DATE,92.61,
5693,16/09/2024,3,2,3,2,4,163.0 €,2024-09-16,,163.0,
5694,09/15/2024,4,3,4,3,5,109.5 USD,2024-09-15,,95.22,
5695,INVALID_DATE,5,4,5,4,1,165.0 €,,Fecha inválida: INVALID_DATE,165.0,
5696,2024-09-13,6,1,6,1,2,166.0 €,2024-09-13,,166.0,
5697,12/09/2024,7,2,7,2,3,112.5 USD,2024-09-12,,97.83,
5699,INVALID_DATE,2,4,2,4,5,169.0 €,,Fecha inválida: INVALID_DATE,169.0,
5700,2024-09-09,3,1,3,1,1,-150.00 €,2024-09-09,,,MontoTotal_Raw negativo: -150.00 €
5701,08/09/2024,4,2,4,2,2,21.0 €,2024-09-08,,21.0,
5703,INVALID_DATE,6,4,6,4,4,118.5 USD,,Fecha inválida: INVALID_DATE,103.04,
5704,2024-09-05,7,1,7,1,5,24.0 €,2024-09-05,,24.0,
5707,INVALID_DATE,3,4,3,4,3,27.0 €,,Fecha inválida: INVALID_DATE,27.0,
5708,2024-09-01,4,1,4,1,4,28.0 €,2024-09-01,,28.0,
5709,31/08/2024,5,2,5,2,5,NULL,2024-08-31,,,MontoTotal_Raw nulo o vacío: NULL
5710,08/30/2024,6,3,6,3,1,30.0 €,2024-08-30,,30.0,
5711,INVALID_DATE,7,4,7,4,2,31.0 €,,Fecha inválida: INVALID_DATE,31.0,
5714,08/26/2024,3,3,3,3,5,34.0 €,2024-08-26,,34.0,
5715,INVALID_DATE,4,4,4,4,1,130.5 USD,,Fecha inválida: INVALID_DATE,113.48,
5717,23/08/2024,6,2,6,2,3,37.0 €,2024-08-23,,37.0,
5718,08/22/2024,7,3,7,3,4,133.5 USD,2024-08-22,,116.09,
5719,INVALID_DATE,1,4,1,4,5,39.0 €,,Fecha inválida: INVALID_DATE,39.0,
5721,19/08/2024,3,2,3,2,2,136.5 USD,2024-08-19,,118.7,
5722,08/18/2024,4,3,4,3,3,42.0 €,2024-08-18,,42.0,
5723,INVALID_DATE,5,4,5,4,4,43.0 €,,Fecha inválida: INVALID_DATE,43.0,
5724,2024-08-16,6,1,6,1,5,139.5 USD,2024-08-16,,121.3,
5725,15/08/2024,7,2,7,2,1,45.0 €,2024-08-15,,45.0,
5727,INVALID_DATE,2,4,2,4,3,142.5 USD,,Fecha inválida: INVALID_DATE,123.91,
5728,2024-08-12,3,1,3,1,4,48.0 €,2024-08-12,,48.0,
5729,11/08/2024,4,2,4,2,5,49.0 €,2024-08-11,,49.0,
5731,INVALID_DATE,6,4,6,4,2,51.0 €,,Fecha inválida: INVALID_DATE,51.0,
5732,2024-08-08,7,1,7,1,3,52.0 €,2024-08-08,,52.0,
5735,INVALID_DATE,3,4,3,4,1,55.0 €,,Fecha inválida: INVALID_DATE,55.0,
5736,2024-08-04,4,1,4,1,2,151.5 USD,2024-08-04,,131.74,
5738,08/02/2024,6,3,6,3,4,58.0 €,2024-02-08,,58.0,
5739,INVALID_DATE,7,4,7,4,5,154.5 USD,,Fecha inválida: INVALID_DATE,134.35,
5742,07/29/2024,3,3,3,3,3,NULL,2024-07-29,,,MontoTotal_Raw nulo o vacío: NULL
5743,INVALID_DATE,4,4,4,4,4,63.0 €,,Fecha inválida: INVALID_DATE,63.0,
5745,26/07/2024,6,2,6,2,1,160.5 USD,2024-07-26,,139.57,
5746,07/25/2024,7,3,7,3,2,66.0 €,2024-07-25,,66.0,
5747,INVALID_DATE,1,4,1,4,3,67.0 €,,Fecha inválida: INVALID_DATE,67.0,
5749,22/07/2024,3,2,3,2,5,69.0 €,2024-07-22,,69.0,
5750,07/21/2024,4,3,4,3,1,-150.00 €,2024-07-21,,,MontoTotal_Raw negativo: -150.00 €
5751,INVALID_DATE,5,4,5,4,2,166.5 USD,,Fecha inválida: INVALID_DATE,144.78,
5752,2024-07-19,6,1,6,1,3,72.0 €,2024-07-19,,72.0,
5753,18/07/2024,7,2,7,2,4,73.0 €,2024-07-18,,73.0,
5755,INVALID_DATE,2,4,2,4,1,75.0 €,,Fecha inválida: INVALID_DATE,75.0,
5756,2024-07-15,3,1,3,1,2,76.0 €,2024-07-15,,76.0,
5757,14/07/2024,4,2,4,2,3,172.5 USD,2024-07-14,,150.0,
5759,INVALID_DATE,6,4,6,4,5,79.0 €,,Fecha inválida: INVALID_DATE,79.0,
5760,2024-07-11,7,1,7,1,1,175.5 USD,2024-07-11,,152.61,
5763,INVALID_DATE,3,4,3,4,4,178.5 USD,,Fecha inválida: INVALID_DATE,155.22,
5764,2024-07-07,4,1,4,1,5,84.0 €,2024-07-07,,84.0,
5766,07/05/2024,6,3,6,3,2,181.5 USD,2024-05-07,,157.83,
5767,INVALID_DATE,7,4,7,4,3,87.0 €,,Fecha inválida: INVALID_DATE,87.0,
5770,07/01/2024,3,3,3,3,1,90.0 €,2024-01-07,,90.0,
5771,INVALID_DATE,4,4,4,4,2,91.0 €,,Fecha inválida: INVALID_DATE,91.0,
5773,28/06/2024,6,2,6,2,4,93.0 €,2024-06-28,,93.0,
5774,06/27/2024,7,3,7,3,5,94.0 €,2024-06-27,,94.0,
5775,INVALID_DATE,1,4,1,4,1,NULL,,Fecha inválida: INVALID_DATE,,MontoTotal_Raw nulo o vacío: NULL
5777,24/06/2024,3,2,3,2,3,97.0 €,2024-06-24,,97.0,
5778,06/23/2024,4,3,4,3,4,193.5 USD,2024-06-23,,168.26,
5779,INVALID_DATE,5,4,5,4,5,99.0 €,,Fecha inválida: INVALID_DATE,99.0,
5780,2024-06-21,6,1,6,1,1,100.0 €,2024-06-21,,100.0,
5781,20/06/2024,7,2,7,2,2,196.5 USD,2024-06-20,,170.87,
5783,INVALID_DATE,2,4,2,4,4,103.0 €,,Fecha inválida: INVALID_DATE,103.0,
5784,2024-06-17,3,1,3,1,5,199.5 USD,2024-06-17,,173.48,
5785,16/06/2024,4,2,4,2,1,105.0 €,2024-06-16,,105.0,
5787,INVALID_DATE,6,4,6,4,3,202.5 USD,,Fecha inválida: INVALID_DATE,176.09,
5788,2024-06-13,7,1,7,1,4,108.0 €,2024-06-13,,108.0,
5791,INVALID_DATE,3,4,3,4,2,111.0 €,,Fecha inválida: INVALID_DATE,111.0,
5792,2024-06-09,4,1,4,1,3,112.0 €,2024-06-09,,112.0,
5794,06/07/2024,6,3,6,3,5,114.0 €,2024-07-06,,114.0,
5795,INVALID_DATE,7,4,7,4,1,115.0 €,,Fecha inválida: INVALID_DATE,115.0,
5798,06/03/2024,3,3,3,3,4,118.0 €,2024-03-06,,118.0,
5799,INVALID_DATE,4,4,4,4,5,214.5 USD,,Fecha inválida: INVALID_DATE,186.52,
5800,2024-06-01,5,1,5,1,1,-150.00 €,2024-06-01,,,MontoTotal_Raw negativo: -150.00 €
5801,31/05/2024,6,2,6,2,2,121.0 €,2024-05-31,,121.0,
5802,05/30/2024,7,3,7,3,3,17.5 USD,2024-05-30,,15.22,
5803,INVALID_DATE,1,4,1,4,4,123.0 €,,Fecha inválida: INVALID_DATE,123.0,
5805,27/05/2024,3,2,3,2,1,20.5 USD,2024-05-27,,17.83,
5806,05/26/2024,4,3,4,3,2,126.0 €,2024-05-26,,126.0,
5807,INVALID_DATE,5,4,5,4,3,127.0 €,,Fecha inválida: INVALID_DATE,127.0,
5808,2024-05-24,6,1,6,1,4,NULL,2024-05-24,,,MontoTotal_Raw nulo o vacío: NULL
5809,23/05/2024,7,2,7,2,5,129.0 €,2024-05-23,,129.0,
5811,INVALID_DATE,2,4,2,4,2,26.5 USD,,Fecha inválida: INVALID_DATE,23.04,
5812,2024-05-20,3,1,3,1,3,132.0 €,2024-05-20,,132.0,
5813,19/05/2024,4,2,4,2,4,133.0 €,2024-05-19,,133.0,
5815,INVALID_DATE,6,4,6,4,1,135.0 €,,Fecha inválida: INVALID_DATE,135.0,
5816,2024-05-16,7,1,7,1,2,136.0 €,2024-05-16,,136.0,
5819,INVALID_DATE,3,4,3,4,5,139.0 €,,Fecha inválida: INVALID_DATE,139.0,
5820,2024-05-12,4,1,4,1,1,35.5 USD,2024-05-12,,30.87,
5822,05/10/2024,6,3,6,3,3,142.0 €,2024-10-05,,142.0,
5823,INVALID_DATE,7,4,7,4,4,38.5 USD,,Fecha inválida: INVALID_DATE,33.48,
5826,05/06/2024,3,3,3,3,2,41.5 USD,2024-06-05,,36.09,
5827,INVALID_DATE,4,4,4,4,3,147.0 €,,Fecha inválida: INVALID_DATE,147.0,
5829,03/05/2024,6,2,6,2,5,44.5 USD,2024-05-03,,38.7,
5830,05/02/2024,7,3,7,3,1,150.0 €,2024-02-05,,150.0,
5831,INVALID_DATE,1,4,1,4,2,151.0 €,,Fecha inválida: INVALID_DATE,151.0,
5833,29/04/2024,3,2,3,2,4,153.0 €,2024-04-29,,153.0,
5834,04/28/2024,4,3,4,3,5,154.0 €,2024-04-28,,154.0,
5835,INVALID_DATE,5,4,5,4,1,50.5 USD,,Fecha inválida: INVALID_DATE,43.91,
5836,2024-04-26,6,1,6,1,2,156.0 €,2024-04-26,,156.0,
5837,25/04/2024,7,2,7,2,3,157.0 €,2024-04-25,,157.0,
5839,INVALID_DATE,2,4,2,4,5,159.0 €,,Fecha inválida: INVALID_DATE,159.0,
5840,2024-04-22,3,1,3,1,1,160.0 €,2024-04-22,,160.0,
5841,21/04/2024,4,2,4,2,2,NULL,2024-04-21,,,MontoTotal_Raw nulo o vacío: NULL
5843,INVALID_DATE,6,4,6,4,4,163.0 €,,Fecha inválida: INVALID_DATE,163.0,
5844,2024-04-18,7,1,7,1,5,59.5 USD,2024-04-18,,51.74,
5847,INVALID_DATE,3,4,3,4,3,62.5 USD,,Fecha inválida: INVALID_DATE,54.35,
5848,2024-04-14,4,1,4,1,4,168.0 €,2024-04-14,,168.0,
5850,04/12/2024,6,3,6,3,1,-150.00 €,2024-12-04,,,MontoTotal_Raw negativo: -150.00 €
5851,INVALID_DATE,7,4,7,4,2,21.0 €,,Fecha inválida: INVALID_DATE,21.0,
5854,04/08/2024,3,3,3,3,5,24.0 €,2024-08-04,,24.0,
5855,INVALID_DATE,4,4,4,4,1,25.0 €,,Fecha inválida: INVALID_DATE,25.0,
5857,05/04/2024,6,2,6,2,3,27.0 €,2024-04-05,,27.0,
5858,04/04/2024,7,3,7,3,4,28.0 €,2024-04-04,,28.0,
5859,INVALID_DATE,1,4,1,4,5,74.5 USD,,Fecha inválida: INVALID_DATE,64.78,
5861,01/04/2024,3,2,3,2,2,31.0 €,2024-04-01,,31.0,
5862,03/31/2024,4,3,4,3,3,77.5 USD,2024-03-31,,67.39,
5863,INVALID_DATE,5,4,5,4,4,33.0 €,,Fecha inválida: INVALID_DATE,33.0,
5864,2024-03-29,6,1,6,1,5,34.0 €,2024-03-29,,34.0,
5865,28/03/2024,7,2,7,2,1,80.5 USD,2024-03-28,,70.0,
5867,INVALID_DATE,2,4,2,4,3,37.0 €,,Fecha inválida: INVALID_DATE,37.0,
5868,2024-03-25,3,1,3,1,4,83.5 USD,2024-03-25,,72.61,
5869,24/03/2024,4,2,4,2,5,39.0 €,2024-03-24,,39.0,
5871,INVALID_DATE,6,4,6,4,2,86.5 USD,,Fecha inválida: INVALID_DATE,75.22,
5872,2024-03-21,7,1,7,1,3,42.0 €,2024-03-21,,42.0,
5874,03/19/2024,2,3,2,3,5,NULL,2024-03-19,,,MontoTotal_Raw nulo o vacío: NULL
5875,INVALID_DATE,3,4,3,4,1,45.0 €,,Fecha inválida: INVALID_DATE,45.0,
5876,2024-03-17,4,1,4,1,2,46.0 €,2024-03-17,,46.0,
5878,03/15/2024,6,3,6,3,4,48.0 €,2024-03-15,,48.0,
5879,INVALID_DATE,7,4,7,4,5,49.0 €,,Fecha inválida: INVALID_DATE,49.0,
5882,03/11/2024,3,3,3,3,3,52.0 €,2024-11-03,,52.0,
5883,INVALID_DATE,4,4,4,4,4,98.5 USD,,Fecha inválida: INVALID_DATE,85.65,
5885,08/03/2024,6,2,6,2,1,55.0 €,2024-03-08,,55.0,
5886,03/07/2024,7,3,7,3,2,101.5 USD,2024-07-03,,88.26,
5887,INVALID_DATE,1,4,1,4,3,57.0 €,,Fecha inválida: INVALID_DATE,57.0,
5889,04/03/2024,3,2,3,2,5,104.5 USD,2024-03-04,,90.87,
5890,03/03/2024,4,3,4,3,1,60.0 €,2024-03-03,,60.0,
5891,INVALID_DATE,5,4,5,4,2,61.0 €,,Fecha inválida: INVALID_DATE,61.0,
5892,2024-03-01,6,1,6,1,3,107.5 USD,2024-03-01,,93.48,
5893,29/02/2024,7,2,7,2,4,63.0 €,2024-02-29,,63.0,
5895,INVALID_DATE,2,4,2,4,1,110.5 USD,,Fecha inválida: INVALID_DATE,96.09,
5896,2024-02-26,3,1,3,1,2,66.0 €,2024-02-26,,66.0,
5897,25/02/2024,4,2,4,2,3,67.0 €,2024-02-25,,67.0,
5899,INVALID_DATE,6,4,6,4,5,69.0 €,,Fecha inválida: INVALID_DATE,69.0,
5900,2024-02-22,7,1,7,1,1,-150.00 €,2024-02-22,,,MontoTotal_Raw negativo: -150.00 €
5903,INVALID_DATE,3,4,3,4,4,73.0 €,,Fecha inválida: INVALID_DATE,73.0,
5904,2024-02-18,4,1,4,1,5,119.5 USD,2024-02-18,,103.91,
5906,02/16/2024,6,3,6,3,2,76.0 €,2024-02-16,,76.0,
5907,INVALID_DATE,7,4,7,4,3,NULL,,Fecha inválida: INVALID_DATE,,MontoTotal_Raw nulo o vacío: NULL
5910,02/12/2024,3,3,3,3,1,125.5 USD,2024-12-02,,109.13,
5911,INVALID_DATE,4,4,4,4,2,81.0 €,,Fecha inválida: INVALID_DATE,81.0,
5913,09/02/2024,6,2,6,2,4,128.5 USD,2024-02-09,,111.74,
5914,02/08/2024,7,3,7,3,5,84.0 €,2024-08-02,,84.0,
5915,INVALID_DATE,1,4,1,4,1,85.0 €,,Fecha inválida: INVALID_DATE,85.0,
5917,05/02/2024,3,2,3,2,3,87.0 €,2024-02-05,,87.0,
5918,02/04/2024,4,3,4,3,4,88.0 €,2024-04-02,,88.0,
5919,INVALID_DATE,5,4,5,4,5,134.5 USD,,Fecha inválida: INVALID_DATE,116.96,
5920,2024-02-02,6,1,6,1,1,90.0 €,2024-02-02,,90.0,
5921,01/02/2024,7,2,7,2,2,91.0 €,2024-02-01,,91.0,
5923,INVALID_DATE,2,4,2,4,4,93.0 €,,Fecha inválida: INVALID_DATE,93.0,
5924,2024-01-29,3,1,3,1,5,94.0 €,2024-01-29,,94.0,
5925,28/01/2024,4,2,4,2,1,140.5 USD,2024-01-28,,122.17,
5927,INVALID_DATE,6,4,6,4,3,97.0 €,,Fecha inválida: INVALID_DATE,97.0,
5928,2024-01-25,7,1,7,1,4,143.5 USD,2024-01-25,,124.78,
5931,INVALID_DATE,3,4,3,4,2,146.5 USD,,Fecha inválida: INVALID_DATE,127.39,
5932,2024-01-21,4,1,4,1,3,102.0 €,2024-01-21,,102.0,
5934,01/19/2024,6,3,6,3,5,149.5 USD,2024-01-19,,130.0,
5935,INVALID_DATE,7,4,7,4,1,105.0 €,,Fecha inválida: INVALID_DATE,105.0,
5938,01/15/2024,3,3,3,3,4,108.0 €,2024-01-15,,108.0,
5939,INVALID_DATE,4,4,4,4,5,109.0 €,,Fecha inválida: INVALID_DATE,109.0,
5940,2024-01-13,5,1,5,1,1,NULL,2024-01-13,,,MontoTotal_Raw nulo o vacío: NULL
5941,12/01/2024,6,2,6,2,2,111.0 €,2024-01-12,,111.0,
5942,01/11/2024,7,3,7,3,3,112.0 €,2024-11-01,,112.0,
5943,INVALID_DATE,1,4,1,4,4,158.5 USD,,Fecha inválida: INVALID_DATE,137.83,
5945,08/01/2024,3,2,3,2,1,115.0 €,2024-01-08,,115.0,
5946,01/07/2024,4,3,4,3,2,161.5 USD,2024-07-01,,140.43,
5947,INVALID_DATE,5,4,5,4,3,117.0 €,,Fecha inválida: INVALID_DATE,117.0,
5948,2024-01-05,6,1,6,1,4,118.0 €,2024-01-05,,118.0,
5949,04/01/2024,7,2,7,2,5,164.5 USD,2024-01-04,,143.04,
5950,01/03/2024,1,3,1,3,1,-150.00 €,2024-03-01,,,MontoTotal_Raw negativo: -150.00 €
5951,INVALID_DATE,2,4,2,4,2,121.0 €,,Fecha inválida: INVALID_DATE,121.0,
5952,2024-01-01,3,1,3,1,3,167.5 USD,2024-01-01,,145.65,
5953,31/12/2023,4,2,4,2,4,123.0 €,2023-12-31,,123.0,
5955,INVALID_DATE,6,4,6,4,1,170.5 USD,,Fecha inválida: INVALID_DATE,148.26,
5956,2023-12-28,7,1,7,1,2,126.0 €,2023-12-28,,126.0,
5959,INVALID_DATE,3,4,3,4,5,129.0 €,,Fecha inválida: INVALID_DATE,129.0,
5960,2023-12-24,4,1,4,1,1,130.0 €,2023-12-24,,130.0,
5962,12/22/2023,6,3,6,3,3,132.0 €,2023-12-22,,132.0,
5963,INVALID_DATE,7,4,7,4,4,133.0 €,,Fecha inválida: INVALID_DATE,133.0,
5966,12/18/2023,3,3,3,3,2,136.0 €,2023-12-18,,136.0,
5967,INVALID_DATE,4,4,4,4,3,182.5 USD,,Fecha inválida: INVALID_DATE,158.7,
5969,15/12/2023,6,2,6,2,5,139.0 €,2023-12-15,,139.0,
5970,12/14/2023,7,3,7,3,1,185.5 USD,2023-12-14,,161.3,
5971,INVALID_DATE,1,4,1,4,2,141.0 €,,Fecha inválida: INVALID_DATE,141.0,
5973,11/12/2023,3,2,3,2,4,NULL,2023-12-11,,,MontoTotal_Raw nulo o vacío: NULL
5974,12/10/2023,4,3,4,3,5,144.0 €,2023-10-12,,144.0,
5975,INVALID_DATE,5,4,5,4,1,145.0 €,,Fecha inválida: INVALID_DATE,145.0,
5976,2023-12-08,6,1,6,1,2,191.5 USD,2023-12-08,,166.52,
5977,07/12/2023,7,2,7,2,3,147.0 €,2023-12-07,,147.0,
5979,INVALID_DATE,2,4,2,4,5,194.5 USD,,Fecha inválida: INVALID_DATE,169.13,
5980,2023-12-04,3,1,3,1,1,150.0 €,2023-12-04,,150.0,
5981,03/12/2023,4,2,4,2,2,151.0 €,2023-12-03,,151.0,
5983,INVALID_DATE,6,4,6,4,4,153.0 €,,Fecha inválida: INVALID_DATE,153.0,
5984,2023-11-30,7,1,7,1,5,154.0 €,2023-11-30,,154.0,
5987,INVALID_DATE,3,4,3,4,3,157.0 €,,Fecha inválida: INVALID_DATE,157.0,
5988,2023-11-26,4,1,4,1,4,203.5 USD,2023-11-26,,176.96,
5990,11/24/2023,6,3,6,3,1,160.0 €,2023-11-24,,160.0,
5991,INVALID_DATE,7,4,7,4,2,206.5 USD,,Fecha inválida: INVALID_DATE,179.57,
5994,11/20/2023,3,3,3,3,5,209.5 USD,2023-11-20,,182.17,
5995,INVALID_DATE,4,4,4,4,1,165.0 €,,Fecha inválida: INVALID_DATE,165.0,
5997,17/11/2023,6,2,6,2,3,212.5 USD,2023-11-17,,184.78,
5998,11/16/2023,7,3,7,3,4,168.0 €,2023-11-16,,168.0,
5999,INVALID_DATE,1,4,1,4,5,169.0 €,,Fecha inválida: INVALID_DATE,169.0,
6000,2026-08-10,2,1,2,1,1,-150.00 €,2026-08-10,,,MontoTotal_Raw negativo: -150.00 €
6001,09/08/2026,3,2,3,2,2,21.0 €,2026-08-09,,21.0,
6002,08/08/2026,4,3,4,3,3,22.0 €,2026-08-08,,22.0,
6003,INVALID_DATE,5,4,5,4,4,18.5 USD,,Fecha inválida: INVALID_DATE,16.09,
6004,2026-08-06,6,1,6,1,5,24.0 €,2026-08-06,,24.0,
6005,05/08/2026,7,2,7,2,1,25.0 €,2026-08-05,,25.0,
6006,08/04/2026,1,3,1,3,2,NULL,2026-04-08,,,MontoTotal_Raw nulo o vacío: NULL
6007,INVALID_DATE,2,4,2,4,3,27.0 €,,Fecha inválida: INVALID_DATE,27.0,
6008,2026-08-02,3,1,3,1,4,28.0 €,2026-08-02,,28.0,
6009,01/08/2026,4,2,4,2,5,24.5 USD,2026-08-01,,21.3,
6011,INVALID_DATE,6,4,6,4,2,31.0 €,,Fecha inválida: INVALID_DATE,31.0,
6012,2026-07-29,7,1,7,1,3,27.5 USD,2026-07-29,,23.91,
6015,INVALID_DATE,3,4,3,4,1,30.5 USD,,Fecha inválida: INVALID_DATE,26.52,
6016,2026-07-25,4,1,4,1,2,36.0 €,2026-07-25,,36.0,
6018,07/23/2026,6,3,6,3,4,33.5 USD,2026-07-23,,29.13,
6019,INVALID_DATE,7,4,7,4,5,39.0 €,,Fecha inválida: INVALID_DATE,39.0,
6022,07/19/2026,3,3,3,3,3,42.0 €,2026-07-19,,42.0,
6023,INVALID_DATE,4,4,4,4,4,43.0 €,,Fecha inválida: INVALID_DATE,43.0,
6025,16/07/2026,6,2,6,2,1,45.0 €,2026-07-16,,45.0,
6026,07/15/2026,7,3,7,3,2,46.0 €,2026-07-15,,46.0,
6027,INVALID_DATE,1,4,1,4,3,42.5 USD,,Fecha inválida: INVALID_DATE,36.96,
6029,12/07/2026,3,2,3,2,5,49.0 €,2026-07-12,,49.0,
6030,07/11/2026,4,3,4,3,1,45.5 USD,2026-11-07,,39.57,
6031,INVALID_DATE,5,4,5,4,2,51.0 €,,Fecha inválida: INVALID_DATE,51.0,
6032,2026-07-09,6,1,6,1,3,52.0 €,2026-07-09,,52.0,
6033,08/07/2026,7,2,7,2,4,48.5 USD,2026-07-08,,42.17,
6035,INVALID_DATE,2,4,2,4,1,55.0 €,,Fecha inválida: INVALID_DATE,55.0,
6036,2026-07-05,3,1,3,1,2,51.5 USD,2026-07-05,,44.78,
6037,04/07/2026,4,2,4,2,3,57.0 €,2026-07-04,,57.0,
6039,INVALID_DATE,6,4,6,4,5,NULL,,Fecha inválida: INVALID_DATE,,MontoTotal_Raw nulo o vacío: NULL
6040,2026-07-01,7,1,7,1,1,60.0 €,2026-07-01,,60.0,
6043,INVALID_DATE,3,4,3,4,4,63.0 €,,Fecha inválida: INVALID_DATE,63.0,
6044,2026-06-27,4,1,4,1,5,64.0 €,2026-06-27,,64.0,
6046,06/25/2026,6,3,6,3,2,66.0 €,2026-06-25,,66.0,
6047,INVALID_DATE,7,4,7,4,3,67.0 €,,Fecha inválida: INVALID_DATE,67.0,
6050,06/21/2026,3,3,3,3,1,-150.00 €,2026-06-21,,,MontoTotal_Raw negativo: -150.00 €
6051,INVALID_DATE,4,4,4,4,2,66.5 USD,,Fecha inválida: INVALID_DATE,57.83,
6053,18/06/2026,6,2,6,2,4,73.0 €,2026-06-18,,73.0,
6054,06/17/2026,7,3,7,3,5,69.5 USD,2026-06-17,,60.43,
6055,INVALID_DATE,1,4,1,4,1,75.0 €,,Fecha inválida: INVALID_DATE,75.0,
6057,14/06/2026,3,2,3,2,3,72.5 USD,2026-06-14,,63.04,
6058,06/13/2026,4,3,4,3,4,78.0 €,2026-06-13,,78.0,
6059,INVALID_DATE,5,4,5,4,5,79.0 €,,Fecha inválida: INVALID_DATE,79.0,
6060,2026-06-11,6,1,6,1,1,75.5 USD,2026-06-11,,65.65,
6061,10/06/2026,7,2,7,2,2,81.0 €,2026-06-10,,81.0,
6063,INVALID_DATE,2,4,2,4,4,78.5 USD,,Fecha inválida: INVALID_DATE,68.26,
6064,2026-06-07,3,1,3,1,5,84.0 €,2026-06-07,,84.0,
6065,06/06/2026,4,2,4,2,1,85.0 €,2026-06-06,,85.0,
6067,INVALID_DATE,6,4,6,4,3,87.0 €,,Fecha inválida: INVALID_DATE,87.0,
6068,2026-06-03,7,1,7,1,4,88.0 €,2026-06-03,,88.0,
6071,INVALID_DATE,3,4,3,4,2,91.0 €,,Fecha inválida: INVALID_DATE,91.0,
6072,2026-05-30,4,1,4,1,3,NULL,2026-05-30,,,MontoTotal_Raw nulo o vacío: NULL
6074,05/28/2026,6,3,6,3,5,94.0 €,2026-05-28,,94.0,
6075,INVALID_DATE,7,4,7,4,1,90.5 USD,,Fecha inválida: INVALID_DATE,78.7,
6078,05/24/2026,3,3,3,3,4,93.5 USD,2026-05-24,,81.3,
6079,INVALID_DATE,4,4,4,4,5,99.0 €,,Fecha inválida: INVALID_DATE,99.0,
6081,21/05/2026,6,2,6,2,2,96.5 USD,2026-05-21,,83.91,
6082,05/20/2026,7,3,7,3,3,102.0 €,2026-05-20,,102.0,
6083,INVALID_DATE,1,4,1,4,4,103.0 €,,Fecha inválida: INVALID_DATE,103.0,
6085,17/05/2026,3,2,3,2,1,105.0 €,2026-05-17,,105.0,
6086,05/16/2026,4,3,4,3,2,106.0 €,2026-05-16,,106.0,
6087,INVALID_DATE,5,4,5,4,3,102.5 USD,,Fecha inválida: INVALID_DATE,89.13,
6088,2026-05-14,6,1,6,1,4,108.0 €,2026-05-14,,108.0,
6089,13/05/2026,7,2,7,2,5,109.0 €,2026-05-13,,109.0,
6091,INVALID_DATE,2,4,2,4,2,111.0 €,,Fecha inválida: INVALID_DATE,111.0,
6092,2026-05-10,3,1,3,1,3,112.0 €,2026-05-10,,112.0,
6093,09/05/2026,4,2,4,2,4,108.5 USD,2026-05-09,,94.35,
6095,INVALID_DATE,6,4,6,4,1,115.0 €,,Fecha inválida: INVALID_DATE,115.0,
6096,2026-05-06,7,1,7,1,2,111.5 USD,2026-05-06,,96.96,
6099,INVALID_DATE,3,4,3,4,5,114.5 USD,,Fecha inválida: INVALID_DATE,99.57,
6100,2026-05-02,4,1,4,1,1,-150.00 €,2026-05-02,,,MontoTotal_Raw negativo: -150.00 €
6102,04/30/2026,6,3,6,3,3,117.5 USD,2026-04-30,,102.17,
6103,INVALID_DATE,7,4,7,4,4,123.0 €,,Fecha inválida: INVALID_DATE,123.0,
6105,27/04/2026,2,2,2,2,1,NULL,2026-04-27,,,MontoTotal_Raw nulo o vacío: NULL
6106,04/26/2026,3,3,3,3,2,126.0 €,2026-04-26,,126.0,
6107,INVALID_DATE,4,4,4,4,3,127.0 €,,Fecha inválida: INVALID_DATE,127.0,
6109,23/04/2026,6,2,6,2,5,129.0 €,2026-04-23,,129.0,
6110,04/22/2026,7,3,7,3,1,130.0 €,2026-04-22,,130.0,
6111,INVALID_DATE,1,4,1,4,2,126.5 USD,,Fecha inválida: INVALID_DATE,110.0,
6113,19/04/2026,3,2,3,2,4,133.0 €,2026-04-19,,133.0,
6114,04/18/2026,4,3,4,3,5,129.5 USD,2026-04-18,,112.61,
6115,INVALID_DATE,5,4,5,4,1,135.0 €,,Fecha inválida: INVALID_DATE,135.0,
6116,2026-04-16,6,1,6,1,2,136.0 €,2026-04-16,,136.0,
6117,15/04/2026,7,2,7,2,3,132.5 USD,2026-04-15,,115.22,
6119,INVALID_DATE,2,4,2,4,5,139.0 €,,Fecha inválida: INVALID_DATE,139.0,
6120,2026-04-12,3,1,3,1,1,135.5 USD,2026-04-12,,117.83,
6121,11/04/2026,4,2,4,2,2,141.0 €,2026-04-11,,141.0,
6123,INVALID_DATE,6,4,6,4,4,138.5 USD,,Fecha inválida: INVALID_DATE,120.43,
6124,2026-04-08,7,1,7,1,5,144.0 €,2026-04-08,,144.0,
6127,INVALID_DATE,3,4,3,4,3,147.0 €,,Fecha inválida: INVALID_DATE,147.0,
6128,2026-04-04,4,1,4,1,4,148.0 €,2026-04-04,,148.0,
6130,04/02/2026,6,3,6,3,1,150.0 €,2026-02-04,,150.0,
6131,INVALID_DATE,7,4,7,4,2,151.0 €,,Fecha inválida: INVALID_DATE,151.0,
6134,03/29/2026,3,3,3,3,5,154.0 €,2026-03-29,,154.0,
6135,INVALID_DATE,4,4,4,4,1,150.5 USD,,Fecha inválida: INVALID_DATE,130.87,
6137,26/03/2026,6,2,6,2,3,157.0 €,2026-03-26,,157.0,
6138,03/25/2026,7,3,7,3,4,NULL,2026-03-25,,,MontoTotal_Raw nulo o vacío: NULL
6139,INVALID_DATE,1,4,1,4,5,159.0 €,,Fecha inválida: INVALID_DATE,159.0,
6141,22/03/2026,3,2,3,2,2,156.5 USD,2026-03-22,,136.09,
6142,03/21/2026,4,3,4,3,3,162.0 €,2026-03-21,,162.0,
6143,INVALID_DATE,5,4,5,4,4,163.0 €,,Fecha inválida: INVALID_DATE,163.0,
6144,2026-03-19,6,1,6,1,5,159.5 USD,2026-03-19,,138.7,
6145,18/03/2026,7,2,7,2,1,165.0 €,2026-03-18,,165.0,
6147,INVALID_DATE,2,4,2,4,3,162.5 USD,,Fecha inválida: INVALID_DATE,141.3,
6148,2026-03-15,3,1,3,1,4,168.0 €,2026-03-15,,168.0,
6149,14/03/2026,4,2,4,2,5,169.0 €,2026-03-14,,169.0,
6150,03/13/2026,5,3,5,3,1,-150.00 €,2026-03-13,,,MontoTotal_Raw negativo: -150.00 €
6151,INVALID_DATE,6,4,6,4,2,21.0 €,,Fecha inválida: INVALID_DATE,21.0,
6152,2026-03-11,7,1,7,1,3,22.0 €,2026-03-11,,22.0,
6155,INVALID_DATE,3,4,3,4,1,25.0 €,,Fecha inválida: INVALID_DATE,25.0,
6156,2026-03-07,4,1,4,1,2,171.5 USD,2026-03-07,,149.13,
6158,03/05/2026,6,3,6,3,4,28.0 €,2026-05-03,,28.0,
6159,INVALID_DATE,7,4,7,4,5,174.5 USD,,Fecha inválida: INVALID_DATE,151.74,
6162,03/01/2026,3,3,3,3,3,177.5 USD,2026-01-03,,154.35,
6163,INVALID_DATE,4,4,4,4,4,33.0 €,,Fecha inválida: INVALID_DATE,33.0,
6165,26/02/2026,6,2,6,2,1,180.5 USD,2026-02-26,,156.96,
6166,02/25/2026,7,3,7,3,2,36.0 €,2026-02-25,,36.0,
6167,INVALID_DATE,1,4,1,4,3,37.0 €,,Fecha inválida: INVALID_DATE,37.0,
6169,22/02/2026,3,2,3,2,5,39.0 €,2026-02-22,,39.0,
6170,02/21/2026,4,3,4,3,1,40.0 €,2026-02-21,,40.0,
6171,INVALID_DATE,5,4,5,4,2,NULL,,Fecha inválida: INVALID_DATE,,MontoTotal_Raw nulo o vacío: NULL
6172,2026-02-19,6,1,6,1,3,42.0 €,2026-02-19,,42.0,
6173,18/02/2026,7,2,7,2,4,43.0 €,2026-02-18,,43.0,
6175,INVALID_DATE,2,4,2,4,1,45.0 €,,Fecha inválida: INVALID_DATE,45.0,
6176,2026-02-15,3,1,3,1,2,46.0 €,2026-02-15,,46.0,
6177,14/02/2026,4,2,4,2,3,192.5 USD,2026-02-14,,167.39,
6179,INVALID_DATE,6,4,6,4,5,49.0 €,,Fecha inválida: INVALID_DATE,49.0,
6180,2026-02-11,7,1,7,1,1,195.5 USD,2026-02-11,,170.0,
6183,INVALID_DATE,3,4,3,4,4,198.5 USD,,Fecha inválida: INVALID_DATE,172.61,
6184,2026-02-07,4,1,4,1,5,54.0 €,2026-02-07,,54.0,
6186,02/05/2026,6,3,6,3,2,201.5 USD,2026-05-02,,175.22,
6187,INVALID_DATE,7,4,7,4,3,57.0 €,,Fecha inválida: INVALID_DATE,57.0,
6190,02/01/2026,3,3,3,3,1,60.0 €,2026-01-02,,60.0,
6191,INVALID_DATE,4,4,4,4,2,61.0 €,,Fecha inválida: INVALID_DATE,61.0,
6193,29/01/2026,6,2,6,2,4,63.0 €,2026-01-29,,63.0,
6194,01/28/2026,7,3,7,3,5,64.0 €,2026-01-28,,64.0,
6195,INVALID_DATE,1,4,1,4,1,210.5 USD,,Fecha inválida: INVALID_DATE,183.04,
6197,25/01/2026,3,2,3,2,3,67.0 €,2026-01-25,,67.0,
6198,01/24/2026,4,3,4,3,4,213.5 USD,2026-01-24,,185.65,
6199,INVALID_DATE,5,4,5,4,5,69.0 €,,Fecha inválida: INVALID_DATE,69.0,
6200,2026-01-22,6,1,6,1,1,-150.00 €,2026-01-22,,,MontoTotal_Raw negativo: -150.00 €
6201,21/01/2026,7,2,7,2,2,16.5 USD,2026-01-21,,14.35,
6203,INVALID_DATE,2,4,2,4,4,73.0 €,,Fecha inválida: INVALID_DATE,73.0,
6204,2026-01-18,3,1,3,1,5,NULL,2026-01-18,,,MontoTotal_Raw nulo o vacío: NULL
6205,17/01/2026,4,2,4,2,1,75.0 €,2026-01-17,,75.0,
6207,INVALID_DATE,6,4,6,4,3,22.5 USD,,Fecha inválida: INVALID_DATE,19.57,
6208,2026-01-14,7,1,7,1,4,78.0 €,2026-01-14,,78.0,
6211,INVALID_DATE,3,4,3,4,2,81.0 €,,Fecha inválida: INVALID_DATE,81.0,
6212,2026-01-10,4,1,4,1,3,82.0 €,2026-01-10,,82.0,
6214,01/08/2026,6,3,6,3,5,84.0 €,2026-08-01,,84.0,
6215,INVALID_DATE,7,4,7,4,1,85.0 €,,Fecha inválida: INVALID_DATE,85.0,
6218,01/04/2026,3,3,3,3,4,88.0 €,2026-04-01,,88.0,
6219,INVALID_DATE,4,4,4,4,5,34.5 USD,,Fecha inválida: INVALID_DATE,30.0,
6221,01/01/2026,6,2,6,2,2,91.0 €,2026-01-01,,91.0,
6222,12/31/2025,7,3,7,3,3,37.5 USD,2025-12-31,,32.61,
6223,INVALID_DATE,1,4,1,4,4,93.0 €,,Fecha inválida: INVALID_DATE,93.0,
6225,28/12/2025,3,2,3,2,1,40.5 USD,2025-12-28,,35.22,
6226,12/27/2025,4,3,4,3,2,96.0 €,2025-12-27,,96.0,
6227,INVALID_DATE,5,4,5,4,3,97.0 €,,Fecha inválida: INVALID_DATE,97.0,
6228,2025-12-25,6,1,6,1,4,43.5 USD,2025-12-25,,37.83,
6229,24/12/2025,7,2,7,2,5,99.0 €,2025-12-24,,99.0,
6231,INVALID_DATE,2,4,2,4,2,46.5 USD,,Fecha inválida: INVALID_DATE,40.43,
6232,2025-12-21,3,1,3,1,3,102.0 €,2025-12-21,,102.0,
6233,20/12/2025,4,2,4,2,4,103.0 €,2025-12-20,,103.0,
6235,INVALID_DATE,6,4,6,4,1,105.0 €,,Fecha inválida: INVALID_DATE,105.0,
6236,2025-12-17,7,1,7,1,2,106.0 €,2025-12-17,,106.0,
6237,16/12/2025,1,2,1,2,3,NULL,2025-12-16,,,MontoTotal_Raw nulo o vacío: NULL
6239,INVALID_DATE,3,4,3,4,5,109.0 €,,Fecha inválida: INVALID_DATE,109.0,
6240,2025-12-13,4,1,4,1,1,55.5 USD,2025-12-13,,48.26,
6242,12/11/2025,6,3,6,3,3,112.0 €,2025-11-12,,112.0,
6243,INVALID_DATE,7,4,7,4,4,58.5 USD,,Fecha inválida: INVALID_DATE,50.87,
6246,12/07/2025,3,3,3,3,2,61.5 USD,2025-07-12,,53.48,
6247,INVALID_DATE,4,4,4,4,3,117.0 €,,Fecha inválida: INVALID_DATE,117.0,
6249,04/12/2025,6,2,6,2,5,64.5 USD,2025-12-04,,56.09,
6250,12/03/2025,7,3,7,3,1,-150.00 €,2025-03-12,,,MontoTotal_Raw negativo: -150.00 €
6251,INVALID_DATE,1,4,1,4,2,121.0 €,,Fecha inválida: INVALID_DATE,121.0,
6253,30/11/2025,3,2,3,2,4,123.0 €,2025-11-30,,123.0,
6254,11/29/2025,4,3,4,3,5,124.0 €,2025-11-29,,124.0,
6255,INVALID_DATE,5,4,5,4,1,70.5 USD,,Fecha inválida: INVALID_DATE,61.3,
6256,2025-11-27,6,1,6,1,2,126.0 €,2025-11-27,,126.0,
6257,26/11/2025,7,2,7,2,3,127.0 €,2025-11-26,,127.0,
6259,INVALID_DATE,2,4,2,4,5,129.0 €,,Fecha inválida: INVALID_DATE,129.0,
6260,2025-11-23,3,1,3,1,1,130.0 €,2025-11-23,,130.0,
6261,22/11/2025,4,2,4,2,2,76.5 USD,2025-11-22,,66.52,
6263,INVALID_DATE,6,4,6,4,4,133.0 €,,Fecha inválida: INVALID_DATE,133.0,
6264,2025-11-19,7,1,7,1,5,79.5 USD,2025-11-19,,69.13,
6267,INVALID_DATE,3,4,3,4,3,82.5 USD,,Fecha inválida: INVALID_DATE,71.74,
6268,2025-11-15,4,1,4,1,4,138.0 €,2025-11-15,,138.0,
6270,11/13/2025,6,3,6,3,1,NULL,2025-11-13,,,MontoTotal_Raw nulo o vacío: NULL
6271,INVALID_DATE,7,4,7,4,2,141.0 €,,Fecha inválida: INVALID_DATE,141.0,
6274,11/09/2025,3,3,3,3,5,144.0 €,2025-09-11,,144.0,
6275,INVALID_DATE,4,4,4,4,1,145.0 €,,Fecha inválida: INVALID_DATE,145.0,
6277,06/11/2025,6,2,6,2,3,147.0 €,2025-11-06,,147.0,
6278,11/05/2025,7,3,7,3,4,148.0 €,2025-05-11,,148.0,
6279,INVALID_DATE,1,4,1,4,5,94.5 USD,,Fecha inválida: INVALID_DATE,82.17,
6281,02/11/2025,3,2,3,2,2,151.0 €,2025-11-02,,151.0,
6282,11/01/2025,4,3,4,3,3,97.5 USD,2025-01-11,,84.78,
6283,INVALID_DATE,5,4,5,4,4,153.0 €,,Fecha inválida: INVALID_DATE,153.0,
6284,2025-10-30,6,1,6,1,5,154.0 €,2025-10-30,,154.0,
6285,29/10/2025,7,2,7,2,1,100.5 USD,2025-10-29,,87.39,
6287,INVALID_DATE,2,4,2,4,3,157.0 €,,Fecha inválida: INVALID_DATE,157.0,
6288,2025-10-26,3,1,3,1,4,103.5 USD,2025-10-26,,90.0,
6289,25/10/2025,4,2,4,2,5,159.0 €,2025-10-25,,159.0,
6291,INVALID_DATE,6,4,6,4,2,106.5 USD,,Fecha inválida: INVALID_DATE,92.61,
6292,2025-10-22,7,1,7,1,3,162.0 €,2025-10-22,,162.0,
6295,INVALID_DATE,3,4,3,4,1,165.0 €,,Fecha inválida: INVALID_DATE,165.0,
6296,2025-10-18,4,1,4,1,2,166.0 €,2025-10-18,,166.0,
6298,10/16/2025,6,3,6,3,4,168.0 €,2025-10-16,,168.0,
6299,INVALID_DATE,7,4,7,4,5,169.0 €,,Fecha inválida: INVALID_DATE,169.0,
6300,2025-10-14,1,1,1,1,1,-150.00 €,2025-10-14,,,MontoTotal_Raw negativo: -150.00 €
6302,10/12/2025,3,3,3,3,3,22.0 €,2025-12-10,,22.0,
6303,INVALID_DATE,4,4,4,4,4,NULL,,Fecha inválida: INVALID_DATE,,MontoTotal_Raw nulo o vacío: NULL
6305,09/10/2025,6,2,6,2,1,25.0 €,2025-10-09,,25.0,
6306,10/08/2025,7,3,7,3,2,121.5 USD,2025-08-10,,105.65,
6307,INVALID_DATE,1,4,1,4,3,27.0 €,,Fecha inválida: INVALID_DATE,27.0,
6309,05/10/2025,3,2,3,2,5,124.5 USD,2025-10-05,,108.26,
6310,10/04/2025,4,3,4,3,1,30.0 €,2025-04-10,,30.0,
6311,INVALID_DATE,5,4,5,4,2,31.0 €,,Fecha inválida: INVALID_DATE,31.0,
6312,2025-10-02,6,1,6,1,3,127.5 USD,2025-10-02,,110.87,
6313,01/10/2025,7,2,7,2,4,33.0 €,2025-10-01,,33.0,
6315,INVALID_DATE,2,4,2,4,1,130.5 USD,,Fecha inválida: INVALID_DATE,113.48,
6316,2025-09-28,3,1,3,1,2,36.0 €,2025-09-28,,36.0,
6317,27/09/2025,4,2,4,2,3,37.0 €,2025-09-27,,37.0,
6319,INVALID_DATE,6,4,6,4,5,39.0 €,,Fecha inválida: INVALID_DATE,39.0,
6320,2025-09-24,7,1,7,1,1,40.0 €,2025-09-24,,40.0,
6323,INVALID_DATE,3,4,3,4,4,43.0 €,,Fecha inválida: INVALID_DATE,43.0,
6324,2025-09-20,4,1,4,1,5,139.5 USD,2025-09-20,,121.3,
6326,09/18/2025,6,3,6,3,2,46.0 €,2025-09-18,,46.0,
6327,INVALID_DATE,7,4,7,4,3,142.5 USD,,Fecha inválida: INVALID_DATE,123.91,
6330,09/14/2025,3,3,3,3,1,145.5 USD,2025-09-14,,126.52,
6331,INVALID_DATE,4,4,4,4,2,51.0 €,,Fecha inválida: INVALID_DATE,51.0,
6333,11/09/2025,6,2,6,2,4,148.5 USD,2025-09-11,,129.13,
6334,09/10/2025,7,3,7,3,5,54.0 €,2025-10-09,,54.0,
6335,INVALID_DATE,1,4,1,4,1,55.0 €,,Fecha inválida: INVALID_DATE,55.0,
6336,2025-09-08,2,1,2,1,2,NULL,2025-09-08,,,MontoTotal_Raw nulo o vacío: NULL
6337,07/09/2025,3,2,3,2,3,57.0 €,2025-09-07,,57.0,
6338,09/06/2025,4,3,4,3,4,58.0 €,2025-06-09,,58.0,
6339,INVALID_DATE,5,4,5,4,5,154.5 USD,,Fecha inválida: INVALID_DATE,134.35,
6340,2025-09-04,6,1,6,1,1,60.0 €,2025-09-04,,60.0,
6341,03/09/2025,7,2,7,2,2,61.0 €,2025-09-03,,61.0,
6343,INVALID_DATE,2,4,2,4,4,63.0 €,,Fecha inválida: INVALID_DATE,63.0,
6344,2025-08-31,3,1,3,1,5,64.0 €,2025-08-31,,64.0,
6345,30/08/2025,4,2,4,2,1,160.5 USD,2025-08-30,,139.57,
6347,INVALID_DATE,6,4,6,4,3,67.0 €,,Fecha inválida: INVALID_DATE,67.0,
6348,2025-08-27,7,1,7,1,4,163.5 USD,2025-08-27,,142.17,
6350,08/25/2025,2,3,2,3,1,-150.00 €,2025-08-25,,,MontoTotal_Raw negativo: -150.00 €
6351,INVALID_DATE,3,4,3,4,2,166.5 USD,,Fecha inválida: INVALID_DATE,144.78,
6352,2025-08-23,4,1,4,1,3,72.0 €,2025-08-23,,72.0,
6354,08/21/2025,6,3,6,3,5,169.5 USD,2025-08-21,,147.39,
6355,INVALID_DATE,7,4,7,4,1,75.0 €,,Fecha inválida: INVALID_DATE,75.0,
6358,08/17/2025,3,3,3,3,4,78.0 €,2025-08-17,,78.0,
6359,INVALID_DATE,4,4,4,4,5,79.0 €,,Fecha inválida: INVALID_DATE,79.0,
6361,14/08/2025,6,2,6,2,2,81.0 €,2025-08-14,,81.0,
6362,08/13/2025,7,3,7,3,3,82.0 €,2025-08-13,,82.0,
6363,INVALID_DATE,1,4,1,4,4,178.5 USD,,Fecha inválida: INVALID_DATE,155.22,
6365,10/08/2025,3,2,3,2,1,85.0 €,2025-08-10,,85.0,
6366,08/09/2025,4,3,4,3,2,181.5 USD,2025-09-08,,157.83,
6367,INVALID_DATE,5,4,5,4,3,87.0 €,,Fecha inválida: INVALID_DATE,87.0,
6368,2025-08-07,6,1,6,1,4,88.0 €,2025-08-07,,88.0,
6369,06/08/2025,7,2,7,2,5,NULL,2025-08-06,,,MontoTotal_Raw nulo o vacío: NULL
6371,INVALID_DATE,2,4,2,4,2,91.0 €,,Fecha inválida: INVALID_DATE,91.0,
6372,2025-08-03,3,1,3,1,3,187.5 USD,2025-08-03,,163.04,
6373,02/08/2025,4,2,4,2,4,93.0 €,2025-08-02,,93.0,
6375,INVALID_DATE,6,4,6,4,1,190.5 USD,,Fecha inválida: INVALID_DATE,165.65,
6376,2025-07-30,7,1,7,1,2,96.0 €,2025-07-30,,96.0,
6379,INVALID_DATE,3,4,3,4,5,99.0 €,,Fecha inválida: INVALID_DATE,99.0,
6380,2025-07-26,4,1,4,1,1,100.0 €,2025-07-26,,100.0,
6382,07/24/2025,6,3,6,3,3,102.0 €,2025-07-24,,102.0,
6383,INVALID_DATE,7,4,7,4,4,103.0 €,,Fecha inválida: INVALID_DATE,103.0,
6386,07/20/2025,3,3,3,3,2,106.0 €,2025-07-20,,106.0,
6387,INVALID_DATE,4,4,4,4,3,202.5 USD,,Fecha inválida: INVALID_DATE,176.09,
6389,17/07/2025,6,2,6,2,5,109.0 €,2025-07-17,,109.0,
6390,07/16/2025,7,3,7,3,1,205.5 USD,2025-07-16,,178.7,
6391,INVALID_DATE,1,4,1,4,2,111.0 €,,Fecha inválida: INVALID_DATE,111.0,
6393,13/07/2025,3,2,3,2,4,208.5 USD,2025-07-13,,181.3,
6394,07/12/2025,4,3,4,3,5,114.0 €,2025-12-07,,114.0,
6395,INVALID_DATE,5,4,5,4,1,115.0 €,,Fecha inválida: INVALID_DATE,115.0,
6396,2025-07-10,6,1,6,1,2,211.5 USD,2025-07-10,,183.91,
6397,09/07/2025,7,2,7,2,3,117.0 €,2025-07-09,,117.0,
6399,INVALID_DATE,2,4,2,4,5,214.5 USD,,Fecha inválida: INVALID_DATE,186.52,
6400,2025-07-06,3,1,3,1,1,-150.00 €,2025-07-06,,,MontoTotal_Raw negativo: -150.00 €
6401,05/07/2025,4,2,4,2,2,121.0 €,2025-07-05,,121.0,
6402,07/04/2025,5,3,5,3,3,NULL,2025-04-07,,,MontoTotal_Raw nulo o vacío: NULL
6403,INVALID_DATE,6,4,6,4,4,123.0 €,,Fecha inválida: INVALID_DATE,123.0,
6404,2025-07-02,7,1,7,1,5,124.0 €,2025-07-02,,124.0,
6407,INVALID_DATE,3,4,3,4,3,127.0 €,,Fecha inválida: INVALID_DATE,127.0,
6408,2025-06-28,4,1,4,1,4,23.5 USD,2025-06-28,,20.43,
6410,06/26/2025,6,3,6,3,1,130.0 €,2025-06-26,,130.0,
6411,INVALID_DATE,7,4,7,4,2,26.5 USD,,Fecha inválida: INVALID_DATE,23.04,
6414,06/22/2025,3,3,3,3,5,29.5 USD,2025-06-22,,25.65,
6415,INVALID_DATE,4,4,4,4,1,135.0 €,,Fecha inválida: INVALID_DATE,135.0,
6417,19/06/2025,6,2,6,2,3,32.5 USD,2025-06-19,,28.26,
6418,06/18/2025,7,3,7,3,4,138.0 €,2025-06-18,,138.0,
6419,INVALID_DATE,1,4,1,4,5,139.0 €,,Fecha inválida: INVALID_DATE,139.0,
6421,15/06/2025,3,2,3,2,2,141.0 €,2025-06-15,,141.0,
6422,06/14/2025,4,3,4,3,3,142.0 €,2025-06-14,,142.0,
6423,INVALID_DATE,5,4,5,4,4,38.5 USD,,Fecha inválida: INVALID_DATE,33.48,
6424,2025-06-12,6,1,6,1,5,144.0 €,2025-06-12,,144.0,
6425,11/06/2025,7,2,7,2,1,145.0 €,2025-06-11,,145.0,
6427,INVALID_DATE,2,4,2,4,3,147.0 €,,Fecha inválida: INVALID_DATE,147.0,
6428,2025-06-08,3,1,3,1,4,148.0 €,2025-06-08,,148.0,
6429,07/06/2025,4,2,4,2,5,44.5 USD,2025-06-07,,38.7,
6431,INVALID_DATE,6,4,6,4,2,151.0 €,,Fecha inválida: INVALID_DATE,151.0,
6432,2025-06-04,7,1,7,1,3,47.5 USD,2025-06-04,,41.3,
6435,INVALID_DATE,3,4,3,4,1,NULL,,Fecha inválida: INVALID_DATE,,MontoTotal_Raw nulo o vacío: NULL
6436,2025-05-31,4,1,4,1,2,156.0 €,2025-05-31,,156.0,
6438,05/29/2025,6,3,6,3,4,53.5 USD,2025-05-29,,46.52,
6439,INVALID_DATE,7,4,7,4,5,159.0 €,,Fecha inválida: INVALID_DATE,159.0,
6442,05/25/2025,3,3,3,3,3,162.0 €,2025-05-25,,162.0,
6443,INVALID_DATE,4,4,4,4,4,163.0 €,,Fecha inválida: INVALID_DATE,163.0,
6445,22/05/2025,6,2,6,2,1,165.0 €,2025-05-22,,165.0,
6446,05/21/2025,7,3,7,3,2,166.0 €,2025-05-21,,166.0,
6447,INVALID_DATE,1,4,1,4,3,62.5 USD,,Fecha inválida: INVALID_DATE,54.35,
6449,18/05/2025,3,2,3,2,5,169.0 €,2025-05-18,,169.0,
6450,05/17/2025,4,3,4,3,1,-150.00 €,2025-05-17,,,MontoTotal_Raw negativo: -150.00 €
6451,INVALID_DATE,5,4,5,4,2,21.0 €,,Fecha inválida: INVALID_DATE,21.0,
6452,2025-05-15,6,1,6,1,3,22.0 €,2025-05-15,,22.0,
6453,14/05/2025,7,2,7,2,4,68.5 USD,2025-05-14,,59.57,
6455,INVALID_DATE,2,4,2,4,1,25.0 €,,Fecha inválida: INVALID_DATE,25.0,
6456,2025-05-11,3,1,3,1,2,71.5 USD,2025-05-11,,62.17,
6457,10/05/2025,4,2,4,2,3,27.0 €,2025-05-10,,27.0,
6459,INVALID_DATE,6,4,6,4,5,74.5 USD,,Fecha inválida: INVALID_DATE,64.78,
6460,2025-05-07,7,1,7,1,1,30.0 €,2025-05-07,,30.0,
6463,INVALID_DATE,3,4,3,4,4,33.0 €,,Fecha inválida: INVALID_DATE,33.0,
6464,2025-05-03,4,1,4,1,5,34.0 €,2025-05-03,,34.0,
6466,05/01/2025,6,3,6,3,2,36.0 €,2025-01-05,,36.0,
6467,INVALID_DATE,7,4,7,4,3,37.0 €,,Fecha inválida: INVALID_DATE,37.0,
6468,2025-04-29,1,1,1,1,4,NULL,2025-04-29,,,MontoTotal_Raw nulo o vacío: NULL
6470,04/27/2025,3,3,3,3,1,40.0 €,2025-04-27,,40.0,
6471,INVALID_DATE,4,4,4,4,2,86.5 USD,,Fecha inválida: INVALID_DATE,75.22,
6473,24/04/2025,6,2,6,2,4,43.0 €,2025-04-24,,43.0,
6474,04/23/2025,7,3,7,3,5,89.5 USD,2025-04-23,,77.83,
6475,INVALID_DATE,1,4,1,4,1,45.0 €,,Fecha inválida: INVALID_DATE,45.0,
6477,20/04/2025,3,2,3,2,3,92.5 USD,2025-04-20,,80.43,
6478,04/19/2025,4,3,4,3,4,48.0 €,2025-04-19,,48.0,
6479,INVALID_DATE,5,4,5,4,5,49.0 €,,Fecha inválida: INVALID_DATE,49.0,
6480,2025-04-17,6,1,6,1,1,95.5 USD,2025-04-17,,83.04,
6481,16/04/2025,7,2,7,2,2,51.0 €,2025-04-16,,51.0,
6483,INVALID_DATE,2,4,2,4,4,98.5 USD,,Fecha inválida: INVALID_DATE,85.65,
6484,2025-04-13,3,1,3,1,5,54.0 €,2025-04-13,,54.0,
6485,12/04/2025,4,2,4,2,1,55.0 €,2025-04-12,,55.0,
6487,INVALID_DATE,6,4,6,4,3,57.0 €,,Fecha inválida: INVALID_DATE,57.0,
6488,2025-04-09,7,1,7,1,4,58.0 €,2025-04-09,,58.0,
6491,INVALID_DATE,3,4,3,4,2,61.0 €,,Fecha inválida: INVALID_DATE,61.0,
6492,2025-04-05,4,1,4,1,3,107.5 USD,2025-04-05,,93.48,
6494,04/03/2025,6,3,6,3,5,64.0 €,2025-03-04,,64.0,
6495,INVALID_DATE,7,4,7,4,1,110.5 USD,,Fecha inválida: INVALID_DATE,96.09,
6498,03/30/2025,3,3,3,3,4,113.5 USD,2025-03-30,,98.7,
6499,INVALID_DATE,4,4,4,4,5,69.0 €,,Fecha inválida: INVALID_DATE,69.0,
6500,2025-03-28,5,1,5,1,1,-150.00 €,2025-03-28,,,MontoTotal_Raw negativo: -150.00 €
6501,27/03/2025,6,2,6,2,2,NULL,2025-03-27,,,MontoTotal_Raw nulo o vacío: NULL
6502,03/26/2025,7,3,7,3,3,72.0 €,2025-03-26,,72.0,
6503,INVALID_DATE,1,4,1,4,4,73.0 €,,Fecha inválida: INVALID_DATE,73.0,
6505,23/03/2025,3,2,3,2,1,75.0 €,2025-03-23,,75.0,
6506,03/22/2025,4,3,4,3,2,76.0 €,2025-03-22,,76.0,
6507,INVALID_DATE,5,4,5,4,3,122.5 USD,,Fecha inválida: INVALID_DATE,106.52,
6508,2025-03-20,6,1,6,1,4,78.0 €,2025-03-20,,78.0,
6509,19/03/2025,7,2,7,2,5,79.0 €,2025-03-19,,79.0,
6511,INVALID_DATE,2,4,2,4,2,81.0 €,,Fecha inválida: INVALID_DATE,81.0,
6512,2025-03-16,3,1,3,1,3,82.0 €,2025-03-16,,82.0,
6513,15/03/2025,4,2,4,2,4,128.5 USD,2025-03-15,,111.74,
6515,INVALID_DATE,6,4,6,4,1,85.0 €,,Fecha inválida: INVALID_DATE,85.0,
6516,2025-03-12,7,1,7,1,2,131.5 USD,2025-03-12,,114.35,
6519,INVALID_DATE,3,4,3,4,5,134.5 USD,,Fecha inválida: INVALID_DATE,116.96,
6520,2025-03-08,4,1,4,1,1,90.0 €,2025-03-08,,90.0,
6522,03/06/2025,6,3,6,3,3,137.5 USD,2025-06-03,,119.57,
6523,INVALID_DATE,7,4,7,4,4,93.0 €,,Fecha inválida: INVALID_DATE,93.0,
6526,03/02/2025,3,3,3,3,2,96.0 €,2025-02-03,,96.0,
6527,INVALID_DATE,4,4,4,4,3,97.0 €,,Fecha inválida: INVALID_DATE,97.0,
6529,27/02/2025,6,2,6,2,5,99.0 €,2025-02-27,,99.0,
6530,02/26/2025,7,3,7,3,1,100.0 €,2025-02-26,,100.0,
6531,INVALID_DATE,1,4,1,4,2,146.5 USD,,Fecha inválida: INVALID_DATE,127.39,
6533,23/02/2025,3,2,3,2,4,103.0 €,2025-02-23,,103.0,
6534,02/22/2025,4,3,4,3,5,NULL,2025-02-22,,,MontoTotal_Raw nulo o vacío: NULL
6535,INVALID_DATE,5,4,5,4,1,105.0 €,,Fecha inválida: INVALID_DATE,105.0,
6536,2025-02-20,6,1,6,1,2,106.0 €,2025-02-20,,106.0,
6537,19/02/2025,7,2,7,2,3,152.5 USD,2025-02-19,,132.61,
6539,INVALID_DATE,2,4,2,4,5,109.0 €,,Fecha inválida: INVALID_DATE,109.0,
6540,2025-02-16,3,1,3,1,1,155.5 USD,2025-02-16,,135.22,
6541,15/02/2025,4,2,4,2,2,111.0 €,2025-02-15,,111.0,
6543,INVALID_DATE,6,4,6,4,4,158.5 USD,,Fecha inválida: INVALID_DATE,137.83,
6544,2025-02-12,7,1,7,1,5,114.0 €,2025-02-12,,114.0,
6547,INVALID_DATE,3,4,3,4,3,117.0 €,,Fecha inválida: INVALID_DATE,117.0,
6548,2025-02-08,4,1,4,1,4,118.0 €,2025-02-08,,118.0,
6550,02/06/2025,6,3,6,3,1,-150.00 €,2025-06-02,,,MontoTotal_Raw negativo: -150.00 €
6551,INVALID_DATE,7,4,7,4,2,121.0 €,,Fecha inválida: INVALID_DATE,121.0,
6554,02/02/2025,3,3,3,3,5,124.0 €,2025-02-02,,124.0,
6555,INVALID_DATE,4,4,4,4,1,170.5 USD,,Fecha inválida: INVALID_DATE,148.26,
6557,30/01/2025,6,2,6,2,3,127.0 €,2025-01-30,,127.0,
6558,01/29/2025,7,3,7,3,4,173.5 USD,2025-01-29,,150.87,
6559,INVALID_DATE,1,4,1,4,5,129.0 €,,Fecha inválida: INVALID_DATE,129.0,
6561,26/01/2025,3,2,3,2,2,176.5 USD,2025-01-26,,153.48,
6562,01/25/2025,4,3,4,3,3,132.0 €,2025-01-25,,132.0,
6563,INVALID_DATE,5,4,5,4,4,133.0 €,,Fecha inválida: INVALID_DATE,133.0,
6564,2025-01-23,6,1,6,1,5,179.5 USD,2025-01-23,,156.09,
6565,22/01/2025,7,2,7,2,1,135.0 €,2025-01-22,,135.0,
6567,INVALID_DATE,2,4,2,4,3,NULL,,Fecha inválida: INVALID_DATE,,MontoTotal_Raw nulo o vacío: NULL
6568,2025-01-19,3,1,3,1,4,138.0 €,2025-01-19,,138.0,
6569,18/01/2025,4,2,4,2,5,139.0 €,2025-01-18,,139.0,
6571,INVALID_DATE,6,4,6,4,2,141.0 €,,Fecha inválida: INVALID_DATE,141.0,
6572,2025-01-15,7,1,7,1,3,142.0 €,2025-01-15,,142.0,
6575,INVALID_DATE,3,4,3,4,1,145.0 €,,Fecha inválida: INVALID_DATE,145.0,
6576,2025-01-11,4,1,4,1,2,191.5 USD,2025-01-11,,166.52,
6578,01/09/2025,6,3,6,3,4,148.0 €,2025-09-01,,148.0,
6579,INVALID_DATE,7,4,7,4,5,194.5 USD,,Fecha inválida: INVALID_DATE,169.13,
6582,01/05/2025,3,3,3,3,3,197.5 USD,2025-05-01,,171.74,
6583,INVALID_DATE,4,4,4,4,4,153.0 €,,Fecha inválida: INVALID_DATE,153.0,
6585,02/01/2025,6,2,6,2,1,200.5 USD,2025-01-02,,174.35,
6586,01/01/2025,7,3,7,3,2,156.0 €,2025-01-01,,156.0,
6587,INVALID_DATE,1,4,1,4,3,157.0 €,,Fecha inválida: INVALID_DATE,157.0,
6589,29/12/2024,3,2,3,2,5,159.0 €,2024-12-29,,159.0,
6590,12/28/2024,4,3,4,3,1,160.0 €,2024-12-28,,160.0,
6591,INVALID_DATE,5,4,5,4,2,206.5 USD,,Fecha inválida: INVALID_DATE,179.57,
6592,2024-12-26,6,1,6,1,3,162.0 €,2024-12-26,,162.0,
6593,25/12/2024,7,2,7,2,4,163.0 €,2024-12-25,,163.0,
6595,INVALID_DATE,2,4,2,4,1,165.0 €,,Fecha inválida: INVALID_DATE,165.0,
6596,2024-12-22,3,1,3,1,2,166.0 €,2024-12-22,,166.0,
6597,21/12/2024,4,2,4,2,3,212.5 USD,2024-12-21,,184.78,
6599,INVALID_DATE,6,4,6,4,5,169.0 €,,Fecha inválida: INVALID_DATE,169.0,
6600,2024-12-18,7,1,7,1,1,-150.00 €,2024-12-18,,,MontoTotal_Raw negativo: -150.00 €
6603,INVALID_DATE,3,4,3,4,4,18.5 USD,,Fecha inválida: INVALID_DATE,16.09,
6604,2024-12-14,4,1,4,1,5,24.0 €,2024-12-14,,24.0,
6606,12/12/2024,6,3,6,3,2,21.5 USD,2024-12-12,,18.7,
6607,INVALID_DATE,7,4,7,4,3,27.0 €,,Fecha inválida: INVALID_DATE,27.0,
6610,12/08/2024,3,3,3,3,1,30.0 €,2024-08-12,,30.0,
6611,INVALID_DATE,4,4,4,4,2,31.0 €,,Fecha inválida: INVALID_DATE,31.0,
6613,05/12/2024,6,2,6,2,4,33.0 €,2024-12-05,,33.0,
6614,12/04/2024,7,3,7,3,5,34.0 €,2024-04-12,,34.0,
6615,INVALID_DATE,1,4,1,4,1,30.5 USD,,Fecha inválida: INVALID_DATE,26.52,
6617,01/12/2024,3,2,3,2,3,37.0 €,2024-12-01,,37.0,
6618,11/30/2024,4,3,4,3,4,33.5 USD,2024-11-30,,29.13,
6619,INVALID_DATE,5,4,5,4,5,39.0 €,,Fecha inválida: INVALID_DATE,39.0,
6620,2024-11-28,6,1,6,1,1,40.0 €,2024-11-28,,40.0,
6621,27/11/2024,7,2,7,2,2,36.5 USD,2024-11-27,,31.74,
6623,INVALID_DATE,2,4,2,4,4,43.0 €,,Fecha inválida: INVALID_DATE,43.0,
6624,2024-11-24,3,1,3,1,5,39.5 USD,2024-11-24,,34.35,
6625,23/11/2024,4,2,4,2,1,45.0 €,2024-11-23,,45.0,
6627,INVALID_DATE,6,4,6,4,3,42.5 USD,,Fecha inválida: INVALID_DATE,36.96,
6628,2024-11-20,7,1,7,1,4,48.0 €,2024-11-20,,48.0,
6631,INVALID_DATE,3,4,3,4,2,51.0 €,,Fecha inválida: INVALID_DATE,51.0,
6632,2024-11-16,4,1,4,1,3,52.0 €,2024-11-16,,52.0,
6633,15/11/2024,5,2,5,2,4,NULL,2024-11-15,,,MontoTotal_Raw nulo o vacío: NULL
6634,11/14/2024,6,3,6,3,5,54.0 €,2024-11-14,,54.0,
6635,INVALID_DATE,7,4,7,4,1,55.0 €,,Fecha inválida: INVALID_DATE,55.0,
6638,11/10/2024,3,3,3,3,4,58.0 €,2024-10-11,,58.0,
6639,INVALID_DATE,4,4,4,4,5,54.5 USD,,Fecha inválida: INVALID_DATE,47.39,
6641,07/11/2024,6,2,6,2,2,61.0 €,2024-11-07,,61.0,
6642,11/06/2024,7,3,7,3,3,57.5 USD,2024-06-11,,50.0,
6643,INVALID_DATE,1,4,1,4,4,63.0 €,,Fecha inválida: INVALID_DATE,63.0,
6645,03/11/2024,3,2,3,2,1,60.5 USD,2024-11-03,,52.61,
6646,11/02/2024,4,3,4,3,2,66.0 €,2024-02-11,,66.0,
6647,INVALID_DATE,5,4,5,4,3,67.0 €,,Fecha inválida: INVALID_DATE,67.0,
6648,2024-10-31,6,1,6,1,4,63.5 USD,2024-10-31,,55.22,
6649,30/10/2024,7,2,7,2,5,69.0 €,2024-10-30,,69.0,
6650,10/29/2024,1,3,1,3,1,-150.00 €,2024-10-29,,,MontoTotal_Raw negativo: -150.00 €
6651,INVALID_DATE,2,4,2,4,2,66.5 USD,,Fecha inválida: INVALID_DATE,57.83,
6652,2024-10-27,3,1,3,1,3,72.0 €,2024-10-27,,72.0,
6653,26/10/2024,4,2,4,2,4,73.0 €,2024-10-26,,73.0,
6655,INVALID_DATE,6,4,6,4,1,75.0 €,,Fecha inválida: INVALID_DATE,75.0,
6656,2024-10-23,7,1,7,1,2,76.0 €,2024-10-23,,76.0,
6659,INVALID_DATE,3,4,3,4,5,79.0 €,,Fecha inválida: INVALID_DATE,79.0,
6660,2024-10-19,4,1,4,1,1,75.5 USD,2024-10-19,,65.65,
6662,10/17/2024,6,3,6,3,3,82.0 €,2024-10-17,,82.0,
6663,INVALID_DATE,7,4,7,4,4,78.5 USD,,Fecha inválida: INVALID_DATE,68.26,
6666,10/13/2024,3,3,3,3,2,NULL,2024-10-13,,,MontoTotal_Raw nulo o vacío: NULL
6667,INVALID_DATE,4,4,4,4,3,87.0 €,,Fecha inválida: INVALID_DATE,87.0,
6669,10/10/2024,6,2,6,2,5,84.5 USD,2024-10-10,,73.48,
6670,10/09/2024,7,3,7,3,1,90.0 €,2024-09-10,,90.0,
6671,INVALID_DATE,1,4,1,4,2,91.0 €,,Fecha inválida: INVALID_DATE,91.0,
6673,06/10/2024,3,2,3,2,4,93.0 €,2024-10-06,,93.0,
6674,10/05/2024,4,3,4,3,5,94.0 €,2024-05-10,,94.0,
6675,INVALID_DATE,5,4,5,4,1,90.5 USD,,Fecha inválida: INVALID_DATE,78.7,
6676,2024-10-03,6,1,6,1,2,96.0 €,2024-10-03,,96.0,
6677,02/10/2024,7,2,7,2,3,97.0 €,2024-10-02,,97.0,
6679,INVALID_DATE,2,4,2,4,5,99.0 €,,Fecha inválida: INVALID_DATE,99.0,
6680,2024-09-29,3,1,3,1,1,100.0 €,2024-09-29,,100.0,
6681,28/09/2024,4,2,4,2,2,96.5 USD,2024-09-28,,83.91,
6683,INVALID_DATE,6,4,6,4,4,103.0 €,,Fecha inválida: INVALID_DATE,103.0,
6684,2024-09-25,7,1,7,1,5,99.5 USD,2024-09-25,,86.52,
6687,INVALID_DATE,3,4,3,4,3,102.5 USD,,Fecha inválida: INVALID_DATE,89.13,
6688,2024-09-21,4,1,4,1,4,108.0 €,2024-09-21,,108.0,
6690,09/19/2024,6,3,6,3,1,105.5 USD,2024-09-19,,91.74,
6691,INVALID_DATE,7,4,7,4,2,111.0 €,,Fecha inválida: INVALID_DATE,111.0,
6694,09/15/2024,3,3,3,3,5,114.0 €,2024-09-15,,114.0,
6695,INVALID_DATE,4,4,4,4,1,115.0 €,,Fecha inválida: INVALID_DATE,115.0,
6697,12/09/2024,6,2,6,2,3,117.0 €,2024-09-12,,117.0,
6698,09/11/2024,7,3,7,3,4,118.0 €,2024-11-09,,118.0,
6699,INVALID_DATE,1,4,1,4,5,NULL,,Fecha inválida: INVALID_DATE,,MontoTotal_Raw nulo o vacío: NULL
6700,2024-09-09,2,1,2,1,1,-150.00 €,2024-09-09,,,MontoTotal_Raw negativo: -150.00 €
6701,08/09/2024,3,2,3,2,2,121.0 €,2024-09-08,,121.0,
6702,09/07/2024,4,3,4,3,3,117.5 USD,2024-07-09,,102.17,
6703,INVALID_DATE,5,4,5,4,4,123.0 €,,Fecha inválida: INVALID_DATE,123.0,
6704,2024-09-05,6,1,6,1,5,124.0 €,2024-09-05,,124.0,
6705,04/09/2024,7,2,7,2,1,120.5 USD,2024-09-04,,104.78,
6707,INVALID_DATE,2,4,2,4,3,127.0 €,,Fecha inválida: INVALID_DATE,127.0,
6708,2024-09-01,3,1,3,1,4,123.5 USD,2024-09-01,,107.39,
6709,31/08/2024,4,2,4,2,5,129.0 €,2024-08-31,,129.0,
6711,INVALID_DATE,6,4,6,4,2,126.5 USD,,Fecha inválida: INVALID_DATE,110.0,
6712,2024-08-28,7,1,7,1,3,132.0 €,2024-08-28,,132.0,
6715,INVALID_DATE,3,4,3,4,1,135.0 €,,Fecha inválida: INVALID_DATE,135.0,
6716,2024-08-24,4,1,4,1,2,136.0 €,2024-08-24,,136.0,
6718,08/22/2024,6,3,6,3,4,138.0 €,2024-08-22,,138.0,
6719,INVALID_DATE,7,4,7,4,5,139.0 €,,Fecha inválida: INVALID_DATE,139.0,
6722,08/18/2024,3,3,3,3,3,142.0 €,2024-08-18,,142.0,
6723,INVALID_DATE,4,4,4,4,4,138.5 USD,,Fecha inválida: INVALID_DATE,120.43,
6725,15/08/2024,6,2,6,2,1,145.0 €,2024-08-15,,145.0,
6726,08/14/2024,7,3,7,3,2,141.5 USD,2024-08-14,,123.04,
6727,INVALID_DATE,1,4,1,4,3,147.0 €,,Fecha inválida: INVALID_DATE,147.0,
6729,11/08/2024,3,2,3,2,5,144.5 USD,2024-08-11,,125.65,
6730,08/10/2024,4,3,4,3,1,150.0 €,2024-10-08,,150.0,
6731,INVALID_DATE,5,4,5,4,2,151.0 €,,Fecha inválida: INVALID_DATE,151.0,
6732,2024-08-08,6,1,6,1,3,NULL,2024-08-08,,,MontoTotal_Raw nulo o vacío: NULL
6733,07/08/2024,7,2,7,2,4,153.0 €,2024-08-07,,153.0,
6735,INVALID_DATE,2,4,2,4,1,150.5 USD,,Fecha inválida: INVALID_DATE,130.87,
6736,2024-08-04,3,1,3,1,2,156.0 €,2024-08-04,,156.0,
6737,03/08/2024,4,2,4,2,3,157.0 €,2024-08-03,,157.0,
6739,INVALID_DATE,6,4,6,4,5,159.0 €,,Fecha inválida: INVALID_DATE,159.0,
6740,2024-07-31,7,1,7,1,1,160.0 €,2024-07-31,,160.0,
6743,INVALID_DATE,3,4,3,4,4,163.0 €,,Fecha inválida: INVALID_DATE,163.0,
6744,2024-07-27,4,1,4,1,5,159.5 USD,2024-07-27,,138.7,
6746,07/25/2024,6,3,6,3,2,166.0 €,2024-07-25,,166.0,
6747,INVALID_DATE,7,4,7,4,3,162.5 USD,,Fecha inválida: INVALID_DATE,141.3,
6750,07/21/2024,3,3,3,3,1,-150.00 €,2024-07-21,,,MontoTotal_Raw negativo: -150.00 €
6751,INVALID_DATE,4,4,4,4,2,21.0 €,,Fecha inválida: INVALID_DATE,21.0,
6753,18/07/2024,6,2,6,2,4,168.5 USD,2024-07-18,,146.52,
6754,07/17/2024,7,3,7,3,5,24.0 €,2024-07-17,,24.0,
6755,INVALID_DATE,1,4,1,4,1,25.0 €,,Fecha inválida: INVALID_DATE,25.0,
6757,14/07/2024,3,2,3,2,3,27.0 €,2024-07-14,,27.0,
6758,07/13/2024,4,3,4,3,4,28.0 €,2024-07-13,,28.0,
6759,INVALID_DATE,5,4,5,4,5,174.5 USD,,Fecha inválida: INVALID_DATE,151.74,
6760,2024-07-11,6,1,6,1,1,30.0 €,2024-07-11,,30.0,
6761,10/07/2024,7,2,7,2,2,31.0 €,2024-07-10,,31.0,
6763,INVALID_DATE,2,4,2,4,4,33.0 €,,Fecha inválida: INVALID_DATE,33.0,
6764,2024-07-07,3,1,3,1,5,34.0 €,2024-07-07,,34.0,
6765,06/07/2024,4,2,4,2,1,NULL,2024-07-06,,,MontoTotal_Raw nulo o vacío: NULL
6767,INVALID_DATE,6,4,6,4,3,37.0 €,,Fecha inválida: INVALID_DATE,37.0,
6768,2024-07-03,7,1,7,1,4,183.5 USD,2024-07-03,,159.57,
6771,INVALID_DATE,3,4,3,4,2,186.5 USD,,Fecha inválida: INVALID_DATE,162.17,
6772,2024-06-29,4,1,4,1,3,42.0 €,2024-06-29,,42.0,
6774,06/27/2024,6,3,6,3,5,189.5 USD,2024-06-27,,164.78,
6775,INVALID_DATE,7,4,7,4,1,45.0 €,,Fecha inválida: INVALID_DATE,45.0,
6778,06/23/2024,3,3,3,3,4,48.0 €,2024-06-23,,48.0,
6779,INVALID_DATE,4,4,4,4,5,49.0 €,,Fecha inválida: INVALID_DATE,49.0,
6781,20/06/2024,6,2,6,2,2,51.0 €,2024-06-20,,51.0,
6782,06/19/2024,7,3,7,3,3,52.0 €,2024-06-19,,52.0,
6783,INVALID_DATE,1,4,1,4,4,198.5 USD,,Fecha inválida: INVALID_DATE,172.61,
6785,16/06/2024,3,2,3,2,1,55.0 €,2024-06-16,,55.0,
6786,06/15/2024,4,3,4,3,2,201.5 USD,2024-06-15,,175.22,
6787,INVALID_DATE,5,4,5,4,3,57.0 €,,Fecha inválida: INVALID_DATE,57.0,
6788,2024-06-13,6,1,6,1,4,58.0 €,2024-06-13,,58.0,
6789,12/06/2024,7,2,7,2,5,204.5 USD,2024-06-12,,177.83,
6791,INVALID_DATE,2,4,2,4,2,61.0 €,,Fecha inválida: INVALID_DATE,61.0,
6792,2024-06-09,3,1,3,1,3,207.5 USD,2024-06-09,,180.43,
6793,08/06/2024,4,2,4,2,4,63.0 €,2024-06-08,,63.0,
6795,INVALID_DATE,6,4,6,4,1,210.5 USD,,Fecha inválida: INVALID_DATE,183.04,
6796,2024-06-05,7,1,7,1,2,66.0 €,2024-06-05,,66.0,
6798,06/03/2024,2,3,2,3,4,NULL,2024-03-06,,,MontoTotal_Raw nulo o vacío: NULL
6799,INVALID_DATE,3,4,3,4,5,69.0 €,,Fecha inválida: INVALID_DATE,69.0,
6800,2024-06-01,4,1,4,1,1,-150.00 €,2024-06-01,,,MontoTotal_Raw negativo: -150.00 €
6802,05/30/2024,6,3,6,3,3,72.0 €,2024-05-30,,72.0,
6803,INVALID_DATE,7,4,7,4,4,73.0 €,,Fecha inválida: INVALID_DATE,73.0,
6806,05/26/2024,3,3,3,3,2,76.0 €,2024-05-26,,76.0,
6807,INVALID_DATE,4,4,4,4,3,22.5 USD,,Fecha inválida: INVALID_DATE,19.57,
6809,23/05/2024,6,2,6,2,5,79.0 €,2024-05-23,,79.0,
6810,05/22/2024,7,3,7,3,1,25.5 USD,2024-05-22,,22.17,
6811,INVALID_DATE,1,4,1,4,2,81.0 €,,Fecha inválida: INVALID_DATE,81.0,
6813,19/05/2024,3,2,3,2,4,28.5 USD,2024-05-19,,24.78,
6814,05/18/2024,4,3,4,3,5,84.0 €,2024-05-18,,84.0,
6815,INVALID_DATE,5,4,5,4,1,85.0 €,,Fecha inválida: INVALID_DATE,85.0,
6816,2024-05-16,6,1,6,1,2,31.5 USD,2024-05-16,,27.39,
6817,15/05/2024,7,2,7,2,3,87.0 €,2024-05-15,,87.0,
6819,INVALID_DATE,2,4,2,4,5,34.5 USD,,Fecha inválida: INVALID_DATE,30.0,
6820,2024-05-12,3,1,3,1,1,90.0 €,2024-05-12,,90.0,
6821,11/05/2024,4,2,4,2,2,91.0 €,2024-05-11,,91.0,
6823,INVALID_DATE,6,4,6,4,4,93.0 €,,Fecha inválida: INVALID_DATE,93.0,
6824,2024-05-08,7,1,7,1,5,94.0 €,2024-05-08,,94.0,
6827,INVALID_DATE,3,4,3,4,3,97.0 €,,Fecha inválida: INVALID_DATE,97.0,
6828,2024-05-04,4,1,4,1,4,43.5 USD,2024-05-04,,37.83,
6830,05/02/2024,6,3,6,3,1,100.0 €,2024-02-05,,100.0,
6831,INVALID_DATE,7,4,7,4,2,NULL,,Fecha inválida: INVALID_DATE,,MontoTotal_Raw nulo o vacío: NULL
6834,04/28/2024,3,3,3,3,5,49.5 USD,2024-04-28,,43.04,
6835,INVALID_DATE,4,4,4,4,1,105.0 €,,Fecha inválida: INVALID_DATE,105.0,
6837,25/04/2024,6,2,6,2,3,52.5 USD,2024-04-25,,45.65,
6838,04/24/2024,7,3,7,3,4,108.0 €,2024-04-24,,108.0,
6839,INVALID_DATE,1,4,1,4,5,109.0 €,,Fecha inválida: INVALID_DATE,109.0,
6841,21/04/2024,3,2,3,2,2,111.0 €,2024-04-21,,111.0,
6842,04/20/2024,4,3,4,3,3,112.0 €,2024-04-20,,112.0,
6843,INVALID_DATE,5,4,5,4,4,58.5 USD,,Fecha inválida: INVALID_DATE,50.87,
6844,2024-04-18,6,1,6,1,5,114.0 €,2024-04-18,,114.0,
6845,17/04/2024,7,2,7,2,1,115.0 €,2024-04-17,,115.0,
6847,INVALID_DATE,2,4,2,4,3,117.0 €,,Fecha inválida: INVALID_DATE,117.0,
6848,2024-04-14,3,1,3,1,4,118.0 €,2024-04-14,,118.0,
6849,13/04/2024,4,2,4,2,5,64.5 USD,2024-04-13,,56.09,
6850,04/12/2024,5,3,5,3,1,-150.00 €,2024-12-04,,,MontoTotal_Raw negativo: -150.00 €
6851,INVALID_DATE,6,4,6,4,2,121.0 €,,Fecha inválida: INVALID_DATE,121.0,
6852,2024-04-10,7,1,7,1,3,67.5 USD,2024-04-10,,58.7,
6855,INVALID_DATE,3,4,3,4,1,70.5 USD,,Fecha inválida: INVALID_DATE,61.3,
6856,2024-04-06,4,1,4,1,2,126.0 €,2024-04-06,,126.0,
6858,04/04/2024,6,3,6,3,4,73.5 USD,2024-04-04,,63.91,
6859,INVALID_DATE,7,4,7,4,5,129.0 €,,Fecha inválida: INVALID_DATE,129.0,
6862,03/31/2024,3,3,3,3,3,132.0 €,2024-03-31,,132.0,
6863,INVALID_DATE,4,4,4,4,4,133.0 €,,Fecha inválida: INVALID_DATE,133.0,
6864,2024-03-29,5,1,5,1,5,NULL,2024-03-29,,,MontoTotal_Raw nulo o vacío: NULL
6865,28/03/2024,6,2,6,2,1,135.0 €,2024-03-28,,135.0,
6866,03/27/2024,7,3,7,3,2,136.0 €,2024-03-27,,136.0,
6867,INVALID_DATE,1,4,1,4,3,82.5 USD,,Fecha inválida: INVALID_DATE,71.74,
6869,24/03/2024,3,2,3,2,5,139.0 €,2024-03-24,,139.0,
6870,03/23/2024,4,3,4,3,1,85.5 USD,2024-03-23,,74.35,
6871,INVALID_DATE,5,4,5,4,2,141.0 €,,Fecha inválida: INVALID_DATE,141.0,
6872,2024-03-21,6,1,6,1,3,142.0 €,2024-03-21,,142.0,
6873,20/03/2024,7,2,7,2,4,88.5 USD,2024-03-20,,76.96,
6875,INVALID_DATE,2,4,2,4,1,145.0 €,,Fecha inválida: INVALID_DATE,145.0,
6876,2024-03-17,3,1,3,1,2,91.5 USD,2024-03-17,,79.57,
6877,16/03/2024,4,2,4,2,3,147.0 €,2024-03-16,,147.0,
6879,INVALID_DATE,6,4,6,4,5,94.5 USD,,Fecha inválida: INVALID_DATE,82.17,
6880,2024-03-13,7,1,7,1,1,150.0 €,2024-03-13,,150.0,
6883,INVALID_DATE,3,4,3,4,4,153.0 €,,Fecha inválida: INVALID_DATE,153.0,
6884,2024-03-09,4,1,4,1,5,154.0 €,2024-03-09,,154.0,
6886,03/07/2024,6,3,6,3,2,156.0 €,2024-07-03,,156.0,
6887,INVALID_DATE,7,4,7,4,3,157.0 €,,Fecha inválida: INVALID_DATE,157.0,
6890,03/03/2024,3,3,3,3,1,160.0 €,2024-03-03,,160.0,
6891,INVALID_DATE,4,4,4,4,2,106.5 USD,,Fecha inválida: INVALID_DATE,92.61,
6893,29/02/2024,6,2,6,2,4,163.0 €,2024-02-29,,163.0,
6894,02/28/2024,7,3,7,3,5,109.5 USD,2024-02-28,,95.22,
6895,INVALID_DATE,1,4,1,4,1,165.0 €,,Fecha inválida: INVALID_DATE,165.0,
6897,25/02/2024,3,2,3,2,3,NULL,2024-02-25,,,MontoTotal_Raw nulo o vacío: NULL
6898,02/24/2024,4,3,4,3,4,168.0 €,2024-02-24,,168.0,
6899,INVALID_DATE,5,4,5,4,5,169.0 €,,Fecha inválida: INVALID_DATE,169.0,
6900,2024-02-22,6,1,6,1,1,-150.00 €,2024-02-22,,,MontoTotal_Raw negativo: -150.00 €
6901,21/02/2024,7,2,7,2,2,21.0 €,2024-02-21,,21.0,
6903,INVALID_DATE,2,4,2,4,4,118.5 USD,,Fecha inválida: INVALID_DATE,103.04,
6904,2024-02-18,3,1,3,1,5,24.0 €,2024-02-18,,24.0,
6905,17/02/2024,4,2,4,2,1,25.0 €,2024-02-17,,25.0,
6907,INVALID_DATE,6,4,6,4,3,27.0 €,,Fecha inválida: INVALID_DATE,27.0,
6908,2024-02-14,7,1,7,1,4,28.0 €,2024-02-14,,28.0,
6911,INVALID_DATE,3,4,3,4,2,31.0 €,,Fecha inválida: INVALID_DATE,31.0,
6912,2024-02-10,4,1,4,1,3,127.5 USD,2024-02-10,,110.87,
6914,02/08/2024,6,3,6,3,5,34.0 €,2024-08-02,,34.0,
6915,INVALID_DATE,7,4,7,4,1,130.5 USD,,Fecha inválida: INVALID_DATE,113.48,
6918,02/04/2024,3,3,3,3,4,133.5 USD,2024-04-02,,116.09,
6919,INVALID_DATE,4,4,4,4,5,39.0 €,,Fecha inválida: INVALID_DATE,39.0,
6921,01/02/2024,6,2,6,2,2,136.5 USD,2024-02-01,,118.7,
6922,01/31/2024,7,3,7,3,3,42.0 €,2024-01-31,,42.0,
6923,INVALID_DATE,1,4,1,4,4,43.0 €,,Fecha inválida: INVALID_DATE,43.0,
6925,28/01/2024,3,2,3,2,1,45.0 €,2024-01-28,,45.0,
6926,01/27/2024,4,3,4,3,2,46.0 €,2024-01-27,,46.0,
6927,INVALID_DATE,5,4,5,4,3,142.5 USD,,Fecha inválida: INVALID_DATE,123.91,
6928,2024-01-25,6,1,6,1,4,48.0 €,2024-01-25,,48.0,
6929,24/01/2024,7,2,7,2,5,49.0 €,2024-01-24,,49.0,
6930,01/23/2024,1,3,1,3,1,NULL,2024-01-23,,,MontoTotal_Raw nulo o vacío: NULL
6931,INVALID_DATE,2,4,2,4,2,51.0 €,,Fecha inválida: INVALID_DATE,51.0,
6932,2024-01-21,3,1,3,1,3,52.0 €,2024-01-21,,52.0,
6933,20/01/2024,4,2,4,2,4,148.5 USD,2024-01-20,,129.13,
6935,INVALID_DATE,6,4,6,4,1,55.0 €,,Fecha inválida: INVALID_DATE,55.0,
6936,2024-01-17,7,1,7,1,2,151.5 USD,2024-01-17,,131.74,
6939,INVALID_DATE,3,4,3,4,5,154.5 USD,,Fecha inválida: INVALID_DATE,134.35,
6940,2024-01-13,4,1,4,1,1,60.0 €,2024-01-13,,60.0,
6942,01/11/2024,6,3,6,3,3,157.5 USD,2024-11-01,,136.96,
6943,INVALID_DATE,7,4,7,4,4,63.0 €,,Fecha inválida: INVALID_DATE,63.0,
6946,01/07/2024,3,3,3,3,2,66.0 €,2024-07-01,,66.0,
6947,INVALID_DATE,4,4,4,4,3,67.0 €,,Fecha inválida: INVALID_DATE,67.0,
6949,04/01/2024,6,2,6,2,5,69.0 €,2024-01-04,,69.0,
6950,01/03/2024,7,3,7,3,1,-150.00 €,2024-03-01,,,MontoTotal_Raw negativo: -150.00 €
6951,INVALID_DATE,1,4,1,4,2,166.5 USD,,Fecha inválida: INVALID_DATE,144.78,
6953,31/12/2023,3,2,3,2,4,73.0 €,2023-12-31,,73.0,
6954,12/30/2023,4,3,4,3,5,169.5 USD,2023-12-30,,147.39,
6955,INVALID_DATE,5,4,5,4,1,75.0 €,,Fecha inválida: INVALID_DATE,75.0,
6956,2023-12-28,6,1,6,1,2,76.0 €,2023-12-28,,76.0,
6957,27/12/2023,7,2,7,2,3,172.5 USD,2023-12-27,,150.0,
6959,INVALID_DATE,2,4,2,4,5,79.0 €,,Fecha inválida: INVALID_DATE,79.0,
6960,2023-12-24,3,1,3,1,1,175.5 USD,2023-12-24,,152.61,
6961,23/12/2023,4,2,4,2,2,81.0 €,2023-12-23,,81.0,
6963,INVALID_DATE,6,4,6,4,4,NULL,,Fecha inválida: INVALID_DATE,,MontoTotal_Raw nulo o vacío: NULL
6964,2023-12-20,7,1,7,1,5,84.0 €,2023-12-20,,84.0,
6967,INVALID_DATE,3,4,3,4,3,87.0 €,,Fecha inválida: INVALID_DATE,87.0,
6968,2023-12-16,4,1,4,1,4,88.0 €,2023-12-16,,88.0,
6970,12/14/2023,6,3,6,3,1,90.0 €,2023-12-14,,90.0,
6971,INVALID_DATE,7,4,7,4,2,91.0 €,,Fecha inválida: INVALID_DATE,91.0,
6974,12/10/2023,3,3,3,3,5,94.0 €,2023-10-12,,94.0,
6975,INVALID_DATE,4,4,4,4,1,190.5 USD,,Fecha inválida: INVALID_DATE,165.65,
6977,07/12/2023,6,2,6,2,3,97.0 €,2023-12-07,,97.0,
6978,12/06/2023,7,3,7,3,4,193.5 USD,2023-06-12,,168.26,
6979,INVALID_DATE,1,4,1,4,5,99.0 €,,Fecha inválida: INVALID_DATE,99.0,
6981,03/12/2023,3,2,3,2,2,196.5 USD,2023-12-03,,170.87,
6982,12/02/2023,4,3,4,3,3,102.0 €,2023-02-12,,102.0,
6983,INVALID_DATE,5,4,5,4,4,103.0 €,,Fecha inválida: INVALID_DATE,103.0,
6984,2023-11-30,6,1,6,1,5,199.5 USD,2023-11-30,,173.48,
6985,29/11/2023,7,2,7,2,1,105.0 €,2023-11-29,,105.0,
6987,INVALID_DATE,2,4,2,4,3,202.5 USD,,Fecha inválida: INVALID_DATE,176.09,
6988,2023-11-26,3,1,3,1,4,108.0 €,2023-11-26,,108.0,
6989,25/11/2023,4,2,4,2,5,109.0 €,2023-11-25,,109.0,
6991,INVALID_DATE,6,4,6,4,2,111.0 €,,Fecha inválida: INVALID_DATE,111.0,
6992,2023-11-22,7,1,7,1,3,112.0 €,2023-11-22,,112.0,
6995,INVALID_DATE,3,4,3,4,1,115.0 €,,Fecha inválida: INVALID_DATE,115.0,
6996,2023-11-18,4,1,4,1,2,NULL,2023-11-18,,,MontoTotal_Raw nulo o vacío: NULL
6998,11/16/2023,6,3,6,3,4,118.0 €,2023-11-16,,118.0,
6999,INVALID_DATE,7,4,7,4,5,214.5 USD,,Fecha inválida: INVALID_DATE,186.52,
7000,2026-08-10,1,1,1,1,1,-150.00 €,2026-08-10,,,MontoTotal_Raw negativo: -150.00 €
7002,08/08/2026,3,3,3,3,3,17.5 USD,2026-08-08,,15.22,
7003,INVALID_DATE,4,4,4,4,4,123.0 €,,Fecha inválida: INVALID_DATE,123.0,
7005,05/08/2026,6,2,6,2,1,20.5 USD,2026-08-05,,17.83,
7006,08/04/2026,7,3,7,3,2,126.0 €,2026-04-08,,126.0,
7007,INVALID_DATE,1,4,1,4,3,127.0 €,,Fecha inválida: INVALID_DATE,127.0,
7009,01/08/2026,3,2,3,2,5,129.0 €,2026-08-01,,129.0,
7010,07/31/2026,4,3,4,3,1,130.0 €,2026-07-31,,130.0,
7011,INVALID_DATE,5,4,5,4,2,26.5 USD,,Fecha inválida: INVALID_DATE,23.04,
7012,2026-07-29,6,1,6,1,3,132.0 €,2026-07-29,,132.0,
7013,28/07/2026,7,2,7,2,4,133.0 €,2026-07-28,,133.0,
7015,INVALID_DATE,2,4,2,4,1,135.0 €,,Fecha inválida: INVALID_DATE,135.0,
7016,2026-07-25,3,1,3,1,2,136.0 €,2026-07-25,,136.0,
7017,24/07/2026,4,2,4,2,3,32.5 USD,2026-07-24,,28.26,
7019,INVALID_DATE,6,4,6,4,5,139.0 €,,Fecha inválida: INVALID_DATE,139.0,
7020,2026-07-21,7,1,7,1,1,35.5 USD,2026-07-21,,30.87,
7023,INVALID_DATE,3,4,3,4,4,38.5 USD,,Fecha inválida: INVALID_DATE,33.48,
7024,2026-07-17,4,1,4,1,5,144.0 €,2026-07-17,,144.0,
7026,07/15/2026,6,3,6,3,2,41.5 USD,2026-07-15,,36.09,
7027,INVALID_DATE,7,4,7,4,3,147.0 €,,Fecha inválida: INVALID_DATE,147.0,
7029,12/07/2026,2,2,2,2,5,NULL,2026-07-12,,,MontoTotal_Raw nulo o vacío: NULL
7030,07/11/2026,3,3,3,3,1,150.0 €,2026-11-07,,150.0,
7031,INVALID_DATE,4,4,4,4,2,151.0 €,,Fecha inválida: INVALID_DATE,151.0,
7033,08/07/2026,6,2,6,2,4,153.0 €,2026-07-08,,153.0,
7034,07/07/2026,7,3,7,3,5,154.0 €,2026-07-07,,154.0,
7035,INVALID_DATE,1,4,1,4,1,50.5 USD,,Fecha inválida: INVALID_DATE,43.91,
7037,04/07/2026,3,2,3,2,3,157.0 €,2026-07-04,,157.0,
7038,07/03/2026,4,3,4,3,4,53.5 USD,2026-03-07,,46.52,
7039,INVALID_DATE,5,4,5,4,5,159.0 €,,Fecha inválida: INVALID_DATE,159.0,
7040,2026-07-01,6,1,6,1,1,160.0 €,2026-07-01,,160.0,
7041,30/06/2026,7,2,7,2,2,56.5 USD,2026-06-30,,49.13,
7043,INVALID_DATE,2,4,2,4,4,163.0 €,,Fecha inválida: INVALID_DATE,163.0,
7044,2026-06-27,3,1,3,1,5,59.5 USD,2026-06-27,,51.74,
7045,26/06/2026,4,2,4,2,1,165.0 €,2026-06-26,,165.0,
7047,INVALID_DATE,6,4,6,4,3,62.5 USD,,Fecha inválida: INVALID_DATE,54.35,
7048,2026-06-23,7,1,7,1,4,168.0 €,2026-06-23,,168.0,
7050,06/21/2026,2,3,2,3,1,-150.00 €,2026-06-21,,,MontoTotal_Raw negativo: -150.00 €
7051,INVALID_DATE,3,4,3,4,2,21.0 €,,Fecha inválida: INVALID_DATE,21.0,
7052,2026-06-19,4,1,4,1,3,22.0 €,2026-06-19,,22.0,
7054,06/17/2026,6,3,6,3,5,24.0 €,2026-06-17,,24.0,
7055,INVALID_DATE,7,4,7,4,1,25.0 €,,Fecha inválida: INVALID_DATE,25.0,
7058,06/13/2026,3,3,3,3,4,28.0 €,2026-06-13,,28.0,
7059,INVALID_DATE,4,4,4,4,5,74.5 USD,,Fecha inválida: INVALID_DATE,64.78,
7061,10/06/2026,6,2,6,2,2,31.0 €,2026-06-10,,31.0,
7062,06/09/2026,7,3,7,3,3,NULL,2026-09-06,,,MontoTotal_Raw nulo o vacío: NULL
7063,INVALID_DATE,1,4,1,4,4,33.0 €,,Fecha inválida: INVALID_DATE,33.0,
7065,06/06/2026,3,2,3,2,1,80.5 USD,2026-06-06,,70.0,
7066,06/05/2026,4,3,4,3,2,36.0 €,2026-05-06,,36.0,
7067,INVALID_DATE,5,4,5,4,3,37.0 €,,Fecha inválida: INVALID_DATE,37.0,
7068,2026-06-03,6,1,6,1,4,83.5 USD,2026-06-03,,72.61,
7069,02/06/2026,7,2,7,2,5,39.0 €,2026-06-02,,39.0,
7071,INVALID_DATE,2,4,2,4,2,86.5 USD,,Fecha inválida: INVALID_DATE,75.22,
7072,2026-05-30,3,1,3,1,3,42.0 €,2026-05-30,,42.0,
7073,29/05/2026,4,2,4,2,4,43.0 €,2026-05-29,,43.0,
7075,INVALID_DATE,6,4,6,4,1,45.0 €,,Fecha inválida: INVALID_DATE,45.0,
7076,2026-05-26,7,1,7,1,2,46.0 €,2026-05-26,,46.0,
7079,INVALID_DATE,3,4,3,4,5,49.0 €,,Fecha inválida: INVALID_DATE,49.0,
7080,2026-05-22,4,1,4,1,1,95.5 USD,2026-05-22,,83.04,
7082,05/20/2026,6,3,6,3,3,52.0 €,2026-05-20,,52.0,
7083,INVALID_DATE,7,4,7,4,4,98.5 USD,,Fecha inválida: INVALID_DATE,85.65,
7086,05/16/2026,3,3,3,3,2,101.5 USD,2026-05-16,,88.26,
7087,INVALID_DATE,4,4,4,4,3,57.0 €,,Fecha inválida: INVALID_DATE,57.0,
7089,13/05/2026,6,2,6,2,5,104.5 USD,2026-05-13,,90.87,
7090,05/12/2026,7,3,7,3,1,60.0 €,2026-12-05,,60.0,
7091,INVALID_DATE,1,4,1,4,2,61.0 €,,Fecha inválida: INVALID_DATE,61.0,
7093,09/05/2026,3,2,3,2,4,63.0 €,2026-05-09,,63.0,
7094,05/08/2026,4,3,4,3,5,64.0 €,2026-08-05,,64.0,
7095,INVALID_DATE,5,4,5,4,1,NULL,,Fecha inválida: INVALID_DATE,,MontoTotal_Raw nulo o vacío: NULL
7096,2026-05-06,6,1,6,1,2,66.0 €,2026-05-06,,66.0,
7097,05/05/2026,7,2,7,2,3,67.0 €,2026-05-05,,67.0,
7099,INVALID_DATE,2,4,2,4,5,69.0 €,,Fecha inválida: INVALID_DATE,69.0,
7100,2026-05-02,3,1,3,1,1,-150.00 €,2026-05-02,,,MontoTotal_Raw negativo: -150.00 €
7101,01/05/2026,4,2,4,2,2,116.5 USD,2026-05-01,,101.3,
7103,INVALID_DATE,6,4,6,4,4,73.0 €,,Fecha inválida: INVALID_DATE,73.0,
7104,2026-04-28,7,1,7,1,5,119.5 USD,2026-04-28,,103.91,
7107,INVALID_DATE,3,4,3,4,3,122.5 USD,,Fecha inválida: INVALID_DATE,106.52,
7108,2026-04-24,4,1,4,1,4,78.0 €,2026-04-24,,78.0,
7110,04/22/2026,6,3,6,3,1,125.5 USD,2026-04-22,,109.13,
7111,INVALID_DATE,7,4,7,4,2,81.0 €,,Fecha inválida: INVALID_DATE,81.0,
7114,04/18/2026,3,3,3,3,5,84.0 €,2026-04-18,,84.0,
7115,INVALID_DATE,4,4,4,4,1,85.0 €,,Fecha inválida: INVALID_DATE,85.0,
7117,15/04/2026,6,2,6,2,3,87.0 €,2026-04-15,,87.0,
7118,04/14/2026,7,3,7,3,4,88.0 €,2026-04-14,,88.0,
7119,INVALID_DATE,1,4,1,4,5,134.5 USD,,Fecha inválida: INVALID_DATE,116.96,
7121,11/04/2026,3,2,3,2,2,91.0 €,2026-04-11,,91.0,
7122,04/10/2026,4,3,4,3,3,137.5 USD,2026-10-04,,119.57,
7123,INVALID_DATE,5,4,5,4,4,93.0 €,,Fecha inválida: INVALID_DATE,93.0,
7124,2026-04-08,6,1,6,1,5,94.0 €,2026-04-08,,94.0,
7125,07/04/2026,7,2,7,2,1,140.5 USD,2026-04-07,,122.17,
7127,INVALID_DATE,2,4,2,4,3,97.0 €,,Fecha inválida: INVALID_DATE,97.0,
7128,2026-04-04,3,1,3,1,4,NULL,2026-04-04,,,MontoTotal_Raw nulo o vacío: NULL
7129,03/04/2026,4,2,4,2,5,99.0 €,2026-04-03,,99.0,
7131,INVALID_DATE,6,4,6,4,2,146.5 USD,,Fecha inválida: INVALID_DATE,127.39,
7132,2026-03-31,7,1,7,1,3,102.0 €,2026-03-31,,102.0,
7135,INVALID_DATE,3,4,3,4,1,105.0 €,,Fecha inválida: INVALID_DATE,105.0,
7136,2026-03-27,4,1,4,1,2,106.0 €,2026-03-27,,106.0,
7138,03/25/2026,6,3,6,3,4,108.0 €,2026-03-25,,108.0,
7139,INVALID_DATE,7,4,7,4,5,109.0 €,,Fecha inválida: INVALID_DATE,109.0,
7142,03/21/2026,3,3,3,3,3,112.0 €,2026-03-21,,112.0,
7143,INVALID_DATE,4,4,4,4,4,158.5 USD,,Fecha inválida: INVALID_DATE,137.83,
7145,18/03/2026,6,2,6,2,1,115.0 €,2026-03-18,,115.0,
7146,03/17/2026,7,3,7,3,2,161.5 USD,2026-03-17,,140.43,
7147,INVALID_DATE,1,4,1,4,3,117.0 €,,Fecha inválida: INVALID_DATE,117.0,
7149,14/03/2026,3,2,3,2,5,164.5 USD,2026-03-14,,143.04,
7150,03/13/2026,4,3,4,3,1,-150.00 €,2026-03-13,,,MontoTotal_Raw negativo: -150.00 €
7151,INVALID_DATE,5,4,5,4,2,121.0 €,,Fecha inválida: INVALID_DATE,121.0,
7152,2026-03-11,6,1,6,1,3,167.5 USD,2026-03-11,,145.65,
7153,10/03/2026,7,2,7,2,4,123.0 €,2026-03-10,,123.0,
7155,INVALID_DATE,2,4,2,4,1,170.5 USD,,Fecha inválida: INVALID_DATE,148.26,
7156,2026-03-07,3,1,3,1,2,126.0 €,2026-03-07,,126.0,
7157,06/03/2026,4,2,4,2,3,127.0 €,2026-03-06,,127.0,
7159,INVALID_DATE,6,4,6,4,5,129.0 €,,Fecha inválida: INVALID_DATE,129.0,
7160,2026-03-03,7,1,7,1,1,130.0 €,2026-03-03,,130.0,
7161,02/03/2026,1,2,1,2,2,NULL,2026-03-02,,,MontoTotal_Raw nulo o vacío: NULL
7163,INVALID_DATE,3,4,3,4,4,133.0 €,,Fecha inválida: INVALID_DATE,133.0,
7164,2026-02-27,4,1,4,1,5,179.5 USD,2026-02-27,,156.09,
7166,02/25/2026,6,3,6,3,2,136.0 €,2026-02-25,,136.0,
7167,INVALID_DATE,7,4,7,4,3,182.5 USD,,Fecha inválida: INVALID_DATE,158.7,
7170,02/21/2026,3,3,3,3,1,185.5 USD,2026-02-21,,161.3,
7171,INVALID_DATE,4,4,4,4,2,141.0 €,,Fecha inválida: INVALID_DATE,141.0,
7173,18/02/2026,6,2,6,2,4,188.5 USD,2026-02-18,,163.91,
7174,02/17/2026,7,3,7,3,5,144.0 €,2026-02-17,,144.0,
7175,INVALID_DATE,1,4,1,4,1,145.0 €,,Fecha inválida: INVALID_DATE,145.0,
7177,14/02/2026,3,2,3,2,3,147.0 €,2026-02-14,,147.0,
7178,02/13/2026,4,3,4,3,4,148.0 €,2026-02-13,,148.0,
7179,INVALID_DATE,5,4,5,4,5,194.5 USD,,Fecha inválida: INVALID_DATE,169.13,
7180,2026-02-11,6,1,6,1,1,150.0 €,2026-02-11,,150.0,
7181,10/02/2026,7,2,7,2,2,151.0 €,2026-02-10,,151.0,
7183,INVALID_DATE,2,4,2,4,4,153.0 €,,Fecha inválida: INVALID_DATE,153.0,
7184,2026-02-07,3,1,3,1,5,154.0 €,2026-02-07,,154.0,
7185,06/02/2026,4,2,4,2,1,200.5 USD,2026-02-06,,174.35,
7187,INVALID_DATE,6,4,6,4,3,157.0 €,,Fecha inválida: INVALID_DATE,157.0,
7188,2026-02-03,7,1,7,1,4,203.5 USD,2026-02-03,,176.96,
7191,INVALID_DATE,3,4,3,4,2,206.5 USD,,Fecha inválida: INVALID_DATE,179.57,
7192,2026-01-30,4,1,4,1,3,162.0 €,2026-01-30,,162.0,
7194,01/28/2026,6,3,6,3,5,NULL,2026-01-28,,,MontoTotal_Raw nulo o vacío: NULL
7195,INVALID_DATE,7,4,7,4,1,165.0 €,,Fecha inválida: INVALID_DATE,165.0,
7198,01/24/2026,3,3,3,3,4,168.0 €,2026-01-24,,168.0,
7199,INVALID_DATE,4,4,4,4,5,169.0 €,,Fecha inválida: INVALID_DATE,169.0,
7200,2026-01-22,5,1,5,1,1,-150.00 €,2026-01-22,,,MontoTotal_Raw negativo: -150.00 €
7201,21/01/2026,6,2,6,2,2,21.0 €,2026-01-21,,21.0,
7202,01/20/2026,7,3,7,3,3,22.0 €,2026-01-20,,22.0,
7203,INVALID_DATE,1,4,1,4,4,18.5 USD,,Fecha inválida: INVALID_DATE,16.09,
7205,17/01/2026,3,2,3,2,1,25.0 €,2026-01-17,,25.0,
7206,01/16/2026,4,3,4,3,2,21.5 USD,2026-01-16,,18.7,
7207,INVALID_DATE,5,4,5,4,3,27.0 €,,Fecha inválida: INVALID_DATE,27.0,
7208,2026-01-14,6,1,6,1,4,28.0 €,2026-01-14,,28.0,
7209,13/01/2026,7,2,7,2,5,24.5 USD,2026-01-13,,21.3,
7211,INVALID_DATE,2,4,2,4,2,31.0 €,,Fecha inválida: INVALID_DATE,31.0,
7212,2026-01-10,3,1,3,1,3,27.5 USD,2026-01-10,,23.91,
7213,09/01/2026,4,2,4,2,4,33.0 €,2026-01-09,,33.0,
7215,INVALID_DATE,6,4,6,4,1,30.5 USD,,Fecha inválida: INVALID_DATE,26.52,
7216,2026-01-06,7,1,7,1,2,36.0 €,2026-01-06,,36.0,
7219,INVALID_DATE,3,4,3,4,5,39.0 €,,Fecha inválida: INVALID_DATE,39.0,
7220,2026-01-02,4,1,4,1,1,40.0 €,2026-01-02,,40.0,
7222,12/31/2025,6,3,6,3,3,42.0 €,2025-12-31,,42.0,
7223,INVALID_DATE,7,4,7,4,4,43.0 €,,Fecha inválida: INVALID_DATE,43.0,
7226,12/27/2025,3,3,3,3,2,46.0 €,2025-12-27,,46.0,
7227,INVALID_DATE,4,4,4,4,3,NULL,,Fecha inválida: INVALID_DATE,,MontoTotal_Raw nulo o vacío: NULL
7229,24/12/2025,6,2,6,2,5,49.0 €,2025-12-24,,49.0,
7230,12/23/2025,7,3,7,3,1,45.5 USD,2025-12-23,,39.57,
7231,INVALID_DATE,1,4,1,4,2,51.0 €,,Fecha inválida: INVALID_DATE,51.0,
7233,20/12/2025,3,2,3,2,4,48.5 USD,2025-12-20,,42.17,
7234,12/19/2025,4,3,4,3,5,54.0 €,2025-12-19,,54.0,
7235,INVALID_DATE,5,4,5,4,1,55.0 €,,Fecha inválida: INVALID_DATE,55.0,
7236,2025-12-17,6,1,6,1,2,51.5 USD,2025-12-17,,44.78,
7237,16/12/2025,7,2,7,2,3,57.0 €,2025-12-16,,57.0,
7239,INVALID_DATE,2,4,2,4,5,54.5 USD,,Fecha inválida: INVALID_DATE,47.39,
7240,2025-12-13,3,1,3,1,1,60.0 €,2025-12-13,,60.0,
7241,12/12/2025,4,2,4,2,2,61.0 €,2025-12-12,,61.0,
7243,INVALID_DATE,6,4,6,4,4,63.0 €,,Fecha inválida: INVALID_DATE,63.0,
7244,2025-12-09,7,1,7,1,5,64.0 €,2025-12-09,,64.0,
7247,INVALID_DATE,3,4,3,4,3,67.0 €,,Fecha inválida: INVALID_DATE,67.0,
7248,2025-12-05,4,1,4,1,4,63.5 USD,2025-12-05,,55.22,
7250,12/03/2025,6,3,6,3,1,-150.00 €,2025-03-12,,,MontoTotal_Raw negativo: -150.00 €
7251,INVALID_DATE,7,4,7,4,2,66.5 USD,,Fecha inválida: INVALID_DATE,57.83,
7254,11/29/2025,3,3,3,3,5,69.5 USD,2025-11-29,,60.43,
7255,INVALID_DATE,4,4,4,4,1,75.0 €,,Fecha inválida: INVALID_DATE,75.0,
7257,26/11/2025,6,2,6,2,3,72.5 USD,2025-11-26,,63.04,
7258,11/25/2025,7,3,7,3,4,78.0 €,2025-11-25,,78.0,
7259,INVALID_DATE,1,4,1,4,5,79.0 €,,Fecha inválida: INVALID_DATE,79.0,
7260,2025-11-23,2,1,2,1,1,NULL,2025-11-23,,,MontoTotal_Raw nulo o vacío: NULL
7261,22/11/2025,3,2,3,2,2,81.0 €,2025-11-22,,81.0,
7262,11/21/2025,4,3,4,3,3,82.0 €,2025-11-21,,82.0,
7263,INVALID_DATE,5,4,5,4,4,78.5 USD,,Fecha inválida: INVALID_DATE,68.26,
7264,2025-11-19,6,1,6,1,5,84.0 €,2025-11-19,,84.0,
7265,18/11/2025,7,2,7,2,1,85.0 €,2025-11-18,,85.0,
7267,INVALID_DATE,2,4,2,4,3,87.0 €,,Fecha inválida: INVALID_DATE,87.0,
7268,2025-11-15,3,1,3,1,4,88.0 €,2025-11-15,,88.0,
7269,14/11/2025,4,2,4,2,5,84.5 USD,2025-11-14,,73.48,
7271,INVALID_DATE,6,4,6,4,2,91.0 €,,Fecha inválida: INVALID_DATE,91.0,
7272,2025-11-11,7,1,7,1,3,87.5 USD,2025-11-11,,76.09,
7275,INVALID_DATE,3,4,3,4,1,90.5 USD,,Fecha inválida: INVALID_DATE,78.7,
7276,2025-11-07,4,1,4,1,2,96.0 €,2025-11-07,,96.0,
7278,11/05/2025,6,3,6,3,4,93.5 USD,2025-05-11,,81.3,
7279,INVALID_DATE,7,4,7,4,5,99.0 €,,Fecha inválida: INVALID_DATE,99.0,
7282,11/01/2025,3,3,3,3,3,102.0 €,2025-01-11,,102.0,
7283,INVALID_DATE,4,4,4,4,4,103.0 €,,Fecha inválida: INVALID_DATE,103.0,
7285,29/10/2025,6,2,6,2,1,105.0 €,2025-10-29,,105.0,
7286,10/28/2025,7,3,7,3,2,106.0 €,2025-10-28,,106.0,
7287,INVALID_DATE,1,4,1,4,3,102.5 USD,,Fecha inválida: INVALID_DATE,89.13,
7289,25/10/2025,3,2,3,2,5,109.0 €,2025-10-25,,109.0,
7290,10/24/2025,4,3,4,3,1,105.5 USD,2025-10-24,,91.74,
7291,INVALID_DATE,5,4,5,4,2,111.0 €,,Fecha inválida: INVALID_DATE,111.0,
7292,2025-10-22,6,1,6,1,3,112.0 €,2025-10-22,,112.0,
7293,21/10/2025,7,2,7,2,4,NULL,2025-10-21,,,MontoTotal_Raw nulo o vacío: NULL
7295,INVALID_DATE,2,4,2,4,1,115.0 €,,Fecha inválida: INVALID_DATE,115.0,
7296,2025-10-18,3,1,3,1,2,111.5 USD,2025-10-18,,96.96,
7297,17/10/2025,4,2,4,2,3,117.0 €,2025-10-17,,117.0,
7299,INVALID_DATE,6,4,6,4,5,114.5 USD,,Fecha inválida: INVALID_DATE,99.57,
7300,2025-10-14,7,1,7,1,1,-150.00 €,2025-10-14,,,MontoTotal_Raw negativo: -150.00 €
7303,INVALID_DATE,3,4,3,4,4,123.0 €,,Fecha inválida: INVALID_DATE,123.0,
7304,2025-10-10,4,1,4,1,5,124.0 €,2025-10-10,,124.0,
7306,10/08/2025,6,3,6,3,2,126.0 €,2025-08-10,,126.0,
7307,INVALID_DATE,7,4,7,4,3,127.0 €,,Fecha inválida: INVALID_DATE,127.0,
7310,10/04/2025,3,3,3,3,1,130.0 €,2025-04-10,,130.0,
7311,INVALID_DATE,4,4,4,4,2,126.5 USD,,Fecha inválida: INVALID_DATE,110.0,
7313,01/10/2025,6,2,6,2,4,133.0 €,2025-10-01,,133.0,
7314,09/30/2025,7,3,7,3,5,129.5 USD,2025-09-30,,112.61,
7315,INVALID_DATE,1,4,1,4,1,135.0 €,,Fecha inválida: INVALID_DATE,135.0,
7317,27/09/2025,3,2,3,2,3,132.5 USD,2025-09-27,,115.22,
7318,09/26/2025,4,3,4,3,4,138.0 €,2025-09-26,,138.0,
7319,INVALID_DATE,5,4,5,4,5,139.0 €,,Fecha inválida: INVALID_DATE,139.0,
7320,2025-09-24,6,1,6,1,1,135.5 USD,2025-09-24,,117.83,
7321,23/09/2025,7,2,7,2,2,141.0 €,2025-09-23,,141.0,
7323,INVALID_DATE,2,4,2,4,4,138.5 USD,,Fecha inválida: INVALID_DATE,120.43,
7324,2025-09-20,3,1,3,1,5,144.0 €,2025-09-20,,144.0,
7325,19/09/2025,4,2,4,2,1,145.0 €,2025-09-19,,145.0,
7326,09/18/2025,5,3,5,3,2,NULL,2025-09-18,,,MontoTotal_Raw nulo o vacío: NULL
7327,INVALID_DATE,6,4,6,4,3,147.0 €,,Fecha inválida: INVALID_DATE,147.0,
7328,2025-09-16,7,1,7,1,4,148.0 €,2025-09-16,,148.0,
7331,INVALID_DATE,3,4,3,4,2,151.0 €,,Fecha inválida: INVALID_DATE,151.0,
7332,2025-09-12,4,1,4,1,3,147.5 USD,2025-09-12,,128.26,
7334,09/10/2025,6,3,6,3,5,154.0 €,2025-10-09,,154.0,
7335,INVALID_DATE,7,4,7,4,1,150.5 USD,,Fecha inválida: INVALID_DATE,130.87,
7338,09/06/2025,3,3,3,3,4,153.5 USD,2025-06-09,,133.48,
7339,INVALID_DATE,4,4,4,4,5,159.0 €,,Fecha inválida: INVALID_DATE,159.0,
7341,03/09/2025,6,2,6,2,2,156.5 USD,2025-09-03,,136.09,
7342,09/02/2025,7,3,7,3,3,162.0 €,2025-02-09,,162.0,
7343,INVALID_DATE,1,4,1,4,4,163.0 €,,Fecha inválida: INVALID_DATE,163.0,
7345,30/08/2025,3,2,3,2,1,165.0 €,2025-08-30,,165.0,
7346,08/29/2025,4,3,4,3,2,166.0 €,2025-08-29,,166.0,
7347,INVALID_DATE,5,4,5,4,3,162.5 USD,,Fecha inválida: INVALID_DATE,141.3,
7348,2025-08-27,6,1,6,1,4,168.0 €,2025-08-27,,168.0,
7349,26/08/2025,7,2,7,2,5,169.0 €,2025-08-26,,169.0,
7350,08/25/2025,1,3,1,3,1,-150.00 €,2025-08-25,,,MontoTotal_Raw negativo: -150.00 €
7351,INVALID_DATE,2,4,2,4,2,21.0 €,,Fecha inválida: INVALID_DATE,21.0,
7352,2025-08-23,3,1,3,1,3,22.0 €,2025-08-23,,22.0,
7353,22/08/2025,4,2,4,2,4,168.5 USD,2025-08-22,,146.52,
7355,INVALID_DATE,6,4,6,4,1,25.0 €,,Fecha inválida: INVALID_DATE,25.0,
7356,2025-08-19,7,1,7,1,2,171.5 USD,2025-08-19,,149.13,
7359,INVALID_DATE,3,4,3,4,5,NULL,,Fecha inválida: INVALID_DATE,,MontoTotal_Raw nulo o vacío: NULL
7360,2025-08-15,4,1,4,1,1,30.0 €,2025-08-15,,30.0,
7362,08/13/2025,6,3,6,3,3,177.5 USD,2025-08-13,,154.35,
7363,INVALID_DATE,7,4,7,4,4,33.0 €,,Fecha inválida: INVALID_DATE,33.0,
7366,08/09/2025,3,3,3,3,2,36.0 €,2025-09-08,,36.0,
7367,INVALID_DATE,4,4,4,4,3,37.0 €,,Fecha inválida: INVALID_DATE,37.0,
7369,06/08/2025,6,2,6,2,5,39.0 €,2025-08-06,,39.0,
7370,08/05/2025,7,3,7,3,1,40.0 €,2025-05-08,,40.0,
7371,INVALID_DATE,1,4,1,4,2,186.5 USD,,Fecha inválida: INVALID_DATE,162.17,
7373,02/08/2025,3,2,3,2,4,43.0 €,2025-08-02,,43.0,
7374,08/01/2025,4,3,4,3,5,189.5 USD,2025-01-08,,164.78,
7375,INVALID_DATE,5,4,5,4,1,45.0 €,,Fecha inválida: INVALID_DATE,45.0,
7376,2025-07-30,6,1,6,1,2,46.0 €,2025-07-30,,46.0,
7377,29/07/2025,7,2,7,2,3,192.5 USD,2025-07-29,,167.39,
7379,INVALID_DATE,2,4,2,4,5,49.0 €,,Fecha inválida: INVALID_DATE,49.0,
7380,2025-07-26,3,1,3,1,1,195.5 USD,2025-07-26,,170.0,
7381,25/07/2025,4,2,4,2,2,51.0 €,2025-07-25,,51.0,
7383,INVALID_DATE,6,4,6,4,4,198.5 USD,,Fecha inválida: INVALID_DATE,172.61,
7384,2025-07-22,7,1,7,1,5,54.0 €,2025-07-22,,54.0,
7387,INVALID_DATE,3,4,3,4,3,57.0 €,,Fecha inválida: INVALID_DATE,57.0,
7388,2025-07-18,4,1,4,1,4,58.0 €,2025-07-18,,58.0,
7390,07/16/2025,6,3,6,3,1,60.0 €,2025-07-16,,60.0,
7391,INVALID_DATE,7,4,7,4,2,61.0 €,,Fecha inválida: INVALID_DATE,61.0,
7392,2025-07-14,1,1,1,1,3,NULL,2025-07-14,,,MontoTotal_Raw nulo o vacío: NULL
7394,07/12/2025,3,3,3,3,5,64.0 €,2025-12-07,,64.0,
7395,INVALID_DATE,4,4,4,4,1,210.5 USD,,Fecha inválida: INVALID_DATE,183.04,
7397,09/07/2025,6,2,6,2,3,67.0 €,2025-07-09,,67.0,
7398,07/08/2025,7,3,7,3,4,213.5 USD,2025-08-07,,185.65,
7399,INVALID_DATE,1,4,1,4,5,69.0 €,,Fecha inválida: INVALID_DATE,69.0,
7400,2025-07-06,2,1,2,1,1,-150.00 €,2025-07-06,,,MontoTotal_Raw negativo: -150.00 €
7401,05/07/2025,3,2,3,2,2,16.5 USD,2025-07-05,,14.35,
7402,07/04/2025,4,3,4,3,3,72.0 €,2025-04-07,,72.0,
7403,INVALID_DATE,5,4,5,4,4,73.0 €,,Fecha inválida: INVALID_DATE,73.0,
7404,2025-07-02,6,1,6,1,5,19.5 USD,2025-07-02,,16.96,
7405,01/07/2025,7,2,7,2,1,75.0 €,2025-07-01,,75.0,
7407,INVALID_DATE,2,4,2,4,3,22.5 USD,,Fecha inválida: INVALID_DATE,19.57,
7408,2025-06-28,3,1,3,1,4,78.0 €,2025-06-28,,78.0,
7409,27/06/2025,4,2,4,2,5,79.0 €,2025-06-27,,79.0,
7411,INVALID_DATE,6,4,6,4,2,81.0 €,,Fecha inválida: INVALID_DATE,81.0,
7412,2025-06-24,7,1,7,1,3,82.0 €,2025-06-24,,82.0,
7415,INVALID_DATE,3,4,3,4,1,85.0 €,,Fecha inválida: INVALID_DATE,85.0,
7416,2025-06-20,4,1,4,1,2,31.5 USD,2025-06-20,,27.39,
7418,06/18/2025,6,3,6,3,4,88.0 €,2025-06-18,,88.0,
7419,INVALID_DATE,7,4,7,4,5,34.5 USD,,Fecha inválida: INVALID_DATE,30.0,
7422,06/14/2025,3,3,3,3,3,37.5 USD,2025-06-14,,32.61,
7423,INVALID_DATE,4,4,4,4,4,93.0 €,,Fecha inválida: INVALID_DATE,93.0,
7425,11/06/2025,6,2,6,2,1,NULL,2025-06-11,,,MontoTotal_Raw nulo o vacío: NULL
7426,06/10/2025,7,3,7,3,2,96.0 €,2025-10-06,,96.0,
7427,INVALID_DATE,1,4,1,4,3,97.0 €,,Fecha inválida: INVALID_DATE,97.0,
7429,07/06/2025,3,2,3,2,5,99.0 €,2025-06-07,,99.0,
7430,06/06/2025,4,3,4,3,1,100.0 €,2025-06-06,,100.0,
7431,INVALID_DATE,5,4,5,4,2,46.5 USD,,Fecha inválida: INVALID_DATE,40.43,
7432,2025-06-04,6,1,6,1,3,102.0 €,2025-06-04,,102.0,
7433,03/06/2025,7,2,7,2,4,103.0 €,2025-06-03,,103.0,
7435,INVALID_DATE,2,4,2,4,1,105.0 €,,Fecha inválida: INVALID_DATE,105.0,
7436,2025-05-31,3,1,3,1,2,106.0 €,2025-05-31,,106.0,
7437,30/05/2025,4,2,4,2,3,52.5 USD,2025-05-30,,45.65,
7439,INVALID_DATE,6,4,6,4,5,109.0 €,,Fecha inválida: INVALID_DATE,109.0,
7440,2025-05-27,7,1,7,1,1,55.5 USD,2025-05-27,,48.26,
7443,INVALID_DATE,3,4,3,4,4,58.5 USD,,Fecha inválida: INVALID_DATE,50.87,
7444,2025-05-23,4,1,4,1,5,114.0 €,2025-05-23,,114.0,
7446,05/21/2025,6,3,6,3,2,61.5 USD,2025-05-21,,53.48,
7447,INVALID_DATE,7,4,7,4,3,117.0 €,,Fecha inválida: INVALID_DATE,117.0,
7450,05/17/2025,3,3,3,3,1,-150.00 €,2025-05-17,,,MontoTotal_Raw negativo: -150.00 €
7451,INVALID_DATE,4,4,4,4,2,121.0 €,,Fecha inválida: INVALID_DATE,121.0,
7453,14/05/2025,6,2,6,2,4,123.0 €,2025-05-14,,123.0,
7454,05/13/2025,7,3,7,3,5,124.0 €,2025-05-13,,124.0,
7455,INVALID_DATE,1,4,1,4,1,70.5 USD,,Fecha inválida: INVALID_DATE,61.3,
7457,10/05/2025,3,2,3,2,3,127.0 €,2025-05-10,,127.0,
7458,05/09/2025,4,3,4,3,4,NULL,2025-09-05,,,MontoTotal_Raw nulo o vacío: NULL
7459,INVALID_DATE,5,4,5,4,5,129.0 €,,Fecha inválida: INVALID_DATE,129.0,
7460,2025-05-07,6,1,6,1,1,130.0 €,2025-05-07,,130.0,
7461,06/05/2025,7,2,7,2,2,76.5 USD,2025-05-06,,66.52,
7463,INVALID_DATE,2,4,2,4,4,133.0 €,,Fecha inválida: INVALID_DATE,133.0,
7464,2025-05-03,3,1,3,1,5,79.5 USD,2025-05-03,,69.13,
7465,02/05/2025,4,2,4,2,1,135.0 €,2025-05-02,,135.0,
7467,INVALID_DATE,6,4,6,4,3,82.5 USD,,Fecha inválida: INVALID_DATE,71.74,
7468,2025-04-29,7,1,7,1,4,138.0 €,2025-04-29,,138.0,
7471,INVALID_DATE,3,4,3,4,2,141.0 €,,Fecha inválida: INVALID_DATE,141.0,
7472,2025-04-25,4,1,4,1,3,142.0 €,2025-04-25,,142.0,
7474,04/23/2025,6,3,6,3,5,144.0 €,2025-04-23,,144.0,
7475,INVALID_DATE,7,4,7,4,1,145.0 €,,Fecha inválida: INVALID_DATE,145.0,
7478,04/19/2025,3,3,3,3,4,148.0 €,2025-04-19,,148.0,
7479,INVALID_DATE,4,4,4,4,5,94.5 USD,,Fecha inválida: INVALID_DATE,82.17,
7481,16/04/2025,6,2,6,2,2,151.0 €,2025-04-16,,151.0,
7482,04/15/2025,7,3,7,3,3,97.5 USD,2025-04-15,,84.78,
7483,INVALID_DATE,1,4,1,4,4,153.0 €,,Fecha inválida: INVALID_DATE,153.0,
7485,12/04/2025,3,2,3,2,1,100.5 USD,2025-04-12,,87.39,
7486,04/11/2025,4,3,4,3,2,156.0 €,2025-11-04,,156.0,
7487,INVALID_DATE,5,4,5,4,3,157.0 €,,Fecha inválida: INVALID_DATE,157.0,
7488,2025-04-09,6,1,6,1,4,103.5 USD,2025-04-09,,90.0,
7489,08/04/2025,7,2,7,2,5,159.0 €,2025-04-08,,159.0,
7491,INVALID_DATE,2,4,2,4,2,NULL,,Fecha inválida: INVALID_DATE,,MontoTotal_Raw nulo o vacío: NULL
7492,2025-04-05,3,1,3,1,3,162.0 €,2025-04-05,,162.0,
7493,04/04/2025,4,2,4,2,4,163.0 €,2025-04-04,,163.0,
7495,INVALID_DATE,6,4,6,4,1,165.0 €,,Fecha inválida: INVALID_DATE,165.0,
7496,2025-04-01,7,1,7,1,2,166.0 €,2025-04-01,,166.0,
7499,INVALID_DATE,3,4,3,4,5,169.0 €,,Fecha inválida: INVALID_DATE,169.0,
7500,2025-03-28,4,1,4,1,1,-150.00 €,2025-03-28,,,MontoTotal_Raw negativo: -150.00 €
7502,03/26/2025,6,3,6,3,3,22.0 €,2025-03-26,,22.0,
7503,INVALID_DATE,7,4,7,4,4,118.5 USD,,Fecha inválida: INVALID_DATE,103.04,
7506,03/22/2025,3,3,3,3,2,121.5 USD,2025-03-22,,105.65,
7507,INVALID_DATE,4,4,4,4,3,27.0 €,,Fecha inválida: INVALID_DATE,27.0,
7509,19/03/2025,6,2,6,2,5,124.5 USD,2025-03-19,,108.26,
7510,03/18/2025,7,3,7,3,1,30.0 €,2025-03-18,,30.0,
7511,INVALID_DATE,1,4,1,4,2,31.0 €,,Fecha inválida: INVALID_DATE,31.0,
7513,15/03/2025,3,2,3,2,4,33.0 €,2025-03-15,,33.0,
7514,03/14/2025,4,3,4,3,5,34.0 €,2025-03-14,,34.0,
7515,INVALID_DATE,5,4,5,4,1,130.5 USD,,Fecha inválida: INVALID_DATE,113.48,
7516,2025-03-12,6,1,6,1,2,36.0 €,2025-03-12,,36.0,
7517,11/03/2025,7,2,7,2,3,37.0 €,2025-03-11,,37.0,
7519,INVALID_DATE,2,4,2,4,5,39.0 €,,Fecha inválida: INVALID_DATE,39.0,
7520,2025-03-08,3,1,3,1,1,40.0 €,2025-03-08,,40.0,
7521,07/03/2025,4,2,4,2,2,136.5 USD,2025-03-07,,118.7,
7523,INVALID_DATE,6,4,6,4,4,43.0 €,,Fecha inválida: INVALID_DATE,43.0,
7524,2025-03-04,7,1,7,1,5,NULL,2025-03-04,,,MontoTotal_Raw nulo o vacío: NULL
7527,INVALID_DATE,3,4,3,4,3,142.5 USD,,Fecha inválida: INVALID_DATE,123.91,
7528,2025-02-28,4,1,4,1,4,48.0 €,2025-02-28,,48.0,
7530,02/26/2025,6,3,6,3,1,145.5 USD,2025-02-26,,126.52,
7531,INVALID_DATE,7,4,7,4,2,51.0 €,,Fecha inválida: INVALID_DATE,51.0,
7534,02/22/2025,3,3,3,3,5,54.0 €,2025-02-22,,54.0,
7535,INVALID_DATE,4,4,4,4,1,55.0 €,,Fecha inválida: INVALID_DATE,55.0,
7537,19/02/2025,6,2,6,2,3,57.0 €,2025-02-19,,57.0,
7538,02/18/2025,7,3,7,3,4,58.0 €,2025-02-18,,58.0,
7539,INVALID_DATE,1,4,1,4,5,154.5 USD,,Fecha inválida: INVALID_DATE,134.35,
7541,15/02/2025,3,2,3,2,2,61.0 €,2025-02-15,,61.0,
7542,02/14/2025,4,3,4,3,3,157.5 USD,2025-02-14,,136.96,
7543,INVALID_DATE,5,4,5,4,4,63.0 €,,Fecha inválida: INVALID_DATE,63.0,
7544,2025-02-12,6,1,6,1,5,64.0 €,2025-02-12,,64.0,
7545,11/02/2025,7,2,7,2,1,160.5 USD,2025-02-11,,139.57,
7547,INVALID_DATE,2,4,2,4,3,67.0 €,,Fecha inválida: INVALID_DATE,67.0,
7548,2025-02-08,3,1,3,1,4,163.5 USD,2025-02-08,,142.17,
7549,07/02/2025,4,2,4,2,5,69.0 €,2025-02-07,,69.0,
7550,02/06/2025,5,3,5,3,1,-150.00 €,2025-06-02,,,MontoTotal_Raw negativo: -150.00 €
7551,INVALID_DATE,6,4,6,4,2,166.5 USD,,Fecha inválida: INVALID_DATE,144.78,
7552,2025-02-04,7,1,7,1,3,72.0 €,2025-02-04,,72.0,
7555,INVALID_DATE,3,4,3,4,1,75.0 €,,Fecha inválida: INVALID_DATE,75.0,
7556,2025-01-31,4,1,4,1,2,76.0 €,2025-01-31,,76.0,
7557,30/01/2025,5,2,5,2,3,NULL,2025-01-30,,,MontoTotal_Raw nulo o vacío: NULL
7558,01/29/2025,6,3,6,3,4,78.0 €,2025-01-29,,78.0,
7559,INVALID_DATE,7,4,7,4,5,79.0 €,,Fecha inválida: INVALID_DATE,79.0,
7562,01/25/2025,3,3,3,3,3,82.0 €,2025-01-25,,82.0,
7563,INVALID_DATE,4,4,4,4,4,178.5 USD,,Fecha inválida: INVALID_DATE,155.22,
7565,22/01/2025,6,2,6,2,1,85.0 €,2025-01-22,,85.0,
7566,01/21/2025,7,3,7,3,2,181.5 USD,2025-01-21,,157.83,
7567,INVALID_DATE,1,4,1,4,3,87.0 €,,Fecha inválida: INVALID_DATE,87.0,
7569,18/01/2025,3,2,3,2,5,184.5 USD,2025-01-18,,160.43,
7570,01/17/2025,4,3,4,3,1,90.0 €,2025-01-17,,90.0,
7571,INVALID_DATE,5,4,5,4,2,91.0 €,,Fecha inválida: INVALID_DATE,91.0,
7572,2025-01-15,6,1,6,1,3,187.5 USD,2025-01-15,,163.04,
7573,14/01/2025,7,2,7,2,4,93.0 €,2025-01-14,,93.0,
7575,INVALID_DATE,2,4,2,4,1,190.5 USD,,Fecha inválida: INVALID_DATE,165.65,
7576,2025-01-11,3,1,3,1,2,96.0 €,2025-01-11,,96.0,
7577,10/01/2025,4,2,4,2,3,97.0 €,2025-01-10,,97.0,
7579,INVALID_DATE,6,4,6,4,5,99.0 €,,Fecha inválida: INVALID_DATE,99.0,
7580,2025-01-07,7,1,7,1,1,100.0 €,2025-01-07,,100.0,
7583,INVALID_DATE,3,4,3,4,4,103.0 €,,Fecha inválida: INVALID_DATE,103.0,
7584,2025-01-03,4,1,4,1,5,199.5 USD,2025-01-03,,173.48,
7586,01/01/2025,6,3,6,3,2,106.0 €,2025-01-01,,106.0,
7587,INVALID_DATE,7,4,7,4,3,202.5 USD,,Fecha inválida: INVALID_DATE,176.09,
7590,12/28/2024,3,3,3,3,1,NULL,2024-12-28,,,MontoTotal_Raw nulo o vacío: NULL
7591,INVALID_DATE,4,4,4,4,2,111.0 €,,Fecha inválida: INVALID_DATE,111.0,
7593,25/12/2024,6,2,6,2,4,208.5 USD,2024-12-25,,181.3,
7594,12/24/2024,7,3,7,3,5,114.0 €,2024-12-24,,114.0,
7595,INVALID_DATE,1,4,1,4,1,115.0 €,,Fecha inválida: INVALID_DATE,115.0,
7597,21/12/2024,3,2,3,2,3,117.0 €,2024-12-21,,117.0,
7598,12/20/2024,4,3,4,3,4,118.0 €,2024-12-20,,118.0,
7599,INVALID_DATE,5,4,5,4,5,214.5 USD,,Fecha inválida: INVALID_DATE,186.52,
7600,2024-12-18,6,1,6,1,1,-150.00 €,2024-12-18,,,MontoTotal_Raw negativo: -150.00 €
7601,17/12/2024,7,2,7,2,2,121.0 €,2024-12-17,,121.0,
7603,INVALID_DATE,2,4,2,4,4,123.0 €,,Fecha inválida: INVALID_DATE,123.0,
7604,2024-12-14,3,1,3,1,5,124.0 €,2024-12-14,,124.0,
7605,13/12/2024,4,2,4,2,1,20.5 USD,2024-12-13,,17.83,
7607,INVALID_DATE,6,4,6,4,3,127.0 €,,Fecha inválida: INVALID_DATE,127.0,
7608,2024-12-10,7,1,7,1,4,23.5 USD,2024-12-10,,20.43,
7611,INVALID_DATE,3,4,3,4,2,26.5 USD,,Fecha inválida: INVALID_DATE,23.04,
7612,2024-12-06,4,1,4,1,3,132.0 €,2024-12-06,,132.0,
7614,12/04/2024,6,3,6,3,5,29.5 USD,2024-04-12,,25.65,
7615,INVALID_DATE,7,4,7,4,1,135.0 €,,Fecha inválida: INVALID_DATE,135.0,
7618,11/30/2024,3,3,3,3,4,138.0 €,2024-11-30,,138.0,
7619,INVALID_DATE,4,4,4,4,5,139.0 €,,Fecha inválida: INVALID_DATE,139.0,
7621,27/11/2024,6,2,6,2,2,141.0 €,2024-11-27,,141.0,
7622,11/26/2024,7,3,7,3,3,142.0 €,2024-11-26,,142.0,
7623,INVALID_DATE,1,4,1,4,4,NULL,,Fecha inválida: INVALID_DATE,,MontoTotal_Raw nulo o vacío: NULL
7625,23/11/2024,3,2,3,2,1,145.0 €,2024-11-23,,145.0,
7626,11/22/2024,4,3,4,3,2,41.5 USD,2024-11-22,,36.09,
7627,INVALID_DATE,5,4,5,4,3,147.0 €,,Fecha inválida: INVALID_DATE,147.0,
7628,2024-11-20,6,1,6,1,4,148.0 €,2024-11-20,,148.0,
7629,19/11/2024,7,2,7,2,5,44.5 USD,2024-11-19,,38.7,
7631,INVALID_DATE,2,4,2,4,2,151.0 €,,Fecha inválida: INVALID_DATE,151.0,
7632,2024-11-16,3,1,3,1,3,47.5 USD,2024-11-16,,41.3,
7633,15/11/2024,4,2,4,2,4,153.0 €,2024-11-15,,153.0,
7635,INVALID_DATE,6,4,6,4,1,50.5 USD,,Fecha inválida: INVALID_DATE,43.91,
7636,2024-11-12,7,1,7,1,2,156.0 €,2024-11-12,,156.0,
7639,INVALID_DATE,3,4,3,4,5,159.0 €,,Fecha inválida: INVALID_DATE,159.0,
7640,2024-11-08,4,1,4,1,1,160.0 €,2024-11-08,,160.0,
7642,11/06/2024,6,3,6,3,3,162.0 €,2024-06-11,,162.0,
7643,INVALID_DATE,7,4,7,4,4,163.0 €,,Fecha inválida: INVALID_DATE,163.0,
7646,11/02/2024,3,3,3,3,2,166.0 €,2024-02-11,,166.0,
7647,INVALID_DATE,4,4,4,4,3,62.5 USD,,Fecha inválida: INVALID_DATE,54.35,
7649,30/10/2024,6,2,6,2,5,169.0 €,2024-10-30,,169.0,
7650,10/29/2024,7,3,7,3,1,-150.00 €,2024-10-29,,,MontoTotal_Raw negativo: -150.00 €
7651,INVALID_DATE,1,4,1,4,2,21.0 €,,Fecha inválida: INVALID_DATE,21.0,
7653,26/10/2024,3,2,3,2,4,68.5 USD,2024-10-26,,59.57,
7654,10/25/2024,4,3,4,3,5,24.0 €,2024-10-25,,24.0,
7655,INVALID_DATE,5,4,5,4,1,25.0 €,,Fecha inválida: INVALID_DATE,25.0,
7656,2024-10-23,6,1,6,1,2,NULL,2024-10-23,,,MontoTotal_Raw nulo o vacío: NULL
7657,22/10/2024,7,2,7,2,3,27.0 €,2024-10-22,,27.0,
7659,INVALID_DATE,2,4,2,4,5,74.5 USD,,Fecha inválida: INVALID_DATE,64.78,
7660,2024-10-19,3,1,3,1,1,30.0 €,2024-10-19,,30.0,
7661,18/10/2024,4,2,4,2,2,31.0 €,2024-10-18,,31.0,
7663,INVALID_DATE,6,4,6,4,4,33.0 €,,Fecha inválida: INVALID_DATE,33.0,
7664,2024-10-15,7,1,7,1,5,34.0 €,2024-10-15,,34.0,
7667,INVALID_DATE,3,4,3,4,3,37.0 €,,Fecha inválida: INVALID_DATE,37.0,
7668,2024-10-11,4,1,4,1,4,83.5 USD,2024-10-11,,72.61,
7670,10/09/2024,6,3,6,3,1,40.0 €,2024-09-10,,40.0,
7671,INVALID_DATE,7,4,7,4,2,86.5 USD,,Fecha inválida: INVALID_DATE,75.22,
7674,10/05/2024,3,3,3,3,5,89.5 USD,2024-05-10,,77.83,
7675,INVALID_DATE,4,4,4,4,1,45.0 €,,Fecha inválida: INVALID_DATE,45.0,
7677,02/10/2024,6,2,6,2,3,92.5 USD,2024-10-02,,80.43,
7678,10/01/2024,7,3,7,3,4,48.0 €,2024-01-10,,48.0,
7679,INVALID_DATE,1,4,1,4,5,49.0 €,,Fecha inválida: INVALID_DATE,49.0,
7681,28/09/2024,3,2,3,2,2,51.0 €,2024-09-28,,51.0,
7682,09/27/2024,4,3,4,3,3,52.0 €,2024-09-27,,52.0,
7683,INVALID_DATE,5,4,5,4,4,98.5 USD,,Fecha inválida: INVALID_DATE,85.65,
7684,2024-09-25,6,1,6,1,5,54.0 €,2024-09-25,,54.0,
7685,24/09/2024,7,2,7,2,1,55.0 €,2024-09-24,,55.0,
7687,INVALID_DATE,2,4,2,4,3,57.0 €,,Fecha inválida: INVALID_DATE,57.0,
7688,2024-09-21,3,1,3,1,4,58.0 €,2024-09-21,,58.0,
7689,20/09/2024,4,2,4,2,5,NULL,2024-09-20,,,MontoTotal_Raw nulo o vacío: NULL
7691,INVALID_DATE,6,4,6,4,2,61.0 €,,Fecha inválida: INVALID_DATE,61.0,
7692,2024-09-17,7,1,7,1,3,107.5 USD,2024-09-17,,93.48,
7695,INVALID_DATE,3,4,3,4,1,110.5 USD,,Fecha inválida: INVALID_DATE,96.09,
7696,2024-09-13,4,1,4,1,2,66.0 €,2024-09-13,,66.0,
7698,09/11/2024,6,3,6,3,4,113.5 USD,2024-11-09,,98.7,
7699,INVALID_DATE,7,4,7,4,5,69.0 €,,Fecha inválida: INVALID_DATE,69.0,
7700,2024-09-09,1,1,1,1,1,-150.00 €,2024-09-09,,,MontoTotal_Raw negativo: -150.00 €
7702,09/07/2024,3,3,3,3,3,72.0 €,2024-07-09,,72.0,
7703,INVALID_DATE,4,4,4,4,4,73.0 €,,Fecha inválida: INVALID_DATE,73.0,
7705,04/09/2024,6,2,6,2,1,75.0 €,2024-09-04,,75.0,
7706,09/03/2024,7,3,7,3,2,76.0 €,2024-03-09,,76.0,
7707,INVALID_DATE,1,4,1,4,3,122.5 USD,,Fecha inválida: INVALID_DATE,106.52,
7709,31/08/2024,3,2,3,2,5,79.0 €,2024-08-31,,79.0,
7710,08/30/2024,4,3,4,3,1,125.5 USD,2024-08-30,,109.13,
7711,INVALID_DATE,5,4,5,4,2,81.0 €,,Fecha inválida: INVALID_DATE,81.0,
7712,2024-08-28,6,1,6,1,3,82.0 €,2024-08-28,,82.0,
7713,27/08/2024,7,2,7,2,4,128.5 USD,2024-08-27,,111.74,
7715,INVALID_DATE,2,4,2,4,1,85.0 €,,Fecha inválida: INVALID_DATE,85.0,
7716,2024-08-24,3,1,3,1,2,131.5 USD,2024-08-24,,114.35,
7717,23/08/2024,4,2,4,2,3,87.0 €,2024-08-23,,87.0,
7719,INVALID_DATE,6,4,6,4,5,134.5 USD,,Fecha inválida: INVALID_DATE,116.96,
7720,2024-08-20,7,1,7,1,1,90.0 €,2024-08-20,,90.0,
7722,08/18/2024,2,3,2,3,3,NULL,2024-08-18,,,MontoTotal_Raw nulo o vacío: NULL
7723,INVALID_DATE,3,4,3,4,4,93.0 €,,Fecha inválida: INVALID_DATE,93.0,
7724,2024-08-16,4,1,4,1,5,94.0 €,2024-08-16,,94.0,
7726,08/14/2024,6,3,6,3,2,96.0 €,2024-08-14,,96.0,
7727,INVALID_DATE,7,4,7,4,3,97.0 €,,Fecha inválida: INVALID_DATE,97.0,
7730,08/10/2024,3,3,3,3,1,100.0 €,2024-10-08,,100.0,
7731,INVALID_DATE,4,4,4,4,2,146.5 USD,,Fecha inválida: INVALID_DATE,127.39,
7733,07/08/2024,6,2,6,2,4,103.0 €,2024-08-07,,103.0,
7734,08/06/2024,7,3,7,3,5,149.5 USD,2024-06-08,,130.0,
7735,INVALID_DATE,1,4,1,4,1,105.0 €,,Fecha inválida: INVALID_DATE,105.0,
7737,03/08/2024,3,2,3,2,3,152.5 USD,2024-08-03,,132.61,
7738,08/02/2024,4,3,4,3,4,108.0 €,2024-02-08,,108.0,
7739,INVALID_DATE,5,4,5,4,5,109.0 €,,Fecha inválida: INVALID_DATE,109.0,
7740,2024-07-31,6,1,6,1,1,155.5 USD,2024-07-31,,135.22,
7741,30/07/2024,7,2,7,2,2,111.0 €,2024-07-30,,111.0,
7743,INVALID_DATE,2,4,2,4,4,158.5 USD,,Fecha inválida: INVALID_DATE,137.83,
7744,2024-07-27,3,1,3,1,5,114.0 €,2024-07-27,,114.0,
7745,26/07/2024,4,2,4,2,1,115.0 €,2024-07-26,,115.0,
7747,INVALID_DATE,6,4,6,4,3,117.0 €,,Fecha inválida: INVALID_DATE,117.0,
7748,2024-07-23,7,1,7,1,4,118.0 €,2024-07-23,,118.0,
7750,07/21/2024,2,3,2,3,1,-150.00 €,2024-07-21,,,MontoTotal_Raw negativo: -150.00 €
7751,INVALID_DATE,3,4,3,4,2,121.0 €,,Fecha inválida: INVALID_DATE,121.0,
7752,2024-07-19,4,1,4,1,3,167.5 USD,2024-07-19,,145.65,
7754,07/17/2024,6,3,6,3,5,124.0 €,2024-07-17,,124.0,
7755,INVALID_DATE,7,4,7,4,1,NULL,,Fecha inválida: INVALID_DATE,,MontoTotal_Raw nulo o vacío: NULL
7758,07/13/2024,3,3,3,3,4,173.5 USD,2024-07-13,,150.87,
7759,INVALID_DATE,4,4,4,4,5,129.0 €,,Fecha inválida: INVALID_DATE,129.0,
7761,10/07/2024,6,2,6,2,2,176.5 USD,2024-07-10,,153.48,
7762,07/09/2024,7,3,7,3,3,132.0 €,2024-09-07,,132.0,
7763,INVALID_DATE,1,4,1,4,4,133.0 €,,Fecha inválida: INVALID_DATE,133.0,
7765,06/07/2024,3,2,3,2,1,135.0 €,2024-07-06,,135.0,
7766,07/05/2024,4,3,4,3,2,136.0 €,2024-05-07,,136.0,
7767,INVALID_DATE,5,4,5,4,3,182.5 USD,,Fecha inválida: INVALID_DATE,158.7,
7768,2024-07-03,6,1,6,1,4,138.0 €,2024-07-03,,138.0,
7769,02/07/2024,7,2,7,2,5,139.0 €,2024-07-02,,139.0,
7771,INVALID_DATE,2,4,2,4,2,141.0 €,,Fecha inválida: INVALID_DATE,141.0,
7772,2024-06-29,3,1,3,1,3,142.0 €,2024-06-29,,142.0,
7773,28/06/2024,4,2,4,2,4,188.5 USD,2024-06-28,,163.91,
7775,INVALID_DATE,6,4,6,4,1,145.0 €,,Fecha inválida: INVALID_DATE,145.0,
7776,2024-06-25,7,1,7,1,2,191.5 USD,2024-06-25,,166.52,
7779,INVALID_DATE,3,4,3,4,5,194.5 USD,,Fecha inválida: INVALID_DATE,169.13,
7780,2024-06-21,4,1,4,1,1,150.0 €,2024-06-21,,150.0,
7782,06/19/2024,6,3,6,3,3,197.5 USD,2024-06-19,,171.74,
7783,INVALID_DATE,7,4,7,4,4,153.0 €,,Fecha inválida: INVALID_DATE,153.0,
7786,06/15/2024,3,3,3,3,2,156.0 €,2024-06-15,,156.0,
7787,INVALID_DATE,4,4,4,4,3,157.0 €,,Fecha inválida: INVALID_DATE,157.0,
7788,2024-06-13,5,1,5,1,4,NULL,2024-06-13,,,MontoTotal_Raw nulo o vacío: NULL
7789,12/06/2024,6,2,6,2,5,159.0 €,2024-06-12,,159.0,
7790,06/11/2024,7,3,7,3,1,160.0 €,2024-11-06,,160.0,
7791,INVALID_DATE,1,4,1,4,2,206.5 USD,,Fecha inválida: INVALID_DATE,179.57,
7793,08/06/2024,3,2,3,2,4,163.0 €,2024-06-08,,163.0,
7794,06/07/2024,4,3,4,3,5,209.5 USD,2024-07-06,,182.17,
7795,INVALID_DATE,5,4,5,4,1,165.0 €,,Fecha inválida: INVALID_DATE,165.0,
7796,2024-06-05,6,1,6,1,2,166.0 €,2024-06-05,,166.0,
7797,04/06/2024,7,2,7,2,3,212.5 USD,2024-06-04,,184.78,
7799,INVALID_DATE,2,4,2,4,5,169.0 €,,Fecha inválida: INVALID_DATE,169.0,
7800,2024-06-01,3,1,3,1,1,-150.00 €,2024-06-01,,,MontoTotal_Raw negativo: -150.00 €
7801,31/05/2024,4,2,4,2,2,21.0 €,2024-05-31,,21.0,
7803,INVALID_DATE,6,4,6,4,4,18.5 USD,,Fecha inválida: INVALID_DATE,16.09,
7804,2024-05-28,7,1,7,1,5,24.0 €,2024-05-28,,24.0,
7807,INVALID_DATE,3,4,3,4,3,27.0 €,,Fecha inválida: INVALID_DATE,27.0,
7808,2024-05-24,4,1,4,1,4,28.0 €,2024-05-24,,28.0,
7810,05/22/2024,6,3,6,3,1,30.0 €,2024-05-22,,30.0,
7811,INVALID_DATE,7,4,7,4,2,31.0 €,,Fecha inválida: INVALID_DATE,31.0,
7814,05/18/2024,3,3,3,3,5,34.0 €,2024-05-18,,34.0,
7815,INVALID_DATE,4,4,4,4,1,30.5 USD,,Fecha inválida: INVALID_DATE,26.52,
7817,15/05/2024,6,2,6,2,3,37.0 €,2024-05-15,,37.0,
7818,05/14/2024,7,3,7,3,4,33.5 USD,2024-05-14,,29.13,
7819,INVALID_DATE,1,4,1,4,5,39.0 €,,Fecha inválida: INVALID_DATE,39.0,
7821,11/05/2024,3,2,3,2,2,NULL,2024-05-11,,,MontoTotal_Raw nulo o vacío: NULL
7822,05/10/2024,4,3,4,3,3,42.0 €,2024-10-05,,42.0,
7823,INVALID_DATE,5,4,5,4,4,43.0 €,,Fecha inválida: INVALID_DATE,43.0,
7824,2024-05-08,6,1,6,1,5,39.5 USD,2024-05-08,,34.35,
7825,07/05/2024,7,2,7,2,1,45.0 €,2024-05-07,,45.0,
7827,INVALID_DATE,2,4,2,4,3,42.5 USD,,Fecha inválida: INVALID_DATE,36.96,
7828,2024-05-04,3,1,3,1,4,48.0 €,2024-05-04,,48.0,
7829,03/05/2024,4,2,4,2,5,49.0 €,2024-05-03,,49.0,
7831,INVALID_DATE,6,4,6,4,2,51.0 €,,Fecha inválida: INVALID_DATE,51.0,
7832,2024-04-30,7,1,7,1,3,52.0 €,2024-04-30,,52.0,
7835,INVALID_DATE,3,4,3,4,1,55.0 €,,Fecha inválida: INVALID_DATE,55.0,
7836,2024-04-26,4,1,4,1,2,51.5 USD,2024-04-26,,44.78,
7838,04/24/2024,6,3,6,3,4,58.0 €,2024-04-24,,58.0,
7839,INVALID_DATE,7,4,7,4,5,54.5 USD,,Fecha inválida: INVALID_DATE,47.39,
7842,04/20/2024,3,3,3,3,3,57.5 USD,2024-04-20,,50.0,
7843,INVALID_DATE,4,4,4,4,4,63.0 €,,Fecha inválida: INVALID_DATE,63.0,
7845,17/04/2024,6,2,6,2,1,60.5 USD,2024-04-17,,52.61,
7846,04/16/2024,7,3,7,3,2,66.0 €,2024-04-16,,66.0,
7847,INVALID_DATE,1,4,1,4,3,67.0 €,,Fecha inválida: INVALID_DATE,67.0,
7849,13/04/2024,3,2,3,2,5,69.0 €,2024-04-13,,69.0,
7850,04/12/2024,4,3,4,3,1,-150.00 €,2024-12-04,,,MontoTotal_Raw negativo: -150.00 €
7851,INVALID_DATE,5,4,5,4,2,66.5 USD,,Fecha inválida: INVALID_DATE,57.83,
7852,2024-04-10,6,1,6,1,3,72.0 €,2024-04-10,,72.0,
7853,09/04/2024,7,2,7,2,4,73.0 €,2024-04-09,,73.0,
7854,04/08/2024,1,3,1,3,5,NULL,2024-08-04,,,MontoTotal_Raw nulo o vacío: NULL
7855,INVALID_DATE,2,4,2,4,1,75.0 €,,Fecha inválida: INVALID_DATE,75.0,
7856,2024-04-06,3,1,3,1,2,76.0 €,2024-04-06,,76.0,
7857,05/04/2024,4,2,4,2,3,72.5 USD,2024-04-05,,63.04,
7859,INVALID_DATE,6,4,6,4,5,79.0 €,,Fecha inválida: INVALID_DATE,79.0,
7860,2024-04-02,7,1,7,1,1,75.5 USD,2024-04-02,,65.65,
7863,INVALID_DATE,3,4,3,4,4,78.5 USD,,Fecha inválida: INVALID_DATE,68.26,
7864,2024-03-29,4,1,4,1,5,84.0 €,2024-03-29,,84.0,
7866,03/27/2024,6,3,6,3,2,81.5 USD,2024-03-27,,70.87,
7867,INVALID_DATE,7,4,7,4,3,87.0 €,,Fecha inválida: INVALID_DATE,87.0,
7870,03/23/2024,3,3,3,3,1,90.0 €,2024-03-23,,90.0,
7871,INVALID_DATE,4,4,4,4,2,91.0 €,,Fecha inválida: INVALID_DATE,91.0,
7873,20/03/2024,6,2,6,2,4,93.0 €,2024-03-20,,93.0,
7874,03/19/2024,7,3,7,3,5,94.0 €,2024-03-19,,94.0,
7875,INVALID_DATE,1,4,1,4,1,90.5 USD,,Fecha inválida: INVALID_DATE,78.7,
7877,16/03/2024,3,2,3,2,3,97.0 €,2024-03-16,,97.0,
7878,03/15/2024,4,3,4,3,4,93.5 USD,2024-03-15,,81.3,
7879,INVALID_DATE,5,4,5,4,5,99.0 €,,Fecha inválida: INVALID_DATE,99.0,
7880,2024-03-13,6,1,6,1,1,100.0 €,2024-03-13,,100.0,
7881,12/03/2024,7,2,7,2,2,96.5 USD,2024-03-12,,83.91,
7883,INVALID_DATE,2,4,2,4,4,103.0 €,,Fecha inválida: INVALID_DATE,103.0,
7884,2024-03-09,3,1,3,1,5,99.5 USD,2024-03-09,,86.52,
7885,08/03/2024,4,2,4,2,1,105.0 €,2024-03-08,,105.0,
7887,INVALID_DATE,6,4,6,4,3,NULL,,Fecha inválida: INVALID_DATE,,MontoTotal_Raw nulo o vacío: NULL
7888,2024-03-05,7,1,7,1,4,108.0 €,2024-03-05,,108.0,
7891,INVALID_DATE,3,4,3,4,2,111.0 €,,Fecha inválida: INVALID_DATE,111.0,
7892,2024-03-01,4,1,4,1,3,112.0 €,2024-03-01,,112.0,
7894,02/28/2024,6,3,6,3,5,114.0 €,2024-02-28,,114.0,
7895,INVALID_DATE,7,4,7,4,1,115.0 €,,Fecha inválida: INVALID_DATE,115.0,
7898,02/24/2024,3,3,3,3,4,118.0 €,2024-02-24,,118.0,
7899,INVALID_DATE,4,4,4,4,5,114.5 USD,,Fecha inválida: INVALID_DATE,99.57,
7900,2024-02-22,5,1,5,1,1,-150.00 €,2024-02-22,,,MontoTotal_Raw negativo: -150.00 €
7901,21/02/2024,6,2,6,2,2,121.0 €,2024-02-21,,121.0,
7902,02/20/2024,7,3,7,3,3,117.5 USD,2024-02-20,,102.17,
7903,INVALID_DATE,1,4,1,4,4,123.0 €,,Fecha inválida: INVALID_DATE,123.0,
7905,17/02/2024,3,2,3,2,1,120.5 USD,2024-02-17,,104.78,
7906,02/16/2024,4,3,4,3,2,126.0 €,2024-02-16,,126.0,
7907,INVALID_DATE,5,4,5,4,3,127.0 €,,Fecha inválida: INVALID_DATE,127.0,
7908,2024-02-14,6,1,6,1,4,123.5 USD,2024-02-14,,107.39,
7909,13/02/2024,7,2,7,2,5,129.0 €,2024-02-13,,129.0,
7911,INVALID_DATE,2,4,2,4,2,126.5 USD,,Fecha inválida: INVALID_DATE,110.0,
7912,2024-02-10,3,1,3,1,3,132.0 €,2024-02-10,,132.0,
7913,09/02/2024,4,2,4,2,4,133.0 €,2024-02-09,,133.0,
7915,INVALID_DATE,6,4,6,4,1,135.0 €,,Fecha inválida: INVALID_DATE,135.0,
7916,2024-02-06,7,1,7,1,2,136.0 €,2024-02-06,,136.0,
7919,INVALID_DATE,3,4,3,4,5,139.0 €,,Fecha inválida: INVALID_DATE,139.0,
7920,2024-02-02,4,1,4,1,1,NULL,2024-02-02,,,MontoTotal_Raw nulo o vacío: NULL
7922,01/31/2024,6,3,6,3,3,142.0 €,2024-01-31,,142.0,
7923,INVALID_DATE,7,4,7,4,4,138.5 USD,,Fecha inválida: INVALID_DATE,120.43,
7926,01/27/2024,3,3,3,3,2,141.5 USD,2024-01-27,,123.04,
7927,INVALID_DATE,4,4,4,4,3,147.0 €,,Fecha inválida: INVALID_DATE,147.0,
7929,24/01/2024,6,2,6,2,5,144.5 USD,2024-01-24,,125.65,
7930,01/23/2024,7,3,7,3,1,150.0 €,2024-01-23,,150.0,
7931,INVALID_DATE,1,4,1,4,2,151.0 €,,Fecha inválida: INVALID_DATE,151.0,
7933,20/01/2024,3,2,3,2,4,153.0 €,2024-01-20,,153.0,
7934,01/19/2024,4,3,4,3,5,154.0 €,2024-01-19,,154.0,
7935,INVALID_DATE,5,4,5,4,1,150.5 USD,,Fecha inválida: INVALID_DATE,130.87,
7936,2024-01-17,6,1,6,1,2,156.0 €,2024-01-17,,156.0,
7937,16/01/2024,7,2,7,2,3,157.0 €,2024-01-16,,157.0,
7939,INVALID_DATE,2,4,2,4,5,159.0 €,,Fecha inválida: INVALID_DATE,159.0,
7940,2024-01-13,3,1,3,1,1,160.0 €,2024-01-13,,160.0,
7941,12/01/2024,4,2,4,2,2,156.5 USD,2024-01-12,,136.09,
7943,INVALID_DATE,6,4,6,4,4,163.0 €,,Fecha inválida: INVALID_DATE,163.0,
7944,2024-01-09,7,1,7,1,5,159.5 USD,2024-01-09,,138.7,
7947,INVALID_DATE,3,4,3,4,3,162.5 USD,,Fecha inválida: INVALID_DATE,141.3,
7948,2024-01-05,4,1,4,1,4,168.0 €,2024-01-05,,168.0,
7950,01/03/2024,6,3,6,3,1,-150.00 €,2024-03-01,,,MontoTotal_Raw negativo: -150.00 €
7951,INVALID_DATE,7,4,7,4,2,21.0 €,,Fecha inválida: INVALID_DATE,21.0,
7953,31/12/2023,2,2,2,2,4,NULL,2023-12-31,,,MontoTotal_Raw nulo o vacío: NULL
7954,12/30/2023,3,3,3,3,5,24.0 €,2023-12-30,,24.0,
7955,INVALID_DATE,4,4,4,4,1,25.0 €,,Fecha inválida: INVALID_DATE,25.0,
7957,27/12/2023,6,2,6,2,3,27.0 €,2023-12-27,,27.0,
7958,12/26/2023,7,3,7,3,4,28.0 €,2023-12-26,,28.0,
7959,INVALID_DATE,1,4,1,4,5,174.5 USD,,Fecha inválida: INVALID_DATE,151.74,
7961,23/12/2023,3,2,3,2,2,31.0 €,2023-12-23,,31.0,
7962,12/22/2023,4,3,4,3,3,177.5 USD,2023-12-22,,154.35,
7963,INVALID_DATE,5,4,5,4,4,33.0 €,,Fecha inválida: INVALID_DATE,33.0,
7964,2023-12-20,6,1,6,1,5,34.0 €,2023-12-20,,34.0,
7965,19/12/2023,7,2,7,2,1,180.5 USD,2023-12-19,,156.96,
7967,INVALID_DATE,2,4,2,4,3,37.0 €,,Fecha inválida: INVALID_DATE,37.0,
7968,2023-12-16,3,1,3,1,4,183.5 USD,2023-12-16,,159.57,
7969,15/12/2023,4,2,4,2,5,39.0 €,2023-12-15,,39.0,
7971,INVALID_DATE,6,4,6,4,2,186.5 USD,,Fecha inválida: INVALID_DATE,162.17,
7972,2023-12-12,7,1,7,1,3,42.0 €,2023-12-12,,42.0,
7975,INVALID_DATE,3,4,3,4,1,45.0 €,,Fecha inválida: INVALID_DATE,45.0,
7976,2023-12-08,4,1,4,1,2,46.0 €,2023-12-08,,46.0,
7978,12/06/2023,6,3,6,3,4,48.0 €,2023-06-12,,48.0,
7979,INVALID_DATE,7,4,7,4,5,49.0 €,,Fecha inválida: INVALID_DATE,49.0,
7982,12/02/2023,3,3,3,3,3,52.0 €,2023-02-12,,52.0,
7983,INVALID_DATE,4,4,4,4,4,198.5 USD,,Fecha inválida: INVALID_DATE,172.61,
7985,29/11/2023,6,2,6,2,1,55.0 €,2023-11-29,,55.0,
7986,11/28/2023,7,3,7,3,2,NULL,2023-11-28,,,MontoTotal_Raw nulo o vacío: NULL
7987,INVALID_DATE,1,4,1,4,3,57.0 €,,Fecha inválida: INVALID_DATE,57.0,
7989,25/11/2023,3,2,3,2,5,204.5 USD,2023-11-25,,177.83,
7990,11/24/2023,4,3,4,3,1,60.0 €,2023-11-24,,60.0,
7991,INVALID_DATE,5,4,5,4,2,61.0 €,,Fecha inválida: INVALID_DATE,61.0,
7992,2023-11-22,6,1,6,1,3,207.5 USD,2023-11-22,,180.43,
7993,21/11/2023,7,2,7,2,4,63.0 €,2023-11-21,,63.0,
7995,INVALID_DATE,2,4,2,4,1,210.5 USD,,Fecha inválida: INVALID_DATE,183.04,
7996,2023-11-18,3,1,3,1,2,66.0 €,2023-11-18,,66.0,
7997,17/11/2023,4,2,4,2,3,67.0 €,2023-11-17,,67.0,
7999,INVALID_DATE,6,4,6,4,5,69.0 €,,Fecha inválida: INVALID_DATE,69.0,
8000,2026-08-10,7,1,7,1,1,-150.00 €,2026-08-10,,,MontoTotal_Raw negativo: -150.00 €
8003,INVALID_DATE,3,4,3,4,4,73.0 €,,Fecha inválida: INVALID_DATE,73.0,
8004,2026-08-06,4,1,4,1,5,19.5 USD,2026-08-06,,16.96,
8006,08/04/2026,6,3,6,3,2,76.0 €,2026-04-08,,76.0,
8007,INVALID_DATE,7,4,7,4,3,22.5 USD,,Fecha inválida: INVALID_DATE,19.57,
8010,07/31/2026,3,3,3,3,1,25.5 USD,2026-07-31,,22.17,
8011,INVALID_DATE,4,4,4,4,2,81.0 €,,Fecha inválida: INVALID_DATE,81.0,
8013,28/07/2026,6,2,6,2,4,28.5 USD,2026-07-28,,24.78,
8014,07/27/2026,7,3,7,3,5,84.0 €,2026-07-27,,84.0,
8015,INVALID_DATE,1,4,1,4,1,85.0 €,,Fecha inválida: INVALID_DATE,85.0,
8017,24/07/2026,3,2,3,2,3,87.0 €,2026-07-24,,87.0,
8018,07/23/2026,4,3,4,3,4,88.0 €,2026-07-23,,88.0,
8019,INVALID_DATE,5,4,5,4,5,NULL,,Fecha inválida: INVALID_DATE,,MontoTotal_Raw nulo o vacío: NULL
8020,2026-07-21,6,1,6,1,1,90.0 €,2026-07-21,,90.0,
8021,20/07/2026,7,2,7,2,2,91.0 €,2026-07-20,,91.0,
8023,INVALID_DATE,2,4,2,4,4,93.0 €,,Fecha inválida: INVALID_DATE,93.0,
8024,2026-07-17,3,1,3,1,5,94.0 €,2026-07-17,,94.0,
8025,16/07/2026,4,2,4,2,1,40.5 USD,2026-07-16,,35.22,
8027,INVALID_DATE,6,4,6,4,3,97.0 €,,Fecha inválida: INVALID_DATE,97.0,
8028,2026-07-13,7,1,7,1,4,43.5 USD,2026-07-13,,37.83,
8031,INVALID_DATE,3,4,3,4,2,46.5 USD,,Fecha inválida: INVALID_DATE,40.43,
8032,2026-07-09,4,1,4,1,3,102.0 €,2026-07-09,,102.0,
8034,07/07/2026,6,3,6,3,5,49.5 USD,2026-07-07,,43.04,
8035,INVALID_DATE,7,4,7,4,1,105.0 €,,Fecha inválida: INVALID_DATE,105.0,
8038,07/03/2026,3,3,3,3,4,108.0 €,2026-03-07,,108.0,
8039,INVALID_DATE,4,4,4,4,5,109.0 €,,Fecha inválida: INVALID_DATE,109.0,
8041,30/06/2026,6,2,6,2,2,111.0 €,2026-06-30,,111.0,
8042,06/29/2026,7,3,7,3,3,112.0 €,2026-06-29,,112.0,
8043,INVALID_DATE,1,4,1,4,4,58.5 USD,,Fecha inválida: INVALID_DATE,50.87,
8045,26/06/2026,3,2,3,2,1,115.0 €,2026-06-26,,115.0,
8046,06/25/2026,4,3,4,3,2,61.5 USD,2026-06-25,,53.48,
8047,INVALID_DATE,5,4,5,4,3,117.0 €,,Fecha inválida: INVALID_DATE,117.0,
8048,2026-06-23,6,1,6,1,4,118.0 €,2026-06-23,,118.0,
8049,22/06/2026,7,2,7,2,5,64.5 USD,2026-06-22,,56.09,
8050,06/21/2026,1,3,1,3,1,-150.00 €,2026-06-21,,,MontoTotal_Raw negativo: -150.00 €
8051,INVALID_DATE,2,4,2,4,2,121.0 €,,Fecha inválida: INVALID_DATE,121.0,
8052,2026-06-19,3,1,3,1,3,NULL,2026-06-19,,,MontoTotal_Raw nulo o vacío: NULL
8053,18/06/2026,4,2,4,2,4,123.0 €,2026-06-18,,123.0,
8055,INVALID_DATE,6,4,6,4,1,70.5 USD,,Fecha inválida: INVALID_DATE,61.3,
8056,2026-06-15,7,1,7,1,2,126.0 €,2026-06-15,,126.0,
8059,INVALID_DATE,3,4,3,4,5,129.0 €,,Fecha inválida: INVALID_DATE,129.0,
8060,2026-06-11,4,1,4,1,1,130.0 €,2026-06-11,,130.0,
8062,06/09/2026,6,3,6,3,3,132.0 €,2026-09-06,,132.0,
8063,INVALID_DATE,7,4,7,4,4,133.0 €,,Fecha inválida: INVALID_DATE,133.0,
8066,06/05/2026,3,3,3,3,2,136.0 €,2026-05-06,,136.0,
8067,INVALID_DATE,4,4,4,4,3,82.5 USD,,Fecha inválida: INVALID_DATE,71.74,
8069,02/06/2026,6,2,6,2,5,139.0 €,2026-06-02,,139.0,
8070,06/01/2026,7,3,7,3,1,85.5 USD,2026-01-06,,74.35,
8071,INVALID_DATE,1,4,1,4,2,141.0 €,,Fecha inválida: INVALID_DATE,141.0,
8073,29/05/2026,3,2,3,2,4,88.5 USD,2026-05-29,,76.96,
8074,05/28/2026,4,3,4,3,5,144.0 €,2026-05-28,,144.0,
8075,INVALID_DATE,5,4,5,4,1,145.0 €,,Fecha inválida: INVALID_DATE,145.0,
8076,2026-05-26,6,1,6,1,2,91.5 USD,2026-05-26,,79.57,
8077,25/05/2026,7,2,7,2,3,147.0 €,2026-05-25,,147.0,
8079,INVALID_DATE,2,4,2,4,5,94.5 USD,,Fecha inválida: INVALID_DATE,82.17,
8080,2026-05-22,3,1,3,1,1,150.0 €,2026-05-22,,150.0,
8081,21/05/2026,4,2,4,2,2,151.0 €,2026-05-21,,151.0,
8083,INVALID_DATE,6,4,6,4,4,153.0 €,,Fecha inválida: INVALID_DATE,153.0,
8084,2026-05-18,7,1,7,1,5,154.0 €,2026-05-18,,154.0,
8085,17/05/2026,1,2,1,2,1,NULL,2026-05-17,,,MontoTotal_Raw nulo o vacío: NULL
8087,INVALID_DATE,3,4,3,4,3,157.0 €,,Fecha inválida: INVALID_DATE,157.0,
8088,2026-05-14,4,1,4,1,4,103.5 USD,2026-05-14,,90.0,
8090,05/12/2026,6,3,6,3,1,160.0 €,2026-12-05,,160.0,
8091,INVALID_DATE,7,4,7,4,2,106.5 USD,,Fecha inválida: INVALID_DATE,92.61,
8094,05/08/2026,3,3,3,3,5,109.5 USD,2026-08-05,,95.22,
8095,INVALID_DATE,4,4,4,4,1,165.0 €,,Fecha inválida: INVALID_DATE,165.0,
8097,05/05/2026,6,2,6,2,3,112.5 USD,2026-05-05,,97.83,
8098,05/04/2026,7,3,7,3,4,168.0 €,2026-04-05,,168.0,
8099,INVALID_DATE,1,4,1,4,5,169.0 €,,Fecha inválida: INVALID_DATE,169.0,
8100,2026-05-02,2,1,2,1,1,-150.00 €,2026-05-02,,,MontoTotal_Raw negativo: -150.00 €
8101,01/05/2026,3,2,3,2,2,21.0 €,2026-05-01,,21.0,
8102,04/30/2026,4,3,4,3,3,22.0 €,2026-04-30,,22.0,
8103,INVALID_DATE,5,4,5,4,4,118.5 USD,,Fecha inválida: INVALID_DATE,103.04,
8104,2026-04-28,6,1,6,1,5,24.0 €,2026-04-28,,24.0,
8105,27/04/2026,7,2,7,2,1,25.0 €,2026-04-27,,25.0,
8107,INVALID_DATE,2,4,2,4,3,27.0 €,,Fecha inválida: INVALID_DATE,27.0,
8108,2026-04-24,3,1,3,1,4,28.0 €,2026-04-24,,28.0,
8109,23/04/2026,4,2,4,2,5,124.5 USD,2026-04-23,,108.26,
8111,INVALID_DATE,6,4,6,4,2,31.0 €,,Fecha inválida: INVALID_DATE,31.0,
8112,2026-04-20,7,1,7,1,3,127.5 USD,2026-04-20,,110.87,
8115,INVALID_DATE,3,4,3,4,1,130.5 USD,,Fecha inválida: INVALID_DATE,113.48,
8116,2026-04-16,4,1,4,1,2,36.0 €,2026-04-16,,36.0,
8118,04/14/2026,6,3,6,3,4,NULL,2026-04-14,,,MontoTotal_Raw nulo o vacío: NULL
8119,INVALID_DATE,7,4,7,4,5,39.0 €,,Fecha inválida: INVALID_DATE,39.0,
8122,04/10/2026,3,3,3,3,3,42.0 €,2026-10-04,,42.0,
8123,INVALID_DATE,4,4,4,4,4,43.0 €,,Fecha inválida: INVALID_DATE,43.0,
8125,07/04/2026,6,2,6,2,1,45.0 €,2026-04-07,,45.0,
8126,04/06/2026,7,3,7,3,2,46.0 €,2026-06-04,,46.0,
8127,INVALID_DATE,1,4,1,4,3,142.5 USD,,Fecha inválida: INVALID_DATE,123.91,
8129,03/04/2026,3,2,3,2,5,49.0 €,2026-04-03,,49.0,
8130,04/02/2026,4,3,4,3,1,145.5 USD,2026-02-04,,126.52,
8131,INVALID_DATE,5,4,5,4,2,51.0 €,,Fecha inválida: INVALID_DATE,51.0,
8132,2026-03-31,6,1,6,1,3,52.0 €,2026-03-31,,52.0,
8133,30/03/2026,7,2,7,2,4,148.5 USD,2026-03-30,,129.13,
8135,INVALID_DATE,2,4,2,4,1,55.0 €,,Fecha inválida: INVALID_DATE,55.0,
8136,2026-03-27,3,1,3,1,2,151.5 USD,2026-03-27,,131.74,
8137,26/03/2026,4,2,4,2,3,57.0 €,2026-03-26,,57.0,
8139,INVALID_DATE,6,4,6,4,5,154.5 USD,,Fecha inválida: INVALID_DATE,134.35,
8140,2026-03-23,7,1,7,1,1,60.0 €,2026-03-23,,60.0,
8143,INVALID_DATE,3,4,3,4,4,63.0 €,,Fecha inválida: INVALID_DATE,63.0,
8144,2026-03-19,4,1,4,1,5,64.0 €,2026-03-19,,64.0,
8146,03/17/2026,6,3,6,3,2,66.0 €,2026-03-17,,66.0,
8147,INVALID_DATE,7,4,7,4,3,67.0 €,,Fecha inválida: INVALID_DATE,67.0,
8150,03/13/2026,3,3,3,3,1,-150.00 €,2026-03-13,,,MontoTotal_Raw negativo: -150.00 €
8151,INVALID_DATE,4,4,4,4,2,NULL,,Fecha inválida: INVALID_DATE,,MontoTotal_Raw nulo o vacío: NULL
8153,10/03/2026,6,2,6,2,4,73.0 €,2026-03-10,,73.0,
8154,03/09/2026,7,3,7,3,5,169.5 USD,2026-09-03,,147.39,
8155,INVALID_DATE,1,4,1,4,1,75.0 €,,Fecha inválida: INVALID_DATE,75.0,
8157,06/03/2026,3,2,3,2,3,172.5 USD,2026-03-06,,150.0,
8158,03/05/2026,4,3,4,3,4,78.0 €,2026-05-03,,78.0,
8159,INVALID_DATE,5,4,5,4,5,79.0 €,,Fecha inválida: INVALID_DATE,79.0,
8160,2026-03-03,6,1,6,1,1,175.5 USD,2026-03-03,,152.61,
8161,02/03/2026,7,2,7,2,2,81.0 €,2026-03-02,,81.0,
8163,INVALID_DATE,2,4,2,4,4,178.5 USD,,Fecha inválida: INVALID_DATE,155.22,
8164,2026-02-27,3,1,3,1,5,84.0 €,2026-02-27,,84.0,
8165,26/02/2026,4,2,4,2,1,85.0 €,2026-02-26,,85.0,
8167,INVALID_DATE,6,4,6,4,3,87.0 €,,Fecha inválida: INVALID_DATE,87.0,
8168,2026-02-23,7,1,7,1,4,88.0 €,2026-02-23,,88.0,
8171,INVALID_DATE,3,4,3,4,2,91.0 €,,Fecha inválida: INVALID_DATE,91.0,
8172,2026-02-19,4,1,4,1,3,187.5 USD,2026-02-19,,163.04,
8174,02/17/2026,6,3,6,3,5,94.0 €,2026-02-17,,94.0,
8175,INVALID_DATE,7,4,7,4,1,190.5 USD,,Fecha inválida: INVALID_DATE,165.65,
8178,02/13/2026,3,3,3,3,4,193.5 USD,2026-02-13,,168.26,
8179,INVALID_DATE,4,4,4,4,5,99.0 €,,Fecha inválida: INVALID_DATE,99.0,
8181,10/02/2026,6,2,6,2,2,196.5 USD,2026-02-10,,170.87,
8182,02/09/2026,7,3,7,3,3,102.0 €,2026-09-02,,102.0,
8183,INVALID_DATE,1,4,1,4,4,103.0 €,,Fecha inválida: INVALID_DATE,103.0,
8184,2026-02-07,2,1,2,1,5,NULL,2026-02-07,,,MontoTotal_Raw nulo o vacío: NULL
8185,06/02/2026,3,2,3,2,1,105.0 €,2026-02-06,,105.0,
8186,02/05/2026,4,3,4,3,2,106.0 €,2026-05-02,,106.0,
8187,INVALID_DATE,5,4,5,4,3,202.5 USD,,Fecha inválida: INVALID_DATE,176.09,
8188,2026-02-03,6,1,6,1,4,108.0 €,2026-02-03,,108.0,
8189,02/02/2026,7,2,7,2,5,109.0 €,2026-02-02,,109.0,
8191,INVALID_DATE,2,4,2,4,2,111.0 €,,Fecha inválida: INVALID_DATE,111.0,
8192,2026-01-30,3,1,3,1,3,112.0 €,2026-01-30,,112.0,
8193,29/01/2026,4,2,4,2,4,208.5 USD,2026-01-29,,181.3,
8195,INVALID_DATE,6,4,6,4,1,115.0 €,,Fecha inválida: INVALID_DATE,115.0,
8196,2026-01-26,7,1,7,1,2,211.5 USD,2026-01-26,,183.91,
8199,INVALID_DATE,3,4,3,4,5,214.5 USD,,Fecha inválida: INVALID_DATE,186.52,
8200,2026-01-22,4,1,4,1,1,-150.00 €,2026-01-22,,,MontoTotal_Raw negativo: -150.00 €
8202,01/20/2026,6,3,6,3,3,17.5 USD,2026-01-20,,15.22,
8203,INVALID_DATE,7,4,7,4,4,123.0 €,,Fecha inválida: INVALID_DATE,123.0,
8206,01/16/2026,3,3,3,3,2,126.0 €,2026-01-16,,126.0,
8207,INVALID_DATE,4,4,4,4,3,127.0 €,,Fecha inválida: INVALID_DATE,127.0,
8209,13/01/2026,6,2,6,2,5,129.0 €,2026-01-13,,129.0,
8210,01/12/2026,7,3,7,3,1,130.0 €,2026-12-01,,130.0,
8211,INVALID_DATE,1,4,1,4,2,26.5 USD,,Fecha inválida: INVALID_DATE,23.04,
8213,09/01/2026,3,2,3,2,4,133.0 €,2026-01-09,,133.0,
8214,01/08/2026,4,3,4,3,5,29.5 USD,2026-08-01,,25.65,
8215,INVALID_DATE,5,4,5,4,1,135.0 €,,Fecha inválida: INVALID_DATE,135.0,
8216,2026-01-06,6,1,6,1,2,136.0 €,2026-01-06,,136.0,
8217,05/01/2026,7,2,7,2,3,NULL,2026-01-05,,,MontoTotal_Raw nulo o vacío: NULL
8219,INVALID_DATE,2,4,2,4,5,139.0 €,,Fecha inválida: INVALID_DATE,139.0,
8220,2026-01-02,3,1,3,1,1,35.5 USD,2026-01-02,,30.87,
8221,01/01/2026,4,2,4,2,2,141.0 €,2026-01-01,,141.0,
8223,INVALID_DATE,6,4,6,4,4,38.5 USD,,Fecha inválida: INVALID_DATE,33.48,
8224,2025-12-29,7,1,7,1,5,144.0 €,2025-12-29,,144.0,
8227,INVALID_DATE,3,4,3,4,3,147.0 €,,Fecha inválida: INVALID_DATE,147.0,
8228,2025-12-25,4,1,4,1,4,148.0 €,2025-12-25,,148.0,
8230,12/23/2025,6,3,6,3,1,150.0 €,2025-12-23,,150.0,
8231,INVALID_DATE,7,4,7,4,2,151.0 €,,Fecha inválida: INVALID_DATE,151.0,
8234,12/19/2025,3,3,3,3,5,154.0 €,2025-12-19,,154.0,
8235,INVALID_DATE,4,4,4,4,1,50.5 USD,,Fecha inválida: INVALID_DATE,43.91,
8237,16/12/2025,6,2,6,2,3,157.0 €,2025-12-16,,157.0,
8238,12/15/2025,7,3,7,3,4,53.5 USD,2025-12-15,,46.52,
8239,INVALID_DATE,1,4,1,4,5,159.0 €,,Fecha inválida: INVALID_DATE,159.0,
8241,12/12/2025,3,2,3,2,2,56.5 USD,2025-12-12,,49.13,
8242,12/11/2025,4,3,4,3,3,162.0 €,2025-11-12,,162.0,
8243,INVALID_DATE,5,4,5,4,4,163.0 €,,Fecha inválida: INVALID_DATE,163.0,
8244,2025-12-09,6,1,6,1,5,59.5 USD,2025-12-09,,51.74,
8245,08/12/2025,7,2,7,2,1,165.0 €,2025-12-08,,165.0,
8247,INVALID_DATE,2,4,2,4,3,62.5 USD,,Fecha inválida: INVALID_DATE,54.35,
8248,2025-12-05,3,1,3,1,4,168.0 €,2025-12-05,,168.0,
8249,04/12/2025,4,2,4,2,5,169.0 €,2025-12-04,,169.0,
8250,12/03/2025,5,3,5,3,1,-150.00 €,2025-03-12,,,MontoTotal_Raw negativo: -150.00 €
8251,INVALID_DATE,6,4,6,4,2,21.0 €,,Fecha inválida: INVALID_DATE,21.0,
8252,2025-12-01,7,1,7,1,3,22.0 €,2025-12-01,,22.0,
8255,INVALID_DATE,3,4,3,4,1,25.0 €,,Fecha inválida: INVALID_DATE,25.0,
8256,2025-11-27,4,1,4,1,2,71.5 USD,2025-11-27,,62.17,
8258,11/25/2025,6,3,6,3,4,28.0 €,2025-11-25,,28.0,
8259,INVALID_DATE,7,4,7,4,5,74.5 USD,,Fecha inválida: INVALID_DATE,64.78,
8262,11/21/2025,3,3,3,3,3,77.5 USD,2025-11-21,,67.39,
8263,INVALID_DATE,4,4,4,4,4,33.0 €,,Fecha inválida: INVALID_DATE,33.0,
8265,18/11/2025,6,2,6,2,1,80.5 USD,2025-11-18,,70.0,
8266,11/17/2025,7,3,7,3,2,36.0 €,2025-11-17,,36.0,
8267,INVALID_DATE,1,4,1,4,3,37.0 €,,Fecha inválida: INVALID_DATE,37.0,
8269,14/11/2025,3,2,3,2,5,39.0 €,2025-11-14,,39.0,
8270,11/13/2025,4,3,4,3,1,40.0 €,2025-11-13,,40.0,
8271,INVALID_DATE,5,4,5,4,2,86.5 USD,,Fecha inválida: INVALID_DATE,75.22,
8272,2025-11-11,6,1,6,1,3,42.0 €,2025-11-11,,42.0,
8273,10/11/2025,7,2,7,2,4,43.0 €,2025-11-10,,43.0,
8275,INVALID_DATE,2,4,2,4,1,45.0 €,,Fecha inválida: INVALID_DATE,45.0,
8276,2025-11-07,3,1,3,1,2,46.0 €,2025-11-07,,46.0,
8277,06/11/2025,4,2,4,2,3,92.5 USD,2025-11-06,,80.43,
8279,INVALID_DATE,6,4,6,4,5,49.0 €,,Fecha inválida: INVALID_DATE,49.0,
8280,2025-11-03,7,1,7,1,1,95.5 USD,2025-11-03,,83.04,
8283,INVALID_DATE,3,4,3,4,4,NULL,,Fecha inválida: INVALID_DATE,,MontoTotal_Raw nulo o vacío: NULL
8284,2025-10-30,4,1,4,1,5,54.0 €,2025-10-30,,54.0,
8286,10/28/2025,6,3,6,3,2,101.5 USD,2025-10-28,,88.26,
8287,INVALID_DATE,7,4,7,4,3,57.0 €,,Fecha inválida: INVALID_DATE,57.0,
8290,10/24/2025,3,3,3,3,1,60.0 €,2025-10-24,,60.0,
8291,INVALID_DATE,4,4,4,4,2,61.0 €,,Fecha inválida: INVALID_DATE,61.0,
8293,21/10/2025,6,2,6,2,4,63.0 €,2025-10-21,,63.0,
8294,10/20/2025,7,3,7,3,5,64.0 €,2025-10-20,,64.0,
8295,INVALID_DATE,1,4,1,4,1,110.5 USD,,Fecha inválida: INVALID_DATE,96.09,
8297,17/10/2025,3,2,3,2,3,67.0 €,2025-10-17,,67.0,
8298,10/16/2025,4,3,4,3,4,113.5 USD,2025-10-16,,98.7,
8299,INVALID_DATE,5,4,5,4,5,69.0 €,,Fecha inválida: INVALID_DATE,69.0,
8300,2025-10-14,6,1,6,1,1,-150.00 €,2025-10-14,,,MontoTotal_Raw negativo: -150.00 €
8301,13/10/2025,7,2,7,2,2,116.5 USD,2025-10-13,,101.3,
8303,INVALID_DATE,2,4,2,4,4,73.0 €,,Fecha inválida: INVALID_DATE,73.0,
8304,2025-10-10,3,1,3,1,5,119.5 USD,2025-10-10,,103.91,
8305,09/10/2025,4,2,4,2,1,75.0 €,2025-10-09,,75.0,
8307,INVALID_DATE,6,4,6,4,3,122.5 USD,,Fecha inválida: INVALID_DATE,106.52,
8308,2025-10-06,7,1,7,1,4,78.0 €,2025-10-06,,78.0,
8311,INVALID_DATE,3,4,3,4,2,81.0 €,,Fecha inválida: INVALID_DATE,81.0,
8312,2025-10-02,4,1,4,1,3,82.0 €,2025-10-02,,82.0,
8314,09/30/2025,6,3,6,3,5,84.0 €,2025-09-30,,84.0,
8315,INVALID_DATE,7,4,7,4,1,85.0 €,,Fecha inválida: INVALID_DATE,85.0,
8316,2025-09-28,1,1,1,1,2,NULL,2025-09-28,,,MontoTotal_Raw nulo o vacío: NULL
8318,09/26/2025,3,3,3,3,4,88.0 €,2025-09-26,,88.0,
8319,INVALID_DATE,4,4,4,4,5,134.5 USD,,Fecha inválida: INVALID_DATE,116.96,
8321,23/09/2025,6,2,6,2,2,91.0 €,2025-09-23,,91.0,
8322,09/22/2025,7,3,7,3,3,137.5 USD,2025-09-22,,119.57,
8323,INVALID_DATE,1,4,1,4,4,93.0 €,,Fecha inválida: INVALID_DATE,93.0,
8325,19/09/2025,3,2,3,2,1,140.5 USD,2025-09-19,,122.17,
8326,09/18/2025,4,3,4,3,2,96.0 €,2025-09-18,,96.0,
8327,INVALID_DATE,5,4,5,4,3,97.0 €,,Fecha inválida: INVALID_DATE,97.0,
8328,2025-09-16,6,1,6,1,4,143.5 USD,2025-09-16,,124.78,
8329,15/09/2025,7,2,7,2,5,99.0 €,2025-09-15,,99.0,
8331,INVALID_DATE,2,4,2,4,2,146.5 USD,,Fecha inválida: INVALID_DATE,127.39,
8332,2025-09-12,3,1,3,1,3,102.0 €,2025-09-12,,102.0,
8333,11/09/2025,4,2,4,2,4,103.0 €,2025-09-11,,103.0,
8335,INVALID_DATE,6,4,6,4,1,105.0 €,,Fecha inválida: INVALID_DATE,105.0,
8336,2025-09-08,7,1,7,1,2,106.0 €,2025-09-08,,106.0,
8339,INVALID_DATE,3,4,3,4,5,109.0 €,,Fecha inválida: INVALID_DATE,109.0,
8340,2025-09-04,4,1,4,1,1,155.5 USD,2025-09-04,,135.22,
8342,09/02/2025,6,3,6,3,3,112.0 €,2025-02-09,,112.0,
8343,INVALID_DATE,7,4,7,4,4,158.5 USD,,Fecha inválida: INVALID_DATE,137.83,
8346,08/29/2025,3,3,3,3,2,161.5 USD,2025-08-29,,140.43,
8347,INVALID_DATE,4,4,4,4,3,117.0 €,,Fecha inválida: INVALID_DATE,117.0,
8349,26/08/2025,6,2,6,2,5,NULL,2025-08-26,,,MontoTotal_Raw nulo o vacío: NULL
8350,08/25/2025,7,3,7,3,1,-150.00 €,2025-08-25,,,MontoTotal_Raw negativo: -150.00 €
8351,INVALID_DATE,1,4,1,4,2,121.0 €,,Fecha inválida: INVALID_DATE,121.0,
8353,22/08/2025,3,2,3,2,4,123.0 €,2025-08-22,,123.0,
8354,08/21/2025,4,3,4,3,5,124.0 €,2025-08-21,,124.0,
8355,INVALID_DATE,5,4,5,4,1,170.5 USD,,Fecha inválida: INVALID_DATE,148.26,
8356,2025-08-19,6,1,6,1,2,126.0 €,2025-08-19,,126.0,
8357,18/08/2025,7,2,7,2,3,127.0 €,2025-08-18,,127.0,
8359,INVALID_DATE,2,4,2,4,5,129.0 €,,Fecha inválida: INVALID_DATE,129.0,
8360,2025-08-15,3,1,3,1,1,130.0 €,2025-08-15,,130.0,
8361,14/08/2025,4,2,4,2,2,176.5 USD,2025-08-14,,153.48,
8363,INVALID_DATE,6,4,6,4,4,133.0 €,,Fecha inválida: INVALID_DATE,133.0,
8364,2025-08-11,7,1,7,1,5,179.5 USD,2025-08-11,,156.09,
8367,INVALID_DATE,3,4,3,4,3,182.5 USD,,Fecha inválida: INVALID_DATE,158.7,
8368,2025-08-07,4,1,4,1,4,138.0 €,2025-08-07,,138.0,
8370,08/05/2025,6,3,6,3,1,185.5 USD,2025-05-08,,161.3,
8371,INVALID_DATE,7,4,7,4,2,141.0 €,,Fecha inválida: INVALID_DATE,141.0,
8374,08/01/2025,3,3,3,3,5,144.0 €,2025-01-08,,144.0,
8375,INVALID_DATE,4,4,4,4,1,145.0 €,,Fecha inválida: INVALID_DATE,145.0,
8377,29/07/2025,6,2,6,2,3,147.0 €,2025-07-29,,147.0,
8378,07/28/2025,7,3,7,3,4,148.0 €,2025-07-28,,148.0,
8379,INVALID_DATE,1,4,1,4,5,194.5 USD,,Fecha inválida: INVALID_DATE,169.13,
8381,25/07/2025,3,2,3,2,2,151.0 €,2025-07-25,,151.0,
8382,07/24/2025,4,3,4,3,3,NULL,2025-07-24,,,MontoTotal_Raw nulo o vacío: NULL
8383,INVALID_DATE,5,4,5,4,4,153.0 €,,Fecha inválida: INVALID_DATE,153.0,
8384,2025-07-22,6,1,6,1,5,154.0 €,2025-07-22,,154.0,
8385,21/07/2025,7,2,7,2,1,200.5 USD,2025-07-21,,174.35,
8387,INVALID_DATE,2,4,2,4,3,157.0 €,,Fecha inválida: INVALID_DATE,157.0,
8388,2025-07-18,3,1,3,1,4,203.5 USD,2025-07-18,,176.96,
8389,17/07/2025,4,2,4,2,5,159.0 €,2025-07-17,,159.0,
8391,INVALID_DATE,6,4,6,4,2,206.5 USD,,Fecha inválida: INVALID_DATE,179.57,
8392,2025-07-14,7,1,7,1,3,162.0 €,2025-07-14,,162.0,
8395,INVALID_DATE,3,4,3,4,1,165.0 €,,Fecha inválida: INVALID_DATE,165.0,
8396,2025-07-10,4,1,4,1,2,166.0 €,2025-07-10,,166.0,
8398,07/08/2025,6,3,6,3,4,168.0 €,2025-08-07,,168.0,
8399,INVALID_DATE,7,4,7,4,5,169.0 €,,Fecha inválida: INVALID_DATE,169.0,
8400,2025-07-06,1,1,1,1,1,-150.00 €,2025-07-06,,,MontoTotal_Raw negativo: -150.00 €
8402,07/04/2025,3,3,3,3,3,22.0 €,2025-04-07,,22.0,
8403,INVALID_DATE,4,4,4,4,4,18.5 USD,,Fecha inválida: INVALID_DATE,16.09,
8405,01/07/2025,6,2,6,2,1,25.0 €,2025-07-01,,25.0,
8406,06/30/2025,7,3,7,3,2,21.5 USD,2025-06-30,,18.7,
8407,INVALID_DATE,1,4,1,4,3,27.0 €,,Fecha inválida: INVALID_DATE,27.0,
8409,27/06/2025,3,2,3,2,5,24.5 USD,2025-06-27,,21.3,
8410,06/26/2025,4,3,4,3,1,30.0 €,2025-06-26,,30.0,
8411,INVALID_DATE,5,4,5,4,2,31.0 €,,Fecha inválida: INVALID_DATE,31.0,
8412,2025-06-24,6,1,6,1,3,27.5 USD,2025-06-24,,23.91,
8413,23/06/2025,7,2,7,2,4,33.0 €,2025-06-23,,33.0,
8415,INVALID_DATE,2,4,2,4,1,NULL,,Fecha inválida: INVALID_DATE,,MontoTotal_Raw nulo o vacío: NULL
8416,2025-06-20,3,1,3,1,2,36.0 €,2025-06-20,,36.0,
8417,19/06/2025,4,2,4,2,3,37.0 €,2025-06-19,,37.0,
8419,INVALID_DATE,6,4,6,4,5,39.0 €,,Fecha inválida: INVALID_DATE,39.0,
8420,2025-06-16,7,1,7,1,1,40.0 €,2025-06-16,,40.0,
8423,INVALID_DATE,3,4,3,4,4,43.0 €,,Fecha inválida: INVALID_DATE,43.0,
8424,2025-06-12,4,1,4,1,5,39.5 USD,2025-06-12,,34.35,
8426,06/10/2025,6,3,6,3,2,46.0 €,2025-10-06,,46.0,
8427,INVALID_DATE,7,4,7,4,3,42.5 USD,,Fecha inválida: INVALID_DATE,36.96,
8430,06/06/2025,3,3,3,3,1,45.5 USD,2025-06-06,,39.57,
8431,INVALID_DATE,4,4,4,4,2,51.0 €,,Fecha inválida: INVALID_DATE,51.0,
8433,03/06/2025,6,2,6,2,4,48.5 USD,2025-06-03,,42.17,
8434,06/02/2025,7,3,7,3,5,54.0 €,2025-02-06,,54.0,
8435,INVALID_DATE,1,4,1,4,1,55.0 €,,Fecha inválida: INVALID_DATE,55.0,
8437,30/05/2025,3,2,3,2,3,57.0 €,2025-05-30,,57.0,
8438,05/29/2025,4,3,4,3,4,58.0 €,2025-05-29,,58.0,
8439,INVALID_DATE,5,4,5,4,5,54.5 USD,,Fecha inválida: INVALID_DATE,47.39,
8440,2025-05-27,6,1,6,1,1,60.0 €,2025-05-27,,60.0,
8441,26/05/2025,7,2,7,2,2,61.0 €,2025-05-26,,61.0,
8443,INVALID_DATE,2,4,2,4,4,63.0 €,,Fecha inválida: INVALID_DATE,63.0,
8444,2025-05-23,3,1,3,1,5,64.0 €,2025-05-23,,64.0,
8445,22/05/2025,4,2,4,2,1,60.5 USD,2025-05-22,,52.61,
8447,INVALID_DATE,6,4,6,4,3,67.0 €,,Fecha inválida: INVALID_DATE,67.0,
8448,2025-05-19,7,1,7,1,4,NULL,2025-05-19,,,MontoTotal_Raw nulo o vacío: NULL
8450,05/17/2025,2,3,2,3,1,-150.00 €,2025-05-17,,,MontoTotal_Raw negativo: -150.00 €
8451,INVALID_DATE,3,4,3,4,2,66.5 USD,,Fecha inválida: INVALID_DATE,57.83,
8452,2025-05-15,4,1,4,1,3,72.0 €,2025-05-15,,72.0,
8454,05/13/2025,6,3,6,3,5,69.5 USD,2025-05-13,,60.43,
8455,INVALID_DATE,7,4,7,4,1,75.0 €,,Fecha inválida: INVALID_DATE,75.0,
8458,05/09/2025,3,3,3,3,4,78.0 €,2025-09-05,,78.0,
8459,INVALID_DATE,4,4,4,4,5,79.0 €,,Fecha inválida: INVALID_DATE,79.0,
8461,06/05/2025,6,2,6,2,2,81.0 €,2025-05-06,,81.0,
8462,05/05/2025,7,3,7,3,3,82.0 €,2025-05-05,,82.0,
8463,INVALID_DATE,1,4,1,4,4,78.5 USD,,Fecha inválida: INVALID_DATE,68.26,
8465,02/05/2025,3,2,3,2,1,85.0 €,2025-05-02,,85.0,
8466,05/01/2025,4,3,4,3,2,81.5 USD,2025-01-05,,70.87,
8467,INVALID_DATE,5,4,5,4,3,87.0 €,,Fecha inválida: INVALID_DATE,87.0,
8468,2025-04-29,6,1,6,1,4,88.0 €,2025-04-29,,88.0,
8469,28/04/2025,7,2,7,2,5,84.5 USD,2025-04-28,,73.48,
8471,INVALID_DATE,2,4,2,4,2,91.0 €,,Fecha inválida: INVALID_DATE,91.0,
8472,2025-04-25,3,1,3,1,3,87.5 USD,2025-04-25,,76.09,
8473,24/04/2025,4,2,4,2,4,93.0 €,2025-04-24,,93.0,
8475,INVALID_DATE,6,4,6,4,1,90.5 USD,,Fecha inválida: INVALID_DATE,78.7,
8476,2025-04-21,7,1,7,1,2,96.0 €,2025-04-21,,96.0,
8479,INVALID_DATE,3,4,3,4,5,99.0 €,,Fecha inválida: INVALID_DATE,99.0,
8480,2025-04-17,4,1,4,1,1,100.0 €,2025-04-17,,100.0,
8481,16/04/2025,5,2,5,2,2,NULL,2025-04-16,,,MontoTotal_Raw nulo o vacío: NULL
8482,04/15/2025,6,3,6,3,3,102.0 €,2025-04-15,,102.0,
8483,INVALID_DATE,7,4,7,4,4,103.0 €,,Fecha inválida: INVALID_DATE,103.0,
8486,04/11/2025,3,3,3,3,2,106.0 €,2025-11-04,,106.0,
8487,INVALID_DATE,4,4,4,4,3,102.5 USD,,Fecha inválida: INVALID_DATE,89.13,
8489,08/04/2025,6,2,6,2,5,109.0 €,2025-04-08,,109.0,
8490,04/07/2025,7,3,7,3,1,105.5 USD,2025-07-04,,91.74,
8491,INVALID_DATE,1,4,1,4,2,111.0 €,,Fecha inválida: INVALID_DATE,111.0,
8493,04/04/2025,3,2,3,2,4,108.5 USD,2025-04-04,,94.35,
8494,04/03/2025,4,3,4,3,5,114.0 €,2025-03-04,,114.0,
8495,INVALID_DATE,5,4,5,4,1,115.0 €,,Fecha inválida: INVALID_DATE,115.0,
8496,2025-04-01,6,1,6,1,2,111.5 USD,2025-04-01,,96.96,
8497,31/03/2025,7,2,7,2,3,117.0 €,2025-03-31,,117.0,
8499,INVALID_DATE,2,4,2,4,5,114.5 USD,,Fecha inválida: INVALID_DATE,99.57,
8500,2025-03-28,3,1,3,1,1,-150.00 €,2025-03-28,,,MontoTotal_Raw negativo: -150.00 €
8501,27/03/2025,4,2,4,2,2,121.0 €,2025-03-27,,121.0,
8503,INVALID_DATE,6,4,6,4,4,123.0 €,,Fecha inválida: INVALID_DATE,123.0,
8504,2025-03-24,7,1,7,1,5,124.0 €,2025-03-24,,124.0,
8507,INVALID_DATE,3,4,3,4,3,127.0 €,,Fecha inválida: INVALID_DATE,127.0,
8508,2025-03-20,4,1,4,1,4,123.5 USD,2025-03-20,,107.39,
8510,03/18/2025,6,3,6,3,1,130.0 €,2025-03-18,,130.0,
8511,INVALID_DATE,7,4,7,4,2,126.5 USD,,Fecha inválida: INVALID_DATE,110.0,
8514,03/14/2025,3,3,3,3,5,NULL,2025-03-14,,,MontoTotal_Raw nulo o vacío: NULL
8515,INVALID_DATE,4,4,4,4,1,135.0 €,,Fecha inválida: INVALID_DATE,135.0,
8517,11/03/2025,6,2,6,2,3,132.5 USD,2025-03-11,,115.22,
8518,03/10/2025,7,3,7,3,4,138.0 €,2025-10-03,,138.0,
8519,INVALID_DATE,1,4,1,4,5,139.0 €,,Fecha inválida: INVALID_DATE,139.0,
8521,07/03/2025,3,2,3,2,2,141.0 €,2025-03-07,,141.0,
8522,03/06/2025,4,3,4,3,3,142.0 €,2025-06-03,,142.0,
8523,INVALID_DATE,5,4,5,4,4,138.5 USD,,Fecha inválida: INVALID_DATE,120.43,
8524,2025-03-04,6,1,6,1,5,144.0 €,2025-03-04,,144.0,
8525,03/03/2025,7,2,7,2,1,145.0 €,2025-03-03,,145.0,
8527,INVALID_DATE,2,4,2,4,3,147.0 €,,Fecha inválida: INVALID_DATE,147.0,
8528,2025-02-28,3,1,3,1,4,148.0 €,2025-02-28,,148.0,
8529,27/02/2025,4,2,4,2,5,144.5 USD,2025-02-27,,125.65,
8531,INVALID_DATE,6,4,6,4,2,151.0 €,,Fecha inválida: INVALID_DATE,151.0,
8532,2025-02-24,7,1,7,1,3,147.5 USD,2025-02-24,,128.26,
8535,INVALID_DATE,3,4,3,4,1,150.5 USD,,Fecha inválida: INVALID_DATE,130.87,
8536,2025-02-20,4,1,4,1,2,156.0 €,2025-02-20,,156.0,
8538,02/18/2025,6,3,6,3,4,153.5 USD,2025-02-18,,133.48,
8539,INVALID_DATE,7,4,7,4,5,159.0 €,,Fecha inválida: INVALID_DATE,159.0,
8542,02/14/2025,3,3,3,3,3,162.0 €,2025-02-14,,162.0,
8543,INVALID_DATE,4,4,4,4,4,163.0 €,,Fecha inválida: INVALID_DATE,163.0,
8545,11/02/2025,6,2,6,2,1,165.0 €,2025-02-11,,165.0,
8546,02/10/2025,7,3,7,3,2,166.0 €,2025-10-02,,166.0,
8547,INVALID_DATE,1,4,1,4,3,NULL,,Fecha inválida: INVALID_DATE,,MontoTotal_Raw nulo o vacío: NULL
8549,07/02/2025,3,2,3,2,5,169.0 €,2025-02-07,,169.0,
8550,02/06/2025,4,3,4,3,1,-150.00 €,2025-06-02,,,MontoTotal_Raw negativo: -150.00 €
8551,INVALID_DATE,5,4,5,4,2,21.0 €,,Fecha inválida: INVALID_DATE,21.0,
8552,2025-02-04,6,1,6,1,3,22.0 €,2025-02-04,,22.0,
8553,03/02/2025,7,2,7,2,4,168.5 USD,2025-02-03,,146.52,
8555,INVALID_DATE,2,4,2,4,1,25.0 €,,Fecha inválida: INVALID_DATE,25.0,
8556,2025-01-31,3,1,3,1,2,171.5 USD,2025-01-31,,149.13,
8557,30/01/2025,4,2,4,2,3,27.0 €,2025-01-30,,27.0,
8559,INVALID_DATE,6,4,6,4,5,174.5 USD,,Fecha inválida: INVALID_DATE,151.74,
8560,2025-01-27,7,1,7,1,1,30.0 €,2025-01-27,,30.0,
8563,INVALID_DATE,3,4,3,4,4,33.0 €,,Fecha inválida: INVALID_DATE,33.0,
8564,2025-01-23,4,1,4,1,5,34.0 €,2025-01-23,,34.0,
8566,01/21/2025,6,3,6,3,2,36.0 €,2025-01-21,,36.0,
8567,INVALID_DATE,7,4,7,4,3,37.0 €,,Fecha inválida: INVALID_DATE,37.0,
8570,01/17/2025,3,3,3,3,1,40.0 €,2025-01-17,,40.0,
8571,INVALID_DATE,4,4,4,4,2,186.5 USD,,Fecha inválida: INVALID_DATE,162.17,
8573,14/01/2025,6,2,6,2,4,43.0 €,2025-01-14,,43.0,
8574,01/13/2025,7,3,7,3,5,189.5 USD,2025-01-13,,164.78,
8575,INVALID_DATE,1,4,1,4,1,45.0 €,,Fecha inválida: INVALID_DATE,45.0,
8577,10/01/2025,3,2,3,2,3,192.5 USD,2025-01-10,,167.39,
8578,01/09/2025,4,3,4,3,4,48.0 €,2025-09-01,,48.0,
8579,INVALID_DATE,5,4,5,4,5,49.0 €,,Fecha inválida: INVALID_DATE,49.0,
8580,2025-01-07,6,1,6,1,1,NULL,2025-01-07,,,MontoTotal_Raw nulo o vacío: NULL
8581,06/01/2025,7,2,7,2,2,51.0 €,2025-01-06,,51.0,
8583,INVALID_DATE,2,4,2,4,4,198.5 USD,,Fecha inválida: INVALID_DATE,172.61,
8584,2025-01-03,3,1,3,1,5,54.0 €,2025-01-03,,54.0,
8585,02/01/2025,4,2,4,2,1,55.0 €,2025-01-02,,55.0,
8587,INVALID_DATE,6,4,6,4,3,57.0 €,,Fecha inválida: INVALID_DATE,57.0,
8588,2024-12-30,7,1,7,1,4,58.0 €,2024-12-30,,58.0,
8591,INVALID_DATE,3,4,3,4,2,61.0 €,,Fecha inválida: INVALID_DATE,61.0,
8592,2024-12-26,4,1,4,1,3,207.5 USD,2024-12-26,,180.43,
8594,12/24/2024,6,3,6,3,5,64.0 €,2024-12-24,,64.0,
8595,INVALID_DATE,7,4,7,4,1,210.5 USD,,Fecha inválida: INVALID_DATE,183.04,
8598,12/20/2024,3,3,3,3,4,213.5 USD,2024-12-20,,185.65,
8599,INVALID_DATE,4,4,4,4,5,69.0 €,,Fecha inválida: INVALID_DATE,69.0,
8600,2024-12-18,5,1,5,1,1,-150.00 €,2024-12-18,,,MontoTotal_Raw negativo: -150.00 €
8601,17/12/2024,6,2,6,2,2,16.5 USD,2024-12-17,,14.35,
8602,12/16/2024,7,3,7,3,3,72.0 €,2024-12-16,,72.0,
8603,INVALID_DATE,1,4,1,4,4,73.0 €,,Fecha inválida: INVALID_DATE,73.0,
8605,13/12/2024,3,2,3,2,1,75.0 €,2024-12-13,,75.0,
8606,12/12/2024,4,3,4,3,2,76.0 €,2024-12-12,,76.0,
8607,INVALID_DATE,5,4,5,4,3,22.5 USD,,Fecha inválida: INVALID_DATE,19.57,
8608,2024-12-10,6,1,6,1,4,78.0 €,2024-12-10,,78.0,
8609,09/12/2024,7,2,7,2,5,79.0 €,2024-12-09,,79.0,
8611,INVALID_DATE,2,4,2,4,2,81.0 €,,Fecha inválida: INVALID_DATE,81.0,
8612,2024-12-06,3,1,3,1,3,82.0 €,2024-12-06,,82.0,
8613,05/12/2024,4,2,4,2,4,NULL,2024-12-05,,,MontoTotal_Raw nulo o vacío: NULL
8615,INVALID_DATE,6,4,6,4,1,85.0 €,,Fecha inválida: INVALID_DATE,85.0,
8616,2024-12-02,7,1,7,1,2,31.5 USD,2024-12-02,,27.39,
8619,INVALID_DATE,3,4,3,4,5,34.5 USD,,Fecha inválida: INVALID_DATE,30.0,
8620,2024-11-28,4,1,4,1,1,90.0 €,2024-11-28,,90.0,
8622,11/26/2024,6,3,6,3,3,37.5 USD,2024-11-26,,32.61,
8623,INVALID_DATE,7,4,7,4,4,93.0 €,,Fecha inválida: INVALID_DATE,93.0,
8626,11/22/2024,3,3,3,3,2,96.0 €,2024-11-22,,96.0,
8627,INVALID_DATE,4,4,4,4,3,97.0 €,,Fecha inválida: INVALID_DATE,97.0,
8629,19/11/2024,6,2,6,2,5,99.0 €,2024-11-19,,99.0,
8630,11/18/2024,7,3,7,3,1,100.0 €,2024-11-18,,100.0,
8631,INVALID_DATE,1,4,1,4,2,46.5 USD,,Fecha inválida: INVALID_DATE,40.43,
8633,15/11/2024,3,2,3,2,4,103.0 €,2024-11-15,,103.0,
8634,11/14/2024,4,3,4,3,5,49.5 USD,2024-11-14,,43.04,
8635,INVALID_DATE,5,4,5,4,1,105.0 €,,Fecha inválida: INVALID_DATE,105.0,
8636,2024-11-12,6,1,6,1,2,106.0 €,2024-11-12,,106.0,
8637,11/11/2024,7,2,7,2,3,52.5 USD,2024-11-11,,45.65,
8639,INVALID_DATE,2,4,2,4,5,109.0 €,,Fecha inválida: INVALID_DATE,109.0,
8640,2024-11-08,3,1,3,1,1,55.5 USD,2024-11-08,,48.26,
8641,07/11/2024,4,2,4,2,2,111.0 €,2024-11-07,,111.0,
8643,INVALID_DATE,6,4,6,4,4,58.5 USD,,Fecha inválida: INVALID_DATE,50.87,
8644,2024-11-04,7,1,7,1,5,114.0 €,2024-11-04,,114.0,
8646,11/02/2024,2,3,2,3,2,NULL,2024-02-11,,,MontoTotal_Raw nulo o vacío: NULL
8647,INVALID_DATE,3,4,3,4,3,117.0 €,,Fecha inválida: INVALID_DATE,117.0,
8648,2024-10-31,4,1,4,1,4,118.0 €,2024-10-31,,118.0,
8650,10/29/2024,6,3,6,3,1,-150.00 €,2024-10-29,,,MontoTotal_Raw negativo: -150.00 €
8651,INVALID_DATE,7,4,7,4,2,121.0 €,,Fecha inválida: INVALID_DATE,121.0,
8654,10/25/2024,3,3,3,3,5,124.0 €,2024-10-25,,124.0,
8655,INVALID_DATE,4,4,4,4,1,70.5 USD,,Fecha inválida: INVALID_DATE,61.3,
8657,22/10/2024,6,2,6,2,3,127.0 €,2024-10-22,,127.0,
8658,10/21/2024,7,3,7,3,4,73.5 USD,2024-10-21,,63.91,
8659,INVALID_DATE,1,4,1,4,5,129.0 €,,Fecha inválida: INVALID_DATE,129.0,
8661,18/10/2024,3,2,3,2,2,76.5 USD,2024-10-18,,66.52,
8662,10/17/2024,4,3,4,3,3,132.0 €,2024-10-17,,132.0,
8663,INVALID_DATE,5,4,5,4,4,133.0 €,,Fecha inválida: INVALID_DATE,133.0,
8664,2024-10-15,6,1,6,1,5,79.5 USD,2024-10-15,,69.13,
8665,14/10/2024,7,2,7,2,1,135.0 €,2024-10-14,,135.0,
8667,INVALID_DATE,2,4,2,4,3,82.5 USD,,Fecha inválida: INVALID_DATE,71.74,
8668,2024-10-11,3,1,3,1,4,138.0 €,2024-10-11,,138.0,
8669,10/10/2024,4,2,4,2,5,139.0 €,2024-10-10,,139.0,
8671,INVALID_DATE,6,4,6,4,2,141.0 €,,Fecha inválida: INVALID_DATE,141.0,
8672,2024-10-07,7,1,7,1,3,142.0 €,2024-10-07,,142.0,
8675,INVALID_DATE,3,4,3,4,1,145.0 €,,Fecha inválida: INVALID_DATE,145.0,
8676,2024-10-03,4,1,4,1,2,91.5 USD,2024-10-03,,79.57,
8678,10/01/2024,6,3,6,3,4,148.0 €,2024-01-10,,148.0,
8679,INVALID_DATE,7,4,7,4,5,NULL,,Fecha inválida: INVALID_DATE,,MontoTotal_Raw nulo o vacío: NULL
8682,09/27/2024,3,3,3,3,3,97.5 USD,2024-09-27,,84.78,
8683,INVALID_DATE,4,4,4,4,4,153.0 €,,Fecha inválida: INVALID_DATE,153.0,
8685,24/09/2024,6,2,6,2,1,100.5 USD,2024-09-24,,87.39,
8686,09/23/2024,7,3,7,3,2,156.0 €,2024-09-23,,156.0,
8687,INVALID_DATE,1,4,1,4,3,157.0 €,,Fecha inválida: INVALID_DATE,157.0,
8689,20/09/2024,3,2,3,2,5,159.0 €,2024-09-20,,159.0,
8690,09/19/2024,4,3,4,3,1,160.0 €,2024-09-19,,160.0,
8691,INVALID_DATE,5,4,5,4,2,106.5 USD,,Fecha inválida: INVALID_DATE,92.61,
8692,2024-09-17,6,1,6,1,3,162.0 €,2024-09-17,,162.0,
8693,16/09/2024,7,2,7,2,4,163.0 €,2024-09-16,,163.0,
8695,INVALID_DATE,2,4,2,4,1,165.0 €,,Fecha inválida: INVALID_DATE,165.0,
8696,2024-09-13,3,1,3,1,2,166.0 €,2024-09-13,,166.0,
8697,12/09/2024,4,2,4,2,3,112.5 USD,2024-09-12,,97.83,
8699,INVALID_DATE,6,4,6,4,5,169.0 €,,Fecha inválida: INVALID_DATE,169.0,
8700,2024-09-09,7,1,7,1,1,-150.00 €,2024-09-09,,,MontoTotal_Raw negativo: -150.00 €
8703,INVALID_DATE,3,4,3,4,4,118.5 USD,,Fecha inválida: INVALID_DATE,103.04,
8704,2024-09-05,4,1,4,1,5,24.0 €,2024-09-05,,24.0,
8706,09/03/2024,6,3,6,3,2,121.5 USD,2024-03-09,,105.65,
8707,INVALID_DATE,7,4,7,4,3,27.0 €,,Fecha inválida: INVALID_DATE,27.0,
8710,08/30/2024,3,3,3,3,1,30.0 €,2024-08-30,,30.0,
8711,INVALID_DATE,4,4,4,4,2,31.0 €,,Fecha inválida: INVALID_DATE,31.0,
8712,2024-08-28,5,1,5,1,3,NULL,2024-08-28,,,MontoTotal_Raw nulo o vacío: NULL
8713,27/08/2024,6,2,6,2,4,33.0 €,2024-08-27,,33.0,
8714,08/26/2024,7,3,7,3,5,34.0 €,2024-08-26,,34.0,
8715,INVALID_DATE,1,4,1,4,1,130.5 USD,,Fecha inválida: INVALID_DATE,113.48,
8717,23/08/2024,3,2,3,2,3,37.0 €,2024-08-23,,37.0,
8718,08/22/2024,4,3,4,3,4,133.5 USD,2024-08-22,,116.09,
8719,INVALID_DATE,5,4,5,4,5,39.0 €,,Fecha inválida: INVALID_DATE,39.0,
8720,2024-08-20,6,1,6,1,1,40.0 €,2024-08-20,,40.0,
8721,19/08/2024,7,2,7,2,2,136.5 USD,2024-08-19,,118.7,
8723,INVALID_DATE,2,4,2,4,4,43.0 €,,Fecha inválida: INVALID_DATE,43.0,
8724,2024-08-16,3,1,3,1,5,139.5 USD,2024-08-16,,121.3,
8725,15/08/2024,4,2,4,2,1,45.0 €,2024-08-15,,45.0,
8727,INVALID_DATE,6,4,6,4,3,142.5 USD,,Fecha inválida: INVALID_DATE,123.91,
8728,2024-08-12,7,1,7,1,4,48.0 €,2024-08-12,,48.0,
8731,INVALID_DATE,3,4,3,4,2,51.0 €,,Fecha inválida: INVALID_DATE,51.0,
8732,2024-08-08,4,1,4,1,3,52.0 €,2024-08-08,,52.0,
8734,08/06/2024,6,3,6,3,5,54.0 €,2024-06-08,,54.0,
8735,INVALID_DATE,7,4,7,4,1,55.0 €,,Fecha inválida: INVALID_DATE,55.0,
8738,08/02/2024,3,3,3,3,4,58.0 €,2024-02-08,,58.0,
8739,INVALID_DATE,4,4,4,4,5,154.5 USD,,Fecha inválida: INVALID_DATE,134.35,
8741,30/07/2024,6,2,6,2,2,61.0 €,2024-07-30,,61.0,
8742,07/29/2024,7,3,7,3,3,157.5 USD,2024-07-29,,136.96,
8743,INVALID_DATE,1,4,1,4,4,63.0 €,,Fecha inválida: INVALID_DATE,63.0,
8745,26/07/2024,3,2,3,2,1,NULL,2024-07-26,,,MontoTotal_Raw nulo o vacío: NULL
8746,07/25/2024,4,3,4,3,2,66.0 €,2024-07-25,,66.0,
8747,INVALID_DATE,5,4,5,4,3,67.0 €,,Fecha inválida: INVALID_DATE,67.0,
8748,2024-07-23,6,1,6,1,4,163.5 USD,2024-07-23,,142.17,
8749,22/07/2024,7,2,7,2,5,69.0 €,2024-07-22,,69.0,
8750,07/21/2024,1,3,1,3,1,-150.00 €,2024-07-21,,,MontoTotal_Raw negativo: -150.00 €
8751,INVALID_DATE,2,4,2,4,2,166.5 USD,,Fecha inválida: INVALID_DATE,144.78,
8752,2024-07-19,3,1,3,1,3,72.0 €,2024-07-19,,72.0,
8753,18/07/2024,4,2,4,2,4,73.0 €,2024-07-18,,73.0,
8755,INVALID_DATE,6,4,6,4,1,75.0 €,,Fecha inválida: INVALID_DATE,75.0,
8756,2024-07-15,7,1,7,1,2,76.0 €,2024-07-15,,76.0,
8759,INVALID_DATE,3,4,3,4,5,79.0 €,,Fecha inválida: INVALID_DATE,79.0,
8760,2024-07-11,4,1,4,1,1,175.5 USD,2024-07-11,,152.61,
8762,07/09/2024,6,3,6,3,3,82.0 €,2024-09-07,,82.0,
8763,INVALID_DATE,7,4,7,4,4,178.5 USD,,Fecha inválida: INVALID_DATE,155.22,
8766,07/05/2024,3,3,3,3,2,181.5 USD,2024-05-07,,157.83,
8767,INVALID_DATE,4,4,4,4,3,87.0 €,,Fecha inválida: INVALID_DATE,87.0,
8769,02/07/2024,6,2,6,2,5,184.5 USD,2024-07-02,,160.43,
8770,07/01/2024,7,3,7,3,1,90.0 €,2024-01-07,,90.0,
8771,INVALID_DATE,1,4,1,4,2,91.0 €,,Fecha inválida: INVALID_DATE,91.0,
8773,28/06/2024,3,2,3,2,4,93.0 €,2024-06-28,,93.0,
8774,06/27/2024,4,3,4,3,5,94.0 €,2024-06-27,,94.0,
8775,INVALID_DATE,5,4,5,4,1,190.5 USD,,Fecha inválida: INVALID_DATE,165.65,
8776,2024-06-25,6,1,6,1,2,96.0 €,2024-06-25,,96.0,
8777,24/06/2024,7,2,7,2,3,97.0 €,2024-06-24,,97.0,
8778,06/23/2024,1,3,1,3,4,NULL,2024-06-23,,,MontoTotal_Raw nulo o vacío: NULL
8779,INVALID_DATE,2,4,2,4,5,99.0 €,,Fecha inválida: INVALID_DATE,99.0,
8780,2024-06-21,3,1,3,1,1,100.0 €,2024-06-21,,100.0,
8781,20/06/2024,4,2,4,2,2,196.5 USD,2024-06-20,,170.87,
8783,INVALID_DATE,6,4,6,4,4,103.0 €,,Fecha inválida: INVALID_DATE,103.0,
8784,2024-06-17,7,1,7,1,5,199.5 USD,2024-06-17,,173.48,
8787,INVALID_DATE,3,4,3,4,3,202.5 USD,,Fecha inválida: INVALID_DATE,176.09,
8788,2024-06-13,4,1,4,1,4,108.0 €,2024-06-13,,108.0,
8790,06/11/2024,6,3,6,3,1,205.5 USD,2024-11-06,,178.7,
8791,INVALID_DATE,7,4,7,4,2,111.0 €,,Fecha inválida: INVALID_DATE,111.0,
8794,06/07/2024,3,3,3,3,5,114.0 €,2024-07-06,,114.0,
8795,INVALID_DATE,4,4,4,4,1,115.0 €,,Fecha inválida: INVALID_DATE,115.0,
8797,04/06/2024,6,2,6,2,3,117.0 €,2024-06-04,,117.0,
8798,06/03/2024,7,3,7,3,4,118.0 €,2024-03-06,,118.0,
8799,INVALID_DATE,1,4,1,4,5,214.5 USD,,Fecha inválida: INVALID_DATE,186.52,
8800,2024-06-01,2,1,2,1,1,-150.00 €,2024-06-01,,,MontoTotal_Raw negativo: -150.00 €
8801,31/05/2024,3,2,3,2,2,121.0 €,2024-05-31,,121.0,
8802,05/30/2024,4,3,4,3,3,17.5 USD,2024-05-30,,15.22,
8803,INVALID_DATE,5,4,5,4,4,123.0 €,,Fecha inválida: INVALID_DATE,123.0,
8804,2024-05-28,6,1,6,1,5,124.0 €,2024-05-28,,124.0,
8805,27/05/2024,7,2,7,2,1,20.5 USD,2024-05-27,,17.83,
8807,INVALID_DATE,2,4,2,4,3,127.0 €,,Fecha inválida: INVALID_DATE,127.0,
8808,2024-05-24,3,1,3,1,4,23.5 USD,2024-05-24,,20.43,
8809,23/05/2024,4,2,4,2,5,129.0 €,2024-05-23,,129.0,
8811,INVALID_DATE,6,4,6,4,2,NULL,,Fecha inválida: INVALID_DATE,,MontoTotal_Raw nulo o vacío: NULL
8812,2024-05-20,7,1,7,1,3,132.0 €,2024-05-20,,132.0,
8815,INVALID_DATE,3,4,3,4,1,135.0 €,,Fecha inválida: INVALID_DATE,135.0,
8816,2024-05-16,4,1,4,1,2,136.0 €,2024-05-16,,136.0,
8818,05/14/2024,6,3,6,3,4,138.0 €,2024-05-14,,138.0,
8819,INVALID_DATE,7,4,7,4,5,139.0 €,,Fecha inválida: INVALID_DATE,139.0,
8822,05/10/2024,3,3,3,3,3,142.0 €,2024-10-05,,142.0,
8823,INVALID_DATE,4,4,4,4,4,38.5 USD,,Fecha inválida: INVALID_DATE,33.48,
8825,07/05/2024,6,2,6,2,1,145.0 €,2024-05-07,,145.0,
8826,05/06/2024,7,3,7,3,2,41.5 USD,2024-06-05,,36.09,
8827,INVALID_DATE,1,4,1,4,3,147.0 €,,Fecha inválida: INVALID_DATE,147.0,
8829,03/05/2024,3,2,3,2,5,44.5 USD,2024-05-03,,38.7,
8830,05/02/2024,4,3,4,3,1,150.0 €,2024-02-05,,150.0,
8831,INVALID_DATE,5,4,5,4,2,151.0 €,,Fecha inválida: INVALID_DATE,151.0,
8832,2024-04-30,6,1,6,1,3,47.5 USD,2024-04-30,,41.3,
8833,29/04/2024,7,2,7,2,4,153.0 €,2024-04-29,,153.0,
8835,INVALID_DATE,2,4,2,4,1,50.5 USD,,Fecha inválida: INVALID_DATE,43.91,
8836,2024-04-26,3,1,3,1,2,156.0 €,2024-04-26,,156.0,
8837,25/04/2024,4,2,4,2,3,157.0 €,2024-04-25,,157.0,
8839,INVALID_DATE,6,4,6,4,5,159.0 €,,Fecha inválida: INVALID_DATE,159.0,
8840,2024-04-22,7,1,7,1,1,160.0 €,2024-04-22,,160.0,
8843,INVALID_DATE,3,4,3,4,4,163.0 €,,Fecha inválida: INVALID_DATE,163.0,
8844,2024-04-18,4,1,4,1,5,NULL,2024-04-18,,,MontoTotal_Raw nulo o vacío: NULL
8846,04/16/2024,6,3,6,3,2,166.0 €,2024-04-16,,166.0,
8847,INVALID_DATE,7,4,7,4,3,62.5 USD,,Fecha inválida: INVALID_DATE,54.35,
8850,04/12/2024,3,3,3,3,1,-150.00 €,2024-12-04,,,MontoTotal_Raw negativo: -150.00 €
8851,INVALID_DATE,4,4,4,4,2,21.0 €,,Fecha inválida: INVALID_DATE,21.0,
8853,09/04/2024,6,2,6,2,4,68.5 USD,2024-04-09,,59.57,
8854,04/08/2024,7,3,7,3,5,24.0 €,2024-08-04,,24.0,
8855,INVALID_DATE,1,4,1,4,1,25.0 €,,Fecha inválida: INVALID_DATE,25.0,
8857,05/04/2024,3,2,3,2,3,27.0 €,2024-04-05,,27.0,
8858,04/04/2024,4,3,4,3,4,28.0 €,2024-04-04,,28.0,
8859,INVALID_DATE,5,4,5,4,5,74.5 USD,,Fecha inválida: INVALID_DATE,64.78,
8860,2024-04-02,6,1,6,1,1,30.0 €,2024-04-02,,30.0,
8861,01/04/2024,7,2,7,2,2,31.0 €,2024-04-01,,31.0,
8863,INVALID_DATE,2,4,2,4,4,33.0 €,,Fecha inválida: INVALID_DATE,33.0,
8864,2024-03-29,3,1,3,1,5,34.0 €,2024-03-29,,34.0,
8865,28/03/2024,4,2,4,2,1,80.5 USD,2024-03-28,,70.0,
8867,INVALID_DATE,6,4,6,4,3,37.0 €,,Fecha inválida: INVALID_DATE,37.0,
8868,2024-03-25,7,1,7,1,4,83.5 USD,2024-03-25,,72.61,
8871,INVALID_DATE,3,4,3,4,2,86.5 USD,,Fecha inválida: INVALID_DATE,75.22,
8872,2024-03-21,4,1,4,1,3,42.0 €,2024-03-21,,42.0,
8874,03/19/2024,6,3,6,3,5,89.5 USD,2024-03-19,,77.83,
8875,INVALID_DATE,7,4,7,4,1,45.0 €,,Fecha inválida: INVALID_DATE,45.0,
8877,16/03/2024,2,2,2,2,3,NULL,2024-03-16,,,MontoTotal_Raw nulo o vacío: NULL
8878,03/15/2024,3,3,3,3,4,48.0 €,2024-03-15,,48.0,
8879,INVALID_DATE,4,4,4,4,5,49.0 €,,Fecha inválida: INVALID_DATE,49.0,
8881,12/03/2024,6,2,6,2,2,51.0 €,2024-03-12,,51.0,
8882,03/11/2024,7,3,7,3,3,52.0 €,2024-11-03,,52.0,
8883,INVALID_DATE,1,4,1,4,4,98.5 USD,,Fecha inválida: INVALID_DATE,85.65,
8885,08/03/2024,3,2,3,2,1,55.0 €,2024-03-08,,55.0,
8886,03/07/2024,4,3,4,3,2,101.5 USD,2024-07-03,,88.26,
8887,INVALID_DATE,5,4,5,4,3,57.0 €,,Fecha inválida: INVALID_DATE,57.0,
8888,2024-03-05,6,1,6,1,4,58.0 €,2024-03-05,,58.0,
8889,04/03/2024,7,2,7,2,5,104.5 USD,2024-03-04,,90.87,
8891,INVALID_DATE,2,4,2,4,2,61.0 €,,Fecha inválida: INVALID_DATE,61.0,
8892,2024-03-01,3,1,3,1,3,107.5 USD,2024-03-01,,93.48,
8893,29/02/2024,4,2,4,2,4,63.0 €,2024-02-29,,63.0,
8895,INVALID_DATE,6,4,6,4,1,110.5 USD,,Fecha inválida: INVALID_DATE,96.09,
8896,2024-02-26,7,1,7,1,2,66.0 €,2024-02-26,,66.0,
8899,INVALID_DATE,3,4,3,4,5,69.0 €,,Fecha inválida: INVALID_DATE,69.0,
8900,2024-02-22,4,1,4,1,1,-150.00 €,2024-02-22,,,MontoTotal_Raw negativo: -150.00 €
8902,02/20/2024,6,3,6,3,3,72.0 €,2024-02-20,,72.0,
8903,INVALID_DATE,7,4,7,4,4,73.0 €,,Fecha inválida: INVALID_DATE,73.0,
8906,02/16/2024,3,3,3,3,2,76.0 €,2024-02-16,,76.0,
8907,INVALID_DATE,4,4,4,4,3,122.5 USD,,Fecha inválida: INVALID_DATE,106.52,
8909,13/02/2024,6,2,6,2,5,79.0 €,2024-02-13,,79.0,
8910,02/12/2024,7,3,7,3,1,NULL,2024-12-02,,,MontoTotal_Raw nulo o vacío: NULL
8911,INVALID_DATE,1,4,1,4,2,81.0 €,,Fecha inválida: INVALID_DATE,81.0,
8913,09/02/2024,3,2,3,2,4,128.5 USD,2024-02-09,,111.74,
8914,02/08/2024,4,3,4,3,5,84.0 €,2024-08-02,,84.0,
8915,INVALID_DATE,5,4,5,4,1,85.0 €,,Fecha inválida: INVALID_DATE,85.0,
8916,2024-02-06,6,1,6,1,2,131.5 USD,2024-02-06,,114.35,
8917,05/02/2024,7,2,7,2,3,87.0 €,2024-02-05,,87.0,
8919,INVALID_DATE,2,4,2,4,5,134.5 USD,,Fecha inválida: INVALID_DATE,116.96,
8920,2024-02-02,3,1,3,1,1,90.0 €,2024-02-02,,90.0,
8921,01/02/2024,4,2,4,2,2,91.0 €,2024-02-01,,91.0,
8923,INVALID_DATE,6,4,6,4,4,93.0 €,,Fecha inválida: INVALID_DATE,93.0,
8924,2024-01-29,7,1,7,1,5,94.0 €,2024-01-29,,94.0,
8927,INVALID_DATE,3,4,3,4,3,97.0 €,,Fecha inválida: INVALID_DATE,97.0,
8928,2024-01-25,4,1,4,1,4,143.5 USD,2024-01-25,,124.78,
8930,01/23/2024,6,3,6,3,1,100.0 €,2024-01-23,,100.0,
8931,INVALID_DATE,7,4,7,4,2,146.5 USD,,Fecha inválida: INVALID_DATE,127.39,
8934,01/19/2024,3,3,3,3,5,149.5 USD,2024-01-19,,130.0,
8935,INVALID_DATE,4,4,4,4,1,105.0 €,,Fecha inválida: INVALID_DATE,105.0,
8937,16/01/2024,6,2,6,2,3,152.5 USD,2024-01-16,,132.61,
8938,01/15/2024,7,3,7,3,4,108.0 €,2024-01-15,,108.0,
8939,INVALID_DATE,1,4,1,4,5,109.0 €,,Fecha inválida: INVALID_DATE,109.0,
8941,12/01/2024,3,2,3,2,2,111.0 €,2024-01-12,,111.0,
8942,01/11/2024,4,3,4,3,3,112.0 €,2024-11-01,,112.0,
8943,INVALID_DATE,5,4,5,4,4,NULL,,Fecha inválida: INVALID_DATE,,MontoTotal_Raw nulo o vacío: NULL
8944,2024-01-09,6,1,6,1,5,114.0 €,2024-01-09,,114.0,
8945,08/01/2024,7,2,7,2,1,115.0 €,2024-01-08,,115.0,
8947,INVALID_DATE,2,4,2,4,3,117.0 €,,Fecha inválida: INVALID_DATE,117.0,
8948,2024-01-05,3,1,3,1,4,118.0 €,2024-01-05,,118.0,
8949,04/01/2024,4,2,4,2,5,164.5 USD,2024-01-04,,143.04,
8950,01/03/2024,5,3,5,3,1,-150.00 €,2024-03-01,,,MontoTotal_Raw negativo: -150.00 €
8951,INVALID_DATE,6,4,6,4,2,121.0 €,,Fecha inválida: INVALID_DATE,121.0,
8952,2024-01-01,7,1,7,1,3,167.5 USD,2024-01-01,,145.65,
8955,INVALID_DATE,3,4,3,4,1,170.5 USD,,Fecha inválida: INVALID_DATE,148.26,
8956,2023-12-28,4,1,4,1,2,126.0 €,2023-12-28,,126.0,
8958,12/26/2023,6,3,6,3,4,173.5 USD,2023-12-26,,150.87,
8959,INVALID_DATE,7,4,7,4,5,129.0 €,,Fecha inválida: INVALID_DATE,129.0,
8962,12/22/2023,3,3,3,3,3,132.0 €,2023-12-22,,132.0,
8963,INVALID_DATE,4,4,4,4,4,133.0 €,,Fecha inválida: INVALID_DATE,133.0,
8965,19/12/2023,6,2,6,2,1,135.0 €,2023-12-19,,135.0,
8966,12/18/2023,7,3,7,3,2,136.0 €,2023-12-18,,136.0,
8967,INVALID_DATE,1,4,1,4,3,182.5 USD,,Fecha inválida: INVALID_DATE,158.7,
8969,15/12/2023,3,2,3,2,5,139.0 €,2023-12-15,,139.0,
8970,12/14/2023,4,3,4,3,1,185.5 USD,2023-12-14,,161.3,
8971,INVALID_DATE,5,4,5,4,2,141.0 €,,Fecha inválida: INVALID_DATE,141.0,
8972,2023-12-12,6,1,6,1,3,142.0 €,2023-12-12,,142.0,
8973,11/12/2023,7,2,7,2,4,188.5 USD,2023-12-11,,163.91,
8975,INVALID_DATE,2,4,2,4,1,145.0 €,,Fecha inválida: INVALID_DATE,145.0,
8976,2023-12-08,3,1,3,1,2,NULL,2023-12-08,,,MontoTotal_Raw nulo o vacío: NULL
8977,07/12/2023,4,2,4,2,3,147.0 €,2023-12-07,,147.0,
8979,INVALID_DATE,6,4,6,4,5,194.5 USD,,Fecha inválida: INVALID_DATE,169.13,
8980,2023-12-04,7,1,7,1,1,150.0 €,2023-12-04,,150.0,
8983,INVALID_DATE,3,4,3,4,4,153.0 €,,Fecha inválida: INVALID_DATE,153.0,
8984,2023-11-30,4,1,4,1,5,154.0 €,2023-11-30,,154.0,
8986,11/28/2023,6,3,6,3,2,156.0 €,2023-11-28,,156.0,
8987,INVALID_DATE,7,4,7,4,3,157.0 €,,Fecha inválida: INVALID_DATE,157.0,
8990,11/24/2023,3,3,3,3,1,160.0 €,2023-11-24,,160.0,
8991,INVALID_DATE,4,4,4,4,2,206.5 USD,,Fecha inválida: INVALID_DATE,179.57,
8993,21/11/2023,6,2,6,2,4,163.0 €,2023-11-21,,163.0,
8994,11/20/2023,7,3,7,3,5,209.5 USD,2023-11-20,,182.17,
8995,INVALID_DATE,1,4,1,4,1,165.0 €,,Fecha inválida: INVALID_DATE,165.0,
8997,17/11/2023,3,2,3,2,3,212.5 USD,2023-11-17,,184.78,
8998,11/16/2023,4,3,4,3,4,168.0 €,2023-11-16,,168.0,
8999,INVALID_DATE,5,4,5,4,5,169.0 €,,Fecha inválida: INVALID_DATE,169.0,
9000,2026-08-10,6,1,6,1,1,-150.00 €,2026-08-10,,,MontoTotal_Raw negativo: -150.00 €
9001,09/08/2026,7,2,7,2,2,21.0 €,2026-08-09,,21.0,
9003,INVALID_DATE,2,4,2,4,4,18.5 USD,,Fecha inválida: INVALID_DATE,16.09,
9004,2026-08-06,3,1,3,1,5,24.0 €,2026-08-06,,24.0,
9005,05/08/2026,4,2,4,2,1,25.0 €,2026-08-05,,25.0,
9007,INVALID_DATE,6,4,6,4,3,27.0 €,,Fecha inválida: INVALID_DATE,27.0,
9008,2026-08-02,7,1,7,1,4,28.0 €,2026-08-02,,28.0,
9009,01/08/2026,1,2,1,2,5,NULL,2026-08-01,,,MontoTotal_Raw nulo o vacío: NULL
9011,INVALID_DATE,3,4,3,4,2,31.0 €,,Fecha inválida: INVALID_DATE,31.0,
9012,2026-07-29,4,1,4,1,3,27.5 USD,2026-07-29,,23.91,
9014,07/27/2026,6,3,6,3,5,34.0 €,2026-07-27,,34.0,
9015,INVALID_DATE,7,4,7,4,1,30.5 USD,,Fecha inválida: INVALID_DATE,26.52,
9018,07/23/2026,3,3,3,3,4,33.5 USD,2026-07-23,,29.13,
9019,INVALID_DATE,4,4,4,4,5,39.0 €,,Fecha inválida: INVALID_DATE,39.0,
9021,20/07/2026,6,2,6,2,2,36.5 USD,2026-07-20,,31.74,
9022,07/19/2026,7,3,7,3,3,42.0 €,2026-07-19,,42.0,
9023,INVALID_DATE,1,4,1,4,4,43.0 €,,Fecha inválida: INVALID_DATE,43.0,
9025,16/07/2026,3,2,3,2,1,45.0 €,2026-07-16,,45.0,
9026,07/15/2026,4,3,4,3,2,46.0 €,2026-07-15,,46.0,
9027,INVALID_DATE,5,4,5,4,3,42.5 USD,,Fecha inválida: INVALID_DATE,36.96,
9028,2026-07-13,6,1,6,1,4,48.0 €,2026-07-13,,48.0,
9029,12/07/2026,7,2,7,2,5,49.0 €,2026-07-12,,49.0,
9031,INVALID_DATE,2,4,2,4,2,51.0 €,,Fecha inválida: INVALID_DATE,51.0,
9032,2026-07-09,3,1,3,1,3,52.0 €,2026-07-09,,52.0,
9033,08/07/2026,4,2,4,2,4,48.5 USD,2026-07-08,,42.17,
9035,INVALID_DATE,6,4,6,4,1,55.0 €,,Fecha inválida: INVALID_DATE,55.0,
9036,2026-07-05,7,1,7,1,2,51.5 USD,2026-07-05,,44.78,
9039,INVALID_DATE,3,4,3,4,5,54.5 USD,,Fecha inválida: INVALID_DATE,47.39,
9040,2026-07-01,4,1,4,1,1,60.0 €,2026-07-01,,60.0,
9042,06/29/2026,6,3,6,3,3,NULL,2026-06-29,,,MontoTotal_Raw nulo o vacío: NULL
9043,INVALID_DATE,7,4,7,4,4,63.0 €,,Fecha inválida: INVALID_DATE,63.0,
9046,06/25/2026,3,3,3,3,2,66.0 €,2026-06-25,,66.0,
9047,INVALID_DATE,4,4,4,4,3,67.0 €,,Fecha inválida: INVALID_DATE,67.0,
9049,22/06/2026,6,2,6,2,5,69.0 €,2026-06-22,,69.0,
9050,06/21/2026,7,3,7,3,1,-150.00 €,2026-06-21,,,MontoTotal_Raw negativo: -150.00 €
9051,INVALID_DATE,1,4,1,4,2,66.5 USD,,Fecha inválida: INVALID_DATE,57.83,
9053,18/06/2026,3,2,3,2,4,73.0 €,2026-06-18,,73.0,
9054,06/17/2026,4,3,4,3,5,69.5 USD,2026-06-17,,60.43,
9055,INVALID_DATE,5,4,5,4,1,75.0 €,,Fecha inválida: INVALID_DATE,75.0,
9056,2026-06-15,6,1,6,1,2,76.0 €,2026-06-15,,76.0,
9057,14/06/2026,7,2,7,2,3,72.5 USD,2026-06-14,,63.04,
9059,INVALID_DATE,2,4,2,4,5,79.0 €,,Fecha inválida: INVALID_DATE,79.0,
9060,2026-06-11,3,1,3,1,1,75.5 USD,2026-06-11,,65.65,
9061,10/06/2026,4,2,4,2,2,81.0 €,2026-06-10,,81.0,
9063,INVALID_DATE,6,4,6,4,4,78.5 USD,,Fecha inválida: INVALID_DATE,68.26,
9064,2026-06-07,7,1,7,1,5,84.0 €,2026-06-07,,84.0,
9067,INVALID_DATE,3,4,3,4,3,87.0 €,,Fecha inválida: INVALID_DATE,87.0,
9068,2026-06-03,4,1,4,1,4,88.0 €,2026-06-03,,88.0,
9070,06/01/2026,6,3,6,3,1,90.0 €,2026-01-06,,90.0,
9071,INVALID_DATE,7,4,7,4,2,91.0 €,,Fecha inválida: INVALID_DATE,91.0,
9074,05/28/2026,3,3,3,3,5,94.0 €,2026-05-28,,94.0,
9075,INVALID_DATE,4,4,4,4,1,NULL,,Fecha inválida: INVALID_DATE,,MontoTotal_Raw nulo o vacío: NULL
9077,25/05/2026,6,2,6,2,3,97.0 €,2026-05-25,,97.0,
9078,05/24/2026,7,3,7,3,4,93.5 USD,2026-05-24,,81.3,
9079,INVALID_DATE,1,4,1,4,5,99.0 €,,Fecha inválida: INVALID_DATE,99.0,
9081,21/05/2026,3,2,3,2,2,96.5 USD,2026-05-21,,83.91,
9082,05/20/2026,4,3,4,3,3,102.0 €,2026-05-20,,102.0,
9083,INVALID_DATE,5,4,5,4,4,103.0 €,,Fecha inválida: INVALID_DATE,103.0,
9084,2026-05-18,6,1,6,1,5,99.5 USD,2026-05-18,,86.52,
9085,17/05/2026,7,2,7,2,1,105.0 €,2026-05-17,,105.0,
9087,INVALID_DATE,2,4,2,4,3,102.5 USD,,Fecha inválida: INVALID_DATE,89.13,
9088,2026-05-14,3,1,3,1,4,108.0 €,2026-05-14,,108.0,
9089,13/05/2026,4,2,4,2,5,109.0 €,2026-05-13,,109.0,
9091,INVALID_DATE,6,4,6,4,2,111.0 €,,Fecha inválida: INVALID_DATE,111.0,
9092,2026-05-10,7,1,7,1,3,112.0 €,2026-05-10,,112.0,
9095,INVALID_DATE,3,4,3,4,1,115.0 €,,Fecha inválida: INVALID_DATE,115.0,
9096,2026-05-06,4,1,4,1,2,111.5 USD,2026-05-06,,96.96,
9098,05/04/2026,6,3,6,3,4,118.0 €,2026-04-05,,118.0,
9099,INVALID_DATE,7,4,7,4,5,114.5 USD,,Fecha inválida: INVALID_DATE,99.57,
9100,2026-05-02,1,1,1,1,1,-150.00 €,2026-05-02,,,MontoTotal_Raw negativo: -150.00 €
9102,04/30/2026,3,3,3,3,3,117.5 USD,2026-04-30,,102.17,
9103,INVALID_DATE,4,4,4,4,4,123.0 €,,Fecha inválida: INVALID_DATE,123.0,
9105,27/04/2026,6,2,6,2,1,120.5 USD,2026-04-27,,104.78,
9106,04/26/2026,7,3,7,3,2,126.0 €,2026-04-26,,126.0,
9107,INVALID_DATE,1,4,1,4,3,127.0 €,,Fecha inválida: INVALID_DATE,127.0,
9108,2026-04-24,2,1,2,1,4,NULL,2026-04-24,,,MontoTotal_Raw nulo o vacío: NULL
9109,23/04/2026,3,2,3,2,5,129.0 €,2026-04-23,,129.0,
9110,04/22/2026,4,3,4,3,1,130.0 €,2026-04-22,,130.0,
9111,INVALID_DATE,5,4,5,4,2,126.5 USD,,Fecha inválida: INVALID_DATE,110.0,
9112,2026-04-20,6,1,6,1,3,132.0 €,2026-04-20,,132.0,
9113,19/04/2026,7,2,7,2,4,133.0 €,2026-04-19,,133.0,
9115,INVALID_DATE,2,4,2,4,1,135.0 €,,Fecha inválida: INVALID_DATE,135.0,
9116,2026-04-16,3,1,3,1,2,136.0 €,2026-04-16,,136.0,
9117,15/04/2026,4,2,4,2,3,132.5 USD,2026-04-15,,115.22,
9119,INVALID_DATE,6,4,6,4,5,139.0 €,,Fecha inválida: INVALID_DATE,139.0,
9120,2026-04-12,7,1,7,1,1,135.5 USD,2026-04-12,,117.83,
9123,INVALID_DATE,3,4,3,4,4,138.5 USD,,Fecha inválida: INVALID_DATE,120.43,
9124,2026-04-08,4,1,4,1,5,144.0 €,2026-04-08,,144.0,
9126,04/06/2026,6,3,6,3,2,141.5 USD,2026-06-04,,123.04,
9127,INVALID_DATE,7,4,7,4,3,147.0 €,,Fecha inválida: INVALID_DATE,147.0,
9130,04/02/2026,3,3,3,3,1,150.0 €,2026-02-04,,150.0,
9131,INVALID_DATE,4,4,4,4,2,151.0 €,,Fecha inválida: INVALID_DATE,151.0,
9133,30/03/2026,6,2,6,2,4,153.0 €,2026-03-30,,153.0,
9134,03/29/2026,7,3,7,3,5,154.0 €,2026-03-29,,154.0,
9135,INVALID_DATE,1,4,1,4,1,150.5 USD,,Fecha inválida: INVALID_DATE,130.87,
9137,26/03/2026,3,2,3,2,3,157.0 €,2026-03-26,,157.0,
9138,03/25/2026,4,3,4,3,4,153.5 USD,2026-03-25,,133.48,
9139,INVALID_DATE,5,4,5,4,5,159.0 €,,Fecha inválida: INVALID_DATE,159.0,
9140,2026-03-23,6,1,6,1,1,160.0 €,2026-03-23,,160.0,
9141,22/03/2026,7,2,7,2,2,NULL,2026-03-22,,,MontoTotal_Raw nulo o vacío: NULL
9143,INVALID_DATE,2,4,2,4,4,163.0 €,,Fecha inválida: INVALID_DATE,163.0,
9144,2026-03-19,3,1,3,1,5,159.5 USD,2026-03-19,,138.7,
9145,18/03/2026,4,2,4,2,1,165.0 €,2026-03-18,,165.0,
9147,INVALID_DATE,6,4,6,4,3,162.5 USD,,Fecha inválida: INVALID_DATE,141.3,
9148,2026-03-15,7,1,7,1,4,168.0 €,2026-03-15,,168.0,
9150,03/13/2026,2,3,2,3,1,-150.00 €,2026-03-13,,,MontoTotal_Raw negativo: -150.00 €
9151,INVALID_DATE,3,4,3,4,2,21.0 €,,Fecha inválida: INVALID_DATE,21.0,
9152,2026-03-11,4,1,4,1,3,22.0 €,2026-03-11,,22.0,
9154,03/09/2026,6,3,6,3,5,24.0 €,2026-09-03,,24.0,
9155,INVALID_DATE,7,4,7,4,1,25.0 €,,Fecha inválida: INVALID_DATE,25.0,
9158,03/05/2026,3,3,3,3,4,28.0 €,2026-05-03,,28.0,
9159,INVALID_DATE,4,4,4,4,5,174.5 USD,,Fecha inválida: INVALID_DATE,151.74,
9161,02/03/2026,6,2,6,2,2,31.0 €,2026-03-02,,31.0,
9162,03/01/2026,7,3,7,3,3,177.5 USD,2026-01-03,,154.35,
9163,INVALID_DATE,1,4,1,4,4,33.0 €,,Fecha inválida: INVALID_DATE,33.0,
9165,26/02/2026,3,2,3,2,1,180.5 USD,2026-02-26,,156.96,
9166,02/25/2026,4,3,4,3,2,36.0 €,2026-02-25,,36.0,
9167,INVALID_DATE,5,4,5,4,3,37.0 €,,Fecha inválida: INVALID_DATE,37.0,
9168,2026-02-23,6,1,6,1,4,183.5 USD,2026-02-23,,159.57,
9169,22/02/2026,7,2,7,2,5,39.0 €,2026-02-22,,39.0,
9171,INVALID_DATE,2,4,2,4,2,186.5 USD,,Fecha inválida: INVALID_DATE,162.17,
9172,2026-02-19,3,1,3,1,3,42.0 €,2026-02-19,,42.0,
9173,18/02/2026,4,2,4,2,4,43.0 €,2026-02-18,,43.0,
9174,02/17/2026,5,3,5,3,5,NULL,2026-02-17,,,MontoTotal_Raw nulo o vacío: NULL
9175,INVALID_DATE,6,4,6,4,1,45.0 €,,Fecha inválida: INVALID_DATE,45.0,
9176,2026-02-15,7,1,7,1,2,46.0 €,2026-02-15,,46.0,
9179,INVALID_DATE,3,4,3,4,5,49.0 €,,Fecha inválida: INVALID_DATE,49.0,
9180,2026-02-11,4,1,4,1,1,195.5 USD,2026-02-11,,170.0,
9182,02/09/2026,6,3,6,3,3,52.0 €,2026-09-02,,52.0,
9183,INVALID_DATE,7,4,7,4,4,198.5 USD,,Fecha inválida: INVALID_DATE,172.61,
9186,02/05/2026,3,3,3,3,2,201.5 USD,2026-05-02,,175.22,
9187,INVALID_DATE,4,4,4,4,3,57.0 €,,Fecha inválida: INVALID_DATE,57.0,
9189,02/02/2026,6,2,6,2,5,204.5 USD,2026-02-02,,177.83,
9190,02/01/2026,7,3,7,3,1,60.0 €,2026-01-02,,60.0,
9191,INVALID_DATE,1,4,1,4,2,61.0 €,,Fecha inválida: INVALID_DATE,61.0,
9193,29/01/2026,3,2,3,2,4,63.0 €,2026-01-29,,63.0,
9194,01/28/2026,4,3,4,3,5,64.0 €,2026-01-28,,64.0,
9195,INVALID_DATE,5,4,5,4,1,210.5 USD,,Fecha inválida: INVALID_DATE,183.04,
9196,2026-01-26,6,1,6,1,2,66.0 €,2026-01-26,,66.0,
9197,25/01/2026,7,2,7,2,3,67.0 €,2026-01-25,,67.0,
9199,INVALID_DATE,2,4,2,4,5,69.0 €,,Fecha inválida: INVALID_DATE,69.0,
9200,2026-01-22,3,1,3,1,1,-150.00 €,2026-01-22,,,MontoTotal_Raw negativo: -150.00 €
9201,21/01/2026,4,2,4,2,2,16.5 USD,2026-01-21,,14.35,
9203,INVALID_DATE,6,4,6,4,4,73.0 €,,Fecha inválida: INVALID_DATE,73.0,
9204,2026-01-18,7,1,7,1,5,19.5 USD,2026-01-18,,16.96,
9207,INVALID_DATE,3,4,3,4,3,NULL,,Fecha inválida: INVALID_DATE,,MontoTotal_Raw nulo o vacío: NULL
9208,2026-01-14,4,1,4,1,4,78.0 €,2026-01-14,,78.0,
9210,01/12/2026,6,3,6,3,1,25.5 USD,2026-12-01,,22.17,
9211,INVALID_DATE,7,4,7,4,2,81.0 €,,Fecha inválida: INVALID_DATE,81.0,
9214,01/08/2026,3,3,3,3,5,84.0 €,2026-08-01,,84.0,
9215,INVALID_DATE,4,4,4,4,1,85.0 €,,Fecha inválida: INVALID_DATE,85.0,
9217,05/01/2026,6,2,6,2,3,87.0 €,2026-01-05,,87.0,
9218,01/04/2026,7,3,7,3,4,88.0 €,2026-04-01,,88.0,
9219,INVALID_DATE,1,4,1,4,5,34.5 USD,,Fecha inválida: INVALID_DATE,30.0,
9221,01/01/2026,3,2,3,2,2,91.0 €,2026-01-01,,91.0,
9222,12/31/2025,4,3,4,3,3,37.5 USD,2025-12-31,,32.61,
9223,INVALID_DATE,5,4,5,4,4,93.0 €,,Fecha inválida: INVALID_DATE,93.0,
9224,2025-12-29,6,1,6,1,5,94.0 €,2025-12-29,,94.0,
9225,28/12/2025,7,2,7,2,1,40.5 USD,2025-12-28,,35.22,
9227,INVALID_DATE,2,4,2,4,3,97.0 €,,Fecha inválida: INVALID_DATE,97.0,
9228,2025-12-25,3,1,3,1,4,43.5 USD,2025-12-25,,37.83,
9229,24/12/2025,4,2,4,2,5,99.0 €,2025-12-24,,99.0,
9231,INVALID_DATE,6,4,6,4,2,46.5 USD,,Fecha inválida: INVALID_DATE,40.43,
9232,2025-12-21,7,1,7,1,3,102.0 €,2025-12-21,,102.0,
9235,INVALID_DATE,3,4,3,4,1,105.0 €,,Fecha inválida: INVALID_DATE,105.0,
9236,2025-12-17,4,1,4,1,2,106.0 €,2025-12-17,,106.0,
9238,12/15/2025,6,3,6,3,4,108.0 €,2025-12-15,,108.0,
9239,INVALID_DATE,7,4,7,4,5,109.0 €,,Fecha inválida: INVALID_DATE,109.0,
9240,2025-12-13,1,1,1,1,1,NULL,2025-12-13,,,MontoTotal_Raw nulo o vacío: NULL
9242,12/11/2025,3,3,3,3,3,112.0 €,2025-11-12,,112.0,
9243,INVALID_DATE,4,4,4,4,4,58.5 USD,,Fecha inválida: INVALID_DATE,50.87,
9245,08/12/2025,6,2,6,2,1,115.0 €,2025-12-08,,115.0,
9246,12/07/2025,7,3,7,3,2,61.5 USD,2025-07-12,,53.48,
9247,INVALID_DATE,1,4,1,4,3,117.0 €,,Fecha inválida: INVALID_DATE,117.0,
9249,04/12/2025,3,2,3,2,5,64.5 USD,2025-12-04,,56.09,
9250,12/03/2025,4,3,4,3,1,-150.00 €,2025-03-12,,,MontoTotal_Raw negativo: -150.00 €
9251,INVALID_DATE,5,4,5,4,2,121.0 €,,Fecha inválida: INVALID_DATE,121.0,
9252,2025-12-01,6,1,6,1,3,67.5 USD,2025-12-01,,58.7,
9253,30/11/2025,7,2,7,2,4,123.0 €,2025-11-30,,123.0,
9255,INVALID_DATE,2,4,2,4,1,70.5 USD,,Fecha inválida: INVALID_DATE,61.3,
9256,2025-11-27,3,1,3,1,2,126.0 €,2025-11-27,,126.0,
9257,26/11/2025,4,2,4,2,3,127.0 €,2025-11-26,,127.0,
9259,INVALID_DATE,6,4,6,4,5,129.0 €,,Fecha inválida: INVALID_DATE,129.0,
9260,2025-11-23,7,1,7,1,1,130.0 €,2025-11-23,,130.0,
9263,INVALID_DATE,3,4,3,4,4,133.0 €,,Fecha inválida: INVALID_DATE,133.0,
9264,2025-11-19,4,1,4,1,5,79.5 USD,2025-11-19,,69.13,
9266,11/17/2025,6,3,6,3,2,136.0 €,2025-11-17,,136.0,
9267,INVALID_DATE,7,4,7,4,3,82.5 USD,,Fecha inválida: INVALID_DATE,71.74,
9270,11/13/2025,3,3,3,3,1,85.5 USD,2025-11-13,,74.35,
9271,INVALID_DATE,4,4,4,4,2,141.0 €,,Fecha inválida: INVALID_DATE,141.0,
9273,10/11/2025,6,2,6,2,4,NULL,2025-11-10,,,MontoTotal_Raw nulo o vacío: NULL
9274,11/09/2025,7,3,7,3,5,144.0 €,2025-09-11,,144.0,
9275,INVALID_DATE,1,4,1,4,1,145.0 €,,Fecha inválida: INVALID_DATE,145.0,
9277,06/11/2025,3,2,3,2,3,147.0 €,2025-11-06,,147.0,
9278,11/05/2025,4,3,4,3,4,148.0 €,2025-05-11,,148.0,
9279,INVALID_DATE,5,4,5,4,5,94.5 USD,,Fecha inválida: INVALID_DATE,82.17,
9280,2025-11-03,6,1,6,1,1,150.0 €,2025-11-03,,150.0,
9281,02/11/2025,7,2,7,2,2,151.0 €,2025-11-02,,151.0,
9283,INVALID_DATE,2,4,2,4,4,153.0 €,,Fecha inválida: INVALID_DATE,153.0,
9284,2025-10-30,3,1,3,1,5,154.0 €,2025-10-30,,154.0,
9285,29/10/2025,4,2,4,2,1,100.5 USD,2025-10-29,,87.39,
9287,INVALID_DATE,6,4,6,4,3,157.0 €,,Fecha inválida: INVALID_DATE,157.0,
9288,2025-10-26,7,1,7,1,4,103.5 USD,2025-10-26,,90.0,
9291,INVALID_DATE,3,4,3,4,2,106.5 USD,,Fecha inválida: INVALID_DATE,92.61,
9292,2025-10-22,4,1,4,1,3,162.0 €,2025-10-22,,162.0,
9294,10/20/2025,6,3,6,3,5,109.5 USD,2025-10-20,,95.22,
9295,INVALID_DATE,7,4,7,4,1,165.0 €,,Fecha inválida: INVALID_DATE,165.0,
9298,10/16/2025,3,3,3,3,4,168.0 €,2025-10-16,,168.0,
9299,INVALID_DATE,4,4,4,4,5,169.0 €,,Fecha inválida: INVALID_DATE,169.0,
9300,2025-10-14,5,1,5,1,1,-150.00 €,2025-10-14,,,MontoTotal_Raw negativo: -150.00 €
9301,13/10/2025,6,2,6,2,2,21.0 €,2025-10-13,,21.0,
9302,10/12/2025,7,3,7,3,3,22.0 €,2025-12-10,,22.0,
9303,INVALID_DATE,1,4,1,4,4,118.5 USD,,Fecha inválida: INVALID_DATE,103.04,
9305,09/10/2025,3,2,3,2,1,25.0 €,2025-10-09,,25.0,
9306,10/08/2025,4,3,4,3,2,NULL,2025-08-10,,,MontoTotal_Raw nulo o vacío: NULL
9307,INVALID_DATE,5,4,5,4,3,27.0 €,,Fecha inválida: INVALID_DATE,27.0,
9308,2025-10-06,6,1,6,1,4,28.0 €,2025-10-06,,28.0,
9309,05/10/2025,7,2,7,2,5,124.5 USD,2025-10-05,,108.26,
9311,INVALID_DATE,2,4,2,4,2,31.0 €,,Fecha inválida: INVALID_DATE,31.0,
9312,2025-10-02,3,1,3,1,3,127.5 USD,2025-10-02,,110.87,
9313,01/10/2025,4,2,4,2,4,33.0 €,2025-10-01,,33.0,
9315,INVALID_DATE,6,4,6,4,1,130.5 USD,,Fecha inválida: INVALID_DATE,113.48,
9316,2025-09-28,7,1,7,1,2,36.0 €,2025-09-28,,36.0,
9319,INVALID_DATE,3,4,3,4,5,39.0 €,,Fecha inválida: INVALID_DATE,39.0,
9320,2025-09-24,4,1,4,1,1,40.0 €,2025-09-24,,40.0,
9322,09/22/2025,6,3,6,3,3,42.0 €,2025-09-22,,42.0,
9323,INVALID_DATE,7,4,7,4,4,43.0 €,,Fecha inválida: INVALID_DATE,43.0,
9326,09/18/2025,3,3,3,3,2,46.0 €,2025-09-18,,46.0,
9327,INVALID_DATE,4,4,4,4,3,142.5 USD,,Fecha inválida: INVALID_DATE,123.91,
9329,15/09/2025,6,2,6,2,5,49.0 €,2025-09-15,,49.0,
9330,09/14/2025,7,3,7,3,1,145.5 USD,2025-09-14,,126.52,
9331,INVALID_DATE,1,4,1,4,2,51.0 €,,Fecha inválida: INVALID_DATE,51.0,
9333,11/09/2025,3,2,3,2,4,148.5 USD,2025-09-11,,129.13,
9334,09/10/2025,4,3,4,3,5,54.0 €,2025-10-09,,54.0,
9335,INVALID_DATE,5,4,5,4,1,55.0 €,,Fecha inválida: INVALID_DATE,55.0,
9336,2025-09-08,6,1,6,1,2,151.5 USD,2025-09-08,,131.74,
9337,07/09/2025,7,2,7,2,3,57.0 €,2025-09-07,,57.0,
9339,INVALID_DATE,2,4,2,4,5,NULL,,Fecha inválida: INVALID_DATE,,MontoTotal_Raw nulo o vacío: NULL
9340,2025-09-04,3,1,3,1,1,60.0 €,2025-09-04,,60.0,
9341,03/09/2025,4,2,4,2,2,61.0 €,2025-09-03,,61.0,
9343,INVALID_DATE,6,4,6,4,4,63.0 €,,Fecha inválida: INVALID_DATE,63.0,
9344,2025-08-31,7,1,7,1,5,64.0 €,2025-08-31,,64.0,
9347,INVALID_DATE,3,4,3,4,3,67.0 €,,Fecha inválida: INVALID_DATE,67.0,
9348,2025-08-27,4,1,4,1,4,163.5 USD,2025-08-27,,142.17,
9350,08/25/2025,6,3,6,3,1,-150.00 €,2025-08-25,,,MontoTotal_Raw negativo: -150.00 €
9351,INVALID_DATE,7,4,7,4,2,166.5 USD,,Fecha inválida: INVALID_DATE,144.78,
9354,08/21/2025,3,3,3,3,5,169.5 USD,2025-08-21,,147.39,
9355,INVALID_DATE,4,4,4,4,1,75.0 €,,Fecha inválida: INVALID_DATE,75.0,
9357,18/08/2025,6,2,6,2,3,172.5 USD,2025-08-18,,150.0,
9358,08/17/2025,7,3,7,3,4,78.0 €,2025-08-17,,78.0,
9359,INVALID_DATE,1,4,1,4,5,79.0 €,,Fecha inválida: INVALID_DATE,79.0,
9361,14/08/2025,3,2,3,2,2,81.0 €,2025-08-14,,81.0,
9362,08/13/2025,4,3,4,3,3,82.0 €,2025-08-13,,82.0,
9363,INVALID_DATE,5,4,5,4,4,178.5 USD,,Fecha inválida: INVALID_DATE,155.22,
9364,2025-08-11,6,1,6,1,5,84.0 €,2025-08-11,,84.0,
9365,10/08/2025,7,2,7,2,1,85.0 €,2025-08-10,,85.0,
9367,INVALID_DATE,2,4,2,4,3,87.0 €,,Fecha inválida: INVALID_DATE,87.0,
9368,2025-08-07,3,1,3,1,4,88.0 €,2025-08-07,,88.0,
9369,06/08/2025,4,2,4,2,5,184.5 USD,2025-08-06,,160.43,
9371,INVALID_DATE,6,4,6,4,2,91.0 €,,Fecha inválida: INVALID_DATE,91.0,
9372,2025-08-03,7,1,7,1,3,NULL,2025-08-03,,,MontoTotal_Raw nulo o vacío: NULL
9375,INVALID_DATE,3,4,3,4,1,190.5 USD,,Fecha inválida: INVALID_DATE,165.65,
9376,2025-07-30,4,1,4,1,2,96.0 €,2025-07-30,,96.0,
9378,07/28/2025,6,3,6,3,4,193.5 USD,2025-07-28,,168.26,
9379,INVALID_DATE,7,4,7,4,5,99.0 €,,Fecha inválida: INVALID_DATE,99.0,
9382,07/24/2025,3,3,3,3,3,102.0 €,2025-07-24,,102.0,
9383,INVALID_DATE,4,4,4,4,4,103.0 €,,Fecha inválida: INVALID_DATE,103.0,
9385,21/07/2025,6,2,6,2,1,105.0 €,2025-07-21,,105.0,
9386,07/20/2025,7,3,7,3,2,106.0 €,2025-07-20,,106.0,
9387,INVALID_DATE,1,4,1,4,3,202.5 USD,,Fecha inválida: INVALID_DATE,176.09,
9389,17/07/2025,3,2,3,2,5,109.0 €,2025-07-17,,109.0,
9390,07/16/2025,4,3,4,3,1,205.5 USD,2025-07-16,,178.7,
9391,INVALID_DATE,5,4,5,4,2,111.0 €,,Fecha inválida: INVALID_DATE,111.0,
9392,2025-07-14,6,1,6,1,3,112.0 €,2025-07-14,,112.0,
9393,13/07/2025,7,2,7,2,4,208.5 USD,2025-07-13,,181.3,
9395,INVALID_DATE,2,4,2,4,1,115.0 €,,Fecha inválida: INVALID_DATE,115.0,
9396,2025-07-10,3,1,3,1,2,211.5 USD,2025-07-10,,183.91,
9397,09/07/2025,4,2,4,2,3,117.0 €,2025-07-09,,117.0,
9399,INVALID_DATE,6,4,6,4,5,214.5 USD,,Fecha inválida: INVALID_DATE,186.52,
9400,2025-07-06,7,1,7,1,1,-150.00 €,2025-07-06,,,MontoTotal_Raw negativo: -150.00 €
9403,INVALID_DATE,3,4,3,4,4,123.0 €,,Fecha inválida: INVALID_DATE,123.0,
9404,2025-07-02,4,1,4,1,5,124.0 €,2025-07-02,,124.0,
9405,01/07/2025,5,2,5,2,1,NULL,2025-07-01,,,MontoTotal_Raw nulo o vacío: NULL
9406,06/30/2025,6,3,6,3,2,126.0 €,2025-06-30,,126.0,
9407,INVALID_DATE,7,4,7,4,3,127.0 €,,Fecha inválida: INVALID_DATE,127.0,
9410,06/26/2025,3,3,3,3,1,130.0 €,2025-06-26,,130.0,
9411,INVALID_DATE,4,4,4,4,2,26.5 USD,,Fecha inválida: INVALID_DATE,23.04,
9413,23/06/2025,6,2,6,2,4,133.0 €,2025-06-23,,133.0,
9414,06/22/2025,7,3,7,3,5,29.5 USD,2025-06-22,,25.65,
9415,INVALID_DATE,1,4,1,4,1,135.0 €,,Fecha inválida: INVALID_DATE,135.0,
9417,19/06/2025,3,2,3,2,3,32.5 USD,2025-06-19,,28.26,
9418,06/18/2025,4,3,4,3,4,138.0 €,2025-06-18,,138.0,
9419,INVALID_DATE,5,4,5,4,5,139.0 €,,Fecha inválida: INVALID_DATE,139.0,
9420,2025-06-16,6,1,6,1,1,35.5 USD,2025-06-16,,30.87,
9421,15/06/2025,7,2,7,2,2,141.0 €,2025-06-15,,141.0,
9423,INVALID_DATE,2,4,2,4,4,38.5 USD,,Fecha inválida: INVALID_DATE,33.48,
9424,2025-06-12,3,1,3,1,5,144.0 €,2025-06-12,,144.0,
9425,11/06/2025,4,2,4,2,1,145.0 €,2025-06-11,,145.0,
9427,INVALID_DATE,6,4,6,4,3,147.0 €,,Fecha inválida: INVALID_DATE,147.0,
9428,2025-06-08,7,1,7,1,4,148.0 €,2025-06-08,,148.0,
9431,INVALID_DATE,3,4,3,4,2,151.0 €,,Fecha inválida: INVALID_DATE,151.0,
9432,2025-06-04,4,1,4,1,3,47.5 USD,2025-06-04,,41.3,
9434,06/02/2025,6,3,6,3,5,154.0 €,2025-02-06,,154.0,
9435,INVALID_DATE,7,4,7,4,1,50.5 USD,,Fecha inválida: INVALID_DATE,43.91,
9438,05/29/2025,3,3,3,3,4,NULL,2025-05-29,,,MontoTotal_Raw nulo o vacío: NULL
9439,INVALID_DATE,4,4,4,4,5,159.0 €,,Fecha inválida: INVALID_DATE,159.0,
9441,26/05/2025,6,2,6,2,2,56.5 USD,2025-05-26,,49.13,
9442,05/25/2025,7,3,7,3,3,162.0 €,2025-05-25,,162.0,
9443,INVALID_DATE,1,4,1,4,4,163.0 €,,Fecha inválida: INVALID_DATE,163.0,
9445,22/05/2025,3,2,3,2,1,165.0 €,2025-05-22,,165.0,
9446,05/21/2025,4,3,4,3,2,166.0 €,2025-05-21,,166.0,
9447,INVALID_DATE,5,4,5,4,3,62.5 USD,,Fecha inválida: INVALID_DATE,54.35,
9448,2025-05-19,6,1,6,1,4,168.0 €,2025-05-19,,168.0,
9449,18/05/2025,7,2,7,2,5,169.0 €,2025-05-18,,169.0,
9450,05/17/2025,1,3,1,3,1,-150.00 €,2025-05-17,,,MontoTotal_Raw negativo: -150.00 €
9451,INVALID_DATE,2,4,2,4,2,21.0 €,,Fecha inválida: INVALID_DATE,21.0,
9452,2025-05-15,3,1,3,1,3,22.0 €,2025-05-15,,22.0,
9453,14/05/2025,4,2,4,2,4,68.5 USD,2025-05-14,,59.57,
9455,INVALID_DATE,6,4,6,4,1,25.0 €,,Fecha inválida: INVALID_DATE,25.0,
9456,2025-05-11,7,1,7,1,2,71.5 USD,2025-05-11,,62.17,
9459,INVALID_DATE,3,4,3,4,5,74.5 USD,,Fecha inválida: INVALID_DATE,64.78,
9460,2025-05-07,4,1,4,1,1,30.0 €,2025-05-07,,30.0,
9462,05/05/2025,6,3,6,3,3,77.5 USD,2025-05-05,,67.39,
9463,INVALID_DATE,7,4,7,4,4,33.0 €,,Fecha inválida: INVALID_DATE,33.0,
9466,05/01/2025,3,3,3,3,2,36.0 €,2025-01-05,,36.0,
9467,INVALID_DATE,4,4,4,4,3,37.0 €,,Fecha inválida: INVALID_DATE,37.0,
9469,28/04/2025,6,2,6,2,5,39.0 €,2025-04-28,,39.0,
9470,04/27/2025,7,3,7,3,1,40.0 €,2025-04-27,,40.0,
9471,INVALID_DATE,1,4,1,4,2,NULL,,Fecha inválida: INVALID_DATE,,MontoTotal_Raw nulo o vacío: NULL
9473,24/04/2025,3,2,3,2,4,43.0 €,2025-04-24,,43.0,
9474,04/23/2025,4,3,4,3,5,89.5 USD,2025-04-23,,77.83,
9475,INVALID_DATE,5,4,5,4,1,45.0 €,,Fecha inválida: INVALID_DATE,45.0,
9476,2025-04-21,6,1,6,1,2,46.0 €,2025-04-21,,46.0,
9477,20/04/2025,7,2,7,2,3,92.5 USD,2025-04-20,,80.43,
9479,INVALID_DATE,2,4,2,4,5,49.0 €,,Fecha inválida: INVALID_DATE,49.0,
9480,2025-04-17,3,1,3,1,1,95.5 USD,2025-04-17,,83.04,
9481,16/04/2025,4,2,4,2,2,51.0 €,2025-04-16,,51.0,
9483,INVALID_DATE,6,4,6,4,4,98.5 USD,,Fecha inválida: INVALID_DATE,85.65,
9484,2025-04-13,7,1,7,1,5,54.0 €,2025-04-13,,54.0,
9487,INVALID_DATE,3,4,3,4,3,57.0 €,,Fecha inválida: INVALID_DATE,57.0,
9488,2025-04-09,4,1,4,1,4,58.0 €,2025-04-09,,58.0,
9490,04/07/2025,6,3,6,3,1,60.0 €,2025-07-04,,60.0,
9491,INVALID_DATE,7,4,7,4,2,61.0 €,,Fecha inválida: INVALID_DATE,61.0,
9494,04/03/2025,3,3,3,3,5,64.0 €,2025-03-04,,64.0,
9495,INVALID_DATE,4,4,4,4,1,110.5 USD,,Fecha inválida: INVALID_DATE,96.09,
9497,31/03/2025,6,2,6,2,3,67.0 €,2025-03-31,,67.0,
9498,03/30/2025,7,3,7,3,4,113.5 USD,2025-03-30,,98.7,
9499,INVALID_DATE,1,4,1,4,5,69.0 €,,Fecha inválida: INVALID_DATE,69.0,
9500,2025-03-28,2,1,2,1,1,-150.00 €,2025-03-28,,,MontoTotal_Raw negativo: -150.00 €
9501,27/03/2025,3,2,3,2,2,116.5 USD,2025-03-27,,101.3,
9502,03/26/2025,4,3,4,3,3,72.0 €,2025-03-26,,72.0,
9503,INVALID_DATE,5,4,5,4,4,73.0 €,,Fecha inválida: INVALID_DATE,73.0,
9504,2025-03-24,6,1,6,1,5,NULL,2025-03-24,,,MontoTotal_Raw nulo o vacío: NULL
9505,23/03/2025,7,2,7,2,1,75.0 €,2025-03-23,,75.0,
9507,INVALID_DATE,2,4,2,4,3,122.5 USD,,Fecha inválida: INVALID_DATE,106.52,
9508,2025-03-20,3,1,3,1,4,78.0 €,2025-03-20,,78.0,
9509,19/03/2025,4,2,4,2,5,79.0 €,2025-03-19,,79.0,
9511,INVALID_DATE,6,4,6,4,2,81.0 €,,Fecha inválida: INVALID_DATE,81.0,
9512,2025-03-16,7,1,7,1,3,82.0 €,2025-03-16,,82.0,
9515,INVALID_DATE,3,4,3,4,1,85.0 €,,Fecha inválida: INVALID_DATE,85.0,
9516,2025-03-12,4,1,4,1,2,131.5 USD,2025-03-12,,114.35,
9518,03/10/2025,6,3,6,3,4,88.0 €,2025-10-03,,88.0,
9519,INVALID_DATE,7,4,7,4,5,134.5 USD,,Fecha inválida: INVALID_DATE,116.96,
9522,03/06/2025,3,3,3,3,3,137.5 USD,2025-06-03,,119.57,
9523,INVALID_DATE,4,4,4,4,4,93.0 €,,Fecha inválida: INVALID_DATE,93.0,
9525,03/03/2025,6,2,6,2,1,140.5 USD,2025-03-03,,122.17,
9526,03/02/2025,7,3,7,3,2,96.0 €,2025-02-03,,96.0,
9527,INVALID_DATE,1,4,1,4,3,97.0 €,,Fecha inválida: INVALID_DATE,97.0,
9529,27/02/2025,3,2,3,2,5,99.0 €,2025-02-27,,99.0,
9530,02/26/2025,4,3,4,3,1,100.0 €,2025-02-26,,100.0,
9531,INVALID_DATE,5,4,5,4,2,146.5 USD,,Fecha inválida: INVALID_DATE,127.39,
9532,2025-02-24,6,1,6,1,3,102.0 €,2025-02-24,,102.0,
9533,23/02/2025,7,2,7,2,4,103.0 €,2025-02-23,,103.0,
9535,INVALID_DATE,2,4,2,4,1,105.0 €,,Fecha inválida: INVALID_DATE,105.0,
9536,2025-02-20,3,1,3,1,2,106.0 €,2025-02-20,,106.0,
9537,19/02/2025,4,2,4,2,3,NULL,2025-02-19,,,MontoTotal_Raw nulo o vacío: NULL
9539,INVALID_DATE,6,4,6,4,5,109.0 €,,Fecha inválida: INVALID_DATE,109.0,
9540,2025-02-16,7,1,7,1,1,155.5 USD,2025-02-16,,135.22,
9543,INVALID_DATE,3,4,3,4,4,158.5 USD,,Fecha inválida: INVALID_DATE,137.83,
9544,2025-02-12,4,1,4,1,5,114.0 €,2025-02-12,,114.0,
9546,02/10/2025,6,3,6,3,2,161.5 USD,2025-10-02,,140.43,
9547,INVALID_DATE,7,4,7,4,3,117.0 €,,Fecha inválida: INVALID_DATE,117.0,
9550,02/06/2025,3,3,3,3,1,-150.00 €,2025-06-02,,,MontoTotal_Raw negativo: -150.00 €
9551,INVALID_DATE,4,4,4,4,2,121.0 €,,Fecha inválida: INVALID_DATE,121.0,
9553,03/02/2025,6,2,6,2,4,123.0 €,2025-02-03,,123.0,
9554,02/02/2025,7,3,7,3,5,124.0 €,2025-02-02,,124.0,
9555,INVALID_DATE,1,4,1,4,1,170.5 USD,,Fecha inválida: INVALID_DATE,148.26,
9557,30/01/2025,3,2,3,2,3,127.0 €,2025-01-30,,127.0,
9558,01/29/2025,4,3,4,3,4,173.5 USD,2025-01-29,,150.87,
9559,INVALID_DATE,5,4,5,4,5,129.0 €,,Fecha inválida: INVALID_DATE,129.0,
9560,2025-01-27,6,1,6,1,1,130.0 €,2025-01-27,,130.0,
9561,26/01/2025,7,2,7,2,2,176.5 USD,2025-01-26,,153.48,
9563,INVALID_DATE,2,4,2,4,4,133.0 €,,Fecha inválida: INVALID_DATE,133.0,
9564,2025-01-23,3,1,3,1,5,179.5 USD,2025-01-23,,156.09,
9565,22/01/2025,4,2,4,2,1,135.0 €,2025-01-22,,135.0,
9567,INVALID_DATE,6,4,6,4,3,182.5 USD,,Fecha inválida: INVALID_DATE,158.7,
9568,2025-01-19,7,1,7,1,4,138.0 €,2025-01-19,,138.0,
9570,01/17/2025,2,3,2,3,1,NULL,2025-01-17,,,MontoTotal_Raw nulo o vacío: NULL
9571,INVALID_DATE,3,4,3,4,2,141.0 €,,Fecha inválida: INVALID_DATE,141.0,
9572,2025-01-15,4,1,4,1,3,142.0 €,2025-01-15,,142.0,
9574,01/13/2025,6,3,6,3,5,144.0 €,2025-01-13,,144.0,
9575,INVALID_DATE,7,4,7,4,1,145.0 €,,Fecha inválida: INVALID_DATE,145.0,
9578,01/09/2025,3,3,3,3,4,148.0 €,2025-09-01,,148.0,
9579,INVALID_DATE,4,4,4,4,5,194.5 USD,,Fecha inválida: INVALID_DATE,169.13,
9581,06/01/2025,6,2,6,2,2,151.0 €,2025-01-06,,151.0,
9582,01/05/2025,7,3,7,3,3,197.5 USD,2025-05-01,,171.74,
9583,INVALID_DATE,1,4,1,4,4,153.0 €,,Fecha inválida: INVALID_DATE,153.0,
9585,02/01/2025,3,2,3,2,1,200.5 USD,2025-01-02,,174.35,
9586,01/01/2025,4,3,4,3,2,156.0 €,2025-01-01,,156.0,
9587,INVALID_DATE,5,4,5,4,3,157.0 €,,Fecha inválida: INVALID_DATE,157.0,
9588,2024-12-30,6,1,6,1,4,203.5 USD,2024-12-30,,176.96,
9589,29/12/2024,7,2,7,2,5,159.0 €,2024-12-29,,159.0,
9591,INVALID_DATE,2,4,2,4,2,206.5 USD,,Fecha inválida: INVALID_DATE,179.57,
9592,2024-12-26,3,1,3,1,3,162.0 €,2024-12-26,,162.0,
9593,25/12/2024,4,2,4,2,4,163.0 €,2024-12-25,,163.0,
9595,INVALID_DATE,6,4,6,4,1,165.0 €,,Fecha inválida: INVALID_DATE,165.0,
9596,2024-12-22,7,1,7,1,2,166.0 €,2024-12-22,,166.0,
9599,INVALID_DATE,3,4,3,4,5,169.0 €,,Fecha inválida: INVALID_DATE,169.0,
9600,2024-12-18,4,1,4,1,1,-150.00 €,2024-12-18,,,MontoTotal_Raw negativo: -150.00 €
9602,12/16/2024,6,3,6,3,3,22.0 €,2024-12-16,,22.0,
9603,INVALID_DATE,7,4,7,4,4,NULL,,Fecha inválida: INVALID_DATE,,MontoTotal_Raw nulo o vacío: NULL
9606,12/12/2024,3,3,3,3,2,21.5 USD,2024-12-12,,18.7,
9607,INVALID_DATE,4,4,4,4,3,27.0 €,,Fecha inválida: INVALID_DATE,27.0,
9609,09/12/2024,6,2,6,2,5,24.5 USD,2024-12-09,,21.3,
9610,12/08/2024,7,3,7,3,1,30.0 €,2024-08-12,,30.0,
9611,INVALID_DATE,1,4,1,4,2,31.0 €,,Fecha inválida: INVALID_DATE,31.0,
9613,05/12/2024,3,2,3,2,4,33.0 €,2024-12-05,,33.0,
9614,12/04/2024,4,3,4,3,5,34.0 €,2024-04-12,,34.0,
9615,INVALID_DATE,5,4,5,4,1,30.5 USD,,Fecha inválida: INVALID_DATE,26.52,
9616,2024-12-02,6,1,6,1,2,36.0 €,2024-12-02,,36.0,
9617,01/12/2024,7,2,7,2,3,37.0 €,2024-12-01,,37.0,
9619,INVALID_DATE,2,4,2,4,5,39.0 €,,Fecha inválida: INVALID_DATE,39.0,
9620,2024-11-28,3,1,3,1,1,40.0 €,2024-11-28,,40.0,
9621,27/11/2024,4,2,4,2,2,36.5 USD,2024-11-27,,31.74,
9623,INVALID_DATE,6,4,6,4,4,43.0 €,,Fecha inválida: INVALID_DATE,43.0,
9624,2024-11-24,7,1,7,1,5,39.5 USD,2024-11-24,,34.35,
9627,INVALID_DATE,3,4,3,4,3,42.5 USD,,Fecha inválida: INVALID_DATE,36.96,
9628,2024-11-20,4,1,4,1,4,48.0 €,2024-11-20,,48.0,
9630,11/18/2024,6,3,6,3,1,45.5 USD,2024-11-18,,39.57,
9631,INVALID_DATE,7,4,7,4,2,51.0 €,,Fecha inválida: INVALID_DATE,51.0,
9634,11/14/2024,3,3,3,3,5,54.0 €,2024-11-14,,54.0,
9635,INVALID_DATE,4,4,4,4,1,55.0 €,,Fecha inválida: INVALID_DATE,55.0,
9636,2024-11-12,5,1,5,1,2,NULL,2024-11-12,,,MontoTotal_Raw nulo o vacío: NULL
9637,11/11/2024,6,2,6,2,3,57.0 €,2024-11-11,,57.0,
9638,11/10/2024,7,3,7,3,4,58.0 €,2024-10-11,,58.0,
9639,INVALID_DATE,1,4,1,4,5,54.5 USD,,Fecha inválida: INVALID_DATE,47.39,
9641,07/11/2024,3,2,3,2,2,61.0 €,2024-11-07,,61.0,
9642,11/06/2024,4,3,4,3,3,57.5 USD,2024-06-11,,50.0,
9643,INVALID_DATE,5,4,5,4,4,63.0 €,,Fecha inválida: INVALID_DATE,63.0,
9644,2024-11-04,6,1,6,1,5,64.0 €,2024-11-04,,64.0,
9645,03/11/2024,7,2,7,2,1,60.5 USD,2024-11-03,,52.61,
9647,INVALID_DATE,2,4,2,4,3,67.0 €,,Fecha inválida: INVALID_DATE,67.0,
9648,2024-10-31,3,1,3,1,4,63.5 USD,2024-10-31,,55.22,
9649,30/10/2024,4,2,4,2,5,69.0 €,2024-10-30,,69.0,
9650,10/29/2024,5,3,5,3,1,-150.00 €,2024-10-29,,,MontoTotal_Raw negativo: -150.00 €
9651,INVALID_DATE,6,4,6,4,2,66.5 USD,,Fecha inválida: INVALID_DATE,57.83,
9652,2024-10-27,7,1,7,1,3,72.0 €,2024-10-27,,72.0,
9655,INVALID_DATE,3,4,3,4,1,75.0 €,,Fecha inválida: INVALID_DATE,75.0,
9656,2024-10-23,4,1,4,1,2,76.0 €,2024-10-23,,76.0,
9658,10/21/2024,6,3,6,3,4,78.0 €,2024-10-21,,78.0,
9659,INVALID_DATE,7,4,7,4,5,79.0 €,,Fecha inválida: INVALID_DATE,79.0,
9662,10/17/2024,3,3,3,3,3,82.0 €,2024-10-17,,82.0,
9663,INVALID_DATE,4,4,4,4,4,78.5 USD,,Fecha inválida: INVALID_DATE,68.26,
9665,14/10/2024,6,2,6,2,1,85.0 €,2024-10-14,,85.0,
9666,10/13/2024,7,3,7,3,2,81.5 USD,2024-10-13,,70.87,
9667,INVALID_DATE,1,4,1,4,3,87.0 €,,Fecha inválida: INVALID_DATE,87.0,
9669,10/10/2024,3,2,3,2,5,NULL,2024-10-10,,,MontoTotal_Raw nulo o vacío: NULL
9670,10/09/2024,4,3,4,3,1,90.0 €,2024-09-10,,90.0,
9671,INVALID_DATE,5,4,5,4,2,91.0 €,,Fecha inválida: INVALID_DATE,91.0,
9672,2024-10-07,6,1,6,1,3,87.5 USD,2024-10-07,,76.09,
9673,06/10/2024,7,2,7,2,4,93.0 €,2024-10-06,,93.0,
9675,INVALID_DATE,2,4,2,4,1,90.5 USD,,Fecha inválida: INVALID_DATE,78.7,
9676,2024-10-03,3,1,3,1,2,96.0 €,2024-10-03,,96.0,
9677,02/10/2024,4,2,4,2,3,97.0 €,2024-10-02,,97.0,
9679,INVALID_DATE,6,4,6,4,5,99.0 €,,Fecha inválida: INVALID_DATE,99.0,
9680,2024-09-29,7,1,7,1,1,100.0 €,2024-09-29,,100.0,
9683,INVALID_DATE,3,4,3,4,4,103.0 €,,Fecha inválida: INVALID_DATE,103.0,
9684,2024-09-25,4,1,4,1,5,99.5 USD,2024-09-25,,86.52,
9686,09/23/2024,6,3,6,3,2,106.0 €,2024-09-23,,106.0,
9687,INVALID_DATE,7,4,7,4,3,102.5 USD,,Fecha inválida: INVALID_DATE,89.13,
9690,09/19/2024,3,3,3,3,1,105.5 USD,2024-09-19,,91.74,
9691,INVALID_DATE,4,4,4,4,2,111.0 €,,Fecha inválida: INVALID_DATE,111.0,
9693,16/09/2024,6,2,6,2,4,108.5 USD,2024-09-16,,94.35,
9694,09/15/2024,7,3,7,3,5,114.0 €,2024-09-15,,114.0,
9695,INVALID_DATE,1,4,1,4,1,115.0 €,,Fecha inválida: INVALID_DATE,115.0,
9697,12/09/2024,3,2,3,2,3,117.0 €,2024-09-12,,117.0,
9698,09/11/2024,4,3,4,3,4,118.0 €,2024-11-09,,118.0,
9699,INVALID_DATE,5,4,5,4,5,114.5 USD,,Fecha inválida: INVALID_DATE,99.57,
9700,2024-09-09,6,1,6,1,1,-150.00 €,2024-09-09,,,MontoTotal_Raw negativo: -150.00 €
9701,08/09/2024,7,2,7,2,2,121.0 €,2024-09-08,,121.0,
9702,09/07/2024,1,3,1,3,3,NULL,2024-07-09,,,MontoTotal_Raw nulo o vacío: NULL
9703,INVALID_DATE,2,4,2,4,4,123.0 €,,Fecha inválida: INVALID_DATE,123.0,
9704,2024-09-05,3,1,3,1,5,124.0 €,2024-09-05,,124.0,
9705,04/09/2024,4,2,4,2,1,120.5 USD,2024-09-04,,104.78,
9707,INVALID_DATE,6,4,6,4,3,127.0 €,,Fecha inválida: INVALID_DATE,127.0,
9708,2024-09-01,7,1,7,1,4,123.5 USD,2024-09-01,,107.39,
9711,INVALID_DATE,3,4,3,4,2,126.5 USD,,Fecha inválida: INVALID_DATE,110.0,
9712,2024-08-28,4,1,4,1,3,132.0 €,2024-08-28,,132.0,
9714,08/26/2024,6,3,6,3,5,129.5 USD,2024-08-26,,112.61,
9715,INVALID_DATE,7,4,7,4,1,135.0 €,,Fecha inválida: INVALID_DATE,135.0,
9718,08/22/2024,3,3,3,3,4,138.0 €,2024-08-22,,138.0,
9719,INVALID_DATE,4,4,4,4,5,139.0 €,,Fecha inválida: INVALID_DATE,139.0,
9721,19/08/2024,6,2,6,2,2,141.0 €,2024-08-19,,141.0,
9722,08/18/2024,7,3,7,3,3,142.0 €,2024-08-18,,142.0,
9723,INVALID_DATE,1,4,1,4,4,138.5 USD,,Fecha inválida: INVALID_DATE,120.43,
9725,15/08/2024,3,2,3,2,1,145.0 €,2024-08-15,,145.0,
9726,08/14/2024,4,3,4,3,2,141.5 USD,2024-08-14,,123.04,
9727,INVALID_DATE,5,4,5,4,3,147.0 €,,Fecha inválida: INVALID_DATE,147.0,
9728,2024-08-12,6,1,6,1,4,148.0 €,2024-08-12,,148.0,
9729,11/08/2024,7,2,7,2,5,144.5 USD,2024-08-11,,125.65,
9731,INVALID_DATE,2,4,2,4,2,151.0 €,,Fecha inválida: INVALID_DATE,151.0,
9732,2024-08-08,3,1,3,1,3,147.5 USD,2024-08-08,,128.26,
9733,07/08/2024,4,2,4,2,4,153.0 €,2024-08-07,,153.0,
9735,INVALID_DATE,6,4,6,4,1,NULL,,Fecha inválida: INVALID_DATE,,MontoTotal_Raw nulo o vacío: NULL
9736,2024-08-04,7,1,7,1,2,156.0 €,2024-08-04,,156.0,
9739,INVALID_DATE,3,4,3,4,5,159.0 €,,Fecha inválida: INVALID_DATE,159.0,
9740,2024-07-31,4,1,4,1,1,160.0 €,2024-07-31,,160.0,
9742,07/29/2024,6,3,6,3,3,162.0 €,2024-07-29,,162.0,
9743,INVALID_DATE,7,4,7,4,4,163.0 €,,Fecha inválida: INVALID_DATE,163.0,
9746,07/25/2024,3,3,3,3,2,166.0 €,2024-07-25,,166.0,
9747,INVALID_DATE,4,4,4,4,3,162.5 USD,,Fecha inválida: INVALID_DATE,141.3,
9749,22/07/2024,6,2,6,2,5,169.0 €,2024-07-22,,169.0,
9750,07/21/2024,7,3,7,3,1,-150.00 €,2024-07-21,,,MontoTotal_Raw negativo: -150.00 €
9751,INVALID_DATE,1,4,1,4,2,21.0 €,,Fecha inválida: INVALID_DATE,21.0,
9753,18/07/2024,3,2,3,2,4,168.5 USD,2024-07-18,,146.52,
9754,07/17/2024,4,3,4,3,5,24.0 €,2024-07-17,,24.0,
9755,INVALID_DATE,5,4,5,4,1,25.0 €,,Fecha inválida: INVALID_DATE,25.0,
9756,2024-07-15,6,1,6,1,2,171.5 USD,2024-07-15,,149.13,
9757,14/07/2024,7,2,7,2,3,27.0 €,2024-07-14,,27.0,
9759,INVALID_DATE,2,4,2,4,5,174.5 USD,,Fecha inválida: INVALID_DATE,151.74,
9760,2024-07-11,3,1,3,1,1,30.0 €,2024-07-11,,30.0,
9761,10/07/2024,4,2,4,2,2,31.0 €,2024-07-10,,31.0,
9763,INVALID_DATE,6,4,6,4,4,33.0 €,,Fecha inválida: INVALID_DATE,33.0,
9764,2024-07-07,7,1,7,1,5,34.0 €,2024-07-07,,34.0,
9767,INVALID_DATE,3,4,3,4,3,37.0 €,,Fecha inválida: INVALID_DATE,37.0,
9768,2024-07-03,4,1,4,1,4,NULL,2024-07-03,,,MontoTotal_Raw nulo o vacío: NULL
9770,07/01/2024,6,3,6,3,1,40.0 €,2024-01-07,,40.0,
9771,INVALID_DATE,7,4,7,4,2,186.5 USD,,Fecha inválida: INVALID_DATE,162.17,
9774,06/27/2024,3,3,3,3,5,189.5 USD,2024-06-27,,164.78,
9775,INVALID_DATE,4,4,4,4,1,45.0 €,,Fecha inválida: INVALID_DATE,45.0,
9777,24/06/2024,6,2,6,2,3,192.5 USD,2024-06-24,,167.39,
9778,06/23/2024,7,3,7,3,4,48.0 €,2024-06-23,,48.0,
9779,INVALID_DATE,1,4,1,4,5,49.0 €,,Fecha inválida: INVALID_DATE,49.0,
9781,20/06/2024,3,2,3,2,2,51.0 €,2024-06-20,,51.0,
9782,06/19/2024,4,3,4,3,3,52.0 €,2024-06-19,,52.0,
9783,INVALID_DATE,5,4,5,4,4,198.5 USD,,Fecha inválida: INVALID_DATE,172.61,
9784,2024-06-17,6,1,6,1,5,54.0 €,2024-06-17,,54.0,
9785,16/06/2024,7,2,7,2,1,55.0 €,2024-06-16,,55.0,
9787,INVALID_DATE,2,4,2,4,3,57.0 €,,Fecha inválida: INVALID_DATE,57.0,
9788,2024-06-13,3,1,3,1,4,58.0 €,2024-06-13,,58.0,
9789,12/06/2024,4,2,4,2,5,204.5 USD,2024-06-12,,177.83,
9791,INVALID_DATE,6,4,6,4,2,61.0 €,,Fecha inválida: INVALID_DATE,61.0,
9792,2024-06-09,7,1,7,1,3,207.5 USD,2024-06-09,,180.43,
9795,INVALID_DATE,3,4,3,4,1,210.5 USD,,Fecha inválida: INVALID_DATE,183.04,
9796,2024-06-05,4,1,4,1,2,66.0 €,2024-06-05,,66.0,
9798,06/03/2024,6,3,6,3,4,213.5 USD,2024-03-06,,185.65,
9799,INVALID_DATE,7,4,7,4,5,69.0 €,,Fecha inválida: INVALID_DATE,69.0,
9800,2024-06-01,1,1,1,1,1,-150.00 €,2024-06-01,,,MontoTotal_Raw negativo: -150.00 €
9801,31/05/2024,2,2,2,2,2,NULL,2024-05-31,,,MontoTotal_Raw nulo o vacío: NULL
9802,05/30/2024,3,3,3,3,3,72.0 €,2024-05-30,,72.0,
9803,INVALID_DATE,4,4,4,4,4,73.0 €,,Fecha inválida: INVALID_DATE,73.0,
9805,27/05/2024,6,2,6,2,1,75.0 €,2024-05-27,,75.0,
9806,05/26/2024,7,3,7,3,2,76.0 €,2024-05-26,,76.0,
9807,INVALID_DATE,1,4,1,4,3,22.5 USD,,Fecha inválida: INVALID_DATE,19.57,
9809,23/05/2024,3,2,3,2,5,79.0 €,2024-05-23,,79.0,
9810,05/22/2024,4,3,4,3,1,25.5 USD,2024-05-22,,22.17,
9811,INVALID_DATE,5,4,5,4,2,81.0 €,,Fecha inválida: INVALID_DATE,81.0,
9812,2024-05-20,6,1,6,1,3,82.0 €,2024-05-20,,82.0,
9813,19/05/2024,7,2,7,2,4,28.5 USD,2024-05-19,,24.78,
9815,INVALID_DATE,2,4,2,4,1,85.0 €,,Fecha inválida: INVALID_DATE,85.0,
9816,2024-05-16,3,1,3,1,2,31.5 USD,2024-05-16,,27.39,
9817,15/05/2024,4,2,4,2,3,87.0 €,2024-05-15,,87.0,
9819,INVALID_DATE,6,4,6,4,5,34.5 USD,,Fecha inválida: INVALID_DATE,30.0,
9820,2024-05-12,7,1,7,1,1,90.0 €,2024-05-12,,90.0,
9823,INVALID_DATE,3,4,3,4,4,93.0 €,,Fecha inválida: INVALID_DATE,93.0,
9824,2024-05-08,4,1,4,1,5,94.0 €,2024-05-08,,94.0,
9826,05/06/2024,6,3,6,3,2,96.0 €,2024-06-05,,96.0,
9827,INVALID_DATE,7,4,7,4,3,97.0 €,,Fecha inválida: INVALID_DATE,97.0,
9830,05/02/2024,3,3,3,3,1,100.0 €,2024-02-05,,100.0,
9831,INVALID_DATE,4,4,4,4,2,46.5 USD,,Fecha inválida: INVALID_DATE,40.43,
9833,29/04/2024,6,2,6,2,4,103.0 €,2024-04-29,,103.0,
9834,04/28/2024,7,3,7,3,5,NULL,2024-04-28,,,MontoTotal_Raw nulo o vacío: NULL
9835,INVALID_DATE,1,4,1,4,1,105.0 €,,Fecha inválida: INVALID_DATE,105.0,
9837,25/04/2024,3,2,3,2,3,52.5 USD,2024-04-25,,45.65,
9838,04/24/2024,4,3,4,3,4,108.0 €,2024-04-24,,108.0,
9839,INVALID_DATE,5,4,5,4,5,109.0 €,,Fecha inválida: INVALID_DATE,109.0,
9840,2024-04-22,6,1,6,1,1,55.5 USD,2024-04-22,,48.26,
9841,21/04/2024,7,2,7,2,2,111.0 €,2024-04-21,,111.0,
9843,INVALID_DATE,2,4,2,4,4,58.5 USD,,Fecha inválida: INVALID_DATE,50.87,
9844,2024-04-18,3,1,3,1,5,114.0 €,2024-04-18,,114.0,
9845,17/04/2024,4,2,4,2,1,115.0 €,2024-04-17,,115.0,
9847,INVALID_DATE,6,4,6,4,3,117.0 €,,Fecha inválida: INVALID_DATE,117.0,
9848,2024-04-14,7,1,7,1,4,118.0 €,2024-04-14,,118.0,
9850,04/12/2024,2,3,2,3,1,-150.00 €,2024-12-04,,,MontoTotal_Raw negativo: -150.00 €
9851,INVALID_DATE,3,4,3,4,2,121.0 €,,Fecha inválida: INVALID_DATE,121.0,
9852,2024-04-10,4,1,4,1,3,67.5 USD,2024-04-10,,58.7,
9854,04/08/2024,6,3,6,3,5,124.0 €,2024-08-04,,124.0,
9855,INVALID_DATE,7,4,7,4,1,70.5 USD,,Fecha inválida: INVALID_DATE,61.3,
9858,04/04/2024,3,3,3,3,4,73.5 USD,2024-04-04,,63.91,
9859,INVALID_DATE,4,4,4,4,5,129.0 €,,Fecha inválida: INVALID_DATE,129.0,
9861,01/04/2024,6,2,6,2,2,76.5 USD,2024-04-01,,66.52,
9862,03/31/2024,7,3,7,3,3,132.0 €,2024-03-31,,132.0,
9863,INVALID_DATE,1,4,1,4,4,133.0 €,,Fecha inválida: INVALID_DATE,133.0,
9865,28/03/2024,3,2,3,2,1,135.0 €,2024-03-28,,135.0,
9866,03/27/2024,4,3,4,3,2,136.0 €,2024-03-27,,136.0,
9867,INVALID_DATE,5,4,5,4,3,NULL,,Fecha inválida: INVALID_DATE,,MontoTotal_Raw nulo o vacío: NULL
9868,2024-03-25,6,1,6,1,4,138.0 €,2024-03-25,,138.0,
9869,24/03/2024,7,2,7,2,5,139.0 €,2024-03-24,,139.0,
9871,INVALID_DATE,2,4,2,4,2,141.0 €,,Fecha inválida: INVALID_DATE,141.0,
9872,2024-03-21,3,1,3,1,3,142.0 €,2024-03-21,,142.0,
9873,20/03/2024,4,2,4,2,4,88.5 USD,2024-03-20,,76.96,
9875,INVALID_DATE,6,4,6,4,1,145.0 €,,Fecha inválida: INVALID_DATE,145.0,
9876,2024-03-17,7,1,7,1,2,91.5 USD,2024-03-17,,79.57,
9879,INVALID_DATE,3,4,3,4,5,94.5 USD,,Fecha inválida: INVALID_DATE,82.17,
9880,2024-03-13,4,1,4,1,1,150.0 €,2024-03-13,,150.0,
9882,03/11/2024,6,3,6,3,3,97.5 USD,2024-11-03,,84.78,
9883,INVALID_DATE,7,4,7,4,4,153.0 €,,Fecha inválida: INVALID_DATE,153.0,
9886,03/07/2024,3,3,3,3,2,156.0 €,2024-07-03,,156.0,
9887,INVALID_DATE,4,4,4,4,3,157.0 €,,Fecha inválida: INVALID_DATE,157.0,
9889,04/03/2024,6,2,6,2,5,159.0 €,2024-03-04,,159.0,
9890,03/03/2024,7,3,7,3,1,160.0 €,2024-03-03,,160.0,
9891,INVALID_DATE,1,4,1,4,2,106.5 USD,,Fecha inválida: INVALID_DATE,92.61,
9893,29/02/2024,3,2,3,2,4,163.0 €,2024-02-29,,163.0,
9894,02/28/2024,4,3,4,3,5,109.5 USD,2024-02-28,,95.22,
9895,INVALID_DATE,5,4,5,4,1,165.0 €,,Fecha inválida: INVALID_DATE,165.0,
9896,2024-02-26,6,1,6,1,2,166.0 €,2024-02-26,,166.0,
9897,25/02/2024,7,2,7,2,3,112.5 USD,2024-02-25,,97.83,
9899,INVALID_DATE,2,4,2,4,5,169.0 €,,Fecha inválida: INVALID_DATE,169.0,
9900,2024-02-22,3,1,3,1,1,-150.00 €,2024-02-22,,,MontoTotal_Raw negativo: -150.00 €
9901,21/02/2024,4,2,4,2,2,21.0 €,2024-02-21,,21.0,
9903,INVALID_DATE,6,4,6,4,4,118.5 USD,,Fecha inválida: INVALID_DATE,103.04,
9904,2024-02-18,7,1,7,1,5,24.0 €,2024-02-18,,24.0,
9907,INVALID_DATE,3,4,3,4,3,27.0 €,,Fecha inválida: INVALID_DATE,27.0,
9908,2024-02-14,4,1,4,1,4,28.0 €,2024-02-14,,28.0,
9910,02/12/2024,6,3,6,3,1,30.0 €,2024-12-02,,30.0,
9911,INVALID_DATE,7,4,7,4,2,31.0 €,,Fecha inválida: INVALID_DATE,31.0,
9914,02/08/2024,3,3,3,3,5,34.0 €,2024-08-02,,34.0,
9915,INVALID_DATE,4,4,4,4,1,130.5 USD,,Fecha inválida: INVALID_DATE,113.48,
9917,05/02/2024,6,2,6,2,3,37.0 €,2024-02-05,,37.0,
9918,02/04/2024,7,3,7,3,4,133.5 USD,2024-04-02,,116.09,
9919,INVALID_DATE,1,4,1,4,5,39.0 €,,Fecha inválida: INVALID_DATE,39.0,
9921,01/02/2024,3,2,3,2,2,136.5 USD,2024-02-01,,118.7,
9922,01/31/2024,4,3,4,3,3,42.0 €,2024-01-31,,42.0,
9923,INVALID_DATE,5,4,5,4,4,43.0 €,,Fecha inválida: INVALID_DATE,43.0,
9924,2024-01-29,6,1,6,1,5,139.5 USD,2024-01-29,,121.3,
9925,28/01/2024,7,2,7,2,1,45.0 €,2024-01-28,,45.0,
9927,INVALID_DATE,2,4,2,4,3,142.5 USD,,Fecha inválida: INVALID_DATE,123.91,
9928,2024-01-25,3,1,3,1,4,48.0 €,2024-01-25,,48.0,
9929,24/01/2024,4,2,4,2,5,49.0 €,2024-01-24,,49.0,
9931,INVALID_DATE,6,4,6,4,2,51.0 €,,Fecha inválida: INVALID_DATE,51.0,
9932,2024-01-21,7,1,7,1,3,52.0 €,2024-01-21,,52.0,
9933,20/01/2024,1,2,1,2,4,NULL,2024-01-20,,,MontoTotal_Raw nulo o vacío: NULL
9935,INVALID_DATE,3,4,3,4,1,55.0 €,,Fecha inválida: INVALID_DATE,55.0,
9936,2024-01-17,4,1,4,1,2,151.5 USD,2024-01-17,,131.74,
9938,01/15/2024,6,3,6,3,4,58.0 €,2024-01-15,,58.0,
9939,INVALID_DATE,7,4,7,4,5,154.5 USD,,Fecha inválida: INVALID_DATE,134.35,
9942,01/11/2024,3,3,3,3,3,157.5 USD,2024-11-01,,136.96,
9943,INVALID_DATE,4,4,4,4,4,63.0 €,,Fecha inválida: INVALID_DATE,63.0,
9945,08/01/2024,6,2,6,2,1,160.5 USD,2024-01-08,,139.57,
9946,01/07/2024,7,3,7,3,2,66.0 €,2024-07-01,,66.0,
9947,INVALID_DATE,1,4,1,4,3,67.0 €,,Fecha inválida: INVALID_DATE,67.0,
9949,04/01/2024,3,2,3,2,5,69.0 €,2024-01-04,,69.0,
9950,01/03/2024,4,3,4,3,1,-150.00 €,2024-03-01,,,MontoTotal_Raw negativo: -150.00 €
9951,INVALID_DATE,5,4,5,4,2,166.5 USD,,Fecha inválida: INVALID_DATE,144.78,
9952,2024-01-01,6,1,6,1,3,72.0 €,2024-01-01,,72.0,
9953,31/12/2023,7,2,7,2,4,73.0 €,2023-12-31,,73.0,
9955,INVALID_DATE,2,4,2,4,1,75.0 €,,Fecha inválida: INVALID_DATE,75.0,
9956,2023-12-28,3,1,3,1,2,76.0 €,2023-12-28,,76.0,
9957,27/12/2023,4,2,4,2,3,172.5 USD,2023-12-27,,150.0,
9959,INVALID_DATE,6,4,6,4,5,79.0 €,,Fecha inválida: INVALID_DATE,79.0,
9960,2023-12-24,7,1,7,1,1,175.5 USD,2023-12-24,,152.61,
9963,INVALID_DATE,3,4,3,4,4,178.5 USD,,Fecha inválida: INVALID_DATE,155.22,
9964,2023-12-20,4,1,4,1,5,84.0 €,2023-12-20,,84.0,
9966,12/18/2023,6,3,6,3,2,NULL,2023-12-18,,,MontoTotal_Raw nulo o vacío: NULL
9967,INVALID_DATE,7,4,7,4,3,87.0 €,,Fecha inválida: INVALID_DATE,87.0,
9970,12/14/2023,3,3,3,3,1,90.0 €,2023-12-14,,90.0,
9971,INVALID_DATE,4,4,4,4,2,91.0 €,,Fecha inválida: INVALID_DATE,91.0,
9973,11/12/2023,6,2,6,2,4,93.0 €,2023-12-11,,93.0,
9974,12/10/2023,7,3,7,3,5,94.0 €,2023-10-12,,94.0,
9975,INVALID_DATE,1,4,1,4,1,190.5 USD,,Fecha inválida: INVALID_DATE,165.65,
9977,07/12/2023,3,2,3,2,3,97.0 €,2023-12-07,,97.0,
9978,12/06/2023,4,3,4,3,4,193.5 USD,2023-06-12,,168.26,
9979,INVALID_DATE,5,4,5,4,5,99.0 €,,Fecha inválida: INVALID_DATE,99.0,
9980,2023-12-04,6,1,6,1,1,100.0 €,2023-12-04,,100.0,
9981,03/12/2023,7,2,7,2,2,196.5 USD,2023-12-03,,170.87,
9983,INVALID_DATE,2,4,2,4,4,103.0 €,,Fecha inválida: INVALID_DATE,103.0,
9984,2023-11-30,3,1,3,1,5,199.5 USD,2023-11-30,,173.48,
9985,29/11/2023,4,2,4,2,1,105.0 €,2023-11-29,,105.0,
9987,INVALID_DATE,6,4,6,4,3,202.5 USD,,Fecha inválida: INVALID_DATE,176.09,
9988,2023-11-26,7,1,7,1,4,108.0 €,2023-11-26,,108.0,
9991,INVALID_DATE,3,4,3,4,2,111.0 €,,Fecha inválida: INVALID_DATE,111.0,
9992,2023-11-22,4,1,4,1,3,112.0 €,2023-11-22,,112.0,
9994,11/20/2023,6,3,6,3,5,114.0 €,2023-11-20,,114.0,
9995,INVALID_DATE,7,4,7,4,1,115.0 €,,Fecha inválida: INVALID_DATE,115.0,
9998,11/16/2023,3,3,3,3,4,118.0 €,2023-11-16,,118.0,
9999,INVALID_DATE,4,4,4,4,5,NULL,,Fecha inválida: INVALID_DATE,,MontoTotal_Raw nulo o vacío: NULL
10000,2026-08-10,5,1,5,1,1,-150.00 €,2026-08-10,,,MontoTotal_Raw negativo: -150.00 €
